received_at_unix_s,received_at_monotonic_s,run_id,controller_fault_flags,controller_saturation_flags,imu_timestamp_us,t_sec,age_ms,pitch_deg,pitch_rate_dps,raw_acc_pitch_deg,fused_pitch_deg,gyro_pitch_rate_dps,filtered_pitch_rate_dps,u_sps,turn_sps,target_velocity_sps,applied_velocity_feedforward_sps,vel_error,measured_vel_sps,velocity_p_term_deg,velocity_i_term_deg,pitch_error_deg,pitch_sp_deg,rate_setpoint_dps,rate_error_dps,left_target_sps,right_target_sps,left_applied_sps,right_applied_sps,motor_update_dt_ms,motor_feedback_age_ms,left_actual_steps,right_actual_steps,command_saturated,actuator_fault
1784742957.60366,386126.0411459,0,0,0,0,55.8025016784668,0.3580000102519989,-1.833421230316162,2.970010280609131,4.467980861663818,-1.833421230316162,3.307493209838867,2.970010280609131,644.6780395507812,0.0,0.0,592.1135864257812,-556.4382934570312,529.4454345703125,-2.114465713500977,-1.4111608266830444,-1.6922050714492798,-3.5256264209747314,-54.74456405639648,-57.714576721191406,644.6780395507812,644.6780395507812,600.0,600.0,2.499000072479248,0.0,-9437,-9671,False,False
1784742957.60575,386126.0432357,0,0,0,0,55.80500030517578,0.4490000009536743,-1.8178335428237915,6.165923595428467,11.904705047607422,-1.8178335428237915,5.529988765716553,6.165923595428467,693.088134765625,0.0,0.0,592.1135864257812,-556.4382934570312,524.3065185546875,-2.114465713500977,-1.4111608266830444,-1.70779287815094,-3.5256264209747314,-55.8825569152832,-62.04848098754883,693.088134765625,693.088134765625,600.0,600.0,2.5,2.5,-9437,-9671,False,False
1784742957.6091783,386126.0466631,0,0,0,0,55.807498931884766,0.5590000152587891,-1.808728814125061,4.168801307678223,-26.362829208374023,-1.808728814125061,4.987489700317383,4.168801307678223,669.5729370117188,0.0,0.0,592.1135864257812,-556.4382934570312,521.9635009765625,-2.114465713500977,-1.4111608266830444,-1.7168976068496704,-3.5256264209747314,-55.77448272705078,-59.94328689575195,669.5729370117188,669.5729370117188,600.0,600.0,2.5,0.0,-9434,-9668,False,False
1784742957.6093743,386126.0468622,0,0,0,0,55.810001373291016,0.6520000100135803,-1.8009589910507202,2.1950511932373047,-22.5615177154541,-1.8009589910507202,1.1024978160858154,2.1950511932373047,645.893798828125,0.0,0.0,592.1135864257812,-556.4382934570312,520.895263671875,-2.114465713500977,-1.4111608266830444,-1.7246674299240112,-3.5256264209747314,-55.62836837768555,-57.82341766357422,645.893798828125,645.893798828125,600.0,600.0,2.5,2.5,-9434,-9668,False,False
1784742957.6152003,386126.0526849,0,0,0,0,55.81250381469727,0.7620000243186951,-1.797124266624451,0.1065096259117126,31.329334259033203,-1.797124266624451,-2.08249568939209,0.1065096259117126,570.9917602539062,0.0,0.0,578.0722045898438,-520.895263671875,531.3031005859375,-1.97940194606781,-1.4111608266830444,-1.5934383869171145,-3.3905627727508545,-51.011329650878906,-51.11783981323242,570.9917602539062,570.9917602539062,800.0,800.0,2.505000114440918,0.0049999998882412,-9431,-9665,False,False
1784742957.6152885,386126.0527765,0,0,0,0,55.81499862670898,0.8360000252723694,-1.8023028373718264,-3.29297947883606,6.757080554962158,-1.8023028373718264,-5.171239376068115,-3.29297947883606,523.573486328125,0.0,0.0,578.0722045898438,-520.895263671875,536.0272827148438,-1.97940194606781,-1.4111608266830444,-1.5882598161697388,-3.3905627727508545,-50.16571807861328,-46.87273788452149,523.573486328125,523.573486328125,800.0,800.0,2.49399995803833,2.499000072479248,-9431,-9665,False,False
1784742957.617749,386126.0552337,0,0,0,0,55.81749725341797,0.949999988079071,-1.819924235343933,-7.84393835067749,1.8175636529922483,-1.819924235343933,-9.493730545043944,-7.84393835067749,456.2732238769531,0.0,0.0,578.0722045898438,-520.895263671875,538.1886596679688,-1.97940194606781,-1.4111608266830444,-1.5706384181976318,-3.3905627727508545,-48.69164276123047,-40.84770584106445,456.2732238769531,456.2732238769531,800.0,800.0,2.5,4.999000072479248,-9431,-9665,False,False
1784742957.6216044,386126.0590887,0,0,0,0,55.81999969482422,1.0520000457763672,-1.8439178466796875,-12.056915283203123,4.678590297698975,-1.8439178466796875,-14.11372184753418,-12.056915283203123,391.2255859375,0.0,0.0,578.0722045898438,-520.895263671875,550.0585327148438,-1.97940194606781,-1.4111608266830444,-1.5466448068618774,-3.3905627727508545,-47.08124923706055,-35.02433395385742,391.2255859375,391.2255859375,600.0,600.0,2.500999927520752,2.5,-9427,-9661,False,False
1784742957.6231785,386126.0606637,0,0,0,0,55.8224983215332,1.149999976158142,-1.8799911737442017,-15.848735809326172,13.482481002807615,-1.8799911737442017,-16.869966506958008,-15.848735809326172,327.5053405761719,0.0,0.0,578.0722045898438,-520.895263671875,555.4658813476562,-1.97940194606781,-1.4111608266830444,-1.5105714797973633,-3.3905627727508545,-45.16854095458984,-29.319805145263672,327.5053405761719,327.5053405761719,600.0,600.0,2.499000072479248,4.999000072479248,-9427,-9661,False,False
1784742957.6254113,386126.0628968,0,0,0,0,55.82500076293945,0.0469999983906745,-1.9393036365509035,-15.832635879516602,35.1596565246582,-1.9393036365509035,-13.886221885681152,-15.832635879516602,306.5202941894531,0.0,0.0,578.0722045898438,-520.895263671875,557.933349609375,-1.97940194606781,-1.4111608266830444,-1.4512590169906616,-3.3905627727508545,-43.27376174926758,-27.441125869750977,306.5202941894531,306.5202941894531,400.0,400.0,2.500999927520752,2.5,-9424,-9658,False,False
1784742957.6292088,386126.0666937,0,0,0,0,55.82749938964844,0.1490000039339065,-1.9730933904647827,-13.458279609680176,2.977341651916504,-1.9730933904647827,-12.827473640441896,-13.458279609680176,326.2685546875,0.0,0.0,578.0722045898438,-520.895263671875,548.176513671875,-1.97940194606781,-1.4111608266830444,-1.4174692630767822,-3.3905627727508545,-42.6673583984375,-29.209081649780277,326.2685546875,326.2685546875,200.0,200.0,2.5,0.0,-9422,-9656,False,False
1784742957.6293948,386126.0668825,0,0,0,0,55.82999801635742,0.2460000067949295,-1.999309778213501,-10.385212898254396,-22.23840713500977,-1.999309778213501,-9.064981460571287,-10.385212898254396,358.0894470214844,0.0,0.0,578.0722045898438,-520.895263671875,543.7291259765625,-1.97940194606781,-1.4111608266830444,-1.391252875328064,-3.3905627727508545,-42.44305038452149,-32.057838439941406,358.0894470214844,358.0894470214844,200.0,200.0,2.499000072479248,2.499000072479248,-9422,-9656,False,False
1784742957.6332676,386126.0707525,0,0,0,0,55.83250045776367,0.3490000069141388,-2.021540880203247,-7.963451385498047,-32.50325012207031,-2.021540880203247,-5.871238231658936,-7.963451385498047,382.6047668457031,0.0,0.0,578.0722045898438,-520.895263671875,530.808837890625,-1.97940194606781,-1.4111608266830444,-1.369021773338318,-3.3905627727508545,-42.216007232666016,-34.25255584716797,382.6047668457031,382.6047668457031,400.0,400.0,2.503000020980835,0.0020000000949949,-9421,-9655,False,False
1784742957.635687,386126.0731707,0,0,0,0,55.834999084472656,0.4410000145435333,-2.035782814025879,-5.334852695465088,-13.611756324768066,-2.035782814025879,-4.287491321563721,-5.334852695465088,426.2136535644531,0.0,0.0,552.9945678710938,-530.808837890625,524.9312744140625,-2.017073631286621,-1.4111608266830444,-1.3924516439437866,-3.428234338760376,-43.49148178100586,-38.1566276550293,426.2136535644531,426.2136535644531,400.0,400.0,2.497999906539917,2.5,-9421,-9655,False,False
1784742957.6372137,386126.074699,0,0,0,0,55.83749771118164,0.5320000052452087,-2.049675464630127,-6.068994522094727,-10.851000785827637,-2.049675464630127,-6.956235885620117,-6.068994522094727,411.4072265625,0.0,0.0,552.9945678710938,-530.808837890625,522.2490844726562,-2.017073631286621,-1.4111608266830444,-1.3785589933395386,-3.428234338760376,-42.900089263916016,-36.831092834472656,411.4072265625,411.4072265625,400.0,400.0,2.499000072479248,4.999000072479248,-9421,-9655,False,False
1784742957.6412375,386126.0787224,0,0,0,0,55.84000015258789,0.6460000276565552,-2.058499574661255,-4.075565338134766,23.337127685546875,-2.058499574661255,-4.681240558624268,-4.075565338134766,434.9732360839844,0.0,0.0,552.9945678710938,-530.808837890625,510.1409912109375,-2.017073631286621,-1.4111608266830444,-1.3697346448898315,-3.428234338760376,-43.016395568847656,-38.94083023071289,434.9732360839844,434.9732360839844,400.0,400.0,2.500999927520752,2.5,-9419,-9653,False,False
1784742957.643237,386126.0807214,0,0,0,0,55.842506408691406,0.75,-2.0662643909454346,-3.221124649047852,34.85820770263672,-2.0662643909454346,-3.20249342918396,-3.221124649047852,443.65087890625,0.0,0.0,552.9945678710938,-530.808837890625,504.613525390625,-2.017073631286621,-1.4111608266830444,-1.3619699478149414,-3.428234338760376,-42.93881607055664,-39.71768951416016,443.65087890625,443.65087890625,400.0,400.0,2.506999969482422,0.0070000002160668,-9417,-9651,False,False
1784742957.645255,386126.082741,0,0,0,0,55.84499740600586,0.8299999833106995,-2.074622631072998,-3.081942081451416,28.062353134155277,-2.074622631072998,-2.3974950313568115,-3.081942081451416,442.5288696289063,0.0,0.0,552.9945678710938,-530.808837890625,502.1087646484375,-2.017073631286621,-1.4111608266830444,-1.3536115884780884,-3.428234338760376,-42.69918441772461,-39.61724090576172,442.5288696289063,442.5288696289063,400.0,400.0,2.492000102996826,2.499000072479248,-9417,-9651,False,False
1784742957.6472197,386126.0847045,0,0,0,0,55.84749984741211,0.9409999847412108,-2.0850868225097656,-4.809720039367676,23.507631301879883,-2.0850868225097656,-5.678738594055176,-4.809720039367676,415.629150390625,0.0,0.0,552.9945678710938,-530.808837890625,500.9614562988281,-2.017073631286621,-1.4111608266830444,-1.3431475162506104,-3.428234338760376,-42.018775939941406,-37.20905685424805,415.629150390625,415.629150390625,400.0,400.0,2.5,4.999000072479248,-9417,-9651,False,False
1784742957.6515963,386126.0890799,0,0,0,0,55.84999847412109,1.0360000133514404,-2.0929079055786133,-4.771177291870117,7.638885974884033,-2.0929079055786133,-7.376235008239746,-4.771177291870117,413.3501586914063,0.0,0.0,552.9945678710938,-530.808837890625,489.5601501464844,-2.017073631286621,-1.4111608266830444,-1.3353263139724731,-3.428234338760376,-41.77620697021485,-37.00503158569336,413.3501586914063,413.3501586914063,400.0,400.0,2.499000072479248,2.497999906539917,-9415,-9649,False,False
1784742957.6532934,386126.090776,0,0,0,0,55.85250854492188,1.1260000467300415,-2.1013951301574707,-4.010324954986572,-31.88975524902344,-2.1013951301574707,-4.899990081787109,-4.010324954986572,420.5150146484375,0.0,0.0,552.9945678710938,-530.808837890625,484.3465270996094,-2.017073631286621,-1.4111608266830444,-1.3268392086029053,-3.428234338760376,-41.65678787231445,-37.646461486816406,420.5150146484375,420.5150146484375,400.0,400.0,2.509000062942505,0.0070000002160668,-9413,-9647,False,False
1784742957.6552193,386126.0927041,0,0,0,0,55.85501480102539,0.0469999983906745,-2.1104936599731445,-1.2117676734924316,29.837810516357425,-2.1104936599731445,0.428749144077301,-1.2117676734924316,391.66595458984375,0.0,0.0,525.616943359375,-484.3465270996094,481.9767761230469,-1.840516805648804,-1.4111608266830444,-1.141183853149414,-3.2516775131225586,-36.27552795410156,-35.06376266479492,391.66595458984375,391.66595458984375,400.0,400.0,2.507999897003174,2.515000104904175,-9413,-9647,False,False
1784742957.6580534,386126.0955376,0,0,0,0,55.85749816894531,0.1340000033378601,-2.1109049320220947,-0.6216771602630615,2.629504680633545,-2.1109049320220947,-2.3974950313568115,-0.6216771602630615,399.4286193847656,0.0,0.0,525.616943359375,-484.3465270996094,480.9058227539063,-1.840516805648804,-1.4111608266830444,-1.1407727003097534,-3.2516775131225586,-36.38039016723633,-35.75871276855469,399.4286193847656,399.4286193847656,400.0,400.0,2.483999967575073,4.999000072479248,-9413,-9647,False,False
1784742957.6618805,386126.0993655,0,0,0,0,55.86000061035156,0.2370000034570694,-2.116286516189575,-3.3737306594848637,-9.790230751037598,-2.116286516189575,-5.687488555908203,-3.3737306594848637,360.6161804199219,0.0,0.0,525.616943359375,-484.3465270996094,469.5317687988281,-1.840516805648804,-1.4111608266830444,-1.135391116142273,-3.2516775131225586,-35.657772064208984,-32.28403854370117,360.6161804199219,360.6161804199219,400.0,400.0,2.5,2.499000072479248,-9411,-9645,False,False
1784742957.6631386,386126.1006247,0,0,0,0,55.86249923706055,0.3330000042915344,-2.12034010887146,-1.1042733192443848,-4.651257991790772,-2.12034010887146,-1.1724976301193235,-1.1042733192443848,389.5872802734375,0.0,0.0,525.616943359375,-484.3465270996094,464.3458862304688,-1.840516805648804,-1.4111608266830444,-1.1313374042510986,-3.2516775131225586,-35.9819450378418,-34.87767028808594,389.5872802734375,389.5872802734375,400.0,400.0,2.5,4.999000072479248,-9411,-9645,False,False
1784742957.665726,386126.1032103,0,0,0,0,55.8650016784668,0.4370000064373016,-2.1121416091918945,3.959139585494995,21.224164962768555,-2.1121416091918945,4.821240425109863,3.959139585494995,460.3885192871094,0.0,0.0,525.616943359375,-484.3465270996094,451.09326171875,-1.840516805648804,-1.4111608266830444,-1.1395360231399536,-3.2516775131225586,-37.256980895996094,-41.216121673583984,460.3885192871094,460.3885192871094,400.0,400.0,2.502000093460083,2.500999927520752,-9409,-9643,False,False
1784742957.6672063,386126.1046913,0,0,0,0,55.86750030517578,0.5239999890327454,-2.107033491134644,1.8113716840744016,34.57176971435547,-2.107033491134644,1.2687474489212036,1.8113716840744016,433.4253845214844,0.0,0.0,525.616943359375,-484.3465270996094,423.29534912109375,-1.840516805648804,-1.4111608266830444,-1.144644021987915,-3.2516775131225586,-36.99088287353516,-38.80225372314453,433.4253845214844,433.4253845214844,400.0,400.0,2.5,0.0010000000474974,-9407,-9641,False,False
1784742957.6692696,386126.106754,0,0,0,0,55.869998931884766,0.6259999871253967,-2.0998873710632324,3.2974050045013428,37.38346099853516,-2.0998873710632324,3.762492418289185,3.2974050045013428,455.898681640625,0.0,0.0,525.616943359375,-484.3465270996094,410.6245727539063,-1.840516805648804,-1.4111608266830444,-1.1517902612686155,-3.2516775131225586,-37.51676940917969,-40.81417465209961,455.898681640625,455.898681640625,400.0,400.0,2.499000072479248,2.5,-9407,-9641,False,False
1784742957.6732392,386126.1107239,0,0,0,0,55.872501373291016,0.7350000143051147,-2.086351156234741,5.54946231842041,5.686241626739502,-2.086351156234741,4.67249059677124,5.54946231842041,490.9239807128906,0.0,0.0,525.616943359375,-484.3465270996094,393.9497680664063,-1.840516805648804,-1.4111608266830444,-1.1653263568878174,-3.2516775131225586,-38.400333404541016,-43.949798583984375,490.9239807128906,490.9239807128906,400.0,400.0,2.503000020980835,0.003000000026077,-9405,-9639,False,False
1784742957.6755087,386126.1129938,0,0,0,0,55.875,0.8240000009536743,-2.0740506649017334,4.295172691345215,-6.432156562805176,-2.0740506649017334,3.0887436866760254,4.295172691345215,478.5080871582031,0.0,0.0,525.616943359375,-484.3465270996094,386.36822509765625,-1.840516805648804,-1.4111608266830444,-1.1776269674301147,-3.2516775131225586,-38.54309844970703,-42.83827209472656,478.5080871582031,478.5080871582031,400.0,400.0,2.496000051498413,2.499000072479248,-9405,-9639,False,False
1784742957.677403,386126.1148881,0,0,0,0,55.87749862670898,0.921999990940094,-2.064115524291992,2.4643335342407227,-5.143580436706543,-2.064115524291992,-0.2187495529651641,2.4643335342407227,324.4360656738281,0.0,0.0,489.6196899414063,-386.36822509765625,382.9044189453125,-1.4681992530822754,-1.4111608266830444,-0.8152446150779724,-2.8793599605560303,-26.5806941986084,-29.04502868652344,324.4360656738281,324.4360656738281,400.0,400.0,2.499000072479248,4.998000144958496,-9405,-9639,False,False
1784742957.6817238,386126.1192086,0,0,0,0,55.87999725341797,1.0260000228881836,-2.0610899925231934,-0.1705745458602905,-22.80413246154785,-2.0610899925231934,-2.7124946117401123,-0.1705745458602905,290.1988525390625,0.0,0.0,489.6196899414063,-386.36822509765625,381.3238220214844,-1.4681992530822754,-1.4111608266830444,-0.8182700276374817,-2.8793599605560303,-26.150524139404297,-25.979949951171875,290.1988525390625,290.1988525390625,600.0,600.0,2.500999927520752,2.499000072479248,-9403,-9637,False,False
1784742957.6834624,386126.1209464,0,0,0,0,55.88249969482422,1.125,-2.063182830810547,-1.0944266319274902,-31.19562721252441,-2.063182830810547,-1.4349970817565918,-1.0944266319274902,277.0673522949219,0.0,0.0,489.6196899414063,-386.36822509765625,380.60357666015625,-1.4681992530822754,-1.4111608266830444,-0.816177248954773,-2.8793599605560303,-25.898786544799805,-24.80435943603516,277.0673522949219,277.0673522949219,600.0,600.0,2.5,4.999000072479248,-9403,-9637,False,False
1784742957.6912618,386126.1287467,0,0,0,0,55.88500213623047,1.2269999980926514,-2.0629563331604004,0.7358345985412598,6.4547858238220215,-2.0629563331604004,2.3012454509735107,0.7358345985412598,301.6813659667969,0.0,0.0,489.6196899414063,-386.36822509765625,402.06585693359375,-1.4681992530822754,-1.4111608266830444,-0.8164036870002747,-2.8793599605560303,-26.272083282470703,-27.00791931152344,301.6813659667969,301.6813659667969,200.0,200.0,2.505000114440918,2.503999948501587,-9400,-9634,False,False
1784742957.691427,386126.1289151,0,0,0,0,55.88750076293945,0.125,-2.0642895698547363,-1.6413856744766235,-10.468354225158691,-2.0642895698547363,-2.5899946689605717,-1.6413856744766235,269.3402709960937,0.0,0.0,489.6196899414063,-386.36822509765625,400.9430847167969,-1.4681992530822754,-1.4111608266830444,-0.8150705099105835,-2.8793599605560303,-25.753978729248047,-24.112594604492188,269.3402709960937,269.3402709960937,400.0,400.0,2.496000051498413,0.0,-9399,-9633,False,False
1784742957.6944509,386126.131936,0,0,0,0,55.88999938964844,0.2220000028610229,-2.0569329261779785,4.69401216506958,-5.908968925476074,-2.0569329261779785,6.553736686706543,4.69401216506958,356.8902893066406,0.0,0.0,489.6196899414063,-386.36822509765625,400.4299926757813,-1.4681992530822754,-1.4111608266830444,-0.8224270343780518,-2.8793599605560303,-27.256467819213867,-31.95047950744629,356.8902893066406,356.8902893066406,400.0,400.0,2.5,2.5,-9399,-9633,False,False
1784742957.6954134,386126.1328982,0,0,0,0,55.89250183105469,0.324999988079071,-2.04245924949646,6.510911464691162,3.2365753650665283,-2.04245924949646,7.253735065460205,6.510911464691162,386.4178161621094,0.0,0.0,489.6196899414063,-386.36822509765625,400.196044921875,-1.4681992530822754,-1.4111608266830444,-0.8369008302688599,-2.8793599605560303,-28.083009719848636,-34.59392166137695,386.4178161621094,386.4178161621094,200.0,200.0,2.5,0.0,-9397,-9631,False,False
1784742957.6955955,386126.1330832,0,0,0,0,55.89500045776367,0.4199999868869781,-2.028981924057007,5.891079425811768,-18.992061614990234,-2.028981924057007,6.21248722076416,5.891079425811768,382.92681884765625,0.0,0.0,489.6196899414063,-386.36822509765625,400.0893859863281,-1.4681992530822754,-1.4111608266830444,-0.8503780364990234,-2.8793599605560303,-28.39031219482422,-34.28139114379883,382.92681884765625,382.92681884765625,200.0,200.0,2.5,2.5,-9397,-9631,False,False
1784742957.7013404,386126.1388246,0,0,0,0,55.89750289916992,0.5239999890327454,-2.006767988204956,11.350510597229004,-24.01868057250977,-2.006767988204956,14.393720626831056,11.350510597229004,482.6832275390625,0.0,0.0,461.4097900390625,-400.0893859863281,389.1566467285156,-1.5203397274017334,-1.4111608266830444,-0.9247323870658876,-2.9315004348754883,-31.86153793334961,-43.2120475769043,482.6832275390625,482.6832275390625,400.0,400.0,2.500999927520752,0.0010000000474974,-9396,-9630,False,False
1784742957.7016478,386126.1391353,0,0,0,0,55.900001525878906,0.6150000095367432,-1.975854992866516,14.557699203491213,-15.957033157348633,-1.975854992866516,16.082468032836914,14.557699203491213,536.7225341796875,0.0,0.0,461.4097900390625,-400.0893859863281,384.1735534667969,-1.5203397274017334,-1.4111608266830444,-0.9556454420089722,-2.9315004348754883,-33.49219512939453,-48.04989242553711,536.7225341796875,536.7225341796875,400.0,400.0,2.500999927520752,2.502000093460083,-9396,-9630,False,False
1784742957.703771,386126.1412563,0,0,0,0,55.90250015258789,0.7210000157356262,-1.9380500316619875,15.94350528717041,9.008951187133787,-1.9380500316619875,15.714967727661133,15.94350528717041,568.8111572265625,0.0,0.0,461.4097900390625,-400.0893859863281,381.9040832519531,-1.5203397274017334,-1.4111608266830444,-0.993450403213501,-2.9315004348754883,-34.9791145324707,-50.9226188659668,568.8111572265625,568.8111572265625,600.0,600.0,2.497999906539917,0.0,-9394,-9628,False,False
1784742957.705384,386126.1428687,0,0,0,0,55.90499877929688,0.8140000104904175,-1.905248999595642,12.828301429748535,-13.84032917022705,-1.905248999595642,10.771227836608888,12.828301429748535,538.7789916992188,0.0,0.0,461.4097900390625,-400.0893859863281,380.868408203125,-1.5203397274017334,-1.4111608266830444,-1.0262514352798462,-2.9315004348754883,-35.405704498291016,-48.234004974365234,538.7789916992188,538.7789916992188,600.0,600.0,2.499000072479248,2.499000072479248,-9394,-9628,False,False
1784742957.7072215,386126.1447067,0,0,0,0,55.90749740600586,0.9190000295639038,-1.8767180442810056,12.21904468536377,-23.221349716186523,-1.8767180442810056,12.311224937438965,12.21904468536377,540.8107299804688,0.0,0.0,461.4097900390625,-400.0893859863281,380.39593505859375,-1.5203397274017334,-1.4111608266830444,-1.0547823905944824,-2.9315004348754883,-36.19684600830078,-48.41588973999024,540.8107299804688,540.8107299804688,600.0,600.0,2.5,4.999000072479248,-9394,-9628,False,False
1784742957.7116745,386126.1491588,0,0,0,0,55.90999984741211,1.0130000114440918,-1.8461785316467283,12.95834732055664,-4.237122058868408,-1.8461785316467283,12.818723678588867,12.95834732055664,561.6365356445312,0.0,0.0,461.4097900390625,-400.0893859863281,391.0589599609375,-1.5203397274017334,-1.4111608266830444,-1.0853219032287598,-2.9315004348754883,-37.32196807861328,-50.28031539916992,561.6365356445312,561.6365356445312,400.0,400.0,2.499000072479248,2.497999906539917,-9391,-9625,False,False
1784742957.713241,386126.1507254,0,0,0,0,55.91249084472656,1.1050000190734863,-1.8139607906341555,13.75451946258545,-10.000006675720217,-1.8139607906341555,13.938721656799316,13.75451946258545,583.8245239257812,0.0,0.0,461.4097900390625,-400.0893859863281,395.9157409667969,-1.5203397274017334,-1.4111608266830444,-1.117539644241333,-2.9315004348754883,-38.51217269897461,-52.26668930053711,583.8245239257812,583.8245239257812,400.0,400.0,2.49399995803833,4.992000102996826,-9391,-9625,False,False
1784742957.7152328,386126.1527166,0,0,0,0,55.915000915527344,1.2089999914169312,-1.7797787189483645,14.400434494018556,7.684961795806885,-1.7797787189483645,13.632472038269045,14.400434494018556,604.7006225585938,0.0,0.0,461.4097900390625,-400.0893859863281,398.1430969238281,-1.5203397274017334,-1.4111608266830444,-1.151721715927124,-2.9315004348754883,-39.73517990112305,-54.13561630249024,604.7006225585938,604.7006225585938,600.0,600.0,2.509000062942505,2.500999927520752,-9389,-9623,False,False
1784742957.7172382,386126.1547237,0,0,0,0,55.91749954223633,0.1089999973773956,-1.744375228881836,8.250665664672852,-25.80106544494629,-1.744375228881836,7.411234855651855,8.250665664672852,534.923095703125,0.0,0.0,461.4097900390625,-400.0893859863281,410.0314636230469,-1.5203397274017334,-1.4111608266830444,-1.1871252059936523,-2.9315004348754883,-39.63813781738281,-47.8888053894043,534.923095703125,534.923095703125,600.0,600.0,2.499000072479248,0.0,-9386,-9620,False,False
1784742957.719336,386126.1568204,0,0,0,0,55.92000198364258,0.2049999982118606,-1.723487138748169,9.039223670959473,-35.925228118896484,-1.723487138748169,9.668730735778809,9.039223670959473,566.4635620117188,0.0,0.0,445.1731262207031,-410.0314636230469,415.4563903808594,-1.558119535446167,-1.4111608266830444,-1.2457932233810425,-2.969280242919922,-41.6732292175293,-50.71245193481445,566.4635620117188,566.4635620117188,600.0,600.0,2.500999927520752,2.500999927520752,-9386,-9620,False,False
1784742957.7231896,386126.1606747,0,0,0,0,55.92250442504883,0.3160000145435333,-1.703938603401184,6.487636089324951,-21.56281089782715,-1.703938603401184,2.7999942302703857,6.487636089324951,539.2492065429688,0.0,0.0,445.1731262207031,-410.0314636230469,428.82720947265625,-1.558119535446167,-1.4111608266830444,-1.2653417587280271,-2.969280242919922,-41.7884635925293,-48.276100158691406,539.2492065429688,539.2492065429688,600.0,600.0,2.505000114440918,0.006000000052154,-9383,-9617,False,False
1784742957.7253096,386126.1627948,0,0,0,0,55.92499923706055,0.402999997138977,-1.696912169456482,0.9336302876472472,-9.243151664733888,-1.696912169456482,-1.5224969387054443,0.9336302876472472,467.3141479492188,0.0,0.0,445.1731262207031,-410.0314636230469,434.89788818359375,-1.558119535446167,-1.4111608266830444,-1.2723681926727295,-2.969280242919922,-40.90250778198242,-41.83613967895508,467.3141479492188,467.3141479492188,600.0,600.0,2.494999885559082,2.500999927520752,-9383,-9617,False,False
1784742957.729398,386126.1668826,0,0,0,0,55.9275016784668,0.5109999775886536,-1.7025164365768433,-3.4378252029418945,35.3189811706543,-1.7025164365768433,-4.978739738464356,-3.4378252029418945,406.71533203125,0.0,0.0,445.1731262207031,-410.0314636230469,448.5513916015625,-1.558119535446167,-1.4111608266830444,-1.2667639255523682,-2.969280242919922,-39.848876953125,-36.41105270385742,406.71533203125,406.71533203125,600.0,600.0,2.499000072479248,0.0,-9380,-9614,False,False
1784742957.7312028,386126.1686873,0,0,0,0,55.93000030517578,0.597000002861023,-1.7205291986465454,-9.204551696777344,-17.24030113220215,-1.7205291986465454,-11.90872573852539,-9.204551696777344,322.9789123535156,0.0,0.0,445.1731262207031,-410.0314636230469,454.7817687988281,-1.558119535446167,-1.4111608266830444,-1.248751163482666,-2.969280242919922,-38.11912536621094,-28.914573669433597,322.9789123535156,322.9789123535156,600.0,600.0,2.500999927520752,2.500999927520752,-9380,-9614,False,False
1784742957.7332928,386126.1707781,0,0,0,0,55.93250274658203,0.7080000042915344,-1.7473236322402954,-11.598793983459473,-44.46184158325195,-1.7473236322402954,-12.284975051879885,-11.598793983459473,281.3086853027344,0.0,0.0,445.1731262207031,-410.0314636230469,457.6215515136719,-1.558119535446167,-1.4111608266830444,-1.221956729888916,-2.969280242919922,-36.78285598754883,-25.18406105041504,281.3086853027344,281.3086853027344,400.0,400.0,2.500999927520752,0.0020000000949949,-9377,-9611,False,False
1784742957.735465,386126.1729468,0,0,0,0,55.93499755859375,0.8019999861717224,-1.7683161497116089,-9.775424003601074,13.168768882751465,-1.7683161497116089,-10.876228332519531,-9.775424003601074,298.2457275390625,0.0,0.0,445.1731262207031,-410.0314636230469,458.91455078125,-1.558119535446167,-1.4111608266830444,-1.2009642124176023,-2.969280242919922,-36.475772857666016,-26.700347900390625,298.2457275390625,298.2457275390625,400.0,400.0,2.496999979019165,2.499000072479248,-9377,-9611,False,False
1784742957.737105,386126.1745899,0,0,0,0,55.9375,0.8939999938011169,-1.7915421724319458,-9.943431854248049,14.319388389587402,-1.7915421724319458,-9.887479782104492,-9.943431854248049,287.6917724609375,0.0,0.0,445.1731262207031,-410.0314636230469,459.5050964355469,-1.558119535446167,-1.4111608266830444,-1.1777381896972656,-2.969280242919922,-35.698936462402344,-25.755502700805664,287.6917724609375,287.6917724609375,400.0,400.0,2.5,4.999000072479248,-9377,-9611,False,False
1784742957.741624,386126.1791078,0,0,0,0,55.93999862670898,1.003000020980835,-1.8130396604537964,-9.148754119873049,1.0039033889770508,-1.8130396604537964,-8.504982948303223,-9.148754119873049,290.6595764160156,0.0,0.0,445.1731262207031,-410.0314636230469,470.6556091308594,-1.558119535446167,-1.4111608266830444,-1.156240701675415,-2.969280242919922,-35.169952392578125,-26.02119827270508,290.6595764160156,290.6595764160156,200.0,200.0,2.5,2.499000072479248,-9375,-9609,False,False
1784742957.7442887,386126.181773,0,0,0,0,55.94249725341797,1.093999981880188,-1.8292994499206543,-4.095029830932617,-20.102785110473636,-1.8292994499206543,-1.0762478113174438,-4.095029830932617,389.633056640625,0.0,5.239352703094482,445.1731262207031,-465.4162292480469,475.7395324707031,-1.768581748008728,-1.4111608266830444,-1.2436188459396362,-3.072918176651001,-38.9767951965332,-34.88176727294922,389.633056640625,389.633056640625,200.0,200.0,2.5,4.999000072479248,-9375,-9609,False,False
1784742957.7459812,386126.183466,0,0,0,0,55.94499969482422,1.1970000267028809,-1.8339180946350095,-0.8279496431350708,5.051388263702393,-1.8339180946350095,0.2362495213747024,-0.8279496431350708,431.7745361328125,0.0,5.239352703094482,445.1731262207031,-465.4162292480469,467.1717529296875,-1.768581748008728,-1.4111608266830444,-1.2390002012252808,-3.072918176651001,-39.48241424560547,-38.65446472167969,431.7745361328125,431.7745361328125,200.0,200.0,2.502000093460083,2.500999927520752,-9374,-9608,False,False
1784742957.7476182,386126.1851028,0,0,0,0,55.9474983215332,0.101000003516674,-1.837210178375244,-1.1282888650894165,-14.003022193908691,-1.837210178375244,-1.2687474489212036,-1.1282888650894165,426.5719909667969,0.0,5.239352703094482,445.1731262207031,-465.4162292480469,463.2709045410156,-1.768581748008728,-1.4111608266830444,-1.2357081174850464,-3.072918176651001,-39.31700134277344,-38.18871307373047,426.5719909667969,426.5719909667969,600.0,600.0,2.499000072479248,0.0,-9373,-9607,False,False
1784742957.7497823,386126.1872671,0,0,0,0,55.95000076293945,0.2000000029802322,-1.8366957902908323,3.246020555496216,-1.4723646640777588,-1.8366957902908323,7.10498571395874,3.246020555496216,485.3896484375,0.0,5.239352703094482,445.1731262207031,-465.4162292480469,461.4908447265625,-1.768581748008728,-1.4111608266830444,-1.2362223863601685,-3.072918176651001,-40.20832061767578,-43.45434188842773,485.3896484375,485.3896484375,600.0,600.0,2.500999927520752,2.500999927520752,-9373,-9607,False,False
1784742957.753422,386126.1909041,0,0,0,0,55.95249938964844,0.3000000119209289,-1.8250982761383057,4.147915840148926,21.00690460205078,-1.8250982761383057,3.3862431049346924,4.147915840148926,501.6242370605469,0.0,5.239352703094482,445.1731262207031,-465.4162292480469,471.5583190917969,-1.768581748008728,-1.4111608266830444,-1.2478200197219849,-3.072918176651001,-40.75982284545898,-44.90774154663086,501.6242370605469,501.6242370605469,400.0,400.0,2.499000072479248,0.0,-9370,-9604,False,False
1784742957.7552557,386126.1927407,0,0,0,0,55.95500183105469,0.3970000147819519,-1.816929578781128,3.034162998199463,40.802188873291016,-1.816929578781128,2.388745069503784,3.034162998199463,489.615234375,0.0,5.239352703094482,445.1731262207031,-465.4162292480469,476.151123046875,-1.768581748008728,-1.4111608266830444,-1.2559887170791626,-3.072918176651001,-40.7984733581543,-43.83263397216797,489.615234375,489.615234375,400.0,400.0,2.5,2.5,-9370,-9604,False,False
1784742957.7592938,386126.196778,0,0,0,0,55.95750045776367,0.4979999959468841,-1.8068256378173828,4.562910079956055,33.627464294433594,-1.8068256378173828,4.794990062713623,4.562910079956055,513.7183837890625,0.0,5.239352703094482,445.1731262207031,-465.4162292480469,467.3616027832031,-1.768581748008728,-1.4111608266830444,-1.2660926580429075,-3.072918176651001,-41.42754364013672,-45.990455627441406,513.7183837890625,513.7183837890625,400.0,400.0,2.500999927520752,0.0010000000474974,-9368,-9602,False,False
1784742957.7595034,386126.1969908,0,0,0,0,55.959999084472656,0.5870000123977661,-1.7913312911987305,7.66465425491333,-9.58314037322998,-1.7913312911987305,8.951231956481934,7.66465425491333,560.8328857421875,0.0,5.239352703094482,445.1731262207031,-465.4162292480469,463.35748291015625,-1.768581748008728,-1.4111608266830444,-1.28158700466156,-3.072918176651001,-42.54371643066406,-50.20837020874024,560.8328857421875,560.8328857421875,400.0,400.0,2.499000072479248,2.5,-9368,-9602,False,False
1784742957.7632928,386126.2007772,0,0,0,0,55.962501525878906,0.6959999799728394,-1.7709707021713257,8.212653160095215,-0.6599186062812805,-1.7709707021713257,7.699984550476074,8.212653160095215,145.05972290039062,0.0,53.24089050292969,445.1731262207031,-410.1166076660156,461.5307922363281,-1.5584430694580078,-1.4111608266830444,-0.0978511571884155,-1.8688218593597408,-4.773767948150635,-12.986420631408691,145.05972290039062,145.05972290039062,600.0,600.0,2.5,0.0,-9366,-9600,False,False
1784742957.7651286,386126.2026154,0,0,0,0,55.96500015258789,0.7889999747276306,-1.7591286897659302,2.709428548812866,-30.089967727661133,-1.7591286897659302,-0.6474986672401428,2.709428548812866,75.52664947509766,0.0,53.24089050292969,445.1731262207031,-410.1166076660156,460.6977233886719,-1.5584430694580078,-1.4111608266830444,-0.1096932142972946,-1.8688218593597408,-4.052068710327148,-6.761497020721436,75.52664947509766,75.52664947509766,600.0,600.0,2.500999927520752,2.500999927520752,-9366,-9600,False,False
1784742957.7671196,386126.2046048,0,0,0,0,55.96749877929688,0.8899999856948853,-1.7550708055496216,0.988326370716095,-1.528783082962036,-1.7550708055496216,0.8224983215332031,0.988326370716095,53.90721130371094,0.0,53.24089050292969,445.1731262207031,-410.1166076660156,460.3183288574219,-1.5584430694580078,-1.4111608266830444,-0.1137510240077972,-1.8688218593597408,-3.837697982788086,-4.826024532318115,53.90721130371094,53.90721130371094,600.0,600.0,2.497999906539917,4.999000072479248,-9366,-9600,False,False
1784742957.7714026,386126.2088876,0,0,0,0,55.970001220703125,0.9900000095367432,-1.7505801916122437,3.758132219314575,9.055153846740724,-1.7505801916122437,6.177487373352051,3.758132219314575,92.63919067382812,0.0,53.24089050292969,445.1731262207031,-410.1166076660156,460.1450805664063,-1.5584430694580078,-1.4111608266830444,-0.1182416528463363,-1.8688218593597408,-4.5353593826293945,-8.29349136352539,92.63919067382812,92.63919067382812,200.0,200.0,2.500999927520752,2.5,-9363,-9597,False,False
1784742957.7742045,386126.21169,0,0,0,0,55.97249984741211,1.090000033378601,-1.7404435873031616,5.046977043151856,-10.825850486755373,-1.7404435873031616,5.7224884033203125,5.046977043151856,113.53829956054688,0.0,53.24089050292969,445.1731262207031,-410.1166076660156,438.2979431152344,-1.5584430694580078,-1.4111608266830444,-0.1283782422542572,-1.8688218593597408,-5.117499351501465,-10.16447639465332,113.53829956054688,113.53829956054688,200.0,200.0,2.500999927520752,0.0010000000474974,-9362,-9596,False,False
1784742957.7754858,386126.2129708,0,0,0,0,55.97499847412109,1.1749999523162842,-1.7281959056854248,4.924733638763428,-0.2962706983089447,-1.7281959056854248,4.873740196228027,4.924733638763428,116.277587890625,0.0,53.24089050292969,445.1731262207031,-410.1166076660156,428.3479614257813,-1.5584430694580078,-1.4111608266830444,-0.1406259387731552,-1.8688218593597408,-5.484976768493652,-10.409709930419922,116.277587890625,116.277587890625,200.0,200.0,2.497999906539917,2.499000072479248,-9362,-9596,False,False
1784742957.7772028,386126.2146879,0,0,0,0,55.977500915527344,0.0829999968409538,-1.7101609706878662,5.785256862640381,-38.77342224121094,-1.7101609706878662,5.547488689422607,5.785256862640381,134.25863647460938,0.0,53.24089050292969,445.1731262207031,-410.1166076660156,402.0367431640625,-1.5584430694580078,-1.4111608266830444,-0.1586609482765197,-1.8688218593597408,-6.234201908111572,-12.019458770751951,134.25863647460938,134.25863647460938,0.0,0.0,2.500999927520752,0.0,-9361,-9595,False,False
1784742957.7799792,386126.217465,0,0,0,0,55.97999954223633,0.1860000044107437,-1.692421793937683,8.827890396118164,-16.948410034179688,-1.692421793937683,9.69498062133789,8.827890396118164,181.3832092285156,0.0,53.24089050292969,445.1731262207031,-410.1166076660156,390.0473937988281,-1.5584430694580078,-1.4111608266830444,-0.1764000505208969,-1.8688218593597408,-7.410379886627197,-16.238269805908203,181.3832092285156,181.3832092285156,0.0,0.0,2.5,2.5,-9361,-9595,False,False
1784742957.7881465,386126.2256296,0,0,0,0,55.98249816894531,0.2870000004768371,-1.6688318252563477,11.289323806762695,24.10643196105957,-1.6688318252563477,12.42497444152832,11.289323806762695,58.03393173217773,0.0,101.2416763305664,445.1731262207031,-288.80572509765625,351.9372863769531,-1.0974617004394531,-1.4111608266830444,0.2609912753105163,-1.4078404903411863,6.093855857849121,-5.195467948913574,58.03393173217773,58.03393173217773,200.0,200.0,2.5,0.0,-9361,-9595,False,False
1784742957.788396,386126.2258832,0,0,0,0,55.98500061035156,0.3799999952316284,-1.638263702392578,12.91700553894043,1.8927559852600095,-1.638263702392578,13.737472534179688,12.91700553894043,90.77796173095705,0.0,101.2416763305664,445.1731262207031,-288.80572509765625,334.5568542480469,-1.0974617004394531,-1.4111608266830444,0.2304231524467468,-1.4078404903411863,4.790139675140381,-8.126866340637207,90.77796173095705,90.77796173095705,200.0,200.0,2.500999927520752,2.500999927520752,-9361,-9595,False,False
1784742957.7926772,386126.230161,0,0,0,0,55.98749923706055,0.4860000014305115,-1.6045507192611694,14.06869125366211,5.643103122711182,-1.6045507192611694,14.437470436096191,14.06869125366211,118.26576232910156,0.0,101.2416763305664,445.1731262207031,-288.80572509765625,315.7607421875,-1.0974617004394531,-1.4111608266830444,0.1967102289199829,-1.4078404903411863,3.4809892177581787,-10.587701797485352,118.26576232910156,118.26576232910156,0.0,0.0,2.499000072479248,0.0,-9360,-9594,False,False
1784742957.7928522,386126.2303399,0,0,0,0,55.9900016784668,0.5759999752044678,-1.56914484500885,16.042709350585938,-15.976202964782717,-1.56914484500885,17.447463989257812,16.042709350585938,157.38137817382812,0.0,101.2416763305664,445.1731262207031,-288.80572509765625,307.181396484375,-1.0974617004394531,-1.4111608266830444,0.1613043397665023,-1.4078404903411863,1.9531968832015991,-14.089513778686523,157.38137817382812,157.38137817382812,0.0,0.0,2.502000093460083,2.502000093460083,-9360,-9594,False,False
1784742957.793113,386126.2306006,0,0,0,0,55.99250030517578,0.6850000023841858,-1.5217368602752686,21.65122413635254,-11.034537315368652,-1.5217368602752686,23.546201705932617,21.65122413635254,249.5043029785156,0.0,101.2416763305664,445.1731262207031,-288.80572509765625,292.3969421386719,-1.0974617004394531,-1.4111608266830444,0.1138963028788566,-1.4078404903411863,-0.6855629682540894,-22.3367862701416,249.5043029785156,249.5043029785156,200.0,200.0,2.499000072479248,0.0010000000474974,-9360,-9594,False,False
1784742957.795221,386126.2327066,0,0,0,0,55.9950065612793,0.7860000133514404,-1.4749877452850342,19.214675903320312,-18.36832046508789,-1.4749877452850342,18.996212005615234,19.214675903320312,233.55465698242188,0.0,101.2416763305664,445.1731262207031,-288.80572509765625,285.6451416015625,-1.0974617004394531,-1.4111608266830444,0.067147247493267,-1.4078404903411863,-1.694223403930664,-20.908899307250977,233.55465698242188,233.55465698242188,200.0,200.0,2.503999948501587,2.505000114440918,-9360,-9594,False,False
1784742957.7971938,386126.2346782,0,0,0,0,55.99749755859375,0.8759999871253967,-1.4271044731140137,21.320669174194336,-19.99304962158203,-1.4271044731140137,23.11745262145996,21.320669174194336,278.89923095703125,0.0,101.2416763305664,445.1731262207031,-288.80572509765625,282.57867431640625,-1.0974617004394531,-1.4111608266830444,0.0192639101296663,-1.4078404903411863,-3.647688627243042,-24.96835708618164,278.89923095703125,278.89923095703125,200.0,200.0,2.49399995803833,4.999000072479248,-9360,-9594,False,False
1784742957.8018415,386126.2393266,0,0,0,0,56.0,0.977999985218048,-1.3761917352676392,21.806589126586918,-5.4492950439453125,-1.3761917352676392,21.944955825805664,21.806589126586918,303.6109619140625,0.0,101.2416763305664,445.1731262207031,-288.80572509765625,281.1757202148437,-1.0974617004394531,-1.4111608266830444,-0.0316487550735473,-1.4078404903411863,-5.374078273773193,-27.180667877197266,303.6109619140625,303.6109619140625,200.0,200.0,2.5,2.499000072479248,-9359,-9593,False,False
1784742957.8051996,386126.2426847,0,0,0,0,56.00249862670898,1.0800000429153442,-1.3264933824539185,21.197643280029297,0.395514041185379,-1.3264933824539185,20.982458114624023,21.197643280029297,313.21295166015625,0.0,101.2416763305664,445.1731262207031,-288.80572509765625,258.7676696777344,-1.0974617004394531,-1.4111608266830444,-0.0813471972942352,-1.4078404903411863,-6.842638969421387,-28.040281295776367,313.21295166015625,313.21295166015625,400.0,400.0,2.500999927520752,0.0,-9358,-9592,False,False
1784742957.8054314,386126.2429191,0,0,0,0,56.00499725341797,1.1610000133514404,-1.2772547006607056,20.68380546569824,-7.626635551452637,-1.2772547006607056,20.23870849609375,20.68380546569824,72.26558685302734,0.0,155.23960876464844,445.1731262207031,-103.528076171875,248.55958557128903,-0.3934066891670227,-1.4111608266830444,0.5734692215919495,-0.7037854790687561,14.21425437927246,-6.469550609588623,72.26558685302734,72.26558685302734,400.0,400.0,2.499000072479248,2.499000072479248,-9358,-9592,False,False
1784742957.809343,386126.2468289,0,0,0,0,56.00749969482422,0.0810000002384185,-1.2183531522750854,15.910446166992188,-22.803543090820312,-1.2183531522750854,14.358720779418944,15.910446166992188,29.336824417114254,0.0,155.23960876464844,445.1731262207031,-103.528076171875,243.9014129638672,-0.3934066891670227,-1.4111608266830444,0.5145676732063293,-0.7037854790687561,13.284076690673828,-2.6263701915740967,29.336824417114254,29.336824417114254,200.0,200.0,2.500999927520752,0.0,-9356,-9590,False,False
1784742957.8116684,386126.2491538,0,0,0,0,56.0099983215332,0.1759999990463256,-1.1849312782287598,12.382776260375977,-7.444355487823486,-1.1849312782287598,9.47623062133789,12.382776260375977,-6.002082824707031,0.0,155.23960876464844,445.1731262207031,-103.528076171875,245.92404174804688,-0.3934066891670227,-1.4111608266830444,0.4811457991600036,-0.7037854790687561,12.920110702514648,0.5373342037200928,-6.002082824707031,-6.002082824707031,-0.0,-0.0,2.5,0.0,-9355,-9589,False,False
1784742957.8131578,386126.2506431,0,0,0,0,56.01250457763672,0.2730000019073486,-1.1650556325912476,7.2734174728393555,-22.15435218811035,-1.1650556325912476,5.02249002456665,7.2734174728393555,-67.38414764404297,0.0,155.23960876464844,445.1731262207031,-103.528076171875,246.84695434570312,-0.3934066891670227,-1.4111608266830444,0.4612700939178467,-0.7037854790687561,13.305959701538086,6.0325422286987305,-67.38414764404297,-67.38414764404297,-0.0,-0.0,2.503000020980835,2.503000020980835,-9355,-9589,False,False
1784742957.8178656,386126.2553502,0,0,0,0,56.01499938964844,0.3779999911785126,-1.1458195447921753,8.284870147705078,-18.01543235778809,-1.1458195447921753,7.979983806610107,8.284870147705078,-46.95070266723633,0.0,155.23960876464844,445.1731262207031,-103.528076171875,226.55154418945312,-0.3934066891670227,-1.4111608266830444,0.4420340359210968,-0.7037854790687561,12.488115310668944,4.203245639801025,-46.95070266723633,-46.95070266723633,-0.0,-0.0,2.497999906539917,0.0010000000474974,-9355,-9589,False,False
1784742957.818198,386126.2556846,0,0,0,0,56.01750183105469,0.4670000076293945,-1.12828528881073,6.851040840148926,10.287291526794434,-1.12828528881073,6.2387375831604,6.851040840148926,-59.902442932128906,0.0,155.23960876464844,445.1731262207031,-103.528076171875,217.2898406982422,-0.3934066891670227,-1.4111608266830444,0.4244998395442962,-0.7037854790687561,12.213786125183104,5.36274528503418,-59.902442932128906,-59.902442932128906,-0.0,-0.0,2.499000072479248,2.5,-9355,-9589,False,False
1784742957.8211937,386126.2586776,0,0,0,0,56.02000045776367,0.5669999718666077,-1.1091575622558594,8.452017784118652,9.65602684020996,-1.1091575622558594,9.108731269836426,8.452017784118652,-31.60567283630371,0.0,155.23960876464844,445.1731262207031,-103.528076171875,181.9753875732422,-0.3934066891670227,-1.4111608266830444,0.405372142791748,-0.7037854790687561,11.28150463104248,2.829486608505249,-31.60567283630371,-31.60567283630371,-0.0,-0.0,2.5,0.0,-9355,-9589,False,False
1784742957.8279896,386126.2654707,0,0,0,0,56.02250289916992,0.6690000295639038,-1.0847667455673218,10.811214447021484,4.391755104064941,-1.0847667455673218,11.969975471496582,10.811214447021484,8.735685348510742,0.0,155.23960876464844,445.1731262207031,-103.528076171875,165.8699493408203,-0.3934066891670227,-1.4111608266830444,0.3809812068939209,-0.7037854790687561,10.029155731201172,-0.7820586562156677,8.735685348510742,8.735685348510742,0.0,0.0,2.500999927520752,2.500999927520752,-9355,-9589,False,False
1784742957.829511,386126.2669954,0,0,0,0,56.025001525878906,0.765999972820282,-1.054041862487793,13.848068237304688,8.170442581176758,-1.054041862487793,15.338719367980955,13.848068237304688,-130.95736694335938,0.0,203.241455078125,445.1731262207031,37.37150955200195,158.5330352783203,0.1420117318630218,-1.4111608266830444,0.885674774646759,-0.1683670580387115,25.57197952270508,11.723912239074709,-130.95736694335938,-130.95736694335938,-0.0,-0.0,2.499000072479248,5.0,-9355,-9589,False,False
1784742957.8300068,386126.2674932,0,0,0,0,56.02750015258789,0.8640000224113464,-1.0144771337509155,16.76597785949707,3.0916643142700195,-1.0144771337509155,17.79746437072754,16.76597785949707,-77.70318603515625,0.0,203.241455078125,445.1731262207031,37.37150955200195,155.18504333496094,0.1420117318630218,-1.4111608266830444,0.8461101055145264,-0.1683670580387115,23.72232818603516,6.956350326538086,-77.70318603515625,-77.70318603515625,-0.0,-0.0,2.500999927520752,7.500999927520752,-9355,-9589,False,False
1784742957.8348415,386126.2723235,0,0,0,0,56.03000259399414,0.9549999833106996,-0.9718132019042968,18.208118438720703,-4.248589038848877,-0.9718132019042968,19.083711624145508,18.208118438720703,-43.12257766723633,0.0,203.241455078125,445.1731262207031,37.37150955200195,132.9332733154297,0.1420117318630218,-1.4111608266830444,0.8034461736679077,-0.1683670580387115,22.068653106689453,3.860534429550171,-43.12257766723633,-43.12257766723633,-200.0,-200.0,2.5,0.0010000000474974,-9355,-9589,False,False
1784742957.835537,386126.2730215,0,0,0,0,56.03250503540039,1.0520000457763672,-0.9241305589675904,20.66094017028809,-3.012056589126587,-0.9241305589675904,21.78745651245117,20.66094017028809,6.7992024421691895,0.0,203.241455078125,445.1731262207031,37.37150955200195,114.99703216552734,0.1420117318630218,-1.4111608266830444,0.7557634711265564,-0.1683670580387115,20.052244186401367,-0.6086958646774292,6.7992024421691895,6.7992024421691895,0.0,0.0,2.503000020980835,0.0,-9356,-9590,False,False
1784742957.8358817,386126.2733671,0,0,0,0,56.035003662109375,1.156999945640564,-0.8705783486366272,23.032175064086918,3.9783780574798575,-0.8705783486366272,23.782451629638672,23.032175064086918,57.72542953491211,0.0,203.241455078125,445.1731262207031,37.37150955200195,106.8376693725586,0.1420117318630218,-1.4111608266830444,0.7022112607955933,-0.1683670580387115,17.86432647705078,-5.167848587036133,57.72542953491211,57.72542953491211,0.0,0.0,2.497999906539917,2.497999906539917,-9356,-9590,False,False
1784742957.8372812,386126.2747639,0,0,0,0,56.03750228881836,0.0540000014007091,-0.781044602394104,25.896120071411133,0.8838356733322144,-0.781044602394104,26.556196212768555,25.896120071411133,128.1173553466797,0.0,203.241455078125,445.1731262207031,37.37150955200195,103.11418151855467,0.1420117318630218,-1.4111608266830444,0.6126775145530701,-0.1683670580387115,14.426457405090332,-11.4696626663208,128.1173553466797,128.1173553466797,0.0,0.0,2.499000072479248,4.997000217437744,-9356,-9590,False,False
1784742957.8421507,386126.2796347,0,0,0,0,56.03999710083008,0.1550000011920929,-0.7172014117240906,27.01529884338379,5.551949501037598,-0.7172014117240906,27.31744384765625,27.01529884338379,165.93930053710938,0.0,203.241455078125,445.1731262207031,37.37150955200195,90.54177856445312,0.1420117318630218,-1.4111608266830444,0.5488343834877014,-0.1683670580387115,12.159639358520508,-14.85565948486328,165.93930053710938,165.93930053710938,0.0,0.0,2.497999906539917,2.494999885559082,-9356,-9590,False,False
1784742957.843793,386126.2812752,0,0,0,0,56.04249954223633,0.2529999911785126,-0.6530047655105591,26.654788970947266,-2.4807653427124023,-0.6530047655105591,26.31119728088379,26.654788970947266,184.05364990234372,0.0,203.241455078125,445.1731262207031,37.37150955200195,84.80140686035156,0.1420117318630218,-1.4111608266830444,0.4846377074718475,-0.1683670580387115,10.177448272705078,-16.477340698242188,184.05364990234372,184.05364990234372,0.0,0.0,2.500999927520752,4.995999813079834,-9356,-9590,False,False
1784742957.845471,386126.282954,0,0,0,0,56.04499816894531,0.3519999980926513,-0.5914296507835388,25.381126403808597,-10.372796058654783,-0.5914296507835388,24.858699798583984,25.381126403808597,188.99093627929688,0.0,203.241455078125,445.1731262207031,37.37150955200195,82.18634796142578,0.1420117318630218,-1.4111608266830444,0.4230626225471496,-0.1683670580387115,8.46177864074707,-16.919347763061523,188.99093627929688,188.99093627929688,0.0,0.0,2.499000072479248,2.494999885559082,-9356,-9590,False,False
1784742957.8472435,386126.284725,0,0,0,0,56.04750061035156,0.449999988079071,-0.5320746898651123,24.72608184814453,-4.75955057144165,-0.5320746898651123,24.219951629638672,24.72608184814453,14.406089782714844,0.0,257.24664306640625,445.1731262207031,175.06028747558594,80.99241638183594,0.665229082107544,-1.4111608266830444,0.8869249224662781,0.3548502922058105,23.43638229370117,-1.2897000312805176,14.406089782714844,14.406089782714844,0.0,0.0,2.503000020980835,4.998000144958496,-9356,-9590,False,False
1784742957.8511834,386126.288668,0,0,0,0,56.04999923706055,0.5490000247955322,-0.4762745797634125,22.841629028320312,-7.276329040527344,-0.4762745797634125,21.804956436157227,22.841629028320312,9.09200668334961,0.0,257.24664306640625,445.1731262207031,175.06028747558594,69.57464599609375,0.665229082107544,-1.4111608266830444,0.8311248421669006,0.3548502922058105,22.02766990661621,-0.8139582276344299,9.09200668334961,9.09200668334961,200.0,200.0,2.497999906539917,2.496000051498413,-9356,-9590,False,False
1784742957.8541565,386126.2916413,0,0,0,0,56.0525016784668,0.6489999890327454,-0.424487441778183,21.38541030883789,-0.816256582736969,-0.424487441778183,20.93870735168457,21.38541030883789,8.083629608154297,0.0,257.24664306640625,445.1731262207031,175.06028747558594,64.35871887207031,0.665229082107544,-1.4111608266830444,0.7793377041816711,0.3548502922058105,20.661725997924805,-0.7236840724945068,8.083629608154297,8.083629608154297,200.0,200.0,2.503000020980835,4.999000072479248,-9356,-9590,False,False
1784742957.85983,386126.2973133,0,0,0,0,56.05500030517578,0.753000020980835,-0.3755065202713012,20.348426818847656,7.758057117462158,-0.3755065202713012,20.081209182739254,20.348426818847656,11.69168472290039,0.0,257.24664306640625,445.1731262207031,175.06028747558594,61.98532104492188,0.665229082107544,-1.4111608266830444,0.7303568124771118,0.3548502922058105,19.301733016967773,-1.0466933250427246,11.69168472290039,11.69168472290039,0.0,0.0,2.499000072479248,2.497999906539917,-9355,-9589,False,False
1784742957.860218,386126.2977035,0,0,0,0,56.05750274658203,0.8339999914169312,-0.3312134742736816,17.94998550415039,2.970432996749878,-0.3312134742736816,17.149965286254883,17.94998550415039,-4.625053405761719,0.0,257.24664306640625,445.1731262207031,175.06028747558594,60.90285873413086,0.665229082107544,-1.4111608266830444,0.6860637664794922,0.3548502922058105,18.36404228210449,0.4140567779541015,-4.625053405761719,-4.625053405761719,-0.0,-0.0,2.499000072479248,4.997000217437744,-9355,-9589,False,False
1784742957.8615322,386126.2990165,0,0,0,0,56.060001373291016,0.949999988079071,-0.2896647751331329,17.69696807861328,-1.8044962882995603,-0.2896647751331329,17.666213989257812,17.69696807861328,6.834774494171143,0.0,257.24664306640625,445.1731262207031,175.06028747558594,60.40916442871094,0.665229082107544,-1.4111608266830444,0.6445150375366211,0.3548502922058105,17.0850887298584,-0.6118804812431335,6.834774494171143,6.834774494171143,0.0,0.0,2.499000072479248,7.495999813079834,-9355,-9589,False,False
1784742957.863202,386126.3006862,0,0,0,0,56.0625,1.0540000200271606,-0.2475620061159134,17.69595718383789,0.971566677093506,-0.2475620061159134,17.709964752197266,17.69595718383789,21.870594024658203,0.0,257.24664306640625,445.1731262207031,175.06028747558594,60.18394470214844,0.665229082107544,-1.4111608266830444,0.6024122834205627,0.3548502922058105,15.738001823425291,-1.957956433296204,21.870594024658203,21.870594024658203,0.0,0.0,2.5,9.996000289916992,-9355,-9589,False,False
1784742957.8651826,386126.3026674,0,0,0,0,56.06499862670898,1.1399999856948853,-0.2042924612760543,18.24131965637207,0.8428406715393066,-0.2042924612760543,18.786211013793945,18.24131965637207,44.6470947265625,0.0,257.24664306640625,445.1731262207031,175.06028747558594,27.440155029296875,0.665229082107544,-1.4111608266830444,0.5591427683830261,0.3548502922058105,14.244303703308104,-3.997014999389648,44.6470947265625,44.6470947265625,0.0,0.0,2.5,0.0,-9355,-9589,False,False
1784742957.8672636,386126.3047483,0,0,0,0,56.067501068115234,0.0430000014603138,-0.1359657347202301,19.544612884521484,-4.68190860748291,-0.1359657347202301,19.783710479736328,19.544612884521484,86.53955078125,0.0,257.24664306640625,445.1731262207031,175.06028747558594,12.503153800964355,0.665229082107544,-1.4111608266830444,0.4908160269260406,0.3548502922058105,11.797189712524414,-7.747424125671387,86.53955078125,86.53955078125,0.0,0.0,2.502000093460083,2.502000093460083,-9355,-9589,False,False
1784742957.8716447,386126.3091294,0,0,0,0,56.06999969482422,0.1430000066757202,-0.0888495817780494,20.133256912231445,3.397486686706543,-0.0888495817780494,20.501209259033203,20.133256912231445,-56.7152214050293,0.0,311.2388000488281,445.1731262207031,298.7356262207031,5.706039905548096,1.1351953744888306,-1.4111608266830444,0.9136661887168884,0.8248166441917419,25.21066665649414,5.0774102210998535,-56.7152214050293,-56.7152214050293,-0.0,-0.0,2.496999979019165,4.999000072479248,-9355,-9589,False,False
1784742957.873541,386126.3110263,0,0,0,0,56.07250213623047,0.2319999933242797,-0.0388375855982303,21.46880340576172,2.824075937271118,-0.0388375855982303,22.14620590209961,21.46880340576172,-20.936908721923828,0.0,311.2388000488281,445.1731262207031,298.7356262207031,2.5983340740203857,1.1351953744888306,-1.4111608266830444,0.8636541962623596,0.8248166441917419,23.34317398071289,1.8743692636489868,-20.936908721923828,-20.936908721923828,-0.0,-0.0,2.503999948501587,7.502999782562256,-9355,-9589,False,False
1784742957.8773525,386126.3148373,0,0,0,0,56.075008392333984,0.3459999859333038,0.0131095964461565,22.062944412231445,-0.6512285470962524,0.0131095964461565,22.39120483398437,22.062944412231445,5.595207214355469,0.0,311.2388000488281,445.1731262207031,298.7356262207031,1.182077169418335,1.1351953744888306,-1.4111608266830444,0.8117070198059082,0.8248166441917419,21.562036514282227,-0.5009090900421143,5.595207214355469,5.595207214355469,0.0,0.0,2.506999969482422,0.0109999999403953,-9355,-9589,False,False
1784742957.8776698,386126.3151567,0,0,0,0,56.07749938964844,0.4339999854564667,0.0673997029662132,22.723108291625977,2.803380012512207,0.0673997029662132,23.03870391845703,22.723108291625977,33.84977340698242,0.0,311.2388000488281,445.1731262207031,298.7356262207031,0.5408197641372681,1.1351953744888306,-1.4111608266830444,0.7574169039726257,0.8248166441917419,19.69271850585937,-3.030389308929444,33.84977340698242,33.84977340698242,0.0,0.0,2.489000082015991,2.5,-9355,-9589,False,False
1784742957.8791432,386126.3166285,0,0,0,0,56.08000183105469,0.5400000214576721,0.1232190281152725,23.605194091796875,3.55224084854126,0.1232190281152725,23.95745086669922,23.605194091796875,65.6256332397461,0.0,311.2388000488281,445.1731262207031,298.7356262207031,0.2465028911828994,1.1351953744888306,-1.4111608266830444,0.7015975713729858,0.8248166441917419,17.730083465576172,-5.875110626220703,65.6256332397461,65.6256332397461,0.0,0.0,2.500999927520752,5.000999927520752,-9355,-9589,False,False
1784742957.8832865,386126.3207717,0,0,0,0,56.08250045776367,0.640999972820282,0.1784866899251938,22.827198028564453,-2.52652359008789,0.1784866899251938,22.329954147338867,22.827198028564453,74.95231628417969,0.0,311.2388000488281,445.1731262207031,298.7356262207031,0.1123900637030601,1.1351953744888306,-1.4111608266830444,0.646329939365387,0.8248166441917419,16.11711883544922,-6.710079193115234,74.95231628417969,74.95231628417969,0.0,0.0,2.5,2.490000009536743,-9355,-9589,False,False
1784742957.8851342,386126.3226193,0,0,0,0,56.08500289916992,0.7319999933242798,0.2317889779806137,21.900596618652344,-7.782514572143555,0.2317889779806137,21.463706970214844,21.900596618652344,81.58458709716797,0.0,311.2388000488281,445.1731262207031,298.7356262207031,0.0512268207967281,1.1351953744888306,-1.4111608266830444,0.593027651309967,0.8248166441917419,14.596765518188477,-7.303831577301025,81.58458709716797,81.58458709716797,0.0,0.0,2.500999927520752,4.991000175476074,-9355,-9589,False,False
1784742957.8872352,386126.3247202,0,0,0,0,56.087501525878906,0.8379999995231628,0.2822067439556122,20.87997055053711,-2.206307888031006,0.2822067439556122,20.22995948791504,20.87997055053711,85.92547607421875,0.0,311.2388000488281,445.1731262207031,298.7356262207031,10.387975692749023,1.1351953744888306,-1.4111608266830444,0.5426098704338074,0.8248166441917419,13.187521934509276,-7.692448139190674,85.92547607421875,85.92547607421875,0.0,0.0,2.500999927520752,2.492000102996826,-9355,-9589,False,False
1784742957.8908286,386126.3283142,0,0,0,0,56.09000015258789,0.9390000104904176,0.328340470790863,18.96696662902832,-2.7508656978607178,0.328340470790863,17.928712844848633,18.96696662902832,8.69710922241211,0.0,359.24298095703125,445.1731262207031,348.8550109863281,15.096933364868164,1.3256490230560305,-1.4111608266830444,0.6869298219680786,1.0152702331542969,18.1883602142334,-0.7786053419113159,8.69710922241211,8.69710922241211,0.0,0.0,2.499000072479248,4.991000175476074,-9355,-9589,False,False
1784742957.8954546,386126.3329388,0,0,0,0,56.09250259399414,1.034000039100647,0.3711021840572357,17.905244827270508,-9.585546493530272,0.3711021840572357,17.534963607788086,17.905244827270508,9.75055694580078,0.0,359.24298095703125,445.1731262207031,348.8550109863281,17.245731353759766,1.3256490230560305,-1.4111608266830444,0.6441680788993835,1.0152702331542969,17.032329559326172,-0.8729149699211121,9.75055694580078,9.75055694580078,0.0,0.0,2.500999927520752,2.492000102996826,-9355,-9589,False,False
1784742957.8972442,386126.3347278,0,0,0,0,56.095001220703125,1.128000020980835,0.4138249456882477,18.227876663208008,-0.6857748627662659,0.4138249456882477,18.488712310791016,18.227876663208008,29.34612274169922,0.0,359.24298095703125,445.1731262207031,348.8550109863281,18.224628448486328,1.3256490230560305,-1.4111608266830444,0.6014453172683716,1.0152702331542969,15.600675582885742,-2.627201795578003,29.34612274169922,29.34612274169922,0.0,0.0,2.499000072479248,4.991000175476074,-9355,-9589,False,False
1784742957.8974388,386126.3349259,0,0,0,0,56.09749984741211,0.0309999994933605,0.4786495864391327,17.96085548400879,-6.395222187042236,0.4786495864391327,17.412464141845703,17.96085548400879,48.93808364868164,0.0,359.24298095703125,445.1731262207031,348.8550109863281,18.671201705932617,1.3256490230560305,-1.4111608266830444,0.5366206765174866,1.0152702331542969,13.579691886901855,-4.38116455078125,48.93808364868164,48.93808364868164,0.0,0.0,2.5,2.490999937057495,-9355,-9589,False,False
1784742957.8992145,386126.3367002,0,0,0,0,56.10000228881836,0.1299999952316284,0.5219694375991821,18.671817779541016,-6.692531585693359,0.5219694375991821,19.31996154785156,18.671817779541016,73.9522933959961,0.0,359.24298095703125,445.1731262207031,348.8550109863281,18.87481117248535,1.3256490230560305,-1.4111608266830444,0.4933008551597595,1.0152702331542969,12.051263809204102,-6.620554447174072,73.9522933959961,73.9522933959961,0.0,0.0,2.5,4.991000175476074,-9355,-9589,False,False
1784742957.9048576,386126.342342,0,0,0,0,56.102500915527344,0.2290000021457672,0.5673466324806213,19.434490203857425,2.161079406738281,0.5673466324806213,19.53870964050293,19.434490203857425,100.39505004882812,0.0,359.24298095703125,445.1731262207031,348.8550109863281,18.9676456451416,1.3256490230560305,-1.4111608266830444,0.4479236304759979,1.0152702331542969,10.44665813446045,-8.987832069396973,100.39505004882812,100.39505004882812,200.0,200.0,2.5,2.490999937057495,-9355,-9589,False,False
1784742957.9051368,386126.3426248,0,0,0,0,56.10499954223633,0.3219999969005584,0.605790913105011,14.88483428955078,-10.243964195251465,0.605790913105011,13.238722801208496,14.88483428955078,53.152530670166016,0.0,359.24298095703125,445.1731262207031,348.8550109863281,19.009971618652344,1.3256490230560305,-1.4111608266830444,0.4094793796539306,1.0152702331542969,10.126373291015623,-4.7584614753723145,53.152530670166016,53.152530670166016,200.0,200.0,2.5,4.991000175476074,-9355,-9589,False,False
1784742957.9092746,386126.3467587,0,0,0,0,56.10749816894531,0.4350000023841858,0.6410229802131653,14.918888092041016,-17.56353759765625,0.6410229802131653,15.539968490600586,14.918888092041016,66.20246887207031,0.0,359.24298095703125,445.1731262207031,348.8550109863281,19.02926445007324,1.3256490230560305,-1.4111608266830444,0.374247282743454,1.0152702331542969,8.992136001586914,-5.92675256729126,66.20246887207031,66.20246887207031,0.0,0.0,2.499000072479248,2.490000009536743,-9354,-9588,False,False
1784742957.9094465,386126.3469345,0,0,0,0,56.11000061035156,0.515999972820282,0.6765223741531372,15.462010383605955,-17.696109771728516,0.6765223741531372,15.55746841430664,15.462010383605955,32.71007537841797,0.0,407.2438354492188,445.1731262207031,388.2145690917969,19.038068771362305,1.4752153158187866,-1.4111608266830444,0.4883141815662384,1.1648365259170532,12.533651351928713,-2.928358793258667,32.71007537841797,32.71007537841797,0.0,0.0,2.500999927520752,4.991000175476074,-9354,-9588,False,False
1784742957.9144423,386126.3519267,0,0,0,0,56.11250305175781,0.6299999952316284,0.7131280303001404,15.731178283691406,-0.1086849570274353,0.7131280303001404,15.59246826171875,15.731178283691406,49.40249633789063,0.0,407.2438354492188,445.1731262207031,388.2145690917969,18.14090347290039,1.4752153158187866,-1.4111608266830444,0.4517084956169128,1.1648365259170532,11.308436393737791,-4.422741889953613,49.40249633789063,49.40249633789063,0.0,0.0,2.500999927520752,2.492000102996826,-9354,-9588,False,False
1784742957.915286,386126.3527707,0,0,0,0,56.1150016784668,0.7260000109672546,0.7502813339233398,16.139081954956055,-0.4194453060626983,0.7502813339233398,16.642465591430664,16.139081954956055,68.15031433105469,0.0,407.2438354492188,445.1731262207031,388.2145690917969,17.732194900512695,1.4752153158187866,-1.4111608266830444,0.4145551919937134,1.1648365259170532,10.037949562072754,-6.101132869720459,68.15031433105469,68.15031433105469,0.0,0.0,2.499000072479248,4.991000175476074,-9354,-9588,False,False
1784742957.9171,386126.3545867,0,0,0,0,56.11750030517578,0.8220000267028809,0.7917099595069885,18.489646911621094,-1.4790693521499634,0.7917099595069885,19.72245979309082,18.489646911621094,114.46597290039062,0.0,407.2438354492188,445.1731262207031,388.2145690917969,18.964170455932617,1.4752153158187866,-1.4111608266830444,0.3731265366077423,1.1648365259170532,8.242119789123535,-10.247526168823242,114.46597290039062,114.46597290039062,200.0,200.0,2.500999927520752,2.492000102996826,-9354,-9588,False,False
1784742957.9201338,386126.3576145,0,0,0,0,56.119998931884766,0.9200000166893004,0.8398969769477844,20.88064193725586,5.322302341461182,0.8398969769477844,21.629955291748047,20.88064193725586,163.73931884765625,0.0,407.2438354492188,445.1731262207031,388.2145690917969,19.52525329589844,1.4752153158187866,-1.4111608266830444,0.3249395489692688,1.1648365259170532,6.221936702728272,-14.658706665039062,163.73931884765625,163.73931884765625,200.0,200.0,2.497999906539917,4.989999771118164,-9354,-9588,False,False
1784742957.923288,386126.3607724,0,0,0,0,56.12249755859375,1.0230000019073486,0.8909133076667786,21.69182777404785,-0.6117376685142517,0.8909133076667786,22.128705978393555,21.69182777404785,192.84800720214844,0.0,407.2438354492188,445.1731262207031,388.2145690917969,28.680368423461918,1.4752153158187866,-1.4111608266830444,0.2739232182502746,1.1648365259170532,4.427177906036377,-17.264650344848633,192.84800720214844,192.84800720214844,0.0,0.0,2.499000072479248,2.489000082015991,-9353,-9587,False,False
1784742957.9251494,386126.3626349,0,0,0,0,56.125,1.152999997138977,0.9443665146827698,23.157093048095703,-2.933668613433838,0.9443665146827698,23.677452087402344,23.157093048095703,231.59510803222656,0.0,407.2438354492188,445.1731262207031,388.2145690917969,32.8580436706543,1.4752153158187866,-1.4111608266830444,0.2204700112342834,1.1648365259170532,2.423621654510498,-20.73347282409668,231.59510803222656,231.59510803222656,0.0,0.0,2.500999927520752,4.989999771118164,-9353,-9587,False,False
1784742957.9277198,386126.3652067,0,0,0,0,56.12749862670898,0.1120000034570694,1.0241203308105469,22.44794273376465,1.6620268821716309,1.0241203308105469,22.233705520629883,22.44794273376465,250.59703063964844,0.0,407.2438354492188,445.1731262207031,388.2145690917969,36.73789978027344,1.4752153158187866,-1.4111608266830444,0.1407162100076675,1.1648365259170532,0.0133300153538584,-22.43461227416992,250.59703063964844,250.59703063964844,200.0,200.0,2.499000072479248,2.489000082015991,-9353,-9587,False,False
1784742957.929112,386126.3665989,0,0,0,0,56.12999725341797,0.2090000063180923,1.0705066919326782,18.57710838317871,-19.070140838623047,1.0705066919326782,17.47371482849121,18.57710838317871,215.2923583984375,0.0,407.2438354492188,445.1731262207031,388.2145690917969,38.50789642333984,1.4752153158187866,-1.4111608266830444,0.0943298861384391,1.1648365259170532,-0.6968653202056885,-19.27397346496582,215.2923583984375,215.2923583984375,200.0,200.0,2.5,4.988999843597412,-9353,-9587,False,False
1784742957.93361,386126.3710956,0,0,0,0,56.13249969482422,0.3100000023841858,1.112747311592102,19.02861785888672,7.597801685333252,1.112747311592102,19.879959106445312,19.02861785888672,189.5588836669922,0.0,461.2396545410156,461.2396545410156,422.7317810058594,50.200931549072266,1.6063807010650637,-1.4111608266830444,0.1832546144723892,1.29600191116333,2.05842399597168,-16.97019386291504,189.5588836669922,189.5588836669922,400.0,400.0,2.5,2.489000082015991,-9352,-9586,False,False
1784742957.9350092,386126.372497,0,0,0,0,56.1349983215332,0.4070000052452087,1.1534396409988403,17.10356330871582,-9.075950622558594,1.1534396409988403,16.126216888427734,17.10356330871582,178.30044555664062,0.0,461.2396545410156,461.2396545410156,422.7317810058594,55.53082656860352,1.6063807010650637,-1.4111608266830444,0.1425622552633285,1.29600191116333,1.1412793397903442,-15.962284088134766,178.30044555664062,178.30044555664062,400.0,400.0,2.499000072479248,4.98799991607666,-9352,-9586,False,False
1784742957.9395926,386126.3770783,0,0,0,0,56.13749694824219,0.5059999823570251,1.1912277936935425,16.25873565673828,5.071853160858154,1.1912277936935425,16.02996826171875,16.25873565673828,180.48333740234372,0.0,461.2396545410156,461.2396545410156,422.7317810058594,79.72480773925781,1.6063807010650637,-1.4111608266830444,0.1047741547226905,1.29600191116333,0.1010259911417961,-16.1577091217041,180.48333740234372,180.48333740234372,0.0,0.0,2.5,2.48799991607666,-9350,-9584,False,False
1784742957.939813,386126.3772992,0,0,0,0,56.13999938964844,0.5989999771118164,1.2288365364074707,16.49749755859375,1.4073318243026731,1.2288365364074707,16.598716735839844,16.49749755859375,197.12677001953125,0.0,461.2396545410156,461.2396545410156,422.7317810058594,90.75576782226562,1.6063807010650637,-1.4111608266830444,0.0671653449535369,1.29600191116333,-1.1502082347869873,-17.647705078125,197.12677001953125,197.12677001953125,0.0,0.0,2.5,4.98799991607666,-9350,-9584,False,False
1784742957.943257,386126.3807421,0,0,0,0,56.14249801635742,0.7039999961853027,1.268968105316162,17.752426147460938,-3.911895513534546,1.268968105316162,18.348712921142575,17.752426147460938,228.292724609375,0.0,461.2396545410156,461.2396545410156,422.7317810058594,95.7852020263672,1.6063807010650637,-1.4111608266830444,0.0270338542759418,1.29600191116333,-2.6854019165039062,-20.437828063964844,228.292724609375,228.292724609375,200.0,200.0,2.5,2.48799991607666,-9350,-9584,False,False
1784742957.9451745,386126.3826605,0,0,0,0,56.14500045776367,0.8019999861717224,1.312174677848816,18.644184112548828,-1.200798749923706,1.312174677848816,19.0224609375,18.644184112548828,255.68988037109372,0.0,461.2396545410156,461.2396545410156,422.7317810058594,98.07952117919922,1.6063807010650637,-1.4111608266830444,-0.0161727294325828,1.29600191116333,-4.246364116668701,-22.890548706054688,255.68988037109372,255.68988037109372,200.0,200.0,2.502000093460083,4.989999771118164,-9350,-9584,False,False
1784742957.947061,386126.3845491,0,0,0,0,56.147499084472656,0.8960000276565552,1.357484221458435,18.93246841430664,-1.4989546537399292,1.357484221458435,18.304962158203125,18.93246841430664,275.74969482421875,0.0,461.2396545410156,461.2396545410156,422.7317810058594,110.005615234375,1.6063807010650637,-1.4111608266830444,-0.0614823400974273,1.29600191116333,-5.753928661346436,-24.686397552490234,275.74969482421875,275.74969482421875,400.0,400.0,2.5,2.490000009536743,-9349,-9583,False,False
1784742957.9493015,386126.3867861,0,0,0,0,56.14999771118164,0.99099999666214,1.3956798315048218,13.62708568572998,21.67536735534668,1.3956798315048218,11.068727493286133,13.62708568572998,218.28839111328125,0.0,461.2396545410156,461.2396545410156,422.7317810058594,115.44031524658205,1.6063807010650637,-1.4111608266830444,-0.0996778607368469,1.29600191116333,-5.915108680725098,-19.54219436645508,218.28839111328125,218.28839111328125,400.0,400.0,2.497999906539917,4.98799991607666,-9349,-9583,False,False
1784742957.9540875,386126.3915711,0,0,0,0,56.15250015258789,1.10099995136261,1.428450345993042,12.5853271484375,23.41580581665039,1.428450345993042,12.267475128173828,12.5853271484375,216.0382080078125,0.0,461.2396545410156,461.2396545410156,422.7317810058594,139.68992614746094,1.6063807010650637,-1.4111608266830444,-0.1324484795331955,1.29600191116333,-6.755416393280029,-19.340744018554688,216.0382080078125,216.0382080078125,200.0,200.0,2.500999927520752,2.489000082015991,-9347,-9581,False,False
1784742957.955273,386126.392756,0,0,0,0,56.15499877929688,1.1859999895095823,1.4584850072860718,9.904703140258787,-30.823869705200195,1.4584850072860718,6.842485904693604,9.904703140258787,254.9327850341797,0.0,515.2369384765625,515.2369384765625,375.5469970703125,150.73695373535156,1.4270786046981812,-1.4111608266830444,-0.3417852222919464,1.1166998147964478,-12.91806697845459,-22.82277107238769,254.9327850341797,254.9327850341797,200.0,200.0,2.499000072479248,4.98799991607666,-9347,-9581,False,False
1784742957.9573226,386126.3948074,0,0,0,0,56.15749740600586,0.0979999974370002,1.4878699779510498,8.612205505371094,15.667108535766602,1.4878699779510498,9.878729820251465,8.612205505371094,248.1114654541016,0.0,515.2369384765625,515.2369384765625,375.5469970703125,155.7779541015625,1.4270786046981812,-1.4111608266830444,-0.371170163154602,1.1166998147964478,-13.599886894226074,-22.21209144592285,248.1114654541016,248.1114654541016,200.0,200.0,2.500999927520752,2.489000082015991,-9346,-9580,False,False
1784742957.9594855,386126.3969706,0,0,0,0,56.15999984741211,0.1909999996423721,1.510413408279419,8.754145622253418,-10.311967849731444,1.510413408279419,8.408733367919922,8.754145622253418,258.072021484375,0.0,515.2369384765625,515.2369384765625,375.5469970703125,158.07501220703125,1.4270786046981812,-1.4111608266830444,-0.3937135636806488,1.1166998147964478,-14.34966278076172,-23.103809356689453,258.072021484375,258.072021484375,200.0,200.0,2.5,4.988999843597412,-9346,-9580,False,False
1784742957.9632046,386126.4006887,0,0,0,0,56.16249847412109,0.2949999868869781,1.5351568460464478,10.3631591796875,7.457382678985596,1.5351568460464478,10.972477912902832,10.3631591796875,288.4838256835937,0.0,515.2369384765625,515.2369384765625,375.5469970703125,170.0004119873047,1.4270786046981812,-1.4111608266830444,-0.41845703125,1.1166998147964478,-15.4632568359375,-25.826416015625,288.4838256835937,288.4838256835937,200.0,200.0,2.499000072479248,2.48799991607666,-9345,-9579,False,False
1784742957.965272,386126.4027544,0,0,0,0,56.165000915527344,0.3919999897480011,1.5522745847702026,5.608469009399414,-14.84075164794922,1.5522745847702026,3.762492418289185,5.608469009399414,230.86997985839844,0.0,515.2369384765625,515.2369384765625,375.5469970703125,175.4436798095703,1.4270786046981812,-1.4111608266830444,-0.4355747401714325,1.1166998147964478,-15.06008529663086,-20.668554306030277,230.86997985839844,230.86997985839844,200.0,200.0,2.502000093460083,4.989999771118164,-9345,-9579,False,False
1784742957.9671955,386126.4046805,0,0,0,0,56.16749954223633,0.4839999973773956,1.5729941129684448,9.71975803375244,-19.94822120666504,1.5729941129684448,11.821226119995115,9.71975803375244,293.3842468261719,0.0,515.2369384765625,515.2369384765625,375.5469970703125,188.80032348632807,1.4270786046981812,-1.4111608266830444,-0.4562942385673523,1.1166998147964478,-16.545366287231445,-26.265125274658203,293.3842468261719,293.3842468261719,400.0,400.0,2.499000072479248,2.489000082015991,-9344,-9578,False,False
1784742957.969199,386126.4066833,0,0,0,0,56.16999816894531,0.593999981880188,1.601824402809143,12.785706520080566,19.52334976196289,1.601824402809143,13.431222915649414,12.785706520080566,344.7858581542969,0.0,515.2369384765625,515.2369384765625,375.5469970703125,194.89202880859372,1.4270786046981812,-1.4111608266830444,-0.4851244986057281,1.1166998147964478,-18.08112525939941,-30.866832733154297,344.7858581542969,344.7858581542969,400.0,400.0,2.499000072479248,4.98799991607666,-9344,-9578,False,False
1784742957.9731915,386126.4106772,0,0,0,0,56.1724967956543,0.6949999928474426,1.6362701654434204,13.557937622070312,8.877678871154785,1.6362701654434204,13.684971809387209,13.557937622070312,367.4493408203125,0.0,515.2369384765625,515.2369384765625,375.5469970703125,208.5523223876953,1.4270786046981812,-1.4111608266830444,-0.5195702910423279,1.1166998147964478,-19.33783721923828,-32.895774841308594,367.4493408203125,367.4493408203125,200.0,200.0,2.5,2.48799991607666,-9342,-9576,False,False
1784742957.9751582,386126.4126431,0,0,0,0,56.17499923706055,0.7889999747276306,1.665271520614624,10.366843223571776,-17.1759033203125,1.665271520614624,8.303732872009277,10.366843223571776,363.3785095214844,0.0,563.2372436523438,563.2372436523438,354.6849365234375,214.7805633544922,1.347802758216858,-1.4111608266830444,-0.6278475522994995,1.0374239683151243,-22.16448974609375,-32.531333923339844,363.3785095214844,363.3785095214844,200.0,200.0,2.5,4.98799991607666,-9342,-9576,False,False
1784742957.9772828,386126.4147705,0,0,0,0,56.17749786376953,0.8870000243186951,1.6908848285675049,12.37760066986084,-13.727289199829102,1.6908848285675049,15.20746898651123,12.37760066986084,399.4862365722656,0.0,563.2372436523438,563.2372436523438,354.6849365234375,228.50511169433597,1.347802758216858,-1.4111608266830444,-0.6534608006477356,1.0374239683151243,-23.386266708374023,-35.76386642456055,399.4862365722656,399.4862365722656,400.0,400.0,2.500999927520752,2.489000082015991,-9341,-9575,False,False
1784742957.9794216,386126.4169072,0,0,0,0,56.17999649047852,0.9879999756813048,1.727222561836243,16.313304901123047,24.281436920166016,1.727222561836243,18.02496337890625,16.313304901123047,465.2296142578125,0.0,563.2372436523438,563.2372436523438,354.6849365234375,234.7574005126953,1.347802758216858,-1.4111608266830444,-0.6897985339164734,1.0374239683151243,-25.33621406555176,-41.64952087402344,465.2296142578125,465.2296142578125,400.0,400.0,2.499000072479248,4.98799991607666,-9341,-9575,False,False
1784742957.9834003,386126.4208863,0,0,0,0,56.182498931884766,1.0859999656677246,1.7672713994979858,16.75864601135254,20.672595977783203,1.7672713994979858,16.896215438842773,16.75864601135254,485.5142211914063,0.0,563.2372436523438,563.2372436523438,354.6849365234375,248.49093627929688,1.347802758216858,-1.4111608266830444,-0.7298473715782166,1.0374239683151243,-26.706846237182617,-43.46549224853516,485.5142211914063,485.5142211914063,400.0,400.0,2.5,2.48799991607666,-9339,-9573,False,False
1784742957.9853902,386126.4228745,0,0,0,0,56.18499755859375,1.1759999990463257,1.793689846992493,8.474979400634766,7.433901309967041,1.793689846992493,5.389988899230957,8.474979400634766,383.9219970703125,0.0,563.2372436523438,563.2372436523438,354.6849365234375,254.7525787353516,1.347802758216858,-1.4111608266830444,-0.7562658786773682,1.0374239683151243,-25.89550399780273,-34.3704833984375,383.9219970703125,383.9219970703125,400.0,400.0,2.5,4.98799991607666,-9339,-9573,False,False
1784742957.9875677,386126.425053,0,0,0,0,56.1875,0.0829999968409538,1.823933482170105,10.17695140838623,1.4644160270690918,1.823933482170105,11.934975624084473,10.17695140838623,417.54583740234375,0.0,563.2372436523438,563.2372436523438,354.6849365234375,257.6082458496094,1.347802758216858,-1.4111608266830444,-0.7865093946456909,1.0374239683151243,-27.203691482543945,-37.38064193725586,417.54583740234375,417.54583740234375,400.0,400.0,2.500999927520752,2.489000082015991,-9337,-9571,False,False
1784742957.99199,386126.4294748,0,0,0,0,56.18999862670898,0.1850000023841858,1.8479334115982056,10.746258735656738,-10.941750526428224,1.8479334115982056,10.832477569580078,10.746258735656738,433.7554931640625,0.0,563.2372436523438,563.2372436523438,354.6849365234375,258.9095153808594,1.347802758216858,-1.4111608266830444,-0.8105093240737915,1.0374239683151243,-28.08555030822754,-38.831809997558594,433.7554931640625,433.7554931640625,400.0,400.0,2.5,4.988999843597412,-9337,-9571,False,False
1784742957.9931862,386126.4306718,0,0,0,0,56.19249725341797,0.2829999923706054,1.868340253829956,7.003376483917236,3.044877767562866,1.868340253829956,4.392490863800049,7.003376483917236,390.8796997070313,0.0,563.2372436523438,563.2372436523438,354.6849365234375,281.2593994140625,1.347802758216858,-1.4111608266830444,-0.8309162259101868,1.0374239683151243,-27.989994049072266,-34.993370056152344,390.8796997070313,390.8796997070313,400.0,400.0,2.499000072479248,2.48799991607666,-9335,-9569,False,False
1784742957.9973023,386126.4347882,0,0,0,0,56.19499969482422,0.382999986410141,1.8741669654846191,0.4513267278671264,-19.55844497680664,1.8741669654846191,-2.633744716644287,0.4513267278671264,338.6965637207031,0.0,611.2376708984375,611.2376708984375,329.9783020019531,291.4581298828125,1.253917574882507,-1.4111608266830444,-0.9306281805038452,0.943538784980774,-29.87036895751953,-30.32169532775879,338.6965637207031,338.6965637207031,400.0,400.0,2.500999927520752,4.988999843597412,-9335,-9569,False,False
1784742957.9991157,386126.4366017,0,0,0,0,56.1974983215332,0.4769999980926513,1.8717386722564695,-0.9083113074302672,-9.312551498413086,1.8717386722564695,-1.1899975538253784,-0.9083113074302672,319.60382080078125,0.0,611.2376708984375,611.2376708984375,329.9783020019531,306.9825744628906,1.253917574882507,-1.4111608266830444,-0.9281998872756958,0.943538784980774,-29.520732879638672,-28.6124210357666,319.60382080078125,319.60382080078125,400.0,400.0,2.499000072479248,2.48799991607666,-9333,-9567,False,False
1784742957.9992535,386126.4367414,0,0,0,0,56.19999694824219,0.574999988079071,1.8774033784866333,4.19423770904541,-5.827413082122803,1.8774033784866333,5.941237926483154,4.19423770904541,390.02386474609375,0.0,611.2376708984375,611.2376708984375,329.9783020019531,314.0648498535156,1.253917574882507,-1.4111608266830444,-0.9338645935058594,0.943538784980774,-30.72251319885254,-34.916751861572266,390.02386474609375,390.02386474609375,400.0,400.0,2.5,4.98799991607666,-9333,-9567,False,False
1784742958.005208,386126.442693,0,0,0,0,56.20249938964844,0.6800000071525574,1.8903484344482424,5.820380210876465,12.875398635864258,1.8903484344482424,6.40498685836792,5.820380210876465,416.4480285644531,0.0,611.2376708984375,611.2376708984375,329.9783020019531,317.2939453125,1.253917574882507,-1.4111608266830444,-0.946809709072113,0.943538784980774,-31.461986541748047,-37.28236770629883,416.4480285644531,416.4480285644531,400.0,400.0,2.5,2.48799991607666,-9331,-9565,False,False
1784742958.005433,386126.44292,0,0,0,0,56.20499801635742,0.7760000228881836,1.892724871635437,-1.7655494213104248,36.89874267578125,1.892724871635437,-5.73123836517334,-1.7655494213104248,315.6146850585937,0.0,611.2376708984375,611.2376708984375,329.9783020019531,318.7662048339844,1.253917574882507,-1.4111608266830444,-0.9491860866546632,0.943538784980774,-30.02084350585937,-28.255294799804688,315.6146850585937,315.6146850585937,400.0,400.0,2.5,4.98799991607666,-9331,-9565,False,False
1784742958.007039,386126.4445266,0,0,0,0,56.207496643066406,0.8759999871253967,1.8854777812957764,-3.6241164207458496,56.78382110595703,1.8854777812957764,-4.716240406036377,-3.6241164207458496,288.11181640625,0.0,611.2376708984375,611.2376708984375,329.9783020019531,330.3186950683594,1.253917574882507,-1.4111608266830444,-0.9419389963150024,0.943538784980774,-29.417224884033203,-25.793107986450195,288.11181640625,288.11181640625,400.0,400.0,2.5,2.48799991607666,-9329,-9563,False,False
1784742958.0091145,386126.4466001,0,0,0,0,56.209999084472656,0.972000002861023,1.8735175132751465,-5.682748794555664,3.615322113037109,1.8735175132751465,-7.043735504150391,-5.682748794555664,256.2425231933594,0.0,611.2376708984375,611.2376708984375,329.9783020019531,335.5859375,1.253917574882507,-1.4111608266830444,-0.9299787878990172,0.943538784980774,-28.622772216796875,-22.94002342224121,256.2425231933594,256.2425231933594,400.0,400.0,2.5,4.98799991607666,-9329,-9563,False,False
1784742958.01324,386126.4507248,0,0,0,0,56.212501525878906,1.0779999494552612,1.856817483901977,-7.409885406494141,-28.18966484069824,1.856817483901977,-8.583732604980469,-7.409885406494141,227.12242126464844,0.0,611.2376708984375,611.2376708984375,329.9783020019531,348.87567138671875,1.253917574882507,-1.4111608266830444,-0.9132786989212036,0.943538784980774,-27.74294090270996,-20.33305549621582,227.12242126464844,227.12242126464844,400.0,400.0,2.502000093460083,2.490000009536743,-9327,-9561,False,False
1784742958.015066,386126.4525513,0,0,0,0,56.21499633789063,1.1649999618530271,1.830788254737854,-12.559531211853027,-16.478038787841797,1.830788254737854,-15.662467956542969,-12.559531211853027,148.7919158935547,0.0,611.2376708984375,611.2376708984375,329.9783020019531,354.9248046875,1.253917574882507,-1.4111608266830444,-0.8872494697570801,0.943538784980774,-25.880075454711918,-13.320545196533203,148.7919158935547,148.7919158935547,400.0,400.0,2.497999906539917,4.98799991607666,-9327,-9561,False,False
1784742958.017141,386126.4545836,0,0,0,0,56.21749877929688,0.0729999989271164,1.7724177837371826,-14.200352668762209,-12.726664543151855,1.7724177837371826,-12.284975051879885,-14.200352668762209,132.64566040039062,0.0,665.2374267578125,665.2374267578125,310.3125915527344,368.5708618164063,1.179187893867493,-1.4111608266830444,-0.903608739376068,0.8688091039657593,-26.075408935546875,-11.875056266784668,132.64566040039062,132.64566040039062,200.0,200.0,2.500999927520752,2.489000082015991,-9325,-9559,False,False
1784742958.0215836,386126.4590679,0,0,0,0,56.21999740600586,0.1729999929666519,1.746818780899048,-9.005194664001465,13.629831314086914,1.746818780899048,-7.314985275268555,-9.005194664001465,193.13201904296875,0.0,665.2374267578125,665.2374267578125,310.3125915527344,374.7890319824219,1.179187893867493,-1.4111608266830444,-0.8780097365379333,0.8688091039657593,-26.29527282714844,-17.290077209472656,193.13201904296875,193.13201904296875,200.0,200.0,2.5,4.988999843597412,-9325,-9559,False,False
1784742958.0231574,386126.4606427,0,0,0,0,56.22249984741211,0.2709999978542328,1.725001096725464,-8.108363151550293,-1.6887775659561155,1.725001096725464,-7.708734512329102,-8.108363151550293,197.3546905517578,0.0,665.2374267578125,665.2374267578125,310.3125915527344,366.7449951171875,1.179187893867493,-1.4111608266830444,-0.8561920523643494,0.8688091039657593,-25.776472091674805,-17.668109893798828,197.3546905517578,197.3546905517578,0.0,0.0,2.499000072479248,2.48799991607666,-9324,-9558,False,False
1784742958.0265343,386126.464019,0,0,0,0,56.22499847412109,0.2809999883174896,1.708798885345459,-5.319735050201416,-13.176612854003906,1.708798885345459,-4.296241283416748,-5.319735050201416,228.94244384765625,0.0,665.2374267578125,665.2374267578125,310.3125915527344,363.0743408203125,1.179187893867493,-1.4111608266830444,-0.8399898409843445,0.8688091039657593,-25.81572914123535,-20.49599266052246,228.94244384765625,228.94244384765625,0.0,0.0,2.500999927520752,4.988999843597412,-9324,-9558,False,False
1784742958.0290198,386126.4665074,0,0,0,0,56.227500915527344,0.3869999945163727,1.7097636461257937,3.3701205253601074,1.1638801097869873,1.7097636461257937,6.973735809326172,3.3701205253601074,345.7672119140625,0.0,665.2374267578125,665.2374267578125,310.3125915527344,350.51385498046875,1.179187893867493,-1.4111608266830444,-0.840954601764679,0.8688091039657593,-27.584571838378903,-30.95469284057617,345.7672119140625,345.7672119140625,200.0,200.0,2.502000093460083,2.490999937057495,-9324,-9558,False,False
1784742958.0291753,386126.4666626,0,0,0,0,56.22999954223633,0.4799999892711639,1.7265005111694336,9.173949241638184,6.67778205871582,1.7265005111694336,11.471226692199709,9.173949241638184,429.54498291015625,0.0,665.2374267578125,665.2374267578125,310.3125915527344,344.7936706542969,1.179187893867493,-1.4111608266830444,-0.8576914668083191,0.8688091039657593,-29.280916213989254,-38.454864501953125,429.54498291015625,429.54498291015625,200.0,200.0,2.5,4.991000175476074,-9324,-9558,False,False
1784742958.0336752,386126.4711603,0,0,0,0,56.23250198364258,0.5889999866485596,1.7499104738235474,10.613457679748535,3.079540967941284,1.7499104738235474,10.622478485107422,10.613457679748535,457.20806884765625,0.0,665.2374267578125,665.2374267578125,310.3125915527344,331.30084228515625,1.179187893867493,-1.4111608266830444,-0.8811013698577881,0.8688091039657593,-30.317934036254883,-40.93139266967773,457.20806884765625,457.20806884765625,400.0,400.0,2.500999927520752,2.492000102996826,-9323,-9557,False,False
1784742958.0367606,386126.4742442,0,0,0,0,56.23500061035156,0.6890000104904175,1.7741025686264038,10.485791206359863,-6.2085161209106445,1.7741025686264038,9.974979400634766,10.485791206359863,464.1441345214844,0.0,665.2374267578125,665.2374267578125,310.3125915527344,325.1557312011719,1.179187893867493,-1.4111608266830444,-0.9052935242652892,0.8688091039657593,-31.066551208496094,-41.55234146118164,464.1441345214844,464.1441345214844,400.0,400.0,2.497999906539917,4.989999771118164,-9323,-9557,False,False
1784742958.0393076,386126.4767821,0,0,0,0,56.23749923706055,0.7850000262260437,1.80164897441864,11.484506607055664,37.924076080322266,1.80164897441864,10.94622802734375,11.484506607055664,381.7352294921875,0.0,713.244384765625,713.244384765625,388.0886535644531,322.3499450683594,1.4747369289398191,-1.4111608266830444,-0.637290894985199,1.164358139038086,-22.690208435058597,-34.17471694946289,381.7352294921875,381.7352294921875,400.0,400.0,2.500999927520752,2.490999937057495,-9321,-9555,False,False
1784742958.0395355,386126.477022,0,0,0,0,56.2400016784668,0.8790000081062317,1.826730489730835,10.135963439941406,35.88465881347656,1.826730489730835,9.572480201721191,10.135963439941406,372.62445068359375,0.0,713.244384765625,713.244384765625,388.0886535644531,321.0714416503906,1.4747369289398191,-1.4111608266830444,-0.6623724699020386,1.164358139038086,-23.22311210632324,-33.359073638916016,372.62445068359375,372.62445068359375,400.0,400.0,2.5,4.991000175476074,-9321,-9555,False,False
1784742958.0432086,386126.480693,0,0,0,0,56.24250030517578,0.9810000061988832,1.845660924911499,8.24252986907959,29.224639892578125,1.845660924911499,8.16373348236084,8.24252986907959,354.0111694335937,0.0,713.244384765625,713.244384765625,388.0886535644531,320.4888000488281,1.4747369289398191,-1.4111608266830444,-0.6813029050827026,1.164358139038086,-23.450197219848636,-31.69272804260254,354.0111694335937,354.0111694335937,400.0,400.0,2.497999906539917,2.489000082015991,-9319,-9553,False,False
1784742958.0451465,386126.4826314,0,0,0,0,56.244998931884766,1.0709999799728394,1.864710092544556,9.321480751037598,1.0310518741607666,1.864710092544556,10.359978675842283,9.321480751037598,375.2825622558594,0.0,713.244384765625,713.244384765625,388.0886535644531,320.2228088378906,1.4747369289398191,-1.4111608266830444,-0.7003519535064697,1.164358139038086,-24.275558471679688,-33.597042083740234,375.2825622558594,375.2825622558594,400.0,400.0,2.500999927520752,4.989999771118164,-9319,-9553,False,False
1784742958.049161,386126.4866457,0,0,0,0,56.247501373291016,1.1799999475479126,1.8903511762619016,11.166110038757324,-8.096384048461914,1.8903511762619016,11.252477645874023,11.166110038757324,409.1734313964844,0.0,713.244384765625,713.244384765625,388.0886535644531,320.1015930175781,1.4747369289398191,-1.4111608266830444,-0.7259930372238159,1.164358139038086,-25.46500015258789,-36.63111114501953,409.1734313964844,409.1734313964844,400.0,400.0,2.5,2.490000009536743,-9317,-9551,False,False
1784742958.049327,386126.4868143,0,0,0,0,56.25,0.0790000036358833,1.9180618524551392,6.330389022827148,22.82857322692871,1.9180618524551392,6.3437371253967285,6.330389022827148,354.2598571777344,0.0,713.244384765625,713.244384765625,388.0886535644531,320.0463256835937,1.4747369289398191,-1.4111608266830444,-0.753703773021698,1.164358139038086,-25.384599685668945,-31.714988708496094,354.2598571777344,354.2598571777344,400.0,400.0,2.5,4.989999771118164,-9317,-9551,False,False
1784742958.053621,386126.4911054,0,0,0,0,56.25249862670898,0.1729999929666519,1.9319809675216677,7.082960605621338,19.412023544311523,1.9319809675216677,8.592482566833496,7.082960605621338,369.3226623535156,0.0,713.244384765625,713.244384765625,388.0886535644531,320.0211181640625,1.4747369289398191,-1.4111608266830444,-0.7676228284835815,1.164358139038086,-25.98052406311035,-33.06348419189453,369.3226623535156,369.3226623535156,400.0,400.0,2.5,2.490000009536743,-9315,-9549,False,False
1784742958.0552115,386126.4926969,0,0,0,0,56.255001068115234,0.2689999938011169,1.9521443843841555,9.856315612792969,-12.276093482971191,1.9521443843841555,11.164977073669434,9.856315612792969,413.704345703125,0.0,713.244384765625,713.244384765625,388.0886535644531,320.0096130371094,1.4747369289398191,-1.4111608266830444,-0.7877862453460693,1.164358139038086,-27.180423736572266,-37.036739349365234,413.704345703125,413.704345703125,400.0,400.0,2.5,4.989999771118164,-9315,-9549,False,False
1784742958.0593035,386126.4967883,0,0,0,0,56.25749969482422,0.3759999871253967,1.9727587699890137,8.827508926391602,13.138710021972656,1.9727587699890137,7.909984111785889,8.827508926391602,407.2825927734375,0.0,713.244384765625,713.244384765625,388.0886535644531,320.00439453125,1.4747369289398191,-1.4111608266830444,-0.8084006905555725,1.164358139038086,-27.634323120117188,-36.46183013916016,407.2825927734375,407.2825927734375,400.0,400.0,2.5,2.490000009536743,-9313,-9547,False,False
1784742958.0595927,386126.4970795,0,0,0,0,56.26000213623047,0.4709999859333038,1.9839625358581543,3.204385757446289,0.4035721719264984,1.9839625358581543,0.5074989795684814,3.204385757446289,255.5714111328125,0.0,767.2432250976562,767.2432250976562,447.2388610839844,320.00201416015625,1.6995075941085815,-1.4111608266830444,-0.5948336720466614,1.389128804206848,-19.67555427551269,-22.879940032958984,255.5714111328125,255.5714111328125,400.0,400.0,2.500999927520752,4.991000175476074,-9313,-9547,False,False
1784742958.0632532,386126.5007364,0,0,0,0,56.26250076293945,0.5759999752044678,1.9910346269607544,2.790457248687744,25.05218315124512,1.9910346269607544,1.9862459897994995,2.790457248687744,252.5509185791016,0.0,767.2432250976562,767.2432250976562,447.2388610839844,320.0009155273437,1.6995075941085815,-1.4111608266830444,-0.6019057631492615,1.389128804206848,-19.819076538085938,-22.609533309936523,252.5509185791016,252.5509185791016,400.0,400.0,2.499000072479248,2.490000009536743,-9311,-9545,False,False
1784742958.065759,386126.5032446,0,0,0,0,56.26499938964844,0.6610000133514404,1.996604084968567,2.0949203968048096,22.58624267578125,1.996604084968567,1.1724976301193235,2.0949203968048096,245.2186279296875,0.0,767.2432250976562,767.2432250976562,447.2388610839844,320.0004272460937,1.6995075941085815,-1.4111608266830444,-0.6074752807617188,1.389128804206848,-19.85819435119629,-21.953113555908203,245.2186279296875,245.2186279296875,400.0,400.0,2.5,4.989999771118164,-9311,-9545,False,False
1784742958.0703208,386126.507806,0,0,0,0,56.26750183105469,0.7739999890327454,1.993600845336914,-1.0770083665847778,22.241310119628903,1.993600845336914,-1.5224969387054443,-1.0770083665847778,201.62820434570312,0.0,767.2432250976562,767.2432250976562,447.2388610839844,320.00018310546875,1.6995075941085815,-1.4111608266830444,-0.6044721007347107,1.389128804206848,-19.127704620361328,-18.05069732666016,201.62820434570312,201.62820434570312,200.0,200.0,2.500999927520752,2.490999937057495,-9309,-9543,False,False
1784742958.0703902,386126.5078787,0,0,0,0,56.27000045776367,0.8669999837875366,1.991560459136963,0.1703740209341049,-1.208140850067139,1.991560459136963,0.3937492072582245,0.1703740209341049,217.6189422607422,0.0,767.2432250976562,767.2432250976562,447.2388610839844,320.0000915527344,1.6995075941085815,-1.4111608266830444,-0.6024316549301147,1.389128804206848,-19.311887741088867,-19.482261657714844,217.6189422607422,217.6189422607422,200.0,200.0,2.499000072479248,4.989999771118164,-9309,-9543,False,False
1784742958.0758543,386126.5133394,0,0,0,0,56.27250289916992,0.9739999771118164,1.9963315725326536,3.336446762084961,-10.085628509521484,1.9963315725326536,4.567490577697754,3.336446762084961,261.7627868652344,0.0,767.2432250976562,767.2432250976562,447.2388610839844,320.0000305175781,1.6995075941085815,-1.4111608266830444,-0.6072027087211609,1.389128804206848,-20.097776412963867,-23.434223175048828,261.7627868652344,261.7627868652344,200.0,200.0,2.502000093460083,2.492000102996826,-9308,-9542,False,False
1784742958.0760584,386126.5135459,0,0,0,0,56.275001525878906,1.0579999685287476,2.002669095993042,0.9819995760917664,31.808181762695312,2.002669095993042,-1.574996829032898,0.9819995760917664,232.4687957763672,0.0,767.2432250976562,767.2432250976562,447.2388610839844,320.0000305175781,1.6995075941085815,-1.4111608266830444,-0.6135402321815491,1.389128804206848,-19.829687118530277,-20.811687469482425,232.4687957763672,232.4687957763672,200.0,200.0,2.497999906539917,4.989999771118164,-9308,-9542,False,False
1784742958.0799325,386126.5174159,0,0,0,0,56.27750015258789,1.1640000343322754,2.008669376373291,4.172131061553955,28.378366470336918,2.008669376373291,6.894986152648926,4.172131061553955,277.3744506835937,0.0,767.2432250976562,767.2432250976562,447.2388610839844,330.8841247558594,1.6995075941085815,-1.4111608266830444,-0.6195404529571533,1.389128804206848,-20.65972137451172,-24.83185195922852,277.3744506835937,277.3744506835937,400.0,400.0,2.500999927520752,2.490999937057495,-9307,-9541,False,False
1784742958.08031,386126.5177934,0,0,0,0,56.28000259399414,0.06700000166893,2.019995927810669,1.6246461868286133,-35.438568115234375,2.019995927810669,-0.4462490975856781,1.6246461868286133,247.2762756347656,0.0,767.2432250976562,767.2432250976562,447.2388610839844,335.8437194824219,1.6995075941085815,-1.4111608266830444,-0.630867063999176,1.389128804206848,-20.512676239013672,-22.13732147216797,247.2762756347656,247.2762756347656,400.0,400.0,2.5,4.991000175476074,-9307,-9541,False,False
1784742958.0832703,386126.5207537,0,0,0,0,56.282501220703125,0.1659999936819076,2.022811889648437,0.4964840710163116,-14.631103515625,2.022811889648437,-0.244999498128891,0.4964840710163116,181.3299102783203,0.0,821.2416381835938,821.2416381835938,485.39788818359375,348.9827575683594,1.8445119857788088,-1.4111608266830444,-0.4886786043643951,1.5341331958770752,-15.737011909484863,-16.233495712280273,181.3299102783203,181.3299102783203,200.0,200.0,2.499000072479248,2.490000009536743,-9305,-9539,False,False
1784742958.085419,386126.5229017,0,0,0,0,56.28499984741211,0.2610000073909759,2.0305025577545166,4.551297664642334,0.1843995749950409,2.0305025577545166,6.011237621307373,4.551297664642334,238.43014526367188,0.0,821.2416381835938,821.2416381835938,485.39788818359375,354.9768371582031,1.8445119857788088,-1.4111608266830444,-0.4963693022727966,1.5341331958770752,-16.794076919555664,-21.34537506103516,238.43014526367188,238.43014526367188,200.0,200.0,2.5,4.989999771118164,-9305,-9539,False,False
1784742958.0938342,386126.5313177,0,0,0,0,56.28749847412109,0.363999992609024,2.045283555984497,7.432675838470459,-0.8409555554389954,2.045283555984497,8.889982223510742,7.432675838470459,282.3359069824219,0.0,821.2416381835938,821.2416381835938,485.39788818359375,346.8306579589844,1.8445119857788088,-1.4111608266830444,-0.5111504197120667,1.5341331958770752,-17.84334945678711,-25.276023864746094,282.3359069824219,282.3359069824219,200.0,200.0,2.499000072479248,2.489000082015991,-9304,-9538,False,False
1784742958.0943675,386126.5318514,0,0,0,0,56.290000915527344,0.4589999914169311,2.0568203926086426,4.3563313484191895,-24.99990463256836,2.0568203926086426,3.6137425899505615,4.3563313484191895,245.223876953125,0.0,821.2416381835938,821.2416381835938,485.39788818359375,343.1133728027344,1.8445119857788088,-1.4111608266830444,-0.5226871371269226,1.5341331958770752,-17.597253799438477,-21.953584671020508,245.223876953125,245.223876953125,200.0,200.0,2.500999927520752,4.989999771118164,-9304,-9538,False,False
1784742958.094836,386126.5323216,0,0,0,0,56.29249954223633,0.5640000104904175,2.0786054134368896,11.081555366516112,-33.280574798583984,2.0786054134368896,14.498720169067385,11.081555366516112,343.1566162109375,0.0,821.2416381835938,821.2416381835938,485.39788818359375,330.53497314453125,1.8445119857788088,-1.4111608266830444,-0.5444722771644592,1.5341331958770752,-19.639423370361328,-30.72097969055176,343.1566162109375,343.1566162109375,200.0,200.0,2.500999927520752,2.490999937057495,-9303,-9537,False,False
1784742958.0952375,386126.5327245,0,0,0,0,56.29499816894531,0.6579999923706055,2.1144533157348637,16.543569564819336,12.695500373840332,2.1144533157348637,18.261213302612305,16.543569564819336,429.1837158203125,0.0,821.2416381835938,821.2416381835938,485.39788818359375,324.8048095703125,1.8445119857788088,-1.4111608266830444,-0.5803201198577881,1.5341331958770752,-21.87895774841309,-38.42252731323242,429.1837158203125,429.1837158203125,200.0,200.0,2.499000072479248,4.989999771118164,-9303,-9537,False,False
1784742958.102187,386126.5396711,0,0,0,0,56.29750061035156,0.7509999871253967,2.155041456222534,17.05847930908203,16.592992782592773,2.155041456222534,16.598716735839844,17.05847930908203,450.5936584472656,0.0,821.2416381835938,821.2416381835938,485.39788818359375,311.305908203125,1.8445119857788088,-1.4111608266830444,-0.620908260345459,1.5341331958770752,-23.280759811401367,-40.33924102783203,450.5936584472656,450.5936584472656,400.0,400.0,2.500999927520752,2.490999937057495,-9302,-9536,False,False
1784742958.1025338,386126.5400193,0,0,0,0,56.29999923706055,0.8510000109672546,2.187575101852417,13.218152046203612,28.81974601745605,2.187575101852417,12.144975662231444,13.218152046203612,410.746337890625,0.0,821.2416381835938,821.2416381835938,485.39788818359375,305.1564025878906,1.8445119857788088,-1.4111608266830444,-0.653441846370697,1.5341331958770752,-23.553770065307617,-36.77192306518555,410.746337890625,410.746337890625,400.0,400.0,2.499000072479248,4.989999771118164,-9302,-9536,False,False
1784742958.1087358,386126.5462191,0,0,0,0,56.3025016784668,0.9589999914169312,2.2196638584136963,14.004612922668455,31.93449592590332,2.2196638584136963,14.0612211227417,14.004612922668455,432.7580871582031,0.0,821.2416381835938,821.2416381835938,485.39788818359375,302.3510131835937,1.8445119857788088,-1.4111608266830444,-0.6855307221412659,1.5341331958770752,-24.737905502319336,-38.74251937866211,432.7580871582031,432.7580871582031,400.0,400.0,2.5,2.490000009536743,-9300,-9534,False,False
1784742958.1090462,386126.546532,0,0,0,0,56.30500030517578,1.0460000038146973,2.248772382736206,11.584234237670898,19.984804153442383,2.248772382736206,10.062479972839355,11.584234237670898,291.879638671875,0.0,875.2415771484375,875.2415771484375,572.8905639648438,301.0718994140625,2.1769843101501465,-1.4111608266830444,-0.3821669816970825,1.8666054010391235,-14.54619026184082,-26.13042449951172,291.879638671875,291.879638671875,400.0,400.0,2.5,4.989999771118164,-9300,-9534,False,False
1784742958.1092858,386126.5467727,0,0,0,0,56.307498931884766,1.1579999923706057,2.2656586170196533,6.93925142288208,3.0341637134552,2.2656586170196533,5.871238231658936,6.93925142288208,235.65359497070312,0.0,875.2415771484375,875.2415771484375,572.8905639648438,300.4887390136719,2.1769843101501465,-1.4111608266830444,-0.3990532755851745,1.8666054010391235,-14.157554626464844,-21.09680557250977,235.65359497070312,235.65359497070312,400.0,400.0,2.5,2.490000009536743,-9298,-9532,False,False
1784742958.1095335,386126.5470187,0,0,0,0,56.310001373291016,0.0540000014007091,2.26922345161438,-1.4306551218032837,33.77241897583008,2.26922345161438,-2.8874940872192383,-1.4306551218032837,124.73649597167967,0.0,875.2415771484375,875.2415771484375,572.8905639648438,300.22283935546875,2.1769843101501465,-1.4111608266830444,-0.4026180803775787,1.8666054010391235,-12.597646713256836,-11.1669921875,124.73649597167967,124.73649597167967,400.0,400.0,2.5,4.989999771118164,-9298,-9532,False,False
1784742958.1133134,386126.5507983,0,0,0,0,56.3125,0.1519999951124191,2.2674124240875244,-1.186259150505066,15.141904830932615,2.2674124240875244,-0.2799994349479675,-1.186259150505066,127.36505126953124,0.0,875.2415771484375,875.2415771484375,572.8905639648438,300.1015930175781,2.1769843101501465,-1.4111608266830444,-0.4008069634437561,1.8666054010391235,-12.588571548461914,-11.40231227874756,127.36505126953124,127.36505126953124,400.0,400.0,2.5,2.490000009536743,-9296,-9530,False,False
1784742958.115212,386126.5526985,0,0,0,0,56.31500244140625,0.2529999911785126,2.268993377685547,1.027083396911621,-24.81667900085449,2.268993377685547,2.5462448596954346,1.027083396911621,157.5980987548828,0.0,875.2415771484375,875.2415771484375,572.8905639648438,300.0462951660156,2.1769843101501465,-1.4111608266830444,-0.4023879766464233,1.8666054010391235,-13.081831932067873,-14.108915328979492,157.5980987548828,157.5980987548828,400.0,400.0,2.500999927520752,4.991000175476074,-9296,-9530,False,False
1784742958.1193054,386126.5567892,0,0,0,0,56.31749725341797,0.3510000109672546,2.2770204544067383,3.252795457839966,-9.332435607910156,2.2770204544067383,3.9899919033050537,3.252795457839966,190.3010711669922,0.0,875.2415771484375,875.2415771484375,572.8905639648438,300.0211181640625,2.1769843101501465,-1.4111608266830444,-0.4104151427745819,1.8666054010391235,-13.783843040466309,-17.036638259887695,190.3010711669922,190.3010711669922,0.0,0.0,2.497999906539917,2.489000082015991,-9294,-9528,False,False
1784742958.119613,386126.5570974,0,0,0,0,56.31999969482422,0.4490000009536743,2.291086912155152,6.427919864654541,-4.27641487121582,2.291086912155152,7.839983940124512,6.427919864654541,237.8887939453125,0.0,875.2415771484375,875.2415771484375,572.8905639648438,300.0096130371094,2.1769843101501465,-1.4111608266830444,-0.4244814217090606,1.8666054010391235,-14.868989944458008,-21.29690933227539,237.8887939453125,237.8887939453125,0.0,0.0,2.502000093460083,4.991000175476074,-9294,-9528,False,False
1784742958.12319,386126.5606745,0,0,0,0,56.3224983215332,0.5490000247955322,2.315861225128174,12.314825057983398,-5.745151042938232,2.315861225128174,14.936220169067385,12.314825057983398,325.6530456542969,0.0,875.2415771484375,875.2415771484375,572.8905639648438,289.1260070800781,2.1769843101501465,-1.4111608266830444,-0.4492558538913727,1.8666054010391235,-16.839153289794922,-29.15397834777832,325.6530456542969,325.6530456542969,200.0,200.0,2.499000072479248,2.490000009536743,-9294,-9528,False,False
1784742958.125214,386126.5626987,0,0,0,0,56.32500076293945,0.6430000066757202,2.3506646156311035,14.156203269958496,-27.066347122192383,2.3506646156311035,13.387473106384276,14.156203269958496,362.7753601074219,0.0,875.2415771484375,875.2415771484375,572.8905639648438,284.160888671875,2.1769843101501465,-1.4111608266830444,-0.4840591251850128,1.8666054010391235,-18.32113265991211,-32.47733688354492,362.7753601074219,362.7753601074219,200.0,200.0,2.5,4.989999771118164,-9294,-9528,False,False
1784742958.129755,386126.5672396,0,0,0,0,56.32748031616211,0.7239999771118164,2.386115312576294,16.019001007080078,-16.647560119628906,2.386115312576294,17.893712997436523,16.019001007080078,302.4322204589844,0.0,929.189453125,929.189453125,645.0285034179688,281.90966796875,2.451108455657959,-1.4111608266830444,-0.2453855723142624,2.1407296657562256,-11.056138038635254,-27.07513999938965,302.4322204589844,302.4322204589844,400.0,400.0,2.4790000915527344,2.469000101089477,-9293,-9527,False,False
1784742958.1300402,386126.5675272,0,0,0,0,56.33000183105469,0.8240000009536743,2.431970596313477,19.93777847290039,22.31060791015625,2.431970596313477,21.05245780944824,19.93777847290039,371.3507080078125,0.0,929.189453125,929.189453125,645.0285034179688,280.8649597167969,2.451108455657959,-1.4111608266830444,-0.2912408709526062,2.1407296657562256,-13.307263374328612,-33.24504089355469,371.3507080078125,371.3507080078125,400.0,400.0,2.5209999084472656,4.989999771118164,-9293,-9527,False,False
1784742958.1332717,386126.570756,0,0,0,0,56.33250045776367,0.9459999799728394,2.483558416366577,23.364580154418945,8.802206039428711,2.483558416366577,24.98995018005371,23.364580154418945,435.7237243652344,0.0,929.189453125,929.189453125,645.0285034179688,280.3943786621094,2.451108455657959,-1.4111608266830444,-0.3428287804126739,2.1407296657562256,-15.643436431884766,-39.00801467895508,435.7237243652344,435.7237243652344,200.0,200.0,2.5,2.490000009536743,-9291,-9525,False,False
1784742958.1352262,386126.5727121,0,0,0,0,56.33500289916992,1.0360000133514404,2.537716627120972,21.72130584716797,14.082605361938477,2.537716627120972,20.063709259033203,21.72130584716797,433.05560302734375,0.0,929.189453125,929.189453125,645.0285034179688,280.17974853515625,2.451108455657959,-1.4111608266830444,-0.3969870507717132,2.1407296657562256,-17.047847747802734,-38.7691535949707,433.05560302734375,433.05560302734375,200.0,200.0,2.500999927520752,4.991000175476074,-9291,-9525,False,False
1784742958.1406646,386126.5781492,0,0,0,0,56.33750534057617,1.1449999809265137,2.5891900062561035,23.362079620361328,2.6298041343688965,2.5891900062561035,25.821197509765625,23.362079620361328,473.447509765625,0.0,929.189453125,929.189453125,645.0285034179688,280.08184814453125,2.451108455657959,-1.4111608266830444,-0.4484603106975555,2.1407296657562256,-19.02314567565918,-42.38522720336914,473.447509765625,473.447509765625,400.0,400.0,2.503999948501587,2.494999885559082,-9290,-9524,False,False
1784742958.1412358,386126.5787206,0,0,0,0,56.34000015258789,0.0399999991059303,2.678317070007324,26.262670516967773,-14.131507873535156,2.678317070007324,26.451196670532227,26.262670516967773,544.1853637695312,0.0,929.189453125,929.189453125,645.0285034179688,280.0373840332031,2.451108455657959,-1.4111608266830444,-0.5375874042510986,2.1407296657562256,-22.455331802368164,-48.71800231933594,544.1853637695312,544.1853637695312,400.0,400.0,2.494999885559082,4.989999771118164,-9290,-9524,False,False
1784742958.1445763,386126.5820595,0,0,0,0,56.34251022338867,0.1469999998807907,2.7345712184906006,21.906641006469727,-19.75506401062012,2.7345712184906006,18.3924617767334,21.906641006469727,505.9041442871094,0.0,929.189453125,929.189453125,645.0285034179688,290.9239807128906,2.451108455657959,-1.4111608266830444,-0.5938414931297302,2.1407296657562256,-23.38425636291504,-45.290897369384766,505.9041442871094,505.9041442871094,600.0,600.0,2.509000062942505,2.499000072479248,-9288,-9522,False,False
1784742958.1476884,386126.5851728,0,0,0,0,56.345001220703125,0.2370000034570694,2.775263547897339,15.569341659545898,-14.887659072875977,2.775263547897339,13.31747341156006,15.569341659545898,435.5033874511719,0.0,929.189453125,929.189453125,645.0285034179688,295.852783203125,2.451108455657959,-1.4111608266830444,-0.6345338821411133,2.1407296657562256,-23.4189510345459,-38.9882926940918,435.5033874511719,435.5033874511719,600.0,600.0,2.493000030517578,4.992000102996826,-9288,-9522,False,False
1784742958.1504376,386126.5879231,0,0,0,0,56.34749984741211,0.3420000076293945,2.8050670623779297,12.472681045532228,32.6984748840332,2.8050670623779297,12.179975509643556,12.472681045532228,355.2616882324219,0.0,977.240966796875,977.240966796875,681.38818359375,319.85894775390625,2.5892751216888428,-1.4111608266830444,-0.5261707305908203,2.2788963317871094,-19.33199882507324,-31.80467987060547,355.2616882324219,355.2616882324219,400.0,400.0,2.497999906539917,2.490000009536743,-9285,-9519,False,False
1784742958.151333,386126.5888178,0,0,0,0,56.35000228881836,0.4350000023841858,2.830838918685913,11.16859531402588,15.667153358459473,2.830838918685913,10.569978713989258,11.16859531402588,346.9935607910156,0.0,977.240966796875,977.240966796875,681.38818359375,330.81982421875,2.5892751216888428,-1.4111608266830444,-0.5519426465034485,2.2788963317871094,-19.895883560180664,-31.064477920532227,346.9935607910156,346.9935607910156,400.0,400.0,2.500999927520752,4.991000175476074,-9285,-9519,False,False
1784742958.1532297,386126.5907148,0,0,0,0,56.352500915527344,0.5419999957084656,2.8515427112579346,7.403476238250732,0.5750470757484436,2.8515427112579346,4.409991264343262,7.403476238250732,303.9258728027344,0.0,977.240966796875,977.240966796875,681.38818359375,335.8157043457031,2.5892751216888428,-1.4111608266830444,-0.57264643907547,2.2788963317871094,-19.80537986755371,-27.2088565826416,303.9258728027344,303.9258728027344,400.0,400.0,2.500999927520752,2.492000102996826,-9283,-9517,False,False
1784742958.1575696,386126.595055,0,0,0,0,56.35499954223633,0.6370000243186951,2.857373714447021,0.6310620903968811,33.257625579833984,2.857373714447021,-2.08249568939209,0.6310620903968811,215.23179626464844,0.0,977.240966796875,977.240966796875,681.38818359375,338.09161376953125,2.5892751216888428,-1.4111608266830444,-0.5784774422645569,2.2788963317871094,-18.63749122619629,-19.268552780151367,215.23179626464844,215.23179626464844,400.0,400.0,2.499000072479248,4.991000175476074,-9283,-9517,False,False
1784742958.1597407,386126.5972257,0,0,0,0,56.35749816894531,0.7350000143051147,2.853891134262085,-2.255911350250244,37.52408218383789,2.853891134262085,-3.8149921894073486,-2.255911350250244,175.2896270751953,0.0,977.240966796875,977.240966796875,681.38818359375,339.129638671875,2.5892751216888428,-1.4111608266830444,-0.5749949216842651,2.2788963317871094,-17.948654174804688,-15.692743301391602,175.2896270751953,175.2896270751953,400.0,400.0,2.499000072479248,2.490000009536743,-9281,-9515,False,False
1784742958.160007,386126.5974946,0,0,0,0,56.36000061035156,0.8320000171661377,2.8507869243621826,-0.1922316998243332,-2.833963632583618,2.8507869243621826,0.5512489080429077,-0.1922316998243332,201.84185791015625,0.0,977.240966796875,977.240966796875,681.38818359375,339.6033020019531,2.5892751216888428,-1.4111608266830444,-0.571890652179718,2.2788963317871094,-18.26205444335937,-18.069822311401367,201.84185791015625,201.84185791015625,400.0,400.0,2.500999927520752,4.991000175476074,-9281,-9515,False,False
1784742958.1633334,386126.6008125,0,0,0,0,56.36249923706055,0.9330000281333924,2.8435170650482178,-5.100399017333984,18.2458553314209,2.8435170650482178,-7.209985256195068,-5.100399017333984,133.45355224609375,0.0,977.240966796875,977.240966796875,681.38818359375,339.8190002441406,2.5892751216888428,-1.4111608266830444,-0.5646206736564636,2.2788963317871094,-17.04778289794922,-11.947383880615234,133.45355224609375,133.45355224609375,200.0,200.0,2.497999906539917,2.489000082015991,-9279,-9513,False,False
1784742958.1651676,386126.6026534,0,0,0,0,56.3650016784668,1.02400004863739,2.836674451828003,-3.0067732334136963,-17.26070785522461,2.836674451828003,-2.6687445640563965,-3.0067732334136963,159.07093811035156,0.0,977.240966796875,977.240966796875,681.38818359375,339.91754150390625,2.5892751216888428,-1.4111608266830444,-0.5577780604362488,2.2788963317871094,-17.247543334960938,-14.24077033996582,159.07093811035156,159.07093811035156,200.0,200.0,2.502000093460083,4.991000175476074,-9279,-9513,False,False
1784742958.1701045,386126.6075881,0,0,0,0,56.36750030517578,1.1330000162124634,2.836198329925537,-0.1950749307870865,-16.598447799682617,2.836198329925537,0.787498414516449,-0.1950749307870865,196.5891265869141,0.0,977.240966796875,977.240966796875,681.38818359375,329.0840148925781,2.5892751216888428,-1.4111608266830444,-0.5573019981384277,2.2788963317871094,-17.794649124145508,-17.599573135375977,196.5891265869141,196.5891265869141,0.0,0.0,2.499000072479248,2.490000009536743,-9278,-9512,False,False
1784742958.1703207,386126.6078086,0,0,0,0,56.37000274658203,0.0309999994933605,2.8514645099639893,8.696627616882324,-6.904848575592041,2.8514645099639893,12.984973907470703,8.696627616882324,293.0174560546875,0.0,1031.2440185546875,1031.2440185546875,702.1599731445312,324.14044189453125,2.668207883834839,-1.4111608266830444,-0.4936354458332062,2.357829093933105,-17.535659790039062,-26.232288360595703,293.0174560546875,293.0174560546875,0.0,0.0,2.500999927520752,4.991000175476074,-9278,-9512,False,False
1784742958.1753085,386126.6127921,0,0,0,0,56.372501373291016,0.125,2.8803951740264893,14.971771240234377,-1.7845009565353394,2.8803951740264893,18.51496315002441,14.971771240234377,387.4713745117188,0.0,1031.2440185546875,1031.2440185546875,702.1599731445312,321.88836669921875,2.668207883834839,-1.4111608266830444,-0.5225660800933838,2.357829093933105,-19.71646881103516,-34.68824005126953,387.4713745117188,387.4713745117188,200.0,200.0,2.499000072479248,2.490000009536743,-9278,-9512,False,False
1784742958.175639,386126.6131254,0,0,0,0,56.375,0.2290000021457672,2.925431251525879,21.176681518554688,-1.8550984859466555,2.925431251525879,23.861202239990234,21.176681518554688,486.7406311035156,0.0,1031.2440185546875,1031.2440185546875,702.1599731445312,320.8609924316406,2.668207883834839,-1.4111608266830444,-0.5676022171974182,2.357829093933105,-22.39860725402832,-43.575286865234375,486.7406311035156,486.7406311035156,200.0,200.0,2.5,4.989999771118164,-9278,-9512,False,False
1784742958.1771307,386126.6146148,0,0,0,0,56.37749862670898,0.3300000131130218,2.980287790298462,22.832521438598636,13.250163078308104,2.980287790298462,23.03870391845703,22.832521438598636,528.5438232421875,0.0,1031.2440185546875,1031.2440185546875,702.1599731445312,320.3925476074219,2.668207883834839,-1.4111608266830444,-0.6224586367607117,2.357829093933105,-24.48518180847168,-47.31770324707031,528.5438232421875,528.5438232421875,400.0,400.0,2.5,2.490000009536743,-9277,-9511,False,False
1784742958.1814144,386126.618898,0,0,0,0,56.380001068115234,0.4250000119209289,3.035670757293701,22.46577453613281,32.29314422607422,3.035670757293701,21.63870620727539,22.46577453613281,543.4241943359375,0.0,1031.2440185546875,1031.2440185546875,702.1599731445312,320.1789245605469,2.668207883834839,-1.4111608266830444,-0.6778416037559509,2.357829093933105,-26.184085845947266,-48.64986038208008,543.4241943359375,543.4241943359375,400.0,400.0,2.500999927520752,4.991000175476074,-9277,-9511,False,False
1784742958.1830244,386126.6205121,0,0,0,0,56.38249969482422,0.527999997138977,3.090638875961304,23.65007781982422,3.1175906658172607,3.090638875961304,23.32745361328125,23.65007781982422,578.94677734375,0.0,1031.2440185546875,1031.2440185546875,702.1599731445312,320.08160400390625,2.668207883834839,-1.4111608266830444,-0.7328097820281982,2.357829093933105,-28.179929733276367,-51.83000564575195,578.94677734375,578.94677734375,600.0,600.0,2.499000072479248,2.490000009536743,-9275,-9509,False,False
1784742958.1852634,386126.6227463,0,0,0,0,56.38500213623047,0.621999979019165,3.1506943702697754,25.99646377563477,0.4006165564060211,3.1506943702697754,26.24119758605957,25.99646377563477,631.864501953125,0.0,1031.2440185546875,1031.2440185546875,702.1599731445312,320.0372009277344,2.668207883834839,-1.4111608266830444,-0.7928653359413147,2.357829093933105,-30.57098197937012,-56.56744384765625,631.864501953125,631.864501953125,600.0,600.0,2.500999927520752,4.991000175476074,-9275,-9509,False,False
1784742958.1873257,386126.6248085,0,0,0,0,56.38750076293945,0.7250000238418579,3.2123868465423584,25.511489868164062,-0.7741726040840149,3.2123868465423584,24.69244956970215,25.511489868164062,647.4154052734375,0.0,1031.2440185546875,1031.2440185546875,702.1599731445312,341.7679748535156,2.668207883834839,-1.4111608266830444,-0.8545578122138977,2.357829093933105,-32.44814682006836,-57.95963668823242,647.4154052734375,647.4154052734375,600.0,600.0,2.497999906539917,2.489000082015991,-9272,-9506,False,False
1784742958.1891074,386126.6265946,0,0,0,0,56.38999938964844,0.8209999799728394,3.2628326416015625,18.424501419067383,-13.997132301330566,3.2628326416015625,14.4724702835083,18.424501419067383,570.4519653320312,0.0,1031.2440185546875,1031.2440185546875,702.1599731445312,351.6925354003906,2.668207883834839,-1.4111608266830444,-0.905003547668457,2.357829093933105,-32.64501190185547,-51.06951522827149,570.4519653320312,570.4519653320312,600.0,600.0,2.502000093460083,4.991000175476074,-9272,-9506,False,False
1784742958.1933098,386126.6307952,0,0,0,0,56.39250183105469,0.9229999780654908,3.2996082305908203,14.529566764831545,-33.91062927246094,3.2996082305908203,13.081223487854004,14.529566764831545,488.755126953125,0.0,1085.240478515625,1085.240478515625,733.5479125976562,367.0895080566406,2.787482023239136,-1.4111608266830444,-0.8225048780441284,2.4771032333374023,-29.22607040405273,-43.755638122558594,488.755126953125,488.755126953125,600.0,600.0,2.499000072479248,2.490000009536743,-9269,-9503,False,False
1784742958.195748,386126.633233,0,0,0,0,56.39500045776367,1.0169999599456787,3.33801007270813,16.599376678466797,-6.976665019989014,3.33801007270813,17.184965133666992,16.599376678466797,530.2257080078125,0.0,1085.240478515625,1085.240478515625,733.5479125976562,374.1136169433594,2.787482023239136,-1.4111608266830444,-0.8609068393707275,2.4771032333374023,-30.868894577026367,-47.4682731628418,530.2257080078125,530.2257080078125,600.0,600.0,2.5,4.989999771118164,-9269,-9503,False,False
1784742958.2148976,386126.6523812,0,0,0,0,56.397499084472656,1.116000056266785,3.373248815536499,14.379469871520996,14.49699592590332,3.373248815536499,12.80997371673584,14.379469871520996,513.0655517578125,0.0,1085.240478515625,1085.240478515625,733.5479125976562,377.3153381347656,2.787482023239136,-1.4111608266830444,-0.8961454033851624,2.4771032333374023,-31.552547454833984,-45.93201446533203,513.0655517578125,513.0655517578125,400.0,400.0,2.499000072479248,2.489000082015991,-9266,-9500,False,False
1784742958.2152476,386126.6527339,0,0,0,0,56.400001525878906,1.2059999704360962,3.393304347991944,6.472585678100586,-14.647622108459473,3.393304347991944,3.246243476867676,6.472585678100586,414.2494201660156,0.0,1085.240478515625,1085.240478515625,733.5479125976562,378.7767333984375,2.787482023239136,-1.4111608266830444,-0.916201114654541,2.4771032333374023,-30.612951278686523,-37.08553695678711,414.2494201660156,414.2494201660156,400.0,400.0,2.502000093460083,4.991000175476074,-9266,-9500,False,False
1784742958.217899,386126.6553838,0,0,0,0,56.40250015258789,0.1190000027418136,3.4212236404418945,10.33379364013672,-2.051079750061035,3.4212236404418945,12.984973907470703,10.33379364013672,475.985107421875,0.0,1085.240478515625,1085.240478515625,733.5479125976562,379.4420776367188,2.787482023239136,-1.4111608266830444,-0.9441203474998474,2.4771032333374023,-32.27861022949219,-42.612403869628906,475.985107421875,475.985107421875,600.0,600.0,2.499000072479248,2.490000009536743,-9264,-9498,False,False
1784742958.2181776,386126.6556647,0,0,0,0,56.40499877929688,0.2140000015497207,3.450593948364258,13.991277694702148,18.26473045349121,3.450593948364258,15.609968185424805,13.991277694702148,535.5087280273438,0.0,1085.240478515625,1085.240478515625,733.5479125976562,379.7456359863281,2.787482023239136,-1.4111608266830444,-0.9734906554222108,2.4771032333374023,-33.949954986572266,-47.94123458862305,535.5087280273438,535.5087280273438,600.0,600.0,2.5,4.989999771118164,-9264,-9498,False,False
1784742958.2184224,386126.6559092,0,0,0,0,56.407501220703125,0.3210000097751617,3.4849019050598145,14.160548210144045,19.141557693481445,3.4849019050598145,13.25622272491455,14.160548210144045,550.040771484375,0.0,1085.240478515625,1085.240478515625,733.5479125976562,390.7652587890625,2.787482023239136,-1.4111608266830444,-1.007798433303833,2.4771032333374023,-35.081661224365234,-49.24220657348633,550.040771484375,550.040771484375,400.0,400.0,2.5,2.490000009536743,-9261,-9495,False,False
1784742958.218605,386126.6560924,0,0,0,0,56.40999984741211,0.4180000126361847,3.508429765701294,8.185153007507324,11.18896484375,3.508429765701294,5.643738746643066,8.185153007507324,478.3556518554688,0.0,1085.240478515625,1085.240478515625,733.5479125976562,395.7908630371094,2.787482023239136,-1.4111608266830444,-1.0313262939453125,2.4771032333374023,-34.63947296142578,-42.82462692260742,478.3556518554688,478.3556518554688,400.0,400.0,2.500999927520752,4.991000175476074,-9261,-9495,False,False
1784742958.2187712,386126.6562582,0,0,0,0,56.41249847412109,0.5230000019073486,3.531980037689209,12.668441772460938,4.5851826667785645,3.531980037689209,16.22246742248535,12.668441772460938,541.5682983398438,0.0,1133.2406005859375,1133.2406005859375,737.4497680664062,398.0802917480469,2.802309274673462,-1.4111608266830444,-1.04004967212677,2.4919304847717285,-35.815277099609375,-48.48371887207031,541.5682983398438,541.5682983398438,600.0,600.0,2.499000072479248,2.490000009536743,-9259,-9493,False,False
1784742958.2189708,386126.6564585,0,0,0,0,56.415000915527344,0.6159999966621399,3.5690231323242188,17.299013137817383,-24.185800552368164,3.5690231323242188,19.57370948791504,17.299013137817383,616.8779907226562,0.0,1133.2406005859375,1133.2406005859375,737.4497680664062,399.1247253417969,2.802309274673462,-1.4111608266830444,-1.0770927667617798,2.4919304847717285,-37.92677307128906,-55.22578430175781,616.8779907226562,616.8779907226562,600.0,600.0,2.5,4.989999771118164,-9259,-9493,False,False
1784742958.2192092,386126.6566966,0,0,0,0,56.41749954223633,0.7170000076293945,3.6078176498413086,14.744226455688477,0.213869035243988,3.6078176498413086,12.179975509643556,14.744226455688477,596.5000610351562,0.0,1133.2406005859375,1133.2406005859375,737.4497680664062,421.3575439453125,2.802309274673462,-1.4111608266830444,-1.11588716506958,2.4919304847717285,-38.65723419189453,-53.40146255493164,596.5000610351562,596.5000610351562,600.0,600.0,2.499000072479248,2.489000082015991,-9256,-9490,False,False
1784742958.2192786,386126.6567666,0,0,0,0,56.42000198364258,0.8090000152587891,3.628685712814331,6.723060131072998,43.953086853027344,3.628685712814331,3.561242818832397,6.723060131072998,496.4425659179688,0.0,1133.2406005859375,1133.2406005859375,737.4497680664062,431.5055236816406,2.802309274673462,-1.4111608266830444,-1.136755347251892,2.4919304847717285,-37.72078323364258,-44.443843841552734,496.4425659179688,496.4425659179688,600.0,600.0,2.502000093460083,4.991000175476074,-9256,-9490,False,False
1784742958.2231588,386126.6606439,0,0,0,0,56.42250061035156,0.906000018119812,3.637986660003662,2.989493131637573,41.4383544921875,3.637986660003662,2.33624529838562,2.989493131637573,449.7218627929688,0.0,1133.2406005859375,1133.2406005859375,737.4497680664062,468.7511291503906,2.802309274673462,-1.4111608266830444,-1.1460562944412231,2.4919304847717285,-37.27170181274414,-40.261192321777344,449.7218627929688,449.7218627929688,600.0,600.0,2.497999906539917,2.489000082015991,-9253,-9487,False,False
1784742958.2251627,386126.6626495,0,0,0,0,56.42499923706055,1.0119999647140503,3.6368138790130615,-3.165620803833008,-9.257895469665527,3.6368138790130615,-6.247487545013428,-3.165620803833008,366.7986755371094,0.0,1133.2406005859375,1133.2406005859375,737.4497680664062,485.7569274902344,2.802309274673462,-1.4111608266830444,-1.1448835134506226,2.4919304847717285,-36.00314712524414,-32.8375244140625,366.7986755371094,366.7986755371094,600.0,600.0,2.500999927520752,4.989999771118164,-9253,-9487,False,False
1784742958.227105,386126.6645913,0,0,0,0,56.42749786376953,1.1119999885559082,3.628035068511963,-5.775510311126709,-24.241363525390625,3.628035068511963,-7.866233825683594,-5.775510311126709,328.6775207519531,0.0,1133.2406005859375,1133.2406005859375,737.4497680664062,515.2451782226562,2.802309274673462,-1.4111608266830444,-1.136104702949524,2.4919304847717285,-35.20024871826172,-29.424739837646484,328.6775207519531,328.6775207519531,400.0,400.0,2.496999979019165,2.486999988555908,-9250,-9484,False,False
1784742958.2321367,386126.6696231,0,0,0,0,56.43000030517578,1.1790000200271606,3.614531993865967,-6.82347297668457,6.012059688568115,3.614531993865967,-7.411234855651855,-6.82347297668457,309.8038635253906,0.0,1133.2406005859375,1133.2406005859375,737.4497680664062,528.7275390625,2.802309274673462,-1.4111608266830444,-1.1226016283035278,2.4919304847717285,-34.55855941772461,-27.735084533691406,309.8038635253906,309.8038635253906,400.0,400.0,2.503999948501587,4.991000175476074,-9250,-9484,False,False
1784742958.2332811,386126.6707673,0,0,0,0,56.432498931884766,0.1129999980330467,3.593517780303955,-6.200046062469482,19.072019577026367,3.593517780303955,-5.932487964630127,-6.200046062469482,426.0157470703125,0.0,1181.24169921875,1181.24169921875,652.51416015625,534.8588256835938,2.479553699493408,-1.4111608266830444,-1.4243427515029907,2.169174909591675,-44.338958740234375,-38.13891220092773,426.0157470703125,426.0157470703125,400.0,400.0,2.499000072479248,2.490000009536743,-9248,-9482,False,False
1784742958.2352915,386126.6727769,0,0,0,0,56.435001373291016,0.2029999941587448,3.580678939819336,-4.52393913269043,18.80391502380371,3.580678939819336,-2.633744716644287,-4.52393913269043,443.8933715820313,0.0,1181.24169921875,1181.24169921875,652.51416015625,537.6566772460938,2.479553699493408,-1.4111608266830444,-1.4115040302276611,2.169174909591675,-44.26333999633789,-39.739402770996094,443.8933715820313,443.8933715820313,400.0,400.0,2.500999927520752,4.991000175476074,-9248,-9482,False,False
1784742958.2372005,386126.6746867,0,0,0,0,56.4375,0.3109999895095825,3.570638656616211,-3.801627397537232,34.35199737548828,3.570638656616211,-3.053743839263916,-3.801627397537232,449.9865112304688,0.0,1181.24169921875,1181.24169921875,652.51416015625,528.0528564453125,2.479553699493408,-1.4111608266830444,-1.401463747024536,2.169174909591675,-44.086517333984375,-40.284889221191406,449.9865112304688,449.9865112304688,400.0,400.0,2.499000072479248,2.490000009536743,-9246,-9480,False,False
1784742958.239924,386126.6774089,0,0,0,0,56.43999862670898,0.4009999930858612,3.5604045391082764,-4.425673961639404,29.9025821685791,3.5604045391082764,-4.6549906730651855,-4.425673961639404,437.9635925292969,0.0,1181.24169921875,1181.24169921875,652.51416015625,523.671630859375,2.479553699493408,-1.4111608266830444,-1.391229510307312,2.169174909591675,-43.63420867919922,-39.208534240722656,437.9635925292969,437.9635925292969,400.0,400.0,2.5,4.989999771118164,-9246,-9480,False,False
1784742958.2436051,386126.6810915,0,0,0,0,56.442501068115234,0.5090000033378601,3.550987958908081,-2.581373691558838,17.762971878051758,3.550987958908081,-0.9449980854988098,-2.581373691558838,459.3189086914063,0.0,1181.24169921875,1181.24169921875,652.51416015625,510.7927856445313,2.479553699493408,-1.4111608266830444,-1.3818130493164062,2.169174909591675,-43.70174407958984,-41.12036895751953,459.3189086914063,459.3189086914063,400.0,400.0,2.5,2.490000009536743,-9244,-9478,False,False
1784742958.2450309,386126.6825188,0,0,0,0,56.44499969482422,0.6039999723434448,3.554387092590332,2.8201231956481934,13.110694885253906,3.554387092590332,4.5062408447265625,2.8201231956481934,532.9363403320312,0.0,1181.24169921875,1181.24169921875,652.51416015625,504.92083740234375,2.479553699493408,-1.4111608266830444,-1.3852123022079468,2.169174909591675,-44.89081573486328,-47.71094131469727,532.9363403320312,532.9363403320312,400.0,400.0,2.5,4.989999771118164,-9244,-9478,False,False
1784742958.249365,386126.6868511,0,0,0,0,56.4474983215332,0.7009999752044678,3.5653250217437744,4.989676475524902,18.18929672241211,3.5653250217437744,5.818737983703613,4.989676475524902,565.9269409179688,0.0,1181.24169921875,1181.24169921875,652.51416015625,491.36236572265625,2.479553699493408,-1.4111608266830444,-1.3961501121520996,2.169174909591675,-45.67473983764648,-50.66441345214844,565.9269409179688,565.9269409179688,400.0,400.0,2.5,2.490000009536743,-9242,-9476,False,False
1784742958.2496438,386126.6871312,0,0,0,0,56.45000076293945,0.7929999828338623,3.5787932872772217,6.4115166664123535,28.310474395751957,3.5787932872772217,7.568734645843506,6.4115166664123535,589.7996215820312,0.0,1181.24169921875,1181.24169921875,652.51416015625,485.1805419921875,2.479553699493408,-1.4111608266830444,-1.409618258476257,2.169174909591675,-46.39008712768555,-52.801605224609375,589.7996215820312,589.7996215820312,400.0,400.0,2.5,4.989999771118164,-9242,-9476,False,False
1784742958.2586472,386126.6961315,0,0,0,0,56.45249938964844,0.890999972820282,3.598189115524292,9.1796236038208,49.38837432861328,3.598189115524292,10.316228866577148,9.1796236038208,633.8366088867188,0.0,1181.24169921875,1181.24169921875,652.51416015625,482.3619995117188,2.479553699493408,-1.4111608266830444,-1.4290142059326172,2.169174909591675,-47.56438064575195,-56.74400329589844,633.8366088867188,633.8366088867188,600.0,600.0,2.5,2.490000009536743,-9240,-9474,False,False
1784742958.258917,386126.6964049,0,0,0,0,56.45500183105469,0.9950000047683716,3.6298656463623047,16.23195457458496,4.356271266937256,3.6298656463623047,19.914958953857425,16.23195457458496,908.0013427734376,0.0,1200.0,1200.0,717.6380004882812,481.0769348144531,2.72702431678772,-1.4111608266830444,-1.931567668914795,1.6982979774475098,-65.05655670166016,-81.28851318359375,908.0013427734376,908.0013427734376,600.0,600.0,2.5,4.989999771118164,-9240,-9474,False,False
1784742958.2589743,386126.6964625,0,0,0,0,56.45750045776367,1.093000054359436,3.672319650650024,17.843137741088867,1.8104311227798464,3.672319650650024,17.342464447021484,17.843137741088867,944.7728271484376,0.0,1200.0,1200.0,717.6380004882812,480.4911804199219,2.72702431678772,-1.4111608266830444,-1.974021553993225,1.6982979774475098,-66.73731994628906,-84.58045196533203,944.7728271484376,944.7728271484376,600.0,600.0,2.499000072479248,2.489000082015991,-9237,-9471,False,False
1784742958.2599056,386126.6973881,0,0,0,0,56.459999084472656,1.1929999589920044,3.7084145545959473,13.918458938598633,23.04914665222168,3.7084145545959473,12.468724250793455,13.918458938598633,905.0677490234376,0.0,1200.0,1200.0,717.6380004882812,480.223876953125,2.72702431678772,-1.4111608266830444,-2.010116577148437,1.6982979774475098,-67.107421875,-81.02587890625,905.0677490234376,905.0677490234376,600.0,600.0,2.500999927520752,4.989999771118164,-9237,-9471,False,False
1784742958.263505,386126.7009903,0,0,0,0,56.46249771118164,0.0930000022053718,3.7551748752594,13.329867362976074,22.738712310791016,3.7551748752594,13.361223220825195,13.329867362976074,913.892333984375,0.0,1200.0,1200.0,717.6380004882812,490.98046875,2.72702431678772,-1.4111608266830444,-2.0568768978118896,1.6982979774475098,-68.48603820800781,-81.81590270996094,913.892333984375,913.892333984375,1000.0,1000.0,2.499000072479248,2.489000082015991,-9234,-9468,False,False
1784742958.2650013,386126.7024892,0,0,0,0,56.46500015258789,0.1829999983310699,3.7933619022369385,17.043224334716797,17.797100067138672,3.7933619022369385,18.02496337890625,17.043224334716797,977.3164672851562,0.0,1200.0,1200.0,717.6380004882812,495.8902282714844,2.72702431678772,-1.4111608266830444,-2.0950639247894287,1.6982979774475098,-70.45069122314453,-87.49391174316406,977.3164672851562,977.3164672851562,1000.0,1000.0,2.502000093460083,4.991000175476074,-9234,-9468,False,False
1784742958.267016,386126.7045034,0,0,0,0,56.46749877929688,0.2919999957084656,3.8289523124694815,12.991815567016602,14.082897186279297,3.8289523124694815,9.843729972839355,12.991815567016602,935.7323608398438,0.0,1200.0,1200.0,717.6380004882812,519.8760375976562,2.72702431678772,-1.4111608266830444,-2.1306543350219727,1.6982979774475098,-70.779296875,-83.7711181640625,935.7323608398438,935.7323608398438,1000.0,1000.0,2.497999906539917,2.489000082015991,-9229,-9463,False,False
1784742958.272256,386126.7097414,0,0,0,0,56.470001220703125,0.3849999904632568,3.839031457901001,1.5155948400497437,-8.321102142333984,3.839031457901001,-2.379995107650757,1.5155948400497437,785.5062866210938,0.0,1200.0,1200.0,717.6380004882812,530.8275756835938,2.72702431678772,-1.4111608266830444,-2.140733480453491,1.6982979774475098,-68.80658721923828,-70.32218170166016,785.5062866210938,785.5062866210938,1000.0,1000.0,2.500999927520752,4.989999771118164,-9229,-9463,False,False
1784742958.2730298,386126.7105165,0,0,0,0,56.472503662109375,0.4930000007152557,3.833774566650391,-2.82169246673584,15.53856086730957,3.833774566650391,-3.7187423706054688,-2.82169246673584,725.48974609375,0.0,1200.0,1200.0,717.6380004882812,557.594482421875,2.72702431678772,-1.4111608266830444,-2.135476589202881,1.6982979774475098,-67.77091217041016,-64.94921875,725.48974609375,725.48974609375,800.0,800.0,2.502000093460083,2.492000102996826,-9224,-9458,False,False
1784742958.2757864,386126.7132698,0,0,0,0,56.47500228881836,0.5879999995231628,3.828955173492432,0.3662454485893249,18.411495208740234,3.828955173492432,3.20249342918396,0.3662454485893249,1005.384521484375,0.0,1200.0,1200.0,642.405517578125,569.78125,2.44114089012146,-1.4111608266830444,-2.7989752292633057,1.0299800634384155,-89.64045715332031,-90.00669860839844,1005.384521484375,1005.384521484375,800.0,800.0,2.499000072479248,4.991000175476074,-9224,-9458,False,False
1784742958.279457,386126.7169421,0,0,0,0,56.47749710083008,0.6840000152587891,3.823424816131592,-3.522643804550171,17.21526527404785,3.823424816131592,-6.606236457824707,-3.522643804550171,951.280517578125,0.0,1200.0,1200.0,642.405517578125,586.2135009765625,2.44114089012146,-1.4111608266830444,-2.7934446334838867,1.0299800634384155,-88.68569946289062,-85.16305541992188,951.280517578125,951.280517578125,800.0,800.0,2.497999906539917,2.489000082015991,-9220,-9454,False,False
1784742958.27968,386126.7171675,0,0,0,0,56.47999954223633,0.7829999923706055,3.793623924255371,-15.358773231506348,4.356191635131836,3.793623924255371,-19.6787109375,-15.358773231506348,781.975341796875,0.0,1200.0,1200.0,642.405517578125,593.7161865234375,2.44114089012146,-1.4111608266830444,-2.763643741607666,1.0299800634384155,-85.3648452758789,-70.00607299804688,781.975341796875,781.975341796875,800.0,800.0,2.500999927520752,4.989999771118164,-9220,-9454,False,False
1784742958.283815,386126.7213012,0,0,0,0,56.48249816894531,0.8820000290870667,3.7430129051208496,-23.206859588623047,10.602983474731444,3.7430129051208496,-25.436199188232425,-23.206859588623047,658.6880493164062,0.0,1200.0,1200.0,642.405517578125,618.8974609375,2.44114089012146,-1.4111608266830444,-2.7130327224731445,1.0299800634384155,-82.17567443847656,-58.96881866455078,658.6880493164062,658.6880493164062,1000.0,1000.0,2.5,2.490000009536743,-9216,-9450,False,False
1784742958.2853506,386126.7228352,0,0,0,0,56.48500061035156,0.9810000061988832,3.6792142391204834,-28.86630249023437,13.29917812347412,3.6792142391204834,-31.28118705749512,-28.86630249023437,560.0238037109375,0.0,1200.0,1200.0,642.405517578125,630.3815307617188,2.44114089012146,-1.4111608266830444,-2.6492342948913574,1.0299800634384155,-79.00223541259766,-50.135929107666016,560.0238037109375,560.0238037109375,1000.0,1000.0,2.500999927520752,4.991000175476074,-9216,-9450,False,False
1784742958.2872684,386126.7247526,0,0,0,0,56.48749923706055,1.0850000381469729,3.598655939102173,-36.29854965209961,4.757798671722412,3.598655939102173,-39.36616897583008,-36.29854965209961,431.60589599609375,0.0,1200.0,1200.0,642.405517578125,668.2483520507812,2.44114089012146,-1.4111608266830444,-2.568675756454468,1.0299800634384155,-74.93791961669922,-38.63936614990234,431.60589599609375,431.60589599609375,600.0,600.0,2.499000072479248,2.490000009536743,-9211,-9445,False,False
1784742958.2892437,386126.7267289,0,0,0,0,56.4900016784668,1.1790000200271606,3.5102901458740234,-36.47176361083984,14.582204818725586,3.5102901458740234,-35.16617965698242,-36.47176361083984,397.6983642578125,0.0,1200.0,1200.0,642.405517578125,685.5277709960938,2.44114089012146,-1.4111608266830444,-2.4803099632263184,1.0299800634384155,-72.07556915283203,-35.60380554199219,397.6983642578125,397.6983642578125,600.0,600.0,2.500999927520752,4.991000175476074,-9211,-9445,False,False
1784742958.293308,386126.7307923,0,0,0,0,56.49250030517578,0.0790000036358833,3.3802759647369385,-36.7188720703125,-6.934929370880127,3.3802759647369385,-37.68617248535156,-36.7188720703125,347.9133605957031,0.0,1200.0,1200.0,642.405517578125,704.2728881835938,2.44114089012146,-1.4111608266830444,-2.3502957820892334,1.0299800634384155,-67.86569213867188,-31.14682006835937,347.9133605957031,347.9133605957031,400.0,400.0,2.497999906539917,2.489000082015991,-9208,-9442,False,False
1784742958.2950535,386126.7325409,0,0,0,0,56.494998931884766,0.1800000071525573,3.299928903579712,-32.91871643066406,27.383581161499023,3.299928903579712,-31.841184616088867,-32.91871643066406,370.1315612792969,0.0,1200.0,1200.0,642.405517578125,712.8316650390625,2.44114089012146,-1.4111608266830444,-2.269948720932007,1.0299800634384155,-66.05461883544922,-33.13589859008789,370.1315612792969,370.1315612792969,400.0,400.0,2.500999927520752,4.989999771118164,-9208,-9442,False,False
1784742958.2970195,386126.7345072,0,0,0,0,56.497501373291016,0.2800000011920929,3.231379508972168,-25.248449325561523,26.52459144592285,3.231379508972168,-20.15995979309082,-25.248449325561523,659.298583984375,0.0,1200.0,1200.0,487.1683349609375,716.731689453125,1.8512396812438965,-1.4111608266830444,-2.7913005352020264,0.4400788843631744,-84.27192687988281,-59.02347946166992,659.298583984375,659.298583984375,400.0,400.0,2.5,2.490000009536743,-9206,-9440,False,False
1784742958.3045,386126.7419853,0,0,0,0,56.5,0.3759999871253967,3.182547807693481,-17.97234344482422,-6.785669803619385,3.182547807693481,-15.478718757629396,-17.97234344482422,739.3739013671875,0.0,1200.0,1200.0,487.1683349609375,718.5093994140625,1.8512396812438965,-1.4111608266830444,-2.74246883392334,0.4400788843631744,-84.16453552246094,-66.19219207763672,739.3739013671875,739.3739013671875,400.0,400.0,2.499000072479248,4.988999843597412,-9206,-9440,False,False
1784742958.3050828,386126.7425686,0,0,0,0,56.50250244140625,0.4799999892711639,3.14331579208374,-14.958670616149902,-0.9806565642356871,3.14331579208374,-14.139971733093262,-14.958670616149902,765.746337890625,0.0,1200.0,1200.0,487.1683349609375,719.32080078125,1.8512396812438965,-1.4111608266830444,-2.703236818313598,0.4400788843631744,-83.51184844970703,-68.55317687988281,765.746337890625,765.746337890625,600.0,600.0,2.502000093460083,2.490999937057495,-9204,-9438,False,False
1784742958.3072302,386126.7447149,0,0,0,0,56.505001068115234,0.574999988079071,3.1101598739624023,-11.885309219360352,19.358396530151367,3.1101598739624023,-10.176229476928713,-11.885309219360352,795.0906982421875,0.0,1200.0,1200.0,487.1683349609375,719.6902465820312,1.8512396812438965,-1.4111608266830444,-2.6700809001922607,0.4400788843631744,-83.0655288696289,-71.18022155761719,795.0906982421875,795.0906982421875,600.0,600.0,2.499000072479248,4.989999771118164,-9204,-9438,False,False
1784742958.3092933,386126.7467766,0,0,0,0,56.50749969482422,0.6759999990463257,3.0835297107696533,-11.269753456115724,36.21062469482422,3.0835297107696533,-10.806227684020996,-11.269753456115724,793.8229370117188,0.0,1200.0,1200.0,487.1683349609375,719.8587646484375,1.8512396812438965,-1.4111608266830444,-2.643450736999512,0.4400788843631744,-82.33647918701172,-71.06672668457031,793.8229370117188,793.8229370117188,800.0,800.0,2.5,2.490000009536743,-9201,-9435,False,False
1784742958.3095956,386126.7470831,0,0,0,0,56.51000213623047,0.7730000019073486,3.05148983001709,-15.11321258544922,8.122795104980469,3.05148983001709,-16.607465744018555,-15.11321258544922,730.8522338867188,0.0,1200.0,1200.0,487.1683349609375,719.9356079101562,1.8512396812438965,-1.4111608266830444,-2.611410856246948,0.4400788843631744,-80.5425033569336,-65.42929077148438,730.8522338867188,730.8522338867188,800.0,800.0,2.500999927520752,4.991000175476074,-9201,-9435,False,False
1784742958.3134692,386126.7509551,0,0,0,0,56.51250076293945,0.8740000128746033,3.01568603515625,-13.680948257446287,5.398400783538818,3.01568603515625,-11.821226119995115,-13.680948257446287,737.252685546875,0.0,1200.0,1200.0,487.1683349609375,730.8489990234375,1.8512396812438965,-1.4111608266830444,-2.5756070613861084,0.4400788843631744,-79.68323516845703,-66.00228881835938,737.252685546875,737.252685546875,800.0,800.0,2.499000072479248,2.490000009536743,-9197,-9431,False,False
1784742958.317447,386126.754933,0,0,0,0,56.51499938964844,0.9700000286102296,2.9931352138519287,-8.234930038452148,10.589472770690918,2.9931352138519287,-6.3699870109558105,-8.234930038452148,802.191162109375,0.0,1200.0,1200.0,487.1683349609375,735.8276977539062,1.8512396812438965,-1.4111608266830444,-2.553056240081787,0.4400788843631744,-80.05081939697266,-71.81588745117188,802.191162109375,802.191162109375,800.0,800.0,2.5,4.989999771118164,-9197,-9431,False,False
1784742958.320674,386126.7581571,0,0,0,0,56.51749801635742,1.069000005722046,2.975239992141724,-8.253950119018555,2.0454084873199463,2.975239992141724,-8.373732566833496,-8.253950119018555,795.5397338867188,0.0,1200.0,1200.0,487.1683349609375,727.21875,1.8512396812438965,-1.4111608266830444,-2.535161018371582,0.4400788843631744,-79.474365234375,-71.22041320800781,795.5397338867188,795.5397338867188,600.0,600.0,2.499000072479248,2.489000082015991,-9193,-9427,False,False
1784742958.3208823,386126.758369,0,0,0,0,56.52000045776367,1.1699999570846558,2.958925724029541,-5.703170299530029,24.89458274841309,2.958925724029541,-4.313741207122803,-5.703170299530029,843.4410400390625,0.0,1200.0,1200.0,472.7812805175781,723.2913208007812,1.7965688705444336,-1.4111608266830444,-2.5735175609588623,0.3854080736637115,-81.21192932128906,-75.50875854492188,843.4410400390625,843.4410400390625,600.0,600.0,2.5,4.988999843597412,-9193,-9427,False,False
1784742958.326396,386126.7638807,0,0,0,0,56.522499084472656,0.0700000002980232,2.947733163833618,-1.3324062824249268,36.31771469116211,2.947733163833618,-0.3324993252754211,-1.3324062824249268,898.0265502929688,0.0,1200.0,1200.0,472.7812805175781,699.73193359375,1.7965688705444336,-1.4111608266830444,-2.5623250007629395,0.3854080736637115,-81.72792053222656,-80.39551544189453,898.0265502929688,898.0265502929688,800.0,800.0,2.500999927520752,2.490000009536743,-9190,-9424,False,False
1784742958.326594,386126.7640808,0,0,0,0,56.525001525878906,0.1659999936819076,2.9521162509918213,3.074178457260132,22.19071388244629,2.9521162509918213,4.217491626739502,3.074178457260132,958.65966796875,0.0,1200.0,1200.0,472.7812805175781,688.9937133789062,1.7965688705444336,-1.4111608266830444,-2.5667080879211426,0.3854080736637115,-82.74949645996094,-85.82366943359375,958.65966796875,958.65966796875,800.0,800.0,2.500999927520752,4.991000175476074,-9190,-9424,False,False
1784742958.32912,386126.7666069,0,0,0,0,56.52750015258789,0.2689999938011169,2.9563682079315186,2.4763875007629395,-11.375417709350586,2.9563682079315186,2.0474958419799805,2.4763875007629395,952.1666259765624,0.0,1200.0,1200.0,472.7812805175781,684.1018676757812,1.7965688705444336,-1.4111608266830444,-2.570960283279419,0.3854080736637115,-82.76600646972656,-85.24239349365234,952.1666259765624,952.1666259765624,1000.0,1000.0,2.499000072479248,2.490000009536743,-9186,-9420,False,False
1784742958.329313,386126.7667993,0,0,0,0,56.52999877929688,0.3600000143051147,2.9536519050598145,-0.6027287244796753,-6.726524829864502,2.9536519050598145,-1.338747262954712,-0.6027287244796753,909.9227905273438,0.0,1200.0,1200.0,472.7812805175781,681.8713989257812,1.7965688705444336,-1.4111608266830444,-2.568243741989136,0.3854080736637115,-82.0632553100586,-81.46052551269531,909.9227905273438,909.9227905273438,1000.0,1000.0,2.497999906539917,4.98799991607666,-9186,-9420,False,False
1784742958.333114,386126.7706003,0,0,0,0,56.53249740600586,0.4659999907016754,2.953484535217285,0.955430805683136,29.15797233581543,2.953484535217285,2.511245012283325,0.955430805683136,930.748779296875,0.0,1200.0,1200.0,472.7812805175781,691.737060546875,1.7965688705444336,-1.4111608266830444,-2.568076610565185,0.3854080736637115,-82.36953735351562,-83.32496643066406,930.748779296875,930.748779296875,1000.0,1000.0,2.500999927520752,2.489000082015991,-9181,-9415,False,False
1784742958.3351214,386126.7726094,0,0,0,0,56.53499984741211,0.5649999976158142,2.962676525115967,5.7166290283203125,15.342120170593262,2.962676525115967,7.962483882904053,5.7166290283203125,997.8541259765624,0.0,1200.0,1200.0,472.7812805175781,696.2338256835938,1.7965688705444336,-1.4111608266830444,-2.577268362045288,0.3854080736637115,-83.61591339111328,-89.3325424194336,997.8541259765624,997.8541259765624,1000.0,1000.0,2.500999927520752,4.989999771118164,-9181,-9415,False,False
1784742958.3372374,386126.7747221,0,0,0,0,56.53749847412109,0.6610000133514404,2.977212190628052,6.643331050872803,-7.16360330581665,2.977212190628052,6.623736381530762,6.643331050872803,1015.471435546875,0.0,1200.0,1200.0,472.7812805175781,698.2822875976562,1.7965688705444336,-1.4111608266830444,-2.591804265975952,0.3854080736637115,-84.26640319824219,-90.90972900390624,1015.471435546875,1015.471435546875,800.0,800.0,2.499000072479248,2.489000082015991,-9176,-9410,False,False
1784742958.3393238,386126.7768095,0,0,0,0,56.540000915527344,0.7609999775886536,2.9820427894592285,1.390289306640625,8.328987121582031,2.9820427894592285,-0.0349999293684959,1.390289306640625,907.4817504882812,0.0,1200.0,1200.0,501.7176818847656,699.2171020507812,1.9065272808074951,-1.4111608266830444,-2.4866764545440674,0.495366483926773,-79.85169982910156,-81.24198913574219,907.4817504882812,907.4817504882812,800.0,800.0,2.500999927520752,4.989999771118164,-9176,-9410,False,False
1784742958.343963,386126.7814488,0,0,0,0,56.54249954223633,0.8610000014305115,2.984107732772827,2.1592555046081543,-10.17604923248291,2.984107732772827,3.7187423706054688,2.1592555046081543,918.527099609375,0.0,1200.0,1200.0,501.7176818847656,710.5242919921875,1.9065272808074951,-1.4111608266830444,-2.488741159439087,0.495366483926773,-80.07157135009766,-82.23082733154297,918.527099609375,918.527099609375,1000.0,1000.0,2.5,2.490000009536743,-9172,-9406,False,False
1784742958.3450346,386126.7825208,0,0,0,0,56.54499816894531,0.9570000171661376,3.001470804214477,7.315174102783203,11.925418853759766,3.001470804214477,8.77623176574707,7.315174102783203,993.8440551757812,0.0,1200.0,1200.0,501.7176818847656,715.6796264648438,1.9065272808074951,-1.4111608266830444,-2.5061042308807373,0.495366483926773,-81.65837097167969,-88.97354125976562,993.8440551757812,993.8440551757812,1000.0,1000.0,2.5,4.989999771118164,-9172,-9406,False,False
1784742958.3470955,386126.7845824,0,0,0,0,56.54750061035156,1.0609999895095823,3.0283381938934326,10.261344909667969,-0.3109095096588135,3.0283381938934326,10.123729705810549,10.261344909667969,1042.9384765625,0.0,1200.0,1200.0,501.7176818847656,750.6738891601562,1.9065272808074951,-1.4111608266830444,-2.5329718589782715,0.495366483926773,-83.10736846923828,-93.36871337890624,1042.9384765625,1042.9384765625,1000.0,1000.0,2.5,2.490000009536743,-9167,-9401,False,False
1784742958.3489738,386126.7864614,0,0,0,0,56.54999923706055,1.152999997138977,3.0417165756225586,2.7401540279388428,14.458779335021973,3.0417165756225586,-1.0237479209899902,2.7401540279388428,946.905517578125,0.0,1200.0,1200.0,501.7176818847656,766.6249389648438,1.9065272808074951,-1.4111608266830444,-2.546350240707397,0.495366483926773,-82.03123474121094,-84.77139282226562,946.905517578125,946.905517578125,1000.0,1000.0,2.499000072479248,4.988999843597412,-9167,-9401,False,False
1784742958.353478,386126.7909594,0,0,0,0,56.5525016784668,0.061999998986721,3.052572727203369,2.8928873538970947,30.4303035736084,3.052572727203369,4.409991264343262,2.8928873538970947,952.8331909179688,0.0,1200.0,1200.0,501.7176818847656,806.5560302734375,1.9065272808074951,-1.4111608266830444,-2.557206153869629,0.495366483926773,-82.4091796875,-85.30206298828125,952.8331909179688,952.8331909179688,1000.0,1000.0,2.500999927520752,2.490000009536743,-9162,-9396,False,False
1784742958.3565469,386126.7940321,0,0,0,0,56.55500030517578,0.1550000011920929,3.070500612258911,8.901406288146973,6.343132495880127,3.070500612258911,11.488726615905762,8.901406288146973,1039.7802734375,0.0,1200.0,1200.0,501.7176818847656,824.7515869140625,1.9065272808074951,-1.4111608266830444,-2.575134038925171,0.495366483926773,-84.1845703125,-93.08597564697266,1039.7802734375,1039.7802734375,1000.0,1000.0,2.5,4.989999771118164,-9162,-9396,False,False
1784742958.359266,386126.7967518,0,0,0,0,56.557498931884766,0.2469999939203262,3.095974922180176,9.56491756439209,-16.01365852355957,3.095974922180176,8.067483901977539,9.56491756439209,1057.77978515625,0.0,1200.0,1200.0,501.7176818847656,854.80224609375,1.9065272808074951,-1.4111608266830444,-2.600608587265014,0.495366483926773,-85.13245391845703,-94.69737243652344,1057.77978515625,1057.77978515625,1000.0,1000.0,2.499000072479248,2.489000082015991,-9157,-9391,False,False
1784742958.3596642,386126.7971513,0,0,0,0,56.56000518798828,0.3610000014305115,3.104412794113159,1.008737325668335,-6.4636969566345215,3.104412794113159,-3.018743991851806,1.008737325668335,1158.7064208984375,0.0,1200.0,1200.0,345.19775390625,868.53662109375,1.3117514848709106,-1.4111608266830444,-3.203822135925293,-0.0994092747569084,-102.72405242919922,-103.7327880859375,1158.7064208984375,1158.7064208984375,1000.0,1000.0,2.506999969482422,4.995999813079834,-9157,-9391,False,False
1784742958.3632953,386126.8007783,0,0,0,0,56.5625,0.4569999873638153,3.1053504943847656,1.0250118970870972,0.7725287675857544,3.1053504943847656,1.9862459897994995,1.0250118970870972,1159.259765625,0.0,1200.0,1200.0,345.19775390625,885.632080078125,1.3117514848709106,-1.4111608266830444,-3.2047598361968994,-0.0994092747569084,-102.75731658935548,-103.78233337402344,1159.259765625,1159.259765625,1000.0,1000.0,2.494999885559082,2.490999937057495,-9152,-9386,False,False
1784742958.3651495,386126.8026374,0,0,0,0,56.56499862670898,0.550000011920929,3.1197967529296875,7.97831392288208,-8.586722373962402,3.1197967529296875,10.59622859954834,7.97831392288208,1257.62646484375,0.0,1200.0,1200.0,345.19775390625,893.4470825195312,1.3117514848709106,-1.4111608266830444,-3.2192060947418213,-0.0994092747569084,-104.61026000976562,-112.58856964111328,1257.62646484375,1257.62646484375,1000.0,1000.0,2.499000072479248,4.989999771118164,-9152,-9386,False,False
1784742958.367107,386126.8045943,0,0,0,0,56.567501068115234,0.6480000019073486,3.138725757598877,6.139646053314209,22.328920364379883,3.138725757598877,3.149993658065796,6.139646053314209,1239.7467041015625,0.0,1200.0,1200.0,345.19775390625,907.8934936523438,1.3117514848709106,-1.4111608266830444,-3.2381350994110107,-0.0994092747569084,-104.84825134277344,-110.98789978027344,1239.7467041015625,1239.7467041015625,1200.0,1200.0,2.5,2.490000009536743,-9147,-9381,False,False
1784742958.3706234,386126.8081054,0,0,0,0,56.57000350952149,0.7480000257492065,3.134338855743408,-4.328217506408691,29.339534759521484,3.134338855743408,-8.601232528686523,-4.328217506408691,1097.8660888671875,0.0,1200.0,1200.0,345.19775390625,914.483642578125,1.3117514848709106,-1.4111608266830444,-3.233748197555542,-0.0994092747569084,-102.61429595947266,-98.28607940673828,1097.8660888671875,1097.8660888671875,1200.0,1200.0,2.502000093460083,4.992000102996826,-9147,-9381,False,False
1784742958.3733444,386126.8108273,0,0,0,0,56.57250213623047,0.8500000238418579,3.1203112602233887,-5.705285549163818,24.301759719848636,3.1203112602233887,-4.51499080657959,-5.705285549163818,1074.3935546875,0.0,1200.0,1200.0,345.19775390625,950.1192016601562,1.3117514848709106,-1.4111608266830444,-3.219720363616944,-0.0994092747569084,-101.88999938964844,-96.1847152709961,1074.3935546875,1074.3935546875,1200.0,1200.0,2.499000072479248,2.490999937057495,-9141,-9375,False,False
1784742958.37508,386126.8125673,0,0,0,0,56.57500076293945,0.9470000267028807,3.118330955505371,1.6726388931274414,14.15839385986328,3.118330955505371,6.124987602233887,1.6726388931274414,1172.580322265625,0.0,1200.0,1200.0,345.19775390625,966.376220703125,1.3117514848709106,-1.4111608266830444,-3.217740297317505,-0.0994092747569084,-103.30221557617188,-104.974853515625,1172.580322265625,1172.580322265625,1200.0,1200.0,2.5,4.991000175476074,-9141,-9375,False,False
1784742958.3770545,386126.8145414,0,0,0,0,56.57749938964844,1.0460000038146973,3.128402709960937,3.2867085933685303,10.927652359008787,3.128402709960937,3.053743839263916,3.2867085933685303,1197.8155517578125,0.0,1200.0,1200.0,345.19775390625,995.543212890625,1.3117514848709106,-1.4111608266830444,-3.227811813354492,-0.0994092747569084,-103.94732666015624,-107.2340316772461,1197.8155517578125,1197.8155517578125,1200.0,1200.0,2.499000072479248,2.490000009536743,-9135,-9369,False,False
1784742958.378976,386126.8164639,0,0,0,0,56.58000183105469,1.1469999551773071,3.118041753768921,-8.11937427520752,6.061875820159912,3.118041753768921,-13.67622184753418,-8.11937427520752,1041.2236328125,0.0,1200.0,1200.0,345.19775390625,1008.8491821289062,1.3117514848709106,-1.4111608266830444,-3.2174510955810547,-0.0994092747569084,-101.33455657958984,-93.2151870727539,1041.2236328125,1041.2236328125,1200.0,1200.0,2.5,4.989999771118164,-9135,-9369,False,False
1784742958.3830488,386126.8205364,0,0,0,0,56.58250045776367,0.0480000004172325,3.059619188308716,-20.39107894897461,17.10620880126953,3.059619188308716,-24.24620056152344,-20.39107894897461,1065.0889892578125,0.0,1200.0,1200.0,191.1507873535156,1025.797119140625,0.726373016834259,-1.4111608266830444,-3.744406938552856,-0.6847877502441406,-115.74280548095705,-95.35172271728516,1065.0889892578125,1065.0889892578125,1200.0,1200.0,2.5,2.490000009536743,-9129,-9363,False,False
1784742958.3855393,386126.8230211,0,0,0,0,56.584999084472656,0.1410000026226043,2.9931490421295166,-31.422927856445312,18.12421226501465,2.9931490421295166,-36.4874267578125,-31.422927856445312,893.4573364257812,0.0,1200.0,1200.0,191.1507873535156,1033.5244140625,0.726373016834259,-1.4111608266830444,-3.677936792373657,-0.6847877502441406,-111.40939331054688,-79.98646545410156,893.4573364257812,893.4573364257812,1200.0,1200.0,2.5,4.989999771118164,-9129,-9363,False,False
1784742958.387751,386126.8252363,0,0,0,0,56.587501525878906,0.2460000067949295,2.913278341293335,-33.88030242919922,-1.2307255268096924,2.913278341293335,-33.35493087768555,-33.88030242919922,831.9691772460938,0.0,1200.0,1200.0,191.1507873535156,1047.9287109375,0.726373016834259,-1.4111608266830444,-3.598066091537476,-0.6847877502441406,-108.362060546875,-74.48175811767578,831.9691772460938,831.9691772460938,1000.0,1000.0,2.5,2.490000009536743,-9123,-9357,False,False
1784742958.389497,386126.8269825,0,0,0,0,56.59000015258789,0.3429999947547912,2.8374574184417725,-31.49578094482422,1.0371614694595337,2.8374574184417725,-31.709936141967773,-31.49578094482422,836.8300170898438,0.0,1200.0,1200.0,191.1507873535156,1054.498046875,0.726373016834259,-1.4111608266830444,-3.522245168685913,-0.6847877502441406,-106.41268920898438,-74.91690826416016,836.8300170898438,836.8300170898438,1000.0,1000.0,2.500999927520752,4.991000175476074,-9123,-9357,False,False
1784742958.3953085,386126.832793,0,0,0,0,56.59250259399414,0.4440000057220459,2.7564001083374023,-34.60990524291992,-16.289897918701172,2.7564001083374023,-36.88992691040039,-34.60990524291992,766.1143798828125,0.0,1200.0,1200.0,191.1507873535156,1068.3726806640625,0.726373016834259,-1.4111608266830444,-3.441187858581543,-0.6847877502441406,-103.19602966308594,-68.58612823486328,766.1143798828125,766.1143798828125,800.0,800.0,2.5,2.490999937057495,-9118,-9352,False,False
1784742958.3955684,386126.8330553,0,0,0,0,56.595001220703125,0.5400000214576721,2.671710968017578,-34.14628982543945,-20.01677894592285,2.671710968017578,-32.847434997558594,-34.14628982543945,742.0571899414062,0.0,1200.0,1200.0,191.1507873535156,1074.697021484375,0.726373016834259,-1.4111608266830444,-3.3564987182617188,-0.6847877502441406,-100.57869720458984,-66.43241119384766,742.0571899414062,742.0571899414062,800.0,800.0,2.499000072479248,4.989999771118164,-9118,-9352,False,False
1784742958.399222,386126.8367065,0,0,0,0,56.59749984741211,0.6320000290870667,2.5996711254119877,-28.614850997924805,6.9502387046813965,2.5996711254119877,-26.459945678710938,-28.614850997924805,790.451171875,0.0,1200.0,1200.0,191.1507873535156,1066.700927734375,0.726373016834259,-1.4111608266830444,-3.284458875656128,-0.6847877502441406,-99.37971496582033,-70.7648696899414,790.451171875,790.451171875,800.0,800.0,2.5,2.490000009536743,-9114,-9348,False,False
1784742958.3997416,386126.8372277,0,0,0,0,56.60000228881836,0.7379999756813049,2.5333614349365234,-28.370037078857425,18.06413459777832,2.5333614349365234,-28.594942092895508,-28.370037078857425,770.0307006835938,0.0,1200.0,1200.0,191.1507873535156,1063.05419921875,0.726373016834259,-1.4111608266830444,-3.218149185180664,-0.6847877502441406,-97.30677032470705,-68.93672943115234,770.0307006835938,770.0307006835938,800.0,800.0,2.500999927520752,4.991000175476074,-9114,-9348,False,False
1784742958.4041417,386126.8416264,0,0,0,0,56.602500915527344,0.8339999914169312,2.462833881378174,-28.68462181091309,-7.140291690826416,2.462833881378174,-27.194944381713867,-28.68462181091309,740.6043701171875,0.0,1200.0,1200.0,191.1507873535156,1050.5146484375,0.726373016834259,-1.4111608266830444,-3.1476216316223145,-0.6847877502441406,-94.98696899414062,-66.3023452758789,740.6043701171875,740.6043701171875,800.0,800.0,2.499000072479248,2.490000009536743,-9110,-9344,False,False
1784742958.406675,386126.844161,0,0,0,0,56.60499954223633,0.9350000023841858,2.4034738540649414,-23.42579460144043,2.3005738258361816,2.4034738540649414,-22.242454528808597,-23.42579460144043,846.469970703125,0.0,1200.0,1200.0,149.48538208007812,1044.79248046875,0.5680444836616516,-1.4111608266830444,-3.246590137481689,-0.843116283416748,-99.20572662353516,-75.7799301147461,846.469970703125,846.469970703125,800.0,800.0,2.500999927520752,4.991000175476074,-9110,-9344,False,False
1784742958.409752,386126.8472366,0,0,0,0,56.60749816894531,1.0369999408721924,2.351165533065796,-21.523700714111328,7.088850498199463,2.351165533065796,-21.437456130981445,-21.523700714111328,853.2686157226562,0.0,1200.0,1200.0,149.48538208007812,1031.307373046875,0.5680444836616516,-1.4111608266830444,-3.194281816482544,-0.843116283416748,-97.91227722167967,-76.3885726928711,853.2686157226562,853.2686157226562,800.0,800.0,2.499000072479248,2.490000009536743,-9106,-9340,False,False
1784742958.4101195,386126.8476074,0,0,0,0,56.61000061035156,1.1269999742507937,2.297839879989624,-21.7219352722168,13.941479682922363,2.297839879989624,-22.10245513916016,-21.7219352722168,831.5505981445312,0.0,1200.0,1200.0,149.48538208007812,1025.15380859375,0.5680444836616516,-1.4111608266830444,-3.140956163406372,-0.843116283416748,-96.1662139892578,-74.44427490234375,831.5505981445312,831.5505981445312,800.0,800.0,2.500999927520752,4.991000175476074,-9106,-9340,False,False
1784742958.4131963,386126.8506816,0,0,0,0,56.61249923706055,0.0340000018477439,2.228663206100464,-15.81044101715088,-3.043142318725586,2.228663206100464,-13.15997314453125,-15.81044101715088,886.062255859375,0.0,1200.0,1200.0,149.48538208007812,1011.4686279296876,0.5680444836616516,-1.4111608266830444,-3.071779489517212,-0.843116283416748,-95.13485717773438,-79.32441711425781,886.062255859375,886.062255859375,800.0,800.0,2.5,2.490999937057495,-9102,-9336,False,False
1784742958.415218,386126.8527038,0,0,0,0,56.6150016784668,0.1330000013113021,2.199028730392456,-10.883370399475098,2.291017532348633,2.199028730392456,-9.8262300491333,-10.883370399475098,941.5125732421876,0.0,1200.0,1200.0,149.48538208007812,1005.2305908203124,0.5680444836616516,-1.4111608266830444,-3.042145013809204,-0.843116283416748,-95.17196655273438,-84.2885971069336,941.5125732421876,941.5125732421876,800.0,800.0,2.499000072479248,4.989999771118164,-9102,-9336,False,False
1784742958.4175994,386126.8550856,0,0,0,0,56.61750030517578,0.2319999933242797,2.172680139541626,-10.401026725769045,-20.2830810546875,2.172680139541626,-10.552478790283203,-10.401026725769045,938.5599365234376,0.0,1200.0,1200.0,149.48538208007812,991.5036010742188,0.5680444836616516,-1.4111608266830444,-3.015796422958374,-0.843116283416748,-94.42527770996094,-84.02425384521484,938.5599365234376,938.5599365234376,800.0,800.0,2.5,2.490000009536743,-9098,-9332,False,False
1784742958.421309,386126.8587923,0,0,0,0,56.619998931884766,0.3240000009536743,2.145949125289917,-9.943581581115724,-9.194981575012209,2.145949125289917,-9.563730239868164,-9.943581581115724,935.1367797851562,0.0,1200.0,1200.0,149.48538208007812,985.2449340820312,0.5680444836616516,-1.4111608266830444,-2.989065408706665,-0.843116283416748,-93.661376953125,-83.7177963256836,935.1367797851562,935.1367797851562,800.0,800.0,2.5,4.989999771118164,-9098,-9332,False,False
1784742958.423231,386126.8607144,0,0,0,0,56.622501373291016,0.4280000030994415,2.1271700859069824,-4.728901386260986,12.086172103881836,2.1271700859069824,-0.857498288154602,-4.728901386260986,998.3225708007812,0.0,1200.0,1200.0,149.48538208007812,960.6224365234376,0.5680444836616516,-1.4111608266830444,-2.9702863693237305,-0.843116283416748,-94.10337829589844,-89.37448120117188,998.3225708007812,998.3225708007812,1000.0,1000.0,2.500999927520752,2.490999937057495,-9094,-9328,False,False
1784742958.4251678,386126.8626529,0,0,0,0,56.625,0.5270000100135803,2.128059148788452,2.2583158016204834,5.607793807983398,2.128059148788452,3.9374921321868896,2.2583158016204834,1092.2978515625,0.0,1200.0,1200.0,149.48538208007812,949.405517578125,0.5680444836616516,-1.4111608266830444,-2.9711754322052,-0.843116283416748,-95.5292739868164,-97.78759002685548,1092.2978515625,1092.2978515625,1000.0,1000.0,2.499000072479248,4.989999771118164,-9094,-9328,False,False
1784742958.4272385,386126.8647218,0,0,0,0,56.62749862670898,0.6290000081062317,2.13032603263855,1.1195653676986694,0.5735759735107422,2.13032603263855,-0.0262499470263719,1.1195653676986694,940.5093383789062,0.0,1200.0,1200.0,250.5944976806641,933.4113159179688,0.952259123325348,-1.4111608266830444,-2.5892279148101807,-0.4589016437530517,-83.0792007446289,-84.19876861572266,940.5093383789062,940.5093383789062,1000.0,1000.0,2.499000072479248,2.489000082015991,-9089,-9323,False,False
1784742958.4296906,386126.8671745,0,0,0,0,56.630001068115234,0.7239999771118164,2.122743606567383,-2.8427345752716064,-7.168356418609619,2.122743606567383,-3.963742017745972,-2.8427345752716064,884.6878051757812,0.0,1200.0,1200.0,250.5944976806641,926.11279296875,0.952259123325348,-1.4111608266830444,-2.5816452503204346,-0.4589016437530517,-82.04409790039062,-79.20136260986328,884.6878051757812,884.6878051757812,1000.0,1000.0,2.500999927520752,4.989999771118164,-9089,-9323,False,False
1784742958.433275,386126.8707601,0,0,0,0,56.63249969482422,0.8240000009536743,2.1094446182250977,-5.614530563354492,12.87862777709961,2.1094446182250977,-7.419984817504883,-5.614530563354492,842.7805786132812,0.0,1200.0,1200.0,250.5944976806641,911.9058227539062,0.952259123325348,-1.4111608266830444,-2.5683462619781494,-0.4589016437530517,-81.06417846679688,-75.44964599609375,842.7805786132812,842.7805786132812,1000.0,1000.0,2.5,2.490000009536743,-9084,-9318,False,False
1784742958.43811,386126.8755924,0,0,0,0,56.6349983215332,0.9200000166893004,2.089563608169556,-9.377339363098145,8.681794166564941,2.089563608169556,-10.543728828430176,-9.377339363098145,785.2371215820312,0.0,1200.0,1200.0,250.5944976806641,905.4283447265624,0.952259123325348,-1.4111608266830444,-2.5484652519226074,-0.4589016437530517,-79.67542266845703,-70.29808044433594,785.2371215820312,785.2371215820312,1000.0,1000.0,2.5,4.989999771118164,-9084,-9318,False,False
1784742958.4383545,386126.8758418,0,0,0,0,56.63750076293945,1.024999976158142,2.0580828189849854,-13.57067584991455,-7.688999652862549,2.0580828189849854,-14.647470474243164,-13.57067584991455,717.7764892578125,0.0,1200.0,1200.0,250.5944976806641,891.59375,0.952259123325348,-1.4111608266830444,-2.516984462738037,-0.4589016437530517,-77.8293685913086,-64.25869750976562,717.7764892578125,717.7764892578125,800.0,800.0,2.5,2.490000009536743,-9079,-9313,False,False
1784742958.4398842,386126.8773688,0,0,0,0,56.63999938964844,1.121999979019165,2.0274877548217773,-11.56265640258789,-2.2327921390533447,2.0274877548217773,-10.167479515075684,-11.56265640258789,733.7562255859375,0.0,1200.0,1200.0,250.5944976806641,885.2860107421875,0.952259123325348,-1.4111608266830444,-2.486389398574829,-0.4589016437530517,-77.2519302368164,-65.68927001953125,733.7562255859375,733.7562255859375,800.0,800.0,2.5,4.989999771118164,-9079,-9313,False,False
1784742958.443209,386126.880692,0,0,0,0,56.64250183105469,1.2170000076293943,2.002999782562256,-10.126161575317385,9.919244766235352,2.002999782562256,-9.563730239868164,-10.126161575317385,744.2581176757812,0.0,1200.0,1200.0,250.5944976806641,871.5252685546875,0.952259123325348,-1.4111608266830444,-2.4619016647338867,-0.4589016437530517,-76.755615234375,-66.62945556640625,744.2581176757812,744.2581176757812,600.0,600.0,2.500999927520752,2.490999937057495,-9075,-9309,False,False
1784742958.445611,386126.8830974,0,0,0,0,56.64500045776367,0.1180000007152557,1.9715070724487305,-5.258123397827148,-33.20890045166016,1.9715070724487305,-2.5899946689605717,-5.258123397827148,798.2531127929688,0.0,1200.0,1200.0,250.5944976806641,865.2564697265625,0.952259123325348,-1.4111608266830444,-2.4304087162017822,-0.4589016437530517,-76.7214584350586,-71.46333312988281,798.2531127929688,798.2531127929688,600.0,600.0,2.499000072479248,4.989999771118164,-9075,-9309,False,False
1784742958.4480915,386126.8855777,0,0,0,0,56.647499084472656,0.2220000028610229,1.968610405921936,0.5579412579536438,17.392833709716797,1.968610405921936,2.4324951171875,0.5579412579536438,760.8786010742188,0.0,1200.0,1200.0,334.7435607910156,851.515380859375,1.272025465965271,-1.4111608266830444,-2.10774564743042,-0.1391352713108062,-67.5594482421875,-68.11739349365234,760.8786010742188,760.8786010742188,800.0,800.0,2.5,2.490000009536743,-9072,-9306,False,False
1784742958.4491863,386126.8866724,0,0,0,0,56.650001525878906,0.3140000104904175,1.97918963432312,6.163798332214356,17.663227081298828,1.97918963432312,7.664984226226807,6.163798332214356,839.8016967773438,0.0,1200.0,1200.0,334.7435607910156,845.2486572265625,1.272025465965271,-1.4111608266830444,-2.1183249950408936,-0.1391352713108062,-69.01915740966797,-75.18295288085938,839.8016967773438,839.8016967773438,800.0,800.0,2.500999927520752,4.991000175476074,-9072,-9306,False,False
1784742958.45324,386126.8907242,0,0,0,0,56.65250015258789,0.4149999916553497,1.9944874048233032,7.046379566192627,1.2975307703018188,1.9944874048233032,6.75498628616333,7.046379566192627,857.1000366210938,0.0,1200.0,1200.0,334.7435607910156,842.393798828125,1.272025465965271,-1.4111608266830444,-2.133622646331787,-0.1391352713108062,-69.6852035522461,-76.73158264160156,857.1000366210938,857.1000366210938,800.0,800.0,2.499000072479248,2.490000009536743,-9068,-9302,False,False
1784742958.4553545,386126.8928387,0,0,0,0,56.65499877929688,0.515999972820282,2.0070598125457764,6.44248104095459,7.611384391784668,2.0070598125457764,7.367485046386719,6.44248104095459,853.4992065429688,0.0,1200.0,1200.0,334.7435607910156,841.0914306640625,1.272025465965271,-1.4111608266830444,-2.14619517326355,-0.1391352713108062,-69.96674346923828,-76.40922546386719,853.4992065429688,853.4992065429688,800.0,800.0,2.5,4.989999771118164,-9068,-9302,False,False
1784742958.4570525,386126.8945387,0,0,0,0,56.65749740600586,0.6129999756813049,2.02182936668396,5.634980201721191,29.799680709838867,2.02182936668396,5.02249002456665,5.634980201721191,847.95458984375,0.0,1200.0,1200.0,334.7435607910156,840.497802734375,1.272025465965271,-1.4111608266830444,-2.1609644889831543,-0.1391352713108062,-70.27786254882812,-75.912841796875,847.95458984375,847.95458984375,800.0,800.0,2.499000072479248,2.489000082015991,-9064,-9298,False,False
1784742958.4591606,386126.8966476,0,0,0,0,56.65999984741211,0.7139999866485596,2.025387525558472,-0.4198211133480072,14.284993171691896,2.025387525558472,-2.729994535446167,-0.4198211133480072,768.067138671875,0.0,1200.0,1200.0,334.7435607910156,840.226806640625,1.272025465965271,-1.4111608266830444,-2.164522886276245,-0.1391352713108062,-69.1807632446289,-68.76094818115234,768.067138671875,768.067138671875,800.0,800.0,2.502000093460083,4.991000175476074,-9064,-9298,False,False
1784742958.4636216,386126.9011058,0,0,0,0,56.66249847412109,0.8119999766349792,2.0174689292907715,-3.0895841121673584,-20.84797477722168,2.0174689292907715,-3.3599932193756104,-3.0895841121673584,729.4508666992188,0.0,1200.0,1200.0,334.7435607910156,840.1034545898438,1.272025465965271,-1.4111608266830444,-2.156604290008545,-0.1391352713108062,-68.39341735839844,-65.3038330078125,729.4508666992188,729.4508666992188,1000.0,1000.0,2.499000072479248,2.490000009536743,-9060,-9294,False,False
1784742958.464981,386126.902469,0,0,0,0,56.665000915527344,0.9139999747276306,2.016639471054077,1.8220367431640625,2.7611193656921387,2.016639471054077,4.252491474151611,1.8220367431640625,794.9902954101562,0.0,1200.0,1200.0,334.7435607910156,840.0471801757812,1.272025465965271,-1.4111608266830444,-2.1557748317718506,-0.1391352713108062,-69.34920501708984,-71.1712417602539,794.9902954101562,794.9902954101562,1000.0,1000.0,2.500999927520752,4.991000175476074,-9060,-9294,False,False
1784742958.467229,386126.9047167,0,0,0,0,56.66749954223633,1.0110000371932983,2.024254322052002,2.5823607444763184,19.135019302368164,2.024254322052002,1.69749653339386,2.5823607444763184,807.9036865234375,0.0,1200.0,1200.0,334.7435607910156,850.8970336914062,1.272025465965271,-1.4111608266830444,-2.1633896827697754,-0.1391352713108062,-69.74494171142578,-72.32730102539062,807.9036865234375,807.9036865234375,600.0,600.0,2.497999906539917,2.489000082015991,-9055,-9289,False,False
1784742958.4697254,386126.9072108,0,0,0,0,56.66999816894531,1.1030000448226929,2.0310769081115723,2.758776903152466,33.00665283203125,2.0310769081115723,2.7474944591522217,2.758776903152466,793.2028198242188,0.0,1200.0,1200.0,349.1029968261719,855.8508911132812,1.3265913724899292,-1.4111608266830444,-2.1156463623046875,-0.0845694318413734,-68.25243377685547,-71.01121520996094,793.2028198242188,793.2028198242188,600.0,600.0,2.500999927520752,4.989999771118164,-9055,-9289,False,False
1784742958.4733906,386126.9108752,0,0,0,0,56.67250061035156,1.2109999656677246,2.0419745445251465,6.016185760498047,18.02042961120605,2.0419745445251465,6.94748592376709,6.016185760498047,840.7609252929688,0.0,1200.0,1200.0,349.1029968261719,847.2247924804688,1.3265913724899292,-1.4111608266830444,-2.1265439987182617,-0.0845694318413734,-69.25263977050781,-75.26882934570312,840.7609252929688,840.7609252929688,800.0,800.0,2.500999927520752,2.490999937057495,-9052,-9286,False,False
1784742958.4751086,386126.9125949,0,0,0,0,56.67499923706055,0.1089999973773956,2.044727563858032,-1.767535924911499,21.96327781677246,2.044727563858032,-3.771242380142212,-1.767535924911499,737.4109497070312,0.0,1200.0,1200.0,349.1029968261719,843.2951049804688,1.3265913724899292,-1.4111608266830444,-2.1292970180511475,-0.0845694318413734,-67.78399658203125,-66.01646423339844,737.4109497070312,737.4109497070312,800.0,800.0,2.499000072479248,4.989999771118164,-9052,-9286,False,False
1784742958.4797862,386126.9172742,0,0,0,0,56.67749786376953,0.2070000022649765,2.039690971374512,-0.4728066325187683,5.568783283233643,2.039690971374512,1.636246681213379,-0.4728066325187683,752.96533203125,0.0,1200.0,1200.0,349.1029968261719,830.6244506835938,1.3265913724899292,-1.4111608266830444,-2.124260187149048,-0.0845694318413734,-67.88176727294922,-67.4089584350586,752.96533203125,752.96533203125,800.0,800.0,2.499000072479248,2.489000082015991,-9048,-9282,False,False
1784742958.4798996,386126.9173878,0,0,0,0,56.68000030517578,0.3070000112056732,2.0460453033447266,3.995726585388184,7.498083114624023,2.0460453033447266,5.179989337921143,3.995726585388184,815.1334838867188,0.0,1200.0,1200.0,349.1029968261719,824.841064453125,1.3265913724899292,-1.4111608266830444,-2.130614757537842,-0.0845694318413734,-68.97881317138672,-72.97454071044922,815.1334838867188,815.1334838867188,800.0,800.0,2.502000093460083,4.991000175476074,-9048,-9282,False,False
1784742958.4831748,386126.9206606,0,0,0,0,56.682498931884766,0.4079999923706054,2.057856798171997,4.544822692871094,-9.96293830871582,2.057856798171997,4.024991989135742,4.544822692871094,826.7156372070312,0.0,1200.0,1200.0,349.1029968261719,811.3295288085938,1.3265913724899292,-1.4111608266830444,-2.1424262523651123,-0.0845694318413734,-69.46660614013672,-74.01142883300781,826.7156372070312,826.7156372070312,800.0,800.0,2.499000072479248,2.490000009536743,-9044,-9278,False,False
1784742958.4851923,386126.9226778,0,0,0,0,56.685001373291016,0.5019999742507935,2.0641119480133057,1.701525092124939,-8.56088924407959,2.0641119480133057,0.9362481236457824,1.701525092124939,790.8394775390625,0.0,1200.0,1200.0,349.1029968261719,805.1655883789062,1.3265913724899292,-1.4111608266830444,-2.148681402206421,-0.0845694318413734,-69.09810638427734,-70.79963684082031,790.8394775390625,790.8394775390625,800.0,800.0,2.5,4.989999771118164,-9044,-9278,False,False
1784742958.4890704,386126.9265553,0,0,0,0,56.6875,0.6050000190734863,2.067710876464844,1.0969836711883545,30.58252716064453,2.067710876464844,0.2799994349479675,1.0969836711883545,784.0225219726562,0.0,1200.0,1200.0,349.1029968261719,791.4739379882812,1.3265913724899292,-1.4111608266830444,-2.15228009223938,-0.0845694318413734,-69.09236145019531,-70.18934631347656,784.0225219726562,784.0225219726562,800.0,800.0,2.5,2.490000009536743,-9040,-9274,False,False
1784742958.49096,386126.928445,0,0,0,0,56.68999862670898,0.6990000009536743,2.0598886013031006,-5.099146366119385,6.178341865539551,2.0598886013031006,-7.804984092712402,-5.099146366119385,617.4593505859375,0.0,1200.0,1200.0,408.5260620117188,785.2313842773438,1.5523990392684937,-1.4111608266830444,-1.9186503887176516,0.1412382423877716,-60.376983642578125,-55.27783584594727,617.4593505859375,617.4593505859375,800.0,800.0,2.5,4.989999771118164,-9040,-9274,False,False
1784742958.4932284,386126.9307138,0,0,0,0,56.692501068115234,0.7979999780654907,2.0414857864379883,-7.464158058166504,-22.85093879699707,2.0414857864379883,-6.772486209869385,-7.464158058166504,579.180419921875,0.0,1200.0,1200.0,408.5260620117188,782.3851928710938,1.5523990392684937,-1.4111608266830444,-1.9002474546432493,0.1412382423877716,-59.315086364746094,-51.85092926025391,579.180419921875,579.180419921875,800.0,800.0,2.5,2.490000009536743,-9036,-9270,False,False
1784742958.4949932,386126.9324807,0,0,0,0,56.69499969482422,0.8970000147819519,2.0337867736816406,-2.185530424118042,11.758634567260742,2.0337867736816406,-0.0874998196959495,-2.185530424118042,647.1839599609375,0.0,1200.0,1200.0,408.5260620117188,781.0875244140625,1.5523990392684937,-1.4111608266830444,-1.8925485610961916,0.1412382423877716,-60.12444686889648,-57.93891525268555,647.1839599609375,647.1839599609375,800.0,800.0,2.5,4.989999771118164,-9036,-9270,False,False
1784742958.499206,386126.936693,0,0,0,0,56.6974983215332,0.9980000257492064,2.033914089202881,-0.8243920207023621,8.424870491027832,2.033914089202881,-0.7612484693527222,-0.8243920207023621,665.4743041992188,0.0,1200.0,1200.0,408.5260620117188,791.3770751953125,1.5523990392684937,-1.4111608266830444,-1.892675876617432,0.1412382423877716,-60.40074920654297,-59.57635498046875,665.4743041992188,665.4743041992188,600.0,600.0,2.5,2.490000009536743,-9032,-9266,False,False
1784742958.4994829,386126.9369701,0,0,0,0,56.70000076293945,1.0980000495910645,2.0312514305114746,-1.891845941543579,-18.640106201171875,2.0312514305114746,-2.861244201660156,-1.891845941543579,650.2142333984375,0.0,1200.0,1200.0,408.5260620117188,796.0684814453125,1.5523990392684937,-1.4111608266830444,-1.8900132179260252,0.1412382423877716,-60.10205459594727,-58.210208892822266,650.2142333984375,650.2142333984375,600.0,600.0,2.5,4.989999771118164,-9032,-9266,False,False
1784742958.5032718,386126.9407565,0,0,0,0,56.70249938964844,1.194000005722046,2.031526565551758,0.1311946660280227,-31.236202239990234,2.031526565551758,0.157499685883522,0.1311946660280227,677.4296875,0.0,1200.0,1200.0,408.5260620117188,787.3239135742188,1.5523990392684937,-1.4111608266830444,-1.890288233757019,0.1412382423877716,-60.51546478271485,-60.64665985107422,677.4296875,677.4296875,600.0,600.0,2.500999927520752,2.490999937057495,-9029,-9263,False,False
1784742958.505205,386126.9426903,0,0,0,0,56.70500183105469,0.0939999967813491,2.0431017875671387,4.098928928375244,-2.9555623531341557,2.0431017875671387,3.736242532730103,4.098928928375244,734.7510986328125,0.0,1200.0,1200.0,408.5260620117188,783.34033203125,1.5523990392684937,-1.4111608266830444,-1.9018634557724,0.1412382423877716,-61.67941665649414,-65.7783432006836,734.7510986328125,734.7510986328125,600.0,600.0,2.499000072479248,4.989999771118164,-9029,-9263,False,False
1784742958.5097852,386126.947271,0,0,0,0,56.70750045776367,0.1969999969005584,2.053399085998535,5.66882848739624,16.420360565185547,2.053399085998535,7.227485179901123,5.66882848739624,759.47509765625,0.0,1200.0,1200.0,408.5260620117188,770.6450805664062,1.5523990392684937,-1.4111608266830444,-1.912160873413086,0.1412382423877716,-62.32291412353516,-67.99174499511719,759.47509765625,759.47509765625,800.0,800.0,2.499000072479248,2.489000082015991,-9026,-9260,False,False
1784742958.511399,386126.9488827,0,0,0,0,56.71000289916992,0.2960000038146972,2.076619863510132,12.106261253356934,10.03861141204834,2.076619863510132,14.769969940185549,12.106261253356934,825.7717895507812,0.0,1200.0,1200.0,429.35491943359375,764.8504638671875,1.6315486431121826,-1.4111608266830444,-1.8562318086624143,0.2203879207372665,-61.82067108154297,-73.92693328857422,825.7717895507812,825.7717895507812,800.0,800.0,2.502000093460083,4.991000175476074,-9026,-9260,False,False
1784742958.5142424,386126.9517302,0,0,0,0,56.712501525878906,0.3919999897480011,2.1051878929138184,12.278803825378418,0.9463189840316772,2.1051878929138184,11.357477188110352,12.278803825378418,838.2960205078125,0.0,1200.0,1200.0,429.35491943359375,762.2122192382812,1.6315486431121826,-1.4111608266830444,-1.8847999572753904,0.2203879207372665,-62.76935958862305,-75.04816436767578,838.2960205078125,838.2960205078125,800.0,800.0,2.499000072479248,2.490000009536743,-9022,-9256,False,False
1784742958.515025,386126.9525115,0,0,0,0,56.71500015258789,0.4930000007152557,2.129024028778076,9.617016792297363,7.84287166595459,2.129024028778076,9.134981155395508,9.617016792297363,811.13720703125,0.0,1200.0,1200.0,429.35491943359375,761.00830078125,1.6315486431121826,-1.4111608266830444,-1.9086360931396484,0.2203879207372665,-62.999759674072266,-72.61677551269531,811.13720703125,811.13720703125,800.0,800.0,2.500999927520752,4.991000175476074,-9022,-9256,False,False
1784742958.516971,386126.9544586,0,0,0,0,56.71749877929688,0.5910000205039978,2.1534459590911865,12.364850044250488,-23.55429458618164,2.1534459590911865,15.006219863891602,12.364850044250488,856.6989135742188,0.0,1200.0,1200.0,429.35491943359375,749.5814819335938,1.6315486431121826,-1.4111608266830444,-1.9330581426620483,0.2203879207372665,-64.33082580566406,-76.6956787109375,856.6989135742188,856.6989135742188,800.0,800.0,2.499000072479248,2.490000009536743,-9018,-9252,False,False
1784742958.5192506,386126.9567354,0,0,0,0,56.720001220703125,0.6880000233650208,2.193333864212036,19.58402633666992,16.323022842407227,2.193333864212036,23.22245216369629,19.58402633666992,967.723388671875,0.0,1200.0,1200.0,429.35491943359375,744.3685913085938,1.6315486431121826,-1.4111608266830444,-1.9729458093643188,0.2203879207372665,-67.05107116699219,-86.63510131835938,967.723388671875,967.723388671875,800.0,800.0,2.5,4.989999771118164,-9018,-9252,False,False
1784742958.523422,386126.9609075,0,0,0,0,56.72249984741211,0.7749999761581421,2.242091417312622,20.905357360839844,0.8301206827163696,2.242091417312622,20.49245834350586,20.905357360839844,1002.8627319335938,0.0,1200.0,1200.0,429.35491943359375,752.875244140625,1.6315486431121826,-1.4111608266830444,-2.0217034816741943,0.2203879207372665,-68.87557983398438,-89.78093719482422,1002.8627319335938,1002.8627319335938,800.0,800.0,2.500999927520752,2.490999937057495,-9014,-9248,False,False
1784742958.5250137,386126.9625013,0,0,0,0,56.72499847412109,0.8889999985694885,2.282834529876709,15.717016220092772,8.935125350952148,2.282834529876709,12.93247413635254,15.717016220092772,947.880859375,0.0,1200.0,1200.0,429.35491943359375,756.7505493164062,1.6315486431121826,-1.4111608266830444,-2.062446594238281,0.2203879207372665,-69.14169311523438,-84.85871124267578,947.880859375,947.880859375,800.0,800.0,2.499000072479248,4.989999771118164,-9014,-9248,False,False
1784742958.527344,386126.9648307,0,0,0,0,56.727500915527344,0.9890000224113464,2.319345474243164,17.22210121154785,-9.298843383789062,2.319345474243164,19.118711471557617,17.22210121154785,981.1058959960938,0.0,1200.0,1200.0,429.35491943359375,758.5184326171875,1.6315486431121826,-1.4111608266830444,-2.0989575386047363,0.2203879207372665,-70.6110610961914,-87.83316040039062,981.1058959960938,981.1058959960938,1000.0,1000.0,2.5,2.490000009536743,-9010,-9244,False,False
1784742958.5294108,386126.9668975,0,0,0,0,56.72999954223633,1.0829999446868896,2.3722212314605717,24.41781044006348,-21.272850036621094,2.3722212314605717,27.35244369506836,24.41781044006348,1096.4581298828125,0.0,1200.0,1200.0,429.35491943359375,759.3245239257812,1.6315486431121826,-1.4111608266830444,-2.151833295822144,0.2203879207372665,-73.74222564697266,-98.16004180908205,1096.4581298828125,1096.4581298828125,1000.0,1000.0,2.5,4.989999771118164,-9010,-9244,False,False
1784742958.5338445,386126.97133,0,0,0,0,56.73250198364258,1.187000036239624,2.4321706295013428,24.804561614990234,14.190244674682615,2.4321706295013428,23.353702545166016,24.804561614990234,1107.694091796875,0.0,1200.0,1200.0,440.6755065917969,770.5791625976562,1.6745668649673462,-1.4111608266830444,-2.168764352798462,0.2634060978889465,-74.36137390136719,-99.16593170166016,1107.694091796875,1107.694091796875,1000.0,1000.0,2.502000093460083,2.492000102996826,-9005,-9239,False,False
1784742958.5350893,386126.9725742,0,0,0,0,56.73500061035156,0.0860000029206276,2.492558717727661,13.396892547607422,-3.049694299697876,2.492558717727661,11.051227569580078,13.396892547607422,976.3695678710938,0.0,1200.0,1200.0,440.6755065917969,775.7019653320312,1.6745668649673462,-1.4111608266830444,-2.2291524410247803,0.2634060978889465,-74.01226043701172,-87.40914916992188,976.3695678710938,976.3695678710938,1000.0,1000.0,2.497999906539917,4.989999771118164,-9005,-9239,False,False
1784742958.5401514,386126.9776355,0,0,0,0,56.73749923706055,0.181999996304512,2.525874614715576,15.914972305297852,-15.529481887817385,2.525874614715576,18.28746223449707,15.914972305297852,1022.0308227539062,0.0,1200.0,1200.0,440.6755065917969,788.9146728515625,1.6745668649673462,-1.4111608266830444,-2.2624683380126958,0.2634060978889465,-75.58198547363281,-91.49695587158205,1022.0308227539062,1022.0308227539062,1200.0,1200.0,2.497999906539917,2.48799991607666,-9000,-9234,False,False
1784742958.540386,386126.9778734,0,0,0,0,56.7400016784668,0.2829999923706054,2.577588558197021,23.738712310791016,11.16405200958252,2.577588558197021,25.99619674682617,23.738712310791016,1145.385986328125,0.0,1200.0,1200.0,440.6755065917969,794.9505004882812,1.6745668649673462,-1.4111608266830444,-2.31418251991272,0.2634060978889465,-78.80158233642578,-102.54029083251952,1145.385986328125,1145.385986328125,1200.0,1200.0,2.503000020980835,4.991000175476074,-9000,-9234,False,False
1784742958.5432243,386126.9807095,0,0,0,0,56.74250030517578,0.3779999911785126,2.63231897354126,22.495759963989254,19.824432373046875,2.63231897354126,21.279956817626957,22.495759963989254,1148.2884521484375,0.0,1200.0,1200.0,440.6755065917969,819.4537963867188,1.6745668649673462,-1.4111608266830444,-2.368912935256958,0.2634060978889465,-80.30436706542969,-102.80012512207033,1148.2884521484375,1148.2884521484375,1000.0,1000.0,2.499000072479248,2.490000009536743,-8994,-9228,False,False
1784742958.5450318,386126.9825194,0,0,0,0,56.744998931884766,0.4760000109672546,2.668610095977783,12.11270809173584,8.357030868530273,2.668610095977783,7.271235466003418,12.11270809173584,1022.0845947265624,0.0,1200.0,1200.0,440.6755065917969,830.6322021484375,1.6745668649673462,-1.4111608266830444,-2.4052038192749023,0.2634060978889465,-79.38906860351562,-91.50177001953124,1022.0845947265624,1022.0845947265624,1000.0,1000.0,2.5,4.989999771118164,-8994,-9228,False,False
1784742958.5492833,386126.9867682,0,0,0,0,56.74749755859375,0.5809999704360962,2.686576128005981,5.857370853424072,3.408754825592041,2.686576128005981,3.5349929332733154,5.857370853424072,944.6592407226562,0.0,1200.0,1200.0,440.6755065917969,846.6058959960938,1.6745668649673462,-1.4111608266830444,-2.42317008972168,0.2634060978889465,-78.7129135131836,-84.5702896118164,944.6592407226562,944.6592407226562,1000.0,1000.0,2.499000072479248,2.489000082015991,-8989,-9223,False,False
1784742958.5513554,386126.9888433,0,0,0,0,56.75,0.6759999990463257,2.691166400909424,0.1195942834019661,3.9537508487701416,2.691166400909424,-2.72124457359314,0.1195942834019661,869.3900146484375,0.0,1200.0,1200.0,440.6755065917969,853.89501953125,1.6745668649673462,-1.4111608266830444,-2.427760124206543,0.2634060978889465,-77.71224212646484,-77.83184051513672,869.3900146484375,869.3900146484375,1000.0,1000.0,2.500999927520752,4.989999771118164,-8989,-9223,False,False
1784742958.5534694,386126.9909524,0,0,0,0,56.75250244140625,0.7760000228881836,2.682572603225708,-4.1474714279174805,-14.909473419189451,2.682572603225708,-5.197489261627197,-4.1474714279174805,809.1220092773438,0.0,1200.0,1200.0,440.6755065917969,878.985595703125,1.6745668649673462,-1.4111608266830444,-2.4191665649414062,0.2634060978889465,-76.58383178710938,-72.43636322021484,809.1220092773438,809.1220092773438,1000.0,1000.0,2.500999927520752,2.490999937057495,-8984,-9218,False,False
1784742958.5552435,386126.9927271,0,0,0,0,56.755001068115234,0.875,2.673463821411133,-4.221185684204102,-10.597601890563965,2.673463821411133,-4.646240711212158,-4.221185684204102,967.4118041992188,0.0,1200.0,1200.0,321.014404296875,890.4157104492188,1.219854712486267,-1.4111608266830444,-2.864769697189331,-0.191306009888649,-90.82839965820312,-86.60720825195312,967.4118041992188,967.4118041992188,1000.0,1000.0,2.499000072479248,4.989999771118164,-8984,-9218,False,False
1784742958.559487,386126.9969729,0,0,0,0,56.75749969482422,0.975000023841858,2.664392709732056,-4.545181274414063,7.926926612854004,2.664392709732056,-5.337489128112793,-4.545181274414063,959.8265380859376,0.0,1200.0,1200.0,321.014404296875,917.3926391601562,1.219854712486267,-1.4111608266830444,-2.855698823928833,-0.191306009888649,-90.47332763671876,-85.92814636230469,959.8265380859376,959.8265380859376,800.0,800.0,2.5,2.490000009536743,-8979,-9213,False,False
1784742958.5615592,386126.9990451,0,0,0,0,56.7599983215332,1.0740000009536743,2.6519782543182373,-5.2770609855651855,19.66525077819824,2.6519782543182373,-5.521238803863525,-5.2770609855651855,945.5789794921876,0.0,1200.0,1200.0,321.014404296875,929.6924438476562,1.219854712486267,-1.4111608266830444,-2.843284368515014,-0.191306009888649,-89.9296875,-84.65262603759766,945.5789794921876,945.5789794921876,800.0,800.0,2.5,4.989999771118164,-8979,-9213,False,False
1784742958.5633423,386127.0008291,0,0,0,0,56.76250076293945,1.1759999990463257,2.645812511444092,-3.4919958114624023,25.965023040771484,2.645812511444092,-3.4912428855896,-3.4919958114624023,967.30224609375,0.0,1200.0,1200.0,321.014404296875,935.2988891601562,1.219854712486267,-1.4111608266830444,-2.837118625640869,-0.191306009888649,-90.08939361572266,-86.59739685058594,967.30224609375,967.30224609375,1000.0,1000.0,2.499000072479248,2.489000082015991,-8975,-9209,False,False
1784742958.5650632,386127.0025501,0,0,0,0,56.76499938964844,0.0719999969005584,2.615828514099121,-11.22157382965088,11.022804260253906,2.615828514099121,-13.081223487854004,-11.22157382965088,852.9764404296875,0.0,1200.0,1200.0,321.014404296875,937.8572387695312,1.219854712486267,-1.4111608266830444,-2.80713438987732,-0.191306009888649,-87.58399200439453,-76.36241912841797,852.9764404296875,852.9764404296875,1000.0,1000.0,2.500999927520752,4.989999771118164,-8975,-9209,False,False
1784742958.567435,386127.0049219,0,0,0,0,56.76750183105469,0.1749999970197677,2.5814008712768555,-13.94460105895996,2.014712333679199,2.5814008712768555,-14.201221466064451,-13.94460105895996,804.1705932617188,0.0,1200.0,1200.0,321.014404296875,949.907470703125,1.219854712486267,-1.4111608266830444,-2.772706985473633,-0.191306009888649,-85.93770599365234,-71.99310302734375,804.1705932617188,804.1705932617188,1000.0,1000.0,2.500999927520752,2.490999937057495,-8970,-9204,False,False
1784742958.5693903,386127.0068728,0,0,0,0,56.77000045776367,0.2709999978542328,2.558801412582397,-7.245455741882324,-0.2936387956142425,2.558801412582397,-4.987489700317383,-7.245455741882324,885.8888549804688,0.0,1200.0,1200.0,321.014404296875,955.39697265625,1.219854712486267,-1.4111608266830444,-2.750107526779175,-0.191306009888649,-86.55435180664062,-79.30889129638672,885.8888549804688,885.8888549804688,1000.0,1000.0,2.499000072479248,4.989999771118164,-8970,-9204,False,False
1784742958.5732982,386127.0107824,0,0,0,0,56.772499084472656,0.3689999878406524,2.542692184448242,-7.278910636901855,2.1892380714416504,2.542692184448242,-8.391233444213867,-7.278910636901855,879.6822509765625,0.0,1200.0,1200.0,321.014404296875,968.7825317382812,1.219854712486267,-1.4111608266830444,-2.7339982986450195,-0.191306009888649,-86.03216552734375,-78.75325012207031,879.6822509765625,879.6822509765625,800.0,800.0,2.5,2.490000009536743,-8965,-9199,False,False
1784742958.5754414,386127.0129258,0,0,0,0,56.775001525878906,0.4699999988079071,2.5232937335968018,-7.274035930633545,-3.1374330520629883,2.5232937335968018,-6.124987602233887,-7.274035930633545,994.7835693359376,0.0,1200.0,1200.0,231.2174530029297,974.8871459960938,0.8786263465881348,-1.4111608266830444,-3.055828094482422,-0.5325344204902649,-96.3316879272461,-89.05765533447266,994.7835693359376,994.7835693359376,800.0,800.0,2.500999927520752,4.991000175476074,-8965,-9199,False,False
1784742958.5771456,386127.0146309,0,0,0,0,56.77750015258789,0.5669999718666077,2.5064210891723637,-6.595305442810059,5.761518955230713,2.5064210891723637,-6.772486209869385,-6.595305442810059,997.850341796875,0.0,1200.0,1200.0,231.2174530029297,977.6680908203124,0.8786263465881348,-1.4111608266830444,-3.0389554500579834,-0.5325344204902649,-95.9275131225586,-89.33220672607422,997.850341796875,997.850341796875,800.0,800.0,2.499000072479248,2.490000009536743,-8961,-9195,False,False
1784742958.578984,386127.0164717,0,0,0,0,56.77999877929688,0.6650000214576721,2.487887382507324,-7.911691665649414,-1.9925700426101685,2.487887382507324,-8.82873249053955,-7.911691665649414,973.5806274414062,0.0,1200.0,1200.0,231.2174530029297,978.9368286132812,0.8786263465881348,-1.4111608266830444,-3.0204217433929443,-0.5325344204902649,-95.07115936279295,-87.15946197509766,973.5806274414062,973.5806274414062,800.0,800.0,2.5,4.989999771118164,-8961,-9195,False,False
1784742958.5834234,386127.0209071,0,0,0,0,56.782501220703125,0.7609999775886536,2.4622514247894287,-9.626965522766112,-6.62725830078125,2.4622514247894287,-9.336231231689451,-9.626965522766112,941.425537109375,0.0,1200.0,1200.0,231.2174530029297,968.6312866210938,0.8786263465881348,-1.4111608266830444,-2.994786024093628,-0.5325344204902649,-93.9077606201172,-84.28079223632812,941.425537109375,941.425537109375,1000.0,1000.0,2.500999927520752,2.490999937057495,-8957,-9191,False,False
1784742958.5865452,386127.0240299,0,0,0,0,56.78499984741211,0.8629999756813049,2.4502854347229004,-2.0602023601531982,4.646167755126953,2.4502854347229004,1.478747010231018,-2.0602023601531982,1038.5740966796875,0.0,1200.0,1200.0,231.2174530029297,963.9365844726562,0.8786263465881348,-1.4111608266830444,-2.9828197956085205,-0.5325344204902649,-95.03819274902344,-92.97798919677734,1038.5740966796875,1038.5740966796875,1000.0,1000.0,2.499000072479248,4.989999771118164,-8957,-9191,False,False
1784742958.5871558,386127.0246422,0,0,0,0,56.78749847412109,0.9639999866485596,2.44573187828064,-2.13236927986145,-0.534075915813446,2.44573187828064,-2.8174943923950195,-2.13236927986145,1035.9791259765625,0.0,1200.0,1200.0,231.2174530029297,961.79541015625,0.8786263465881348,-1.4111608266830444,-2.97826623916626,-0.5325344204902649,-94.87804412841795,-92.74567413330078,1035.9791259765625,1035.9791259765625,1000.0,1000.0,2.499000072479248,2.489000082015991,-8952,-9186,False,False
1784742958.5894206,386127.0269084,0,0,0,0,56.78999710083008,1.0570000410079956,2.4360251426696777,-4.215614795684815,1.0115207433700562,2.4360251426696777,-5.284989356994629,-4.215614795684815,1004.5855712890624,0.0,1200.0,1200.0,231.2174530029297,960.818603515625,0.8786263465881348,-1.4111608266830444,-2.968559503555298,-0.5325344204902649,-94.1507797241211,-89.93516540527344,1004.5855712890624,1004.5855712890624,1000.0,1000.0,2.5,4.988999843597412,-8952,-9186,False,False
1784742958.593465,386127.0309507,0,0,0,0,56.79249954223633,1.1640000343322754,2.429342269897461,-0.0431152544915676,-26.781835556030277,2.429342269897461,3.377493143081665,-0.0431152544915676,1058.12548828125,0.0,1200.0,1200.0,231.2174530029297,949.4920043945312,0.8786263465881348,-1.4111608266830444,-2.961876630783081,-0.5325344204902649,-94.77143096923828,-94.72830963134766,1058.12548828125,1058.12548828125,1000.0,1000.0,2.5,2.489000082015991,-8947,-9181,False,False
1784742958.5954373,386127.0329235,0,0,0,0,56.79499816894531,0.0610000006854534,2.450626850128174,9.027701377868652,20.144851684570312,2.450626850128174,9.58123016357422,9.027701377868652,1187.31982421875,0.0,1200.0,1200.0,231.2174530029297,944.326416015625,0.8786263465881348,-1.4111608266830444,-2.983161211013794,-0.5325344204902649,-97.2667007446289,-106.29440307617188,1187.31982421875,1187.31982421875,1000.0,1000.0,2.500999927520752,4.989999771118164,-8947,-9181,False,False
1784742958.5973582,386127.0348443,0,0,0,0,56.79750061035156,0.1589999943971634,2.46860933303833,7.023903846740723,9.586224555969238,2.46860933303833,4.908740043640137,7.023903846740723,1133.6700439453125,0.0,1200.0,1200.0,255.6735992431641,941.9732055664062,0.9715597033500672,-1.4111608266830444,-2.908210515975952,-0.4396010935306549,-94.46751403808594,-101.49141693115234,1133.6700439453125,1133.6700439453125,1000.0,1000.0,2.499000072479248,2.489000082015991,-8942,-9176,False,False
1784742958.6011145,386127.0386006,0,0,0,0,56.79999923706055,0.2569999992847442,2.475945949554444,2.440229892730713,7.974926471710205,2.475945949554444,1.0674978494644165,2.440229892730713,1074.852294921875,0.0,1200.0,1200.0,255.6735992431641,940.8993530273438,0.9715597033500672,-1.4111608266830444,-2.915547132492065,-0.4396010935306549,-93.78555297851562,-96.2257843017578,1074.852294921875,1074.852294921875,1000.0,1000.0,2.500999927520752,4.989999771118164,-8942,-9176,False,False
1784742958.603449,386127.0409345,0,0,0,0,56.8025016784668,0.3580000102519989,2.484568357467652,6.271948337554932,7.655403137207031,2.484568357467652,9.6337308883667,6.271948337554932,1129.2952880859375,0.0,1200.0,1200.0,255.6735992431641,940.4100341796876,0.9715597033500672,-1.4111608266830444,-2.9241693019866943,-0.4396010935306549,-94.82781219482422,-101.0997543334961,1129.2952880859375,1129.2952880859375,1200.0,1200.0,2.5,2.490000009536743,-8937,-9171,False,False
1784742958.6052544,386127.0427381,0,0,0,0,56.80500030517578,0.4539999961853027,2.51513934135437,15.698471069335938,18.052419662475582,2.51513934135437,19.634960174560547,15.698471069335938,1266.576904296875,0.0,1200.0,1200.0,255.6735992431641,940.1868896484376,0.9715597033500672,-1.4111608266830444,-2.954740285873413,-0.4396010935306549,-97.6913833618164,-113.38985443115234,1266.576904296875,1266.576904296875,1200.0,1200.0,2.500999927520752,4.991000175476074,-8937,-9171,False,False
1784742958.60823,386127.0457152,0,0,0,0,56.807498931884766,0.5569999814033508,2.553805112838745,15.594161987304688,-5.004660129547119,2.553805112838745,14.166221618652344,15.594161987304688,1278.9996337890625,0.0,1200.0,1200.0,255.6735992431641,950.963623046875,0.9715597033500672,-1.4111608266830444,-2.993406057357788,-0.4396010935306549,-98.90782928466795,-114.50199127197266,1278.9996337890625,1278.9996337890625,1200.0,1200.0,2.499000072479248,2.490000009536743,-8931,-9165,False,False
1784742958.613098,386127.0505848,0,0,0,0,56.810001373291016,0.6510000228881836,2.576180458068848,7.488803863525391,-4.791955947875977,2.576180458068848,4.199991703033447,7.488803863525391,1178.352294921875,0.0,1200.0,1200.0,255.6735992431641,955.8799438476562,0.9715597033500672,-1.4111608266830444,-3.0157816410064697,-0.4396010935306549,-98.00276947021484,-105.4915771484375,1178.352294921875,1178.352294921875,1200.0,1200.0,2.5,4.989999771118164,-8931,-9165,False,False
1784742958.615518,386127.053006,0,0,0,0,56.8125,0.7540000081062317,2.585822582244873,2.241168260574341,16.575307846069336,2.585822582244873,-0.3674992620944977,2.241168260574341,1111.458740234375,0.0,1200.0,1200.0,255.6735992431641,979.8839721679688,0.9715597033500672,-1.4111608266830444,-3.025423526763916,-0.4396010935306549,-97.26178741455078,-99.50296020507812,1111.458740234375,1111.458740234375,1200.0,1200.0,2.5,2.490000009536743,-8925,-9159,False,False
1784742958.6157968,386127.0532833,0,0,0,0,56.81499862670898,0.8539999723434448,2.5816869735717773,-4.289215087890625,10.509895324707031,2.5816869735717773,-7.2974853515625,-4.289215087890625,1022.4463500976562,0.0,1200.0,1200.0,255.6735992431641,990.828369140625,0.9715597033500672,-1.4111608266830444,-3.0212881565093994,-0.4396010935306549,-95.82337188720705,-91.5341567993164,1022.4463500976562,1022.4463500976562,1200.0,1200.0,2.5,4.989999771118164,-8925,-9159,False,False
1784742958.619371,386127.0568555,0,0,0,0,56.81749725341797,0.949999988079071,2.5657129287719727,-6.733765602111816,-22.099124908447266,2.5657129287719727,-6.711236476898193,-6.733765602111816,1047.1324462890625,0.0,1200.0,1200.0,209.1716461181641,1006.6953735351562,0.7948522567749023,-1.4111608266830444,-3.182021379470825,-0.6163085103034973,-100.4779281616211,-93.7441635131836,1047.1324462890625,1047.1324462890625,1200.0,1200.0,2.499000072479248,2.489000082015991,-8919,-9153,False,False
1784742958.61961,386127.0570981,0,0,0,0,56.81999969482422,1.0410000085830688,2.5551018714904785,-4.2195539474487305,-19.160017013549805,2.5551018714904785,-3.8849921226501465,-4.2195539474487305,1077.0404052734375,0.0,1200.0,1200.0,209.1716461181641,1013.935791015625,0.7948522567749023,-1.4111608266830444,-3.171410322189331,-0.6163085103034973,-100.64122009277344,-96.42166137695312,1077.0404052734375,1077.0404052734375,1200.0,1200.0,2.500999927520752,4.989999771118164,-8919,-9153,False,False
1784742958.6232276,386127.0607141,0,0,0,0,56.8224983215332,1.1380000114440918,2.5424649715423584,-6.87966775894165,15.122055053710938,2.5424649715423584,-8.732481956481934,-6.87966775894165,1036.866943359375,0.0,1200.0,1200.0,209.1716461181641,1028.1163330078125,0.7948522567749023,-1.4111608266830444,-3.15877366065979,-0.6163085103034973,-99.70481872558594,-92.8251495361328,1036.866943359375,1036.866943359375,1000.0,1000.0,2.5,2.490000009536743,-8913,-9147,False,False
1784742958.625142,386127.0626288,0,0,0,0,56.82500076293945,0.0480000004172325,2.5112340450286865,-8.742804527282715,5.550014495849609,2.5112340450286865,-7.314985275268555,-8.742804527282715,1000.7298583984376,0.0,1200.0,1200.0,209.1716461181641,1034.58349609375,0.7948522567749023,-1.4111608266830444,-3.127542495727539,-0.6163085103034973,-98.33280181884766,-89.58999633789062,1000.7298583984376,1000.7298583984376,1000.0,1000.0,2.500999927520752,4.991000175476074,-8913,-9147,False,False
1784742958.6272795,386127.0647675,0,0,0,0,56.82749938964844,0.1509999930858612,2.48789644241333,-11.165926933288574,8.432747840881348,2.48789644241333,-12.818723678588867,-11.165926933288574,959.908203125,0.0,1200.0,1200.0,209.1716461181641,1048.407958984375,0.7948522567749023,-1.4111608266830444,-3.1042048931121826,-0.6163085103034973,-97.10137176513672,-85.93544006347656,959.908203125,959.908203125,1000.0,1000.0,2.499000072479248,2.490000009536743,-8908,-9142,False,False
1784742958.6311083,386127.0685962,0,0,0,0,56.83000183105469,0.2469999939203262,2.4522852897644043,-16.93772315979004,18.59688377380371,2.4522852897644043,-19.61746025085449,-16.93772315979004,869.813232421875,0.0,1200.0,1200.0,209.1716461181641,1054.7164306640625,0.7948522567749023,-1.4111608266830444,-3.068593740463257,-0.6163085103034973,-94.80745697021484,-77.8697280883789,869.813232421875,869.813232421875,1000.0,1000.0,2.500999927520752,4.991000175476074,-8908,-9142,False,False
1784742958.6330743,386127.0705613,0,0,0,0,56.83250045776367,0.3440000116825104,2.40322208404541,-19.86445999145508,3.953866720199585,2.40322208404541,-18.57621192932129,-19.86445999145508,813.0457153320312,0.0,1200.0,1200.0,209.1716461181641,1068.4686279296875,0.7948522567749023,-1.4111608266830444,-3.019530773162842,-0.6163085103034973,-92.65209197998048,-72.78762817382812,813.0457153320312,813.0457153320312,1000.0,1000.0,2.499000072479248,2.490000009536743,-8903,-9137,False,False
1784742958.6352062,386127.0726908,0,0,0,0,56.834999084472656,0.44200000166893,2.362456798553467,-15.635377883911133,0.595436155796051,2.362456798553467,-14.44622039794922,-15.635377883911133,855.1615600585938,0.0,1200.0,1200.0,209.1716461181641,1074.742431640625,0.7948522567749023,-1.4111608266830444,-2.97876524925232,-0.6163085103034973,-92.19341278076172,-76.55803680419922,855.1615600585938,855.1615600585938,1000.0,1000.0,2.5,4.989999771118164,-8903,-9137,False,False
1784742958.6373994,386127.0748842,0,0,0,0,56.83749771118164,0.5339999794960022,2.323649883270264,-16.865575790405273,4.495079517364502,2.323649883270264,-17.429964065551758,-16.865575790405273,938.7797241210938,0.0,1200.0,1200.0,125.2575912475586,1077.60205078125,0.4759788513183594,-1.4111608266830444,-3.2588319778442383,-0.9351819157600404,-100.90950775146484,-84.04393005371094,938.7797241210938,938.7797241210938,800.0,800.0,2.499000072479248,2.489000082015991,-8898,-9132,False,False
1784742958.6391585,386127.0766453,0,0,0,0,56.84000015258789,0.6380000114440918,2.282838821411133,-15.98392391204834,-14.528575897216797,2.282838821411133,-15.732467651367188,-15.98392391204834,936.0098876953124,0.0,1200.0,1200.0,125.2575912475586,1078.90673828125,0.4759788513183594,-1.4111608266830444,-3.2180206775665283,-0.9351819157600404,-99.7798843383789,-83.79595947265625,936.0098876953124,936.0098876953124,800.0,800.0,2.5,4.988999843597412,-8898,-9132,False,False
1784742958.6432564,386127.080742,0,0,0,0,56.84249877929688,0.7400000095367432,2.2590901851654053,-6.547228813171387,-14.036243438720703,2.2590901851654053,-2.23999547958374,-6.547228813171387,1054.01171875,0.0,1200.0,1200.0,125.2575912475586,1068.6202392578125,0.4759788513183594,-1.4111608266830444,-3.19427227973938,-0.9351819157600404,-100.90726470947266,-94.36003875732422,1054.01171875,1054.01171875,1000.0,1000.0,2.5,2.489000082015991,-8894,-9128,False,False
1784742958.6452107,386127.0826958,0,0,0,0,56.845001220703125,0.8379999995231628,2.251803159713745,-0.3464187681674957,5.112962245941162,2.251803159713745,2.7474944591522217,-0.3464187681674957,1134.5234375,0.0,1200.0,1200.0,125.2575912475586,1063.9290771484375,0.4759788513183594,-1.4111608266830444,-3.1869850158691406,-0.9351819157600404,-101.91423797607422,-101.56781768798828,1134.5234375,1134.5234375,1000.0,1000.0,2.500999927520752,4.989999771118164,-8894,-9128,False,False
1784742958.647109,386127.0845962,0,0,0,0,56.84749984741211,0.9399999976158142,2.254705905914306,2.483431339263916,-25.50234603881836,2.254705905914306,3.0712437629699707,2.483431339263916,1173.49267578125,0.0,1200.0,1200.0,125.2575912475586,1061.7919921875,0.4759788513183594,-1.4111608266830444,-3.189887762069702,-0.9351819157600404,-102.5730972290039,-105.05652618408205,1173.49267578125,1173.49267578125,1000.0,1000.0,2.499000072479248,2.489000082015991,-8889,-9123,False,False
1784742958.653365,386127.0908487,0,0,0,0,56.84999847412109,1.02400004863739,2.2618162631988525,3.41424560546875,9.40630340576172,2.2618162631988525,2.5899946689605717,3.41424560546875,1188.5111083984375,0.0,1200.0,1200.0,125.2575912475586,1060.8167724609375,0.4759788513183594,-1.4111608266830444,-3.196998357772827,-0.9351819157600404,-102.9867935180664,-106.40103912353516,1188.5111083984375,1188.5111083984375,1000.0,1000.0,2.500999927520752,4.989999771118164,-8889,-9123,False,False
1784742958.654662,386127.0921474,0,0,0,0,56.85250473022461,1.1419999599456787,2.2663798332214355,1.4979368448257446,16.145322799682617,2.2663798332214355,-0.3674992620944977,1.4979368448257446,1164.4556884765625,0.0,1200.0,1200.0,125.2575912475586,1060.3719482421875,0.4759788513183594,-1.4111608266830444,-3.201561689376831,-0.9351819157600404,-102.74956512451172,-104.24749755859376,1164.4556884765625,1164.4556884765625,1200.0,1200.0,2.503999948501587,2.49399995803833,-8884,-9118,False,False
1784742958.6573758,386127.0948594,0,0,0,0,56.8550033569336,0.0350000001490116,2.2481913566589355,-7.659029960632324,6.894943237304688,2.2481913566589355,-9.65998077392578,-7.659029960632324,1035.2132568359375,0.0,1200.0,1200.0,125.2575912475586,1060.169677734375,0.4759788513183594,-1.4111608266830444,-3.18337345123291,-0.9351819157600404,-100.33614349365234,-92.67710876464844,1035.2132568359375,1035.2132568359375,1200.0,1200.0,2.497999906539917,4.992000102996826,-8884,-9118,False,False
1784742958.6600635,386127.0975436,0,0,0,0,56.85750198364258,0.1340000033378601,2.217968702316284,-14.758119583129885,7.576813697814941,2.217968702316284,-17.884963989257812,-14.758119583129885,909.4592895507812,0.0,1200.0,1200.0,139.830322265625,1060.077392578125,0.5313552021980286,-1.4111608266830444,-3.0977742671966557,-0.8798055648803711,-96.17715454101562,-81.41902923583984,909.4592895507812,909.4592895507812,1200.0,1200.0,2.499000072479248,2.490999937057495,-8878,-9112,False,False
1784742958.660388,386127.0978754,0,0,0,0,56.86000061035156,0.2290000021457672,2.165893077850342,-25.35399627685547,17.46963119506836,2.165893077850342,-30.274938583374023,-25.35399627685547,748.816650390625,0.0,1200.0,1200.0,139.830322265625,1060.0352783203125,0.5313552021980286,-1.4111608266830444,-3.045698642730713,-0.8798055648803711,-92.3915557861328,-67.03755950927734,748.816650390625,748.816650390625,1200.0,1200.0,2.5,4.991000175476074,-8878,-9112,False,False
1784742958.663185,386127.1006705,0,0,0,0,56.86247634887695,0.3120000064373016,2.100154399871826,-26.259441375732425,-21.447736740112305,2.100154399871826,-24.78870010375977,-26.259441375732425,713.1821899414062,0.0,1200.0,1200.0,139.830322265625,1060.0162353515625,0.5313552021980286,-1.4111608266830444,-2.9799599647521973,-0.8798055648803711,-90.10682678222656,-63.84738540649414,713.1821899414062,713.1821899414062,800.0,800.0,2.4749999046325684,2.4660000801086426,-8872,-9106,False,False
1784742958.6651793,386127.1026653,0,0,0,0,56.8650016784668,0.4300000071525574,2.050806999206543,-18.958240509033203,11.872992515563965,2.050806999206543,-17.604965209960938,-18.958240509033203,793.409423828125,0.0,1200.0,1200.0,139.830322265625,1060.00732421875,0.5313552021980286,-1.4111608266830444,-2.930612564086914,-0.8798055648803711,-89.98795318603516,-71.02970886230469,793.409423828125,793.409423828125,800.0,800.0,2.526000022888184,4.992000102996826,-8872,-9106,False,False
1784742958.6695702,386127.1070502,0,0,0,0,56.86750030517578,0.5260000228881836,2.005762815475464,-18.02086067199707,-11.436963081359863,2.005762815475464,-17.928712844848633,-18.02086067199707,789.87353515625,0.0,1200.0,1200.0,139.830322265625,1038.2523193359375,0.5313552021980286,-1.4111608266830444,-2.885568380355835,-0.8798055648803711,-88.73401641845703,-70.71315002441406,789.87353515625,789.87353515625,800.0,800.0,2.497999906539917,2.490000009536743,-8868,-9102,False,False
1784742958.6698942,386127.1073817,0,0,0,0,56.87000274658203,0.6309999823570251,1.9622527360916135,-16.86089515686035,-4.113283634185791,1.9622527360916135,-15.77621841430664,-16.86089515686035,789.8694458007812,0.0,1200.0,1200.0,139.830322265625,1028.3193359375,0.5313552021980286,-1.4111608266830444,-2.8420584201812744,-0.8798055648803711,-87.57368469238281,-70.7127914428711,789.8694458007812,789.8694458007812,800.0,800.0,2.500999927520752,4.991000175476074,-8868,-9102,False,False
1784742958.673256,386127.1107395,0,0,0,0,56.87250518798828,0.7360000014305115,1.9252198934555051,-13.385225296020508,9.002298355102539,1.9252198934555051,-11.199976921081545,-13.385225296020508,823.220703125,0.0,1200.0,1200.0,139.830322265625,1002.0029296875,0.5313552021980286,-1.4111608266830444,-2.805025577545166,-0.8798055648803711,-87.08377075195312,-73.69854736328125,823.220703125,823.220703125,800.0,800.0,2.503999948501587,2.494999885559082,-8864,-9098,False,False
1784742958.675491,386127.1129766,0,0,0,0,56.87500381469727,0.8209999799728394,1.8974735736846924,-9.827869415283203,3.273740291595459,1.8974735736846924,-8.408733367919922,-9.827869415283203,860.9861450195312,0.0,1200.0,1200.0,139.830322265625,990.0414428710938,0.5313552021980286,-1.4111608266830444,-2.7772791385650635,-0.8798055648803711,-86.90735626220703,-77.0794906616211,860.9861450195312,860.9861450195312,800.0,800.0,2.496999979019165,4.992000102996826,-8864,-9098,False,False
1784742958.6772,386127.114687,0,0,0,0,56.87749862670898,0.9279999732971193,1.8773726224899288,-5.938844680786133,-22.03807830810547,1.8773726224899288,-3.1587436199188232,-5.938844680786133,905.9302368164062,0.0,1200.0,1200.0,139.830322265625,973.7056274414062,0.5313552021980286,-1.4111608266830444,-2.75717830657959,-0.8798055648803711,-87.04193115234375,-81.10308837890625,905.9302368164062,905.9302368164062,800.0,800.0,2.497999906539917,2.490000009536743,-8860,-9094,False,False
1784742958.6790726,386127.116559,0,0,0,0,56.880001068115234,1.0219999551773071,1.8717620372772217,-0.3871202766895294,-13.61190414428711,1.8717620372772217,1.3824971914291382,-0.3871202766895294,1561.029541015625,0.0,1118.999755859375,1200.0,145.2941131591797,966.2469482421876,0.552117645740509,-1.4111608266830444,-4.3817243576049805,-2.509962320327759,-140.13775634765625,-139.75062561035156,1561.029541015625,1561.029541015625,800.0,800.0,2.500999927520752,4.991000175476074,-8860,-9094,False,False
1784742958.683421,386127.1209067,0,0,0,0,56.88249969482422,1.1230000257492063,1.8752151727676392,3.1220240592956543,3.2150096893310547,1.8752151727676392,4.436241149902344,3.1220240592956543,1609.30078125,0.0,1118.999755859375,1200.0,145.2941131591797,951.9707641601562,0.552117645740509,-1.4111608266830444,-4.385177612304688,-2.509962320327759,-140.95008850097656,-144.07211303710938,1609.30078125,1609.30078125,800.0,800.0,2.499000072479248,2.490000009536743,-8856,-9090,False,False
1784742958.6862645,386127.1237439,0,0,0,0,56.88500213623047,1.2230000495910645,1.8875576257705688,6.60695743560791,18.13956069946289,1.8875576257705688,7.542484760284424,6.60695743560791,1660.425048828125,0.0,1118.999755859375,1200.0,145.2941131591797,945.4527587890624,0.552117645740509,-1.4111608266830444,-4.397520065307617,-2.509962320327759,-142.04202270507812,-148.64898681640625,1660.425048828125,1660.425048828125,800.0,800.0,2.503000020980835,4.993000030517578,-8856,-9090,False,False
1784742958.6892877,386127.1267733,0,0,0,0,56.88750076293945,0.125,1.90582811832428,2.503828763961792,-6.578455448150635,1.90582811832428,-0.3499992787837982,2.503828763961792,1611.956787109375,0.0,1118.999755859375,1200.0,145.2941131591797,931.6158447265624,0.552117645740509,-1.4111608266830444,-4.415790557861328,-2.509962320327759,-141.80606079101562,-144.3098907470703,1611.956787109375,1611.956787109375,1400.0,1400.0,2.496999979019165,2.490000009536743,-8852,-9086,False,False
1784742958.6894965,386127.1269843,0,0,0,0,56.88999938964844,0.2169999927282333,1.9048476219177248,-1.7957806587219238,6.794241428375244,1.9048476219177248,-3.858742237091065,-1.7957806587219238,1553.973876953125,0.0,1118.999755859375,1200.0,145.2941131591797,925.29443359375,0.552117645740509,-1.4111608266830444,-4.414809703826904,-2.509962320327759,-140.91476440429688,-139.1189727783203,1553.973876953125,1553.973876953125,1400.0,1400.0,2.500999927520752,4.991000175476074,-8852,-9086,False,False
1784742958.6932623,386127.1307459,0,0,0,0,56.89249801635742,0.3230000138282776,1.898517370223999,-1.627157211303711,16.617570877075195,1.898517370223999,-0.6737486124038696,-1.627157211303711,1553.971435546875,0.0,1118.999755859375,1200.0,145.2941131591797,955.0419921875,0.552117645740509,-1.4111608266830444,-4.408479690551758,-2.509962320327759,-140.74591064453125,-139.11875915527344,1553.971435546875,1553.971435546875,1600.0,1600.0,2.497999906539917,2.489000082015991,-8845,-9079,False,False
1784742958.69513,386127.1326162,0,0,0,0,56.89500045776367,0.4199999868869781,1.899264335632324,2.1910529136657715,1.3381322622299194,1.899264335632324,4.471240997314453,2.1910529136657715,1605.418212890625,0.0,1118.999755859375,1200.0,145.2941131591797,968.6278076171876,0.552117645740509,-1.4111608266830444,-4.409226417541504,-2.509962320327759,-141.53346252441406,-143.72451782226562,1605.418212890625,1605.418212890625,1600.0,1600.0,2.502000093460083,4.991000175476074,-8845,-9079,False,False
1784742958.697048,386127.134536,0,0,0,0,56.897499084472656,0.5139999985694885,1.900049090385437,-1.110736608505249,-1.434194564819336,1.900049090385437,-2.8174943923950195,-1.110736608505249,1561.4410400390625,0.0,1118.999755859375,1200.0,145.2941131591797,1007.448486328125,0.552117645740509,-1.4111608266830444,-4.410011291503906,-2.509962320327759,-140.89822387695312,-139.7874755859375,1561.4410400390625,1561.4410400390625,1600.0,1600.0,2.499000072479248,2.490000009536743,-8837,-9071,False,False
1784742958.6990628,386127.1365508,0,0,0,0,56.900001525878906,0.621999979019165,1.8901550769805908,-4.616209983825684,12.525654792785645,1.8901550769805908,-5.704988479614258,-4.616209983825684,1510.916748046875,0.0,1118.999755859375,1200.0,145.2941131591797,1025.1632080078125,0.552117645740509,-1.4111608266830444,-4.40011739730835,-2.509962320327759,-139.88050842285156,-135.26429748535156,1510.916748046875,1510.916748046875,1600.0,1600.0,2.500999927520752,4.991000175476074,-8837,-9071,False,False
1784742958.7042809,386127.1417664,0,0,0,0,56.90250015258789,0.718999981880188,1.878384470939636,-3.4705114364624023,-17.62995147705078,1.878384470939636,-1.8462462425231931,-3.4705114364624023,1435.0152587890625,0.0,1068.8944091796875,1200.0,43.73126602172852,1065.8682861328125,0.166178822517395,-1.4111608266830444,-4.144808292388916,-2.2664237022399902,-131.93975830078125,-128.46925354003906,1435.0152587890625,1435.0152587890625,1600.0,1600.0,2.499000072479248,2.490000009536743,-8829,-9063,False,False
1784742958.7052608,386127.1427473,0,0,0,0,56.90500259399414,0.8130000233650208,1.876980543136597,0.7194808125495911,-32.70247268676758,1.876980543136597,3.4124929904937744,0.7194808125495911,1490.6767578125,0.0,1068.8944091796875,1200.0,43.73126602172852,1084.4429931640625,0.166178822517395,-1.4111608266830444,-4.143404483795166,-2.2664237022399902,-132.7328338623047,-133.4523162841797,1490.6767578125,1490.6767578125,1600.0,1600.0,2.500999927520752,4.991000175476074,-8829,-9063,False,False
1784742958.7071512,386127.1446366,0,0,0,0,56.907501220703125,0.9169999957084656,1.8783848285675049,0.5868129134178162,-14.093902587890623,1.8783848285675049,-0.4112491607666015,0.5868129134178162,1489.400390625,0.0,1068.8944091796875,1200.0,43.73126602172852,1114.6614990234375,0.166178822517395,-1.4111608266830444,-4.144808769226074,-2.2664237022399902,-132.75123596191406,-133.3380584716797,1489.400390625,1489.400390625,1400.0,1400.0,2.499000072479248,2.490000009536743,-8821,-9055,False,False
1784742958.7091925,386127.1466776,0,0,0,0,56.90999984741211,1.006999969482422,1.871055603027344,-4.002559661865234,16.571958541870117,1.871055603027344,-6.448737144470215,-4.002559661865234,1425.263916015625,0.0,1068.8944091796875,1200.0,43.73126602172852,1128.4508056640625,0.166178822517395,-1.4111608266830444,-4.137479305267334,-2.2664237022399902,-131.5988311767578,-127.59626770019533,1425.263916015625,1425.263916015625,1400.0,1400.0,2.500999927520752,4.991000175476074,-8821,-9055,False,False
1784742958.7152207,386127.1527049,0,0,0,0,56.91249847412109,1.1050000190734863,1.8519597053527832,-7.394715785980225,-13.718608856201172,1.8519597053527832,-7.638734340667725,-7.394715785980225,1372.9693603515625,0.0,1068.8944091796875,1200.0,43.73126602172852,1145.6109619140625,0.166178822517395,-1.4111608266830444,-4.118383407592773,-2.2664237022399902,-130.309326171875,-122.91461181640624,1372.9693603515625,1372.9693603515625,1600.0,1600.0,2.499000072479248,2.490000009536743,-8814,-9048,False,False
1784742958.7155662,386127.1530531,0,0,0,0,56.915000915527344,1.2130000591278076,1.842537522315979,-2.146056652069092,-25.82090759277344,1.842537522315979,0.7699984312057495,-2.146056652069092,1439.955078125,0.0,1068.8944091796875,1200.0,43.73126602172852,1153.443603515625,0.166178822517395,-1.4111608266830444,-4.10896110534668,-2.2664237022399902,-131.05755615234375,-128.9114990234375,1439.955078125,1439.955078125,1600.0,1600.0,2.502000093460083,4.992000102996826,-8814,-9048,False,False
1784742958.7172086,386127.1546949,0,0,0,0,56.91749954223633,0.1140000000596046,1.8479355573654173,0.7283626794815063,-17.914203643798828,1.8479355573654173,-1.7937463521957395,0.7283626794815063,1480.4136962890625,0.0,1068.8944091796875,1200.0,43.73126602172852,1200.5108642578125,0.166178822517395,-1.4111608266830444,-4.114359378814697,-2.2664237022399902,-131.80517578125,-132.53353881835938,1480.4136962890625,1480.4136962890625,1200.0,1200.0,2.497999906539917,2.490000009536743,-8806,-9040,False,False
1784742958.7193806,386127.1568653,0,0,0,0,56.91999816894531,0.2080000042915344,1.8363465070724487,-5.374066352844238,4.181223392486572,1.8363465070724487,-7.42873477935791,-5.374066352844238,1394.4737548828125,0.0,1068.8944091796875,1200.0,43.73126602172852,1221.995361328125,0.166178822517395,-1.4111608266830444,-4.1027703285217285,-2.2664237022399902,-130.21383666992188,-124.83976745605467,1394.4737548828125,1394.4737548828125,1200.0,1200.0,2.5,4.989999771118164,-8806,-9040,False,False
1784742958.7232018,386127.1606874,0,0,0,0,56.92250061035156,0.3100000023841858,1.8221744298934937,-3.4645979404449463,-9.210357666015623,1.8221744298934937,-0.787498414516449,-3.4645979404449463,2005.1580810546875,0.0,996.8928833007812,1200.0,-225.10250854492188,1253.553466796875,-0.8553895354270935,-1.4111608266830444,-5.7396440505981445,-3.917469501495361,-182.9756774902344,-179.51109313964844,2005.1580810546875,2005.1580810546875,1600.0,1600.0,2.5,2.490000009536743,-8800,-9034,False,False
1784742958.7250736,386127.1625605,0,0,0,0,56.92500305175781,0.4120000004768371,1.8294650316238403,5.887124061584473,-18.217374801635746,1.8294650316238403,9.589980125427246,5.887124061584473,2133.11572265625,0.0,996.8928833007812,1200.0,-225.10250854492188,1267.9495849609375,-0.8553895354270935,-1.4111608266830444,-5.746934413909912,-3.917469501495361,-185.07933044433597,-190.9664459228516,2133.11572265625,2133.11572265625,1600.0,1600.0,2.502000093460083,4.992000102996826,-8800,-9034,False,False
1784742958.7320056,386127.1694877,0,0,0,0,56.9275016784668,0.5070000290870667,1.8416727781295776,4.777585029602051,-19.58231544494629,1.8416727781295776,2.554994821548462,4.777585029602051,2122.60693359375,0.0,996.8928833007812,1200.0,-225.10250854492188,1318.00439453125,-0.8553895354270935,-1.4111608266830444,-5.7591423988342285,-3.917469501495361,-185.24806213378903,-190.0256500244141,2122.60693359375,2122.60693359375,1600.0,1600.0,2.497999906539917,2.490000009536743,-8792,-9026,False,False
1784742958.7323472,386127.1698343,0,0,0,0,56.93000030517578,0.6019999980926514,1.8382885456085205,-2.392586469650269,9.312576293945312,1.8382885456085205,-5.197489261627197,-2.392586469650269,2025.2874755859373,0.0,996.8928833007812,1200.0,-225.10250854492188,1340.858642578125,-0.8553895354270935,-1.4111608266830444,-5.755757808685303,-3.917469501495361,-183.7057342529297,-181.3131561279297,2025.2874755859373,2025.2874755859373,1600.0,1600.0,2.500999927520752,4.991000175476074,-8792,-9026,False,False
1784742958.7331822,386127.1706684,0,0,0,0,56.93250274658203,0.7080000042915344,1.819241285324097,-10.958468437194824,30.120967864990234,1.819241285324097,-14.822469711303713,-10.958468437194824,1903.6610107421875,0.0,996.8928833007812,1200.0,-225.10250854492188,1394.8118896484375,-0.8553895354270935,-1.4111608266830444,-5.736710548400879,-3.917469501495361,-181.38304138183597,-170.42457580566406,1903.6610107421875,1903.6610107421875,2200.0,2200.0,2.500999927520752,2.492000102996826,-8784,-9018,False,False
1784742958.7349796,386127.1724676,0,0,0,0,56.935001373291016,0.8029999732971191,1.7755995988845823,-21.504037857055664,16.29817008972168,1.7755995988845823,-25.75994873046875,-21.504037857055664,1746.7071533203125,0.0,996.8928833007812,1200.0,-225.10250854492188,1419.384033203125,-0.8553895354270935,-1.4111608266830444,-5.693068981170654,-3.917469501495361,-177.8773956298828,-156.3733673095703,1746.7071533203125,1746.7071533203125,2200.0,2200.0,2.497999906539917,4.989999771118164,-8784,-9018,False,False
1784742958.7372196,386127.1747047,0,0,0,0,56.9375,0.8999999761581421,1.6988931894302368,-38.16434097290039,8.379956245422363,1.6988931894302368,-47.55615234375,-38.16434097290039,1495.971923828125,0.0,996.8928833007812,1200.0,-225.10250854492188,1506.76904296875,-0.8553895354270935,-1.4111608266830444,-5.616362571716309,-3.917469501495361,-172.09072875976562,-133.9263916015625,1495.971923828125,1495.971923828125,1800.0,1800.0,2.5,2.490000009536743,-8773,-9007,False,False
1784742958.7394867,386127.1769723,0,0,0,0,56.93999862670898,1.0019999742507937,1.5677587985992432,-61.84984970092773,29.147232055664062,1.5677587985992432,-72.82610321044922,-61.84984970092773,1131.615478515625,0.0,996.8928833007812,1200.0,-225.10250854492188,1546.5902099609375,-0.8553895354270935,-1.4111608266830444,-5.485228061676025,-3.917469501495361,-163.15733337402344,-101.30747985839844,1131.615478515625,1131.615478515625,1800.0,1800.0,2.497999906539917,4.98799991607666,-8773,-9007,False,False
1784742958.7432384,386127.1807239,0,0,0,0,56.942501068115234,1.097000002861023,1.3941845893859863,-74.3331298828125,-7.373319149017334,1.3941845893859863,-76.64109802246094,-74.3331298828125,1440.9384765625,0.0,924.8895263671876,1200.0,-621.7007446289062,1586.561279296875,-2.3624627590179443,-1.4111608266830444,-6.818727493286133,-5.4245429039001465,-203.3326416015625,-128.99951171875,1440.9384765625,1440.9384765625,1600.0,1600.0,2.503000020980835,2.490999937057495,-8764,-8998,False,False
1784742958.7453566,386127.1828444,0,0,0,0,56.94500350952149,1.2000000476837158,1.2308142185211182,-66.66157531738281,-6.886186122894287,1.2308142185211182,-62.54487228393555,-66.66157531738281,1485.3731689453125,0.0,924.8895263671876,1200.0,-621.7007446289062,1604.7587890625,-2.3624627590179443,-1.4111608266830444,-6.6553568840026855,-5.4245429039001465,-199.63909912109372,-132.97752380371094,1485.3731689453125,1485.3731689453125,1600.0,1600.0,2.500999927520752,4.992000102996826,-8764,-8998,False,False
1784742958.7477317,386127.1852166,0,0,0,0,56.9474983215332,0.1019999980926513,0.982910931110382,-72.91535186767578,-3.180555820465088,0.982910931110382,-75.56484985351562,-72.91535186767578,1312.935302734375,0.0,924.8895263671876,1200.0,-621.7007446289062,1613.046630859375,-2.3624627590179443,-1.4111608266830444,-6.407453536987305,-5.4245429039001465,-190.4554443359375,-117.54009246826172,1312.935302734375,1312.935302734375,1400.0,1400.0,2.497999906539917,2.490000009536743,-8756,-8990,False,False
1784742958.74905,386127.1865378,0,0,0,0,56.95000076293945,0.1959999948740005,0.8041220307350159,-73.86370849609375,-19.012880325317383,0.8041220307350159,-72.08235168457031,-73.86370849609375,1236.3165283203125,0.0,924.8895263671876,1200.0,-621.7007446289062,1616.8306884765625,-2.3624627590179443,-1.4111608266830444,-6.228664875030518,-5.4245429039001465,-184.5445251464844,-110.68082427978516,1236.3165283203125,1236.3165283203125,1400.0,1400.0,2.500999927520752,4.991000175476074,-8756,-8990,False,False
1784742958.7535048,386127.1909895,0,0,0,0,56.9525032043457,0.3030000030994415,0.6410187482833862,-65.0380859375,37.30123519897461,0.6410187482833862,-59.57862854003906,-65.0380859375,1296.3162841796875,0.0,924.8895263671876,1200.0,-621.7007446289062,1607.6689453125,-2.3624627590179443,-1.4111608266830444,-6.065561294555664,-5.4245429039001465,-181.09034729003903,-116.05226135253906,1296.3162841796875,1296.3162841796875,1200.0,1200.0,2.502000093460083,2.493000030517578,-8749,-8983,False,False
1784742958.75519,386127.1926752,0,0,0,0,56.95500183105469,0.3899999856948852,0.4857240319252014,-64.24540710449219,-23.98083877563477,0.4857240319252014,-63.41987228393555,-64.24540710449219,1251.432373046875,0.0,924.8895263671876,1200.0,-621.7007446289062,1603.4998779296875,-2.3624627590179443,-1.4111608266830444,-5.910266876220703,-5.4245429039001465,-176.27944946289062,-112.03404235839844,1251.432373046875,1251.432373046875,1200.0,1200.0,2.496999979019165,4.989999771118164,-8749,-8983,False,False
1784742958.7595422,386127.197026,0,0,0,0,56.95750045776367,0.492000013589859,0.344508945941925,-56.78587341308594,-20.969396591186523,0.344508945941925,-53.83864212036133,-56.78587341308594,1300.9444580078125,0.0,924.8895263671876,1200.0,-621.7007446289062,1579.8270263671875,-2.3624627590179443,-1.4111608266830444,-5.769051551818848,-5.4245429039001465,-173.25247192382812,-116.46660614013672,1300.9444580078125,1300.9444580078125,1400.0,1400.0,2.500999927520752,2.490999937057495,-8743,-8977,False,False
1784742958.7599275,386127.1974137,0,0,0,0,56.96000289916992,0.5950000286102295,0.2051833868026733,-57.06240463256836,10.614258766174316,0.2051833868026733,-56.84863662719727,-57.06240463256836,1247.436767578125,0.0,924.8895263671876,1200.0,-621.7007446289062,1569.0399169921875,-2.3624627590179443,-1.4111608266830444,-5.629725933074951,-5.4245429039001465,-168.73875427246094,-111.67634582519533,1247.436767578125,1247.436767578125,1400.0,1400.0,2.5,4.991000175476074,-8743,-8977,False,False
1784742958.7631588,386127.2006453,0,0,0,0,56.962501525878906,0.6949999928474426,0.0626246556639671,-59.96397018432617,20.96323013305664,0.0626246556639671,-60.943626403808594,-59.96397018432617,1157.5870361328125,0.0,924.8895263671876,1200.0,-621.7007446289062,1564.1229248046875,-2.3624627590179443,-1.4111608266830444,-5.4871673583984375,-5.4245429039001465,-163.5965576171875,-103.6325912475586,1157.5870361328125,1157.5870361328125,1200.0,1200.0,2.499000072479248,2.490000009536743,-8736,-8970,False,False
1784742958.7650197,386127.2025076,0,0,0,0,56.96500015258789,0.7860000133514404,-0.0827070921659469,-59.96515655517578,-13.069991111755373,-0.0827070921659469,-58.49363327026367,-59.96515655517578,1239.4578857421875,0.0,843.8902587890625,1200.0,-720.232666015625,1561.879150390625,-2.736884117126465,-1.4111608266830444,-5.716257095336914,-5.798964023590088,-170.92718505859375,-110.96202850341795,1239.4578857421875,1239.4578857421875,1200.0,1200.0,2.500999927520752,4.991000175476074,-8736,-8970,False,False
1784742958.770546,386127.2080311,0,0,0,0,56.96749877929688,0.8930000066757202,-0.2199837416410446,-55.502742767333984,-36.85049057006836,-0.2199837416410446,-52.19364547729492,-55.502742767333984,1250.203857421875,0.0,843.8902587890625,1200.0,-720.232666015625,1539.100341796875,-2.736884117126465,-1.4111608266830444,-5.578980445861816,-5.798964023590088,-167.42681884765625,-111.924072265625,1250.203857421875,1250.203857421875,1200.0,1200.0,2.499000072479248,2.490000009536743,-8730,-8964,False,False
1784742958.770817,386127.2083048,0,0,0,0,56.970001220703125,0.9879999756813048,-0.3506702780723572,-53.05564880371094,-15.204758644104004,-0.3506702780723572,-52.11489486694336,-53.05564880371094,1236.2919921875,0.0,843.8902587890625,1200.0,-720.232666015625,1528.7086181640625,-2.736884117126465,-1.4111608266830444,-5.448293685913086,-5.798964023590088,-163.73426818847656,-110.67861938476562,1236.2919921875,1236.2919921875,1200.0,1200.0,2.5,4.989999771118164,-8730,-8964,False,False
1784742958.7735035,386127.2109882,0,0,0,0,56.972503662109375,1.0859999656677246,-0.474871277809143,-51.5385856628418,-8.515589714050293,-0.474871277809143,-52.02739334106445,-51.5385856628418,1212.2320556640625,0.0,843.8902587890625,1200.0,-720.232666015625,1523.968017578125,-2.736884117126465,-1.4111608266830444,-5.324092864990234,-5.798964023590088,-160.06324768066406,-108.52466583251952,1212.2320556640625,1212.2320556640625,1200.0,1200.0,2.502000093460083,2.492000102996826,-8724,-8958,False,False
1784742958.7751706,386127.2126557,0,0,0,0,56.97499847412109,1.1859999895095823,-0.5951786637306213,-48.8222541809082,9.75733470916748,-0.5951786637306213,-47.85365295410156,-48.8222541809082,1205.63916015625,0.0,843.8902587890625,1200.0,-720.232666015625,1521.810302734375,-2.736884117126465,-1.4111608266830444,-5.203785419464111,-5.798964023590088,-156.75668334960938,-107.9344253540039,1205.63916015625,1205.63916015625,1200.0,1200.0,2.497999906539917,4.989999771118164,-8724,-8958,False,False
1784742958.7770894,386127.2145734,0,0,0,0,56.977500915527344,0.0869999974966049,-0.7674160003662109,-49.72141647338867,-12.447396278381348,-0.7674160003662109,-52.31614303588867,-49.72141647338867,1132.021484375,0.0,843.8902587890625,1200.0,-720.232666015625,1499.0628662109375,-2.736884117126465,-1.4111608266830444,-5.031548023223877,-5.798964023590088,-151.06524658203125,-101.34383392333984,1132.021484375,1132.021484375,1400.0,1400.0,2.5,2.490000009536743,-8718,-8952,False,False
1784742958.7790406,386127.2165271,0,0,0,0,56.97999954223633,0.1870000064373016,-0.8941463828086853,-53.27609634399414,-1.7495516538619995,-0.8941463828086853,-54.31988906860352,-53.27609634399414,1039.0751953125,0.0,843.8902587890625,1200.0,-720.232666015625,1488.6888427734375,-2.736884117126465,-1.4111608266830444,-4.904817581176758,-5.798964023590088,-146.2989501953125,-93.0228500366211,1039.0751953125,1039.0751953125,1400.0,1400.0,2.500999927520752,4.991000175476074,-8718,-8952,False,False
1784742958.7834153,386127.2209016,0,0,0,0,56.98249816894531,0.289000004529953,-1.0173569917678833,-49.60487365722656,0.4737110435962677,-1.0173569917678833,-47.87990188598633,-49.60487365722656,1044.243896484375,0.0,843.8902587890625,1200.0,-720.232666015625,1473.08447265625,-2.736884117126465,-1.4111608266830444,-4.781607151031494,-5.798964023590088,-143.0904541015625,-93.4855728149414,1044.243896484375,1044.243896484375,1000.0,1000.0,2.499000072479248,2.490000009536743,-8711,-8945,False,False
1784742958.7851467,386127.2226327,0,0,0,0,56.98500061035156,0.382999986410141,-1.1341676712036133,-48.21004104614258,1.5958211421966553,-1.1341676712036133,-47.459903717041016,-48.21004104614258,1021.1871337890624,0.0,843.8902587890625,1200.0,-720.232666015625,1465.9656982421875,-2.736884117126465,-1.4111608266830444,-4.664796352386475,-5.798964023590088,-139.6314697265625,-91.4214324951172,1021.1871337890624,1021.1871337890624,1000.0,1000.0,2.5,4.989999771118164,-8711,-8945,False,False
1784742958.78926,386127.2267445,0,0,0,0,56.98749923706055,0.4819999933242798,-1.245153546333313,-44.87354278564453,1.208943247795105,-1.245153546333313,-43.469913482666016,-44.87354278564453,1002.9273071289062,0.0,762.8955078125,1200.0,-703.0701904296875,1397.4326171875,-2.671666622161865,-1.4111608266830444,-4.488593101501465,-5.733746528625488,-134.66026306152344,-89.78672790527344,1002.9273071289062,1002.9273071289062,1000.0,1000.0,2.5,2.490000009536743,-8706,-8940,False,False
1784742958.789503,386127.2269898,0,0,0,0,56.9900016784668,0.5770000219345093,-1.344808578491211,-39.148704528808594,10.720643997192385,-1.344808578491211,-36.767425537109375,-39.148704528808594,1044.0428466796875,0.0,762.8955078125,1200.0,-703.0701904296875,1366.1856689453125,-2.671666622161865,-1.4111608266830444,-4.388937950134277,-5.733746528625488,-132.61627197265625,-93.46756744384766,1044.0428466796875,1044.0428466796875,1000.0,1000.0,2.5,4.989999771118164,-8706,-8940,False,False
1784742958.793362,386127.2308462,0,0,0,0,56.99250030517578,0.6859999895095825,-1.4334686994552612,-38.00020217895508,2.949859142303467,-1.4334686994552612,-38.56117248535156,-38.00020217895508,1027.7464599609375,0.0,762.8955078125,1200.0,-703.0701904296875,1308.3836669921875,-2.671666622161865,-1.4111608266830444,-4.3002777099609375,-5.733746528625488,-130.00885009765625,-92.00865173339844,1027.7464599609375,1027.7464599609375,1000.0,1000.0,2.502000093460083,2.492000102996826,-8701,-8935,False,False
1784742958.7956057,386127.2330918,0,0,0,0,56.99500274658203,0.7739999890327454,-1.5243767499923706,-36.66765975952149,-6.705626010894775,-1.5243767499923706,-34.98242950439453,-36.66765975952149,1013.1137084960938,0.0,762.8955078125,1200.0,-703.0701904296875,1282.06689453125,-2.671666622161865,-1.4111608266830444,-4.209369659423828,-5.733746528625488,-127.36630249023438,-90.69864654541016,1013.1137084960938,1013.1137084960938,1000.0,1000.0,2.499000072479248,4.991000175476074,-8701,-8935,False,False
1784742958.7974007,386127.2348886,0,0,0,0,56.997501373291016,0.8759999871253967,-1.6055809259414673,-31.132652282714844,-25.03631401062012,-1.6055809259414673,-27.9299430847168,-31.132652282714844,1058.2796630859375,0.0,762.8955078125,1200.0,-703.0701904296875,1237.42919921875,-2.671666622161865,-1.4111608266830444,-4.128165721893311,-5.733746528625488,-125.87477111816406,-94.74211883544922,1058.2796630859375,1058.2796630859375,1200.0,1200.0,2.499000072479248,2.490000009536743,-8696,-8930,False,False
1784742958.7991655,386127.2366486,0,0,0,0,57.0,0.972000002861023,-1.6695611476898191,-24.327625274658203,-14.910196304321287,-1.6695611476898191,-21.874956130981445,-24.327625274658203,1126.625732421875,0.0,762.8955078125,1200.0,-703.0701904296875,1217.0654296875,-2.671666622161865,-1.4111608266830444,-4.064185619354248,-5.733746528625488,-125.18840789794922,-100.86078643798828,1126.625732421875,1126.625732421875,1200.0,1200.0,2.5,4.989999771118164,-8696,-8930,False,False
1784742958.803246,386127.240731,0,0,0,0,57.00249862670898,1.069000005722046,-1.711928367614746,-16.45575523376465,29.8924560546875,-1.711928367614746,-14.621220588684082,-16.45575523376465,1216.9974365234375,0.0,762.8955078125,1200.0,-703.0701904296875,1196.8995361328125,-2.671666622161865,-1.4111608266830444,-4.021818161010742,-5.733746528625488,-125.4070281982422,-108.95127868652344,1216.9974365234375,1216.9974365234375,1000.0,1000.0,2.5,2.490000009536743,-8690,-8924,False,False
1784742958.8056755,386127.2431618,0,0,0,0,57.00499725341797,1.1740000247955322,-1.7477145195007324,-15.014153480529783,37.67135620117188,-1.7477145195007324,-15.137469291687012,-15.014153480529783,1223.529296875,0.0,762.8955078125,1200.0,-703.0701904296875,1187.70751953125,-2.671666622161865,-1.4111608266830444,-3.986032009124756,-5.733746528625488,-124.5501937866211,-109.53604125976562,1223.529296875,1223.529296875,1000.0,1000.0,2.499000072479248,4.988999843597412,-8690,-8924,False,False
1784742958.807159,386127.2446449,0,0,0,0,57.00749969482422,0.0769999995827674,-1.8023427724838257,-16.137863159179688,5.3596014976501465,-1.8023427724838257,-17.0012149810791,-16.137863159179688,908.7867431640624,0.0,690.892822265625,1192.040771484375,-496.8147583007813,1172.62890625,-1.8878960609436035,-1.4111608266830444,-3.1476330757141118,-4.949975967407227,-97.49668884277344,-81.35882568359375,908.7867431640624,908.7867431640624,1200.0,1200.0,2.500999927520752,2.490000009536743,-8685,-8919,False,False
1784742958.809167,386127.246652,0,0,0,0,57.01000213623047,0.1739999949932098,-1.8437561988830569,-17.9814453125,5.41157865524292,-1.8437561988830569,-19.328710556030277,-17.9814453125,869.272216796875,0.0,690.892822265625,1192.040771484375,-496.8147583007813,1165.7562255859375,-1.8878960609436035,-1.4111608266830444,-3.10621976852417,-4.949975967407227,-95.80274200439452,-77.82129669189453,869.272216796875,869.272216796875,1200.0,1200.0,2.500999927520752,4.991000175476074,-8685,-8919,False,False
1784742958.8131578,386127.2506445,0,0,0,0,57.01250076293945,0.2739999890327453,-1.886887550354004,-16.07560920715332,6.20643949508667,-1.886887550354004,-13.719972610473633,-16.07560920715332,879.4013061523438,0.0,690.892822265625,1192.040771484375,-496.8147583007813,1151.7506103515625,-1.8878960609436035,-1.4111608266830444,-3.0630884170532227,-4.949975967407227,-94.8037109375,-78.72810363769531,879.4013061523438,879.4013061523438,1000.0,1000.0,2.497999906539917,2.489000082015991,-8679,-8913,False,False
1784742958.821861,386127.259347,0,0,0,0,57.01499938964844,0.3729999959468841,-1.913110613822937,-8.399394989013672,-8.352639198303223,-1.913110613822937,-5.599988460540772,-8.399394989013672,972.9210205078124,0.0,690.892822265625,1192.040771484375,-496.8147583007813,1145.3558349609375,-1.8878960609436035,-1.4111608266830444,-3.036865472793579,-4.949975967407227,-95.49981689453124,-87.10041809082031,972.9210205078124,972.9210205078124,1000.0,1000.0,2.500999927520752,4.989999771118164,-8679,-8913,False,False
1784742958.8222356,386127.2597211,0,0,0,0,57.01750183105469,0.4670000076293945,-1.923320770263672,-3.099691152572632,-15.777640342712402,-1.923320770263672,-1.6099967956542969,-3.099691152572632,1040.3094482421875,0.0,690.892822265625,1192.040771484375,-496.8147583007813,1131.55712890625,-1.8878960609436035,-1.4111608266830444,-3.0266551971435547,-4.949975967407227,-96.2330322265625,-93.13333892822266,1040.3094482421875,1040.3094482421875,800.0,800.0,2.500999927520752,2.490999937057495,-8674,-8908,False,False
1784742958.8225114,386127.2599968,0,0,0,0,57.02000045776367,0.5709999799728394,-1.92632794380188,-1.37005352973938,-4.055522441864014,-1.92632794380188,-0.5424988865852356,-1.37005352973938,1062.418701171875,0.0,690.892822265625,1192.040771484375,-496.8147583007813,1125.269287109375,-1.8878960609436035,-1.4111608266830444,-3.0236480236053467,-4.949975967407227,-96.48272705078124,-95.1126708984375,1062.418701171875,1062.418701171875,800.0,800.0,2.5,4.991000175476074,-8674,-8908,False,False
1784742958.825799,386127.2632838,0,0,0,0,57.02250289916992,0.6620000004768372,-1.9121254682540891,10.161256790161133,-20.846654891967773,-1.9121254682540891,16.668716430664062,10.161256790161133,1222.0626220703125,0.0,690.892822265625,1192.040771484375,-496.8147583007813,1100.6400146484375,-1.8878960609436035,-1.4111608266830444,-3.0378506183624268,-4.949975967407227,-99.24346923828124,-109.40472412109376,1222.0626220703125,1222.0626220703125,1000.0,1000.0,2.5,2.490999937057495,-8670,-8904,False,False
1784742958.8276808,386127.2651673,0,0,0,0,57.025001525878906,0.7689999938011169,-1.8590812683105469,26.65220832824707,-15.00633430480957,-1.8590812683105469,32.961181640625,26.65220832824707,1462.0697021484375,0.0,690.892822265625,1192.040771484375,-496.8147583007813,1089.4105224609375,-1.8878960609436035,-1.4111608266830444,-3.09089469909668,-4.949975967407227,-104.23907470703124,-130.8912811279297,1462.0697021484375,1462.0697021484375,1000.0,1000.0,2.5,4.991000175476074,-8670,-8904,False,False
1784742958.8278213,386127.2653092,0,0,0,0,57.02750015258789,0.8690000176429749,-1.7891749143600464,28.13959503173828,30.27435302734375,-1.7891749143600464,26.179946899414062,28.13959503173828,1471.2774658203125,0.0,618.891357421875,1184.126220703125,-470.5192260742188,1073.409423828125,-1.7879730463027954,-1.4111608266830444,-3.060878038406372,-4.850052833557129,-103.57601165771484,-131.71560668945312,1471.2774658203125,1471.2774658203125,1400.0,1400.0,2.5,2.490999937057495,-8665,-8899,False,False
1784742958.8314664,386127.2689525,0,0,0,0,57.02999877929688,0.9509999752044678,-1.7454829216003418,15.35924243927002,-21.42354393005371,-1.7454829216003418,10.316228866577148,15.35924243927002,1315.5853271484375,0.0,618.891357421875,1184.126220703125,-470.5192260742188,1066.11572265625,-1.7879730463027954,-1.4111608266830444,-3.104569911956787,-4.850052833557129,-102.4180908203125,-117.77732849121094,1315.5853271484375,1315.5853271484375,1400.0,1400.0,2.499000072479248,4.989999771118164,-8665,-8899,False,False
1784742958.8330674,386127.2705543,0,0,0,0,57.032501220703125,1.062000036239624,-1.7033365964889526,21.39561653137207,-40.11698532104492,-1.7033365964889526,26.424945831298828,21.39561653137207,1411.5626220703125,0.0,618.891357421875,1184.126220703125,-470.5192260742188,1062.78662109375,-1.7879730463027954,-1.4111608266830444,-3.146716356277466,-4.850052833557129,-104.97404479980467,-126.36965942382812,1411.5626220703125,1411.5626220703125,1400.0,1400.0,2.502000093460083,2.492000102996826,-8658,-8892,False,False
1784742958.8352413,386127.2727242,0,0,0,0,57.03499984741211,1.162999987602234,-1.6339842081069946,32.792781829833984,-1.3495837450027466,-1.6339842081069946,37.95742416381836,32.792781829833984,1589.1214599609375,0.0,618.891357421875,1184.126220703125,-470.5192260742188,1061.271728515625,-1.7879730463027954,-1.4111608266830444,-3.216068744659424,-4.850052833557129,-109.4727554321289,-142.26553344726562,1589.1214599609375,1589.1214599609375,1400.0,1400.0,2.496999979019165,4.988999843597412,-8658,-8892,False,False
1784742958.8373382,386127.2748232,0,0,0,0,57.03750228881836,0.0640000030398368,-1.5228726863861084,27.15386199951172,-12.184616088867188,-1.5228726863861084,22.137454986572266,27.15386199951172,1553.2525634765625,0.0,618.891357421875,1184.126220703125,-470.5192260742188,1082.35888671875,-1.7879730463027954,-1.4111608266830444,-3.3271801471710205,-4.850052833557129,-111.9005355834961,-139.0543975830078,1553.2525634765625,1553.2525634765625,1400.0,1400.0,2.503000020980835,2.492000102996826,-8651,-8885,False,False
1784742958.8391938,386127.2766793,0,0,0,0,57.040000915527344,0.1570000052452087,-1.4772160053253174,18.60178565979004,-13.66823673248291,-1.4772160053253174,17.06246566772461,18.60178565979004,1454.939208984375,0.0,618.891357421875,1184.126220703125,-470.5192260742188,1091.95166015625,-1.7879730463027954,-1.4111608266830444,-3.3728368282318115,-4.850052833557129,-111.65113830566406,-130.2529296875,1454.939208984375,1454.939208984375,1400.0,1400.0,2.497999906539917,4.989999771118164,-8651,-8885,False,False
1784742958.843109,386127.280596,0,0,0,0,57.04249954223633,0.2529999911785126,-1.4251753091812134,23.131576538085938,21.932701110839844,-1.4251753091812134,24.307451248168945,23.131576538085938,1534.2587890625,0.0,618.891357421875,1184.126220703125,-470.5192260742188,1118.0860595703125,-1.7879730463027954,-1.4111608266830444,-3.424877643585205,-4.850052833557129,-114.22239685058594,-137.35397338867188,1534.2587890625,1534.2587890625,1600.0,1600.0,2.499000072479248,2.489000082015991,-8644,-8878,False,False
1784742958.845467,386127.2829527,0,0,0,0,57.04499816894531,0.3549999892711639,-1.361177921295166,28.384700775146484,-2.485544443130493,-1.361177921295166,29.70619010925293,28.384700775146484,1627.547607421875,0.0,618.891357421875,1184.126220703125,-470.5192260742188,1130.0054931640625,-1.7879730463027954,-1.4111608266830444,-3.488874912261963,-4.850052833557129,-117.32093811035156,-145.7056427001953,1627.547607421875,1627.547607421875,1600.0,1600.0,2.499000072479248,4.98799991607666,-8644,-8878,False,False
1784742958.8491783,386127.2866619,0,0,0,0,57.04750061035156,0.4589999914169311,-1.298444151878357,24.673885345458984,2.206141948699951,-1.298444151878357,21.717456817626957,24.673885345458984,1600.231201171875,0.0,618.891357421875,1184.126220703125,-470.5192260742188,1168.116943359375,-1.7879730463027954,-1.4111608266830444,-3.551608800888061,-4.850052833557129,-118.58625793457033,-143.26014709472656,1600.231201171875,1600.231201171875,1400.0,1400.0,2.503000020980835,2.490999937057495,-8636,-8870,False,False
1784742958.8493097,386127.2867978,0,0,0,0,57.04999923706055,0.5550000071525574,-1.2524055242538452,19.42915725708008,-10.96184539794922,-1.2524055242538452,19.214962005615234,19.42915725708008,1763.3123779296875,0.0,537.891845703125,1184.126220703125,-630.2250366210938,1185.4632568359375,-2.39485502243042,-1.4111608266830444,-4.204529285430908,-5.456934928894043,-138.43077087402344,-157.85992431640625,1763.3123779296875,1763.3123779296875,1400.0,1400.0,2.5,4.991000175476074,-8636,-8870,False,False
1784742958.8532393,386127.2907244,0,0,0,0,57.0525016784668,0.6610000133514404,-1.215714931488037,14.149080276489258,7.788049221038818,-1.215714931488037,11.77747631072998,14.149080276489258,1705.6524658203125,0.0,537.891845703125,1184.126220703125,-630.2250366210938,1204.25830078125,-2.39485502243042,-1.4111608266830444,-4.241219997406006,-5.456934928894043,-138.54885864257812,-152.69793701171875,1705.6524658203125,1705.6524658203125,1600.0,1600.0,2.500999927520752,2.492000102996826,-8629,-8863,False,False
1784742958.858308,386127.2957933,0,0,0,0,57.05500030517578,0.7480000257492065,-1.1894758939743042,9.040534019470217,2.247222185134888,-1.1894758939743042,6.781236171722412,9.040534019470217,1646.5556640625,0.0,537.891845703125,1184.126220703125,-630.2250366210938,1212.8182373046875,-2.39485502243042,-1.4111608266830444,-4.267458915710449,-5.456934928894043,-138.36679077148438,-147.40733337402344,1646.5556640625,1646.5556640625,1600.0,1600.0,2.497999906539917,4.989999771118164,-8629,-8863,False,False
1784742958.8594542,386127.2969401,0,0,0,0,57.05750274658203,0.8539999723434448,-1.1721038818359375,7.607769966125488,-5.093918323516846,-1.1721038818359375,7.822484016418457,7.607769966125488,1633.5601806640625,0.0,537.891845703125,1184.126220703125,-630.2250366210938,1249.37890625,-2.39485502243042,-1.4111608266830444,-4.2848310470581055,-5.456934928894043,-138.6361541748047,-146.24392700195312,1633.5601806640625,1633.5601806640625,1800.0,1800.0,2.500999927520752,2.490999937057495,-8621,-8855,False,False
1784742958.8611023,386127.2985899,0,0,0,0,57.060001373291016,0.9490000009536744,-1.1513549089431765,10.078304290771484,-20.35651016235352,-1.1513549089431765,11.768726348876951,10.078304290771484,1674.092041015625,0.0,537.891845703125,1184.126220703125,-630.2250366210938,1266.0343017578125,-2.39485502243042,-1.4111608266830444,-4.305580139160156,-5.456934928894043,-139.79421997070312,-149.87252807617188,1674.092041015625,1674.092041015625,1800.0,1800.0,2.499000072479248,4.989999771118164,-8621,-8855,False,False
1784742958.8630395,386127.3005267,0,0,0,0,57.0625,1.0460000038146973,-1.1268656253814695,9.152987480163574,17.97535514831543,-1.1268656253814695,7.909984111785889,9.152987480163574,1670.4427490234375,0.0,537.891845703125,1184.126220703125,-630.2250366210938,1306.265625,-2.39485502243042,-1.4111608266830444,-4.330069541931152,-5.456934928894043,-140.392822265625,-149.54580688476562,1670.4427490234375,1670.4427490234375,1600.0,1600.0,2.499000072479248,2.489000082015991,-8612,-8846,False,False
1784742958.8650317,386127.3025196,0,0,0,0,57.06499862670898,1.1510000228881836,-1.12216055393219,-0.1405608654022216,28.22140312194824,-1.12216055393219,-3.569992780685425,-0.1405608654022216,1547.552490234375,0.0,537.891845703125,1184.126220703125,-630.2250366210938,1324.6192626953125,-2.39485502243042,-1.4111608266830444,-4.334774494171143,-5.456934928894043,-138.68467712402344,-138.5441131591797,1547.552490234375,1547.552490234375,1600.0,1600.0,2.5,4.988999843597412,-8612,-8846,False,False
1784742958.867147,386127.3046338,0,0,0,0,57.067501068115234,0.0549999997019767,-1.1195229291915894,2.8347384929656982,13.96922492980957,-1.1195229291915894,3.919991970062256,2.8347384929656982,1588.3765869140625,0.0,537.891845703125,1184.126220703125,-630.2250366210938,1365.652587890625,-2.39485502243042,-1.4111608266830444,-4.337411880493164,-5.456934928894043,-139.3641357421875,-142.19886779785156,1588.3765869140625,1588.3765869140625,1600.0,1600.0,2.502000093460083,2.490999937057495,-8604,-8838,False,False
1784742958.8695023,386127.3069869,0,0,0,0,57.06999969482422,0.1500000059604644,-1.103508472442627,8.133599281311035,-9.524867057800291,-1.103508472442627,9.073731422424316,8.133599281311035,1665.1273193359375,0.0,537.891845703125,1184.126220703125,-630.2250366210938,1384.3348388671875,-2.39485502243042,-1.4111608266830444,-4.353426456451416,-5.456934928894043,-140.93637084960938,-149.06996154785156,1665.1273193359375,1665.1273193359375,1600.0,1600.0,2.499000072479248,4.989999771118164,-8604,-8838,False,False
1784742958.873186,386127.310672,0,0,0,0,57.0724983215332,0.25,-1.09470796585083,1.0352928638458252,19.27115631103516,-1.09470796585083,-3.4387431144714355,1.0352928638458252,1976.82568359375,0.0,456.8974304199219,1184.126220703125,-927.4373779296876,1436.368896484375,-3.524261951446533,-1.4111608266830444,-5.491633892059326,-6.586341857910156,-175.93934631347656,-176.97463989257812,1976.82568359375,1976.82568359375,1600.0,1600.0,2.499000072479248,2.489000082015991,-8596,-8830,False,False
1784742958.8751829,386127.3126682,0,0,0,0,57.07499694824219,0.3470000028610229,-1.1124528646469116,-9.95750904083252,-19.07371711730957,-1.1124528646469116,-13.326223373413086,-9.95750904083252,1823.1337890625,0.0,456.8974304199219,1184.126220703125,-927.4373779296876,1460.1007080078125,-3.524261951446533,-1.4111608266830444,-5.473888874053955,-6.586341857910156,-173.17294311523438,-163.21543884277344,1823.1337890625,1823.1337890625,1600.0,1600.0,2.499000072479248,4.98799991607666,-8596,-8830,False,False
1784742958.8792825,386127.3167677,0,0,0,0,57.07749938964844,0.4429999887943268,-1.137205958366394,-8.115968704223633,23.144752502441406,-1.137205958366394,-5.2237396240234375,-8.115968704223633,1838.9703369140625,0.0,456.8974304199219,1184.126220703125,-927.4373779296876,1503.6051025390625,-3.524261951446533,-1.4111608266830444,-5.449135780334473,-6.586341857910156,-172.74916076660156,-164.63319396972656,1838.9703369140625,1838.9703369140625,2000.0,2000.0,2.503000020980835,2.490999937057495,-8588,-8822,False,False
1784742958.879573,386127.3170603,0,0,0,0,57.08000183105469,0.5479999780654907,-1.143191933631897,1.2915122509002686,6.517763137817383,-1.143191933631897,6.3699870109558105,1.2915122509002686,1962.9296875,0.0,456.8974304199219,1184.126220703125,-927.4373779296876,1523.4010009765625,-3.524261951446533,-1.4111608266830444,-5.443150043487549,-6.586341857910156,-174.43910217285156,-175.73062133789062,1962.9296875,1962.9296875,2000.0,2000.0,2.499000072479248,4.989999771118164,-8588,-8822,False,False
1784742958.8834164,386127.3209003,0,0,0,0,57.08250045776367,0.6470000147819519,-1.1409565210342407,-1.6832594871520996,2.8348581790924072,-1.1409565210342407,-5.136239528656006,-1.6832594871520996,1923.8546142578125,0.0,456.8974304199219,1184.126220703125,-927.4373779296876,1565.0645751953125,-3.524261951446533,-1.4111608266830444,-5.445385456085205,-6.586341857910156,-173.91567993164062,-172.232421875,1923.8546142578125,1923.8546142578125,1800.0,1800.0,2.499000072479248,2.489000082015991,-8578,-8812,False,False
1784742958.885285,386127.3227697,0,0,0,0,57.084999084472656,0.7350000143051147,-1.1816593408584597,-20.981081008911133,4.074095249176025,-1.1816593408584597,-26.72244644165039,-20.981081008911133,1650.6351318359375,0.0,456.8974304199219,1184.126220703125,-927.4373779296876,1584.0716552734375,-3.524261951446533,-1.4111608266830444,-5.404682636260986,-6.586341857910156,-168.7536163330078,-147.7725372314453,1650.6351318359375,1650.6351318359375,1800.0,1800.0,2.5,4.988999843597412,-8578,-8812,False,False
1784742958.889187,386127.3266733,0,0,0,0,57.087501525878906,0.8450000286102295,-1.2317159175872805,-18.7092342376709,-45.96162033081055,-1.2317159175872805,-14.953720092773438,-18.7092342376709,1663.19482421875,0.0,456.8974304199219,1184.126220703125,-927.4373779296876,1614.51611328125,-3.524261951446533,-1.4111608266830444,-5.354626178741455,-6.586341857910156,-167.60618591308594,-148.89695739746094,1663.19482421875,1663.19482421875,2000.0,2000.0,2.502000093460083,2.490999937057495,-8569,-8803,False,False
1784742958.889367,386127.326855,0,0,0,0,57.09000015258789,0.9359999895095824,-1.260547757148743,-10.368915557861328,16.790637969970703,-1.260547757148743,-8.014984130859375,-10.368915557861328,1764.6839599609375,0.0,456.8974304199219,1184.126220703125,-927.4373779296876,1628.3809814453125,-3.524261951446533,-1.4111608266830444,-5.325794219970703,-6.586341857910156,-168.35162353515625,-157.9827117919922,1764.6839599609375,1764.6839599609375,2000.0,2000.0,2.5,4.991000175476074,-8569,-8803,False,False
1784742958.8932817,386127.3307675,0,0,0,0,57.09250259399414,1.037999987602234,-1.2847766876220703,-13.055342674255373,29.343090057373047,-1.2847766876220703,-16.62496566772461,-13.055342674255373,2149.310791015625,0.0,384.8858337402344,1184.126220703125,-1243.4951171875,1667.3564453125,-4.725281238555908,-1.4111608266830444,-6.502584457397461,-7.787361145019531,-205.4716339111328,-192.41629028320312,2149.310791015625,2149.310791015625,1600.0,1600.0,2.500999927520752,2.492000102996826,-8559,-8793,False,False
1784742958.8957112,386127.333197,0,0,0,0,57.09499740600586,1.1369999647140503,-1.3405317068099976,-28.49527740478516,11.41845989227295,-1.3405317068099976,-36.11992645263672,-28.49527740478516,1922.422607421875,0.0,384.8858337402344,1184.126220703125,-1243.4951171875,1685.0977783203125,-4.725281238555908,-1.4111608266830444,-6.446829319000244,-7.787361145019531,-200.5994873046875,-172.10421752929688,1922.422607421875,1922.422607421875,1600.0,1600.0,2.496000051498413,4.98799991607666,-8559,-8793,False,False
1784742958.8980255,386127.3355116,0,0,0,0,57.097503662109375,0.0410000011324882,-1.459087610244751,-35.76879119873047,20.137060165405277,-1.459087610244751,-37.38867568969727,-35.76879119873047,1782.5504150390625,0.0,384.8858337402344,1184.126220703125,-1243.4951171875,1693.214111328125,-4.725281238555908,-1.4111608266830444,-6.328273773193359,-7.787361145019531,-195.3509979248047,-159.58221435546875,1782.5504150390625,1782.5504150390625,2000.0,2000.0,2.503999948501587,2.492000102996826,-8551,-8785,False,False
1784742958.8990226,386127.3365106,0,0,0,0,57.10000228881836,0.1379999965429306,-1.5590001344680786,-45.32686996459961,31.49173164367676,-1.5590001344680786,-50.28614807128906,-45.32686996459961,1618.719482421875,0.0,384.8858337402344,1184.126220703125,-1243.4951171875,1696.905029296875,-4.725281238555908,-1.4111608266830444,-6.228361129760742,-7.787361145019531,-190.2421875,-144.91531372070312,1618.719482421875,1618.719482421875,2000.0,2000.0,2.499000072479248,4.991000175476074,-8551,-8785,False,False
1784742958.9032085,386127.3406939,0,0,0,0,57.10249710083008,0.238999992609024,-1.6853628158569336,-54.15570831298828,6.88752555847168,-1.6853628158569336,-55.80738830566406,-54.15570831298828,1455.209228515625,0.0,384.8858337402344,1184.126220703125,-1243.4951171875,1731.2144775390625,-4.725281238555908,-1.4111608266830444,-6.101998329162598,-7.787361145019531,-184.43280029296875,-130.277099609375,1455.209228515625,1455.209228515625,1800.0,1800.0,2.497999906539917,2.489000082015991,-8541,-8775,False,False
1784742958.9072125,386127.3446969,0,0,0,0,57.10499954223633,0.3319999873638153,-1.8103551864624023,-51.41532897949219,10.225713729858398,-1.8103551864624023,-50.93364715576172,-51.41532897949219,1447.2640380859375,0.0,384.8858337402344,1184.126220703125,-1243.4951171875,1746.8756103515625,-4.725281238555908,-1.4111608266830444,-5.977005958557129,-7.787361145019531,-180.9811248779297,-129.5657958984375,1447.2640380859375,1447.2640380859375,1800.0,1800.0,2.5,4.988999843597412,-8541,-8775,False,False
1784742958.908303,386127.3457892,0,0,0,0,57.10749816894531,0.4350000023841858,-1.9426207542419436,-57.39277648925781,-11.60183811187744,-1.9426207542419436,-59.77988052368164,-57.39277648925781,1319.8638916015625,0.0,384.8858337402344,1184.126220703125,-1243.4951171875,1764.902099609375,-4.725281238555908,-1.4111608266830444,-5.844740390777588,-7.787361145019531,-175.5531463623047,-118.16036224365234,1319.8638916015625,1319.8638916015625,1400.0,1400.0,2.500999927520752,2.490000009536743,-8532,-8766,False,False
1784742958.909214,386127.346699,0,0,0,0,57.11000061035156,0.5289999842643738,-2.0866472721099854,-60.07238006591797,-14.902077674865724,-2.0866472721099854,-60.82987594604492,-60.07238006591797,1232.46484375,0.0,384.8858337402344,1184.126220703125,-1243.4951171875,1773.118408203125,-4.725281238555908,-1.4111608266830444,-5.700714111328125,-7.787361145019531,-170.4083709716797,-110.33599090576172,1232.46484375,1232.46484375,1400.0,1400.0,2.500999927520752,4.991000175476074,-8532,-8766,False,False
1784742958.9135716,386127.3510561,0,0,0,0,57.11250305175781,0.6380000114440918,-2.22064471244812,-55.37876510620117,20.536890029907227,-2.22064471244812,-54.5561408996582,-55.37876510620117,1247.482177734375,0.0,384.8858337402344,1184.126220703125,-1243.4951171875,1755.09521484375,-4.725281238555908,-1.4111608266830444,-5.56671667098999,-7.787361145019531,-167.05917358398438,-111.68041229248048,1247.482177734375,1247.482177734375,1400.0,1400.0,2.500999927520752,2.492000102996826,-8525,-8759,False,False
1784742958.915474,386127.352957,0,0,0,0,57.11499786376953,0.7319999933242798,-2.3626813888549805,-61.98273086547852,11.47776699066162,-2.3626813888549805,-65.41487121582031,-61.98273086547852,1390.30908203125,0.0,303.8989562988281,1173.3717041015625,-1451.1962890625,1746.888916015625,-5.514545917510986,-1.4111608266830444,-6.213944435119629,-8.57662582397461,-186.44967651367188,-124.4669418334961,1390.30908203125,1390.30908203125,1400.0,1400.0,2.496999979019165,4.988999843597412,-8525,-8759,False,False
1784742958.9194465,386127.3569319,0,0,0,0,57.11750030517578,0.8309999704360962,-2.518796920776367,-63.35870361328125,-10.517951011657717,-2.518796920776367,-61.14487457275391,-63.35870361328125,1316.06298828125,0.0,303.8989562988281,1173.3717041015625,-1451.1962890625,1732.251953125,-5.514545917510986,-1.4111608266830444,-6.057828903198242,-8.57662582397461,-181.1787872314453,-117.82007598876952,1316.06298828125,1316.06298828125,1200.0,1200.0,2.502000093460083,2.490999937057495,-8518,-8752,False,False
1784742958.921276,386127.358761,0,0,0,0,57.12000274658203,0.9269999861717224,-2.656661033630371,-55.49514389038086,9.9360933303833,-2.656661033630371,-53.0248908996582,-55.49514389038086,1372.1884765625,0.0,303.8989562988281,1173.3717041015625,-1451.1962890625,1725.586181640625,-5.514545917510986,-1.4111608266830444,-5.919964790344238,-8.57662582397461,-178.33984375,-122.84469604492188,1372.1884765625,1372.1884765625,1200.0,1200.0,2.5,4.991000175476074,-8518,-8752,False,False
1784742958.9233406,386127.3608248,0,0,0,0,57.122501373291016,1.0290000438690186,-2.7909624576568604,-57.98537826538086,1.9938703775405884,-2.7909624576568604,-59.78862762451172,-57.98537826538086,1290.8038330078125,0.0,303.8989562988281,1173.3717041015625,-1451.1962890625,1700.791015625,-5.514545917510986,-1.4111608266830444,-5.78566312789917,-8.57662582397461,-173.5441436767578,-115.55876922607422,1290.8038330078125,1290.8038330078125,1400.0,1400.0,2.499000072479248,2.490000009536743,-8512,-8746,False,False
1784742958.925438,386127.3629214,0,0,0,0,57.124996185302734,1.1089999675750732,-2.9351179599761963,-59.77457809448242,-6.396057605743408,-2.9351179599761963,-60.47112655639648,-59.77457809448242,1215.2938232421875,0.0,303.8989562988281,1173.3717041015625,-1451.1962890625,1689.4853515625,-5.514545917510986,-1.4111608266830444,-5.641507625579834,-8.57662582397461,-168.57333374023438,-108.79875183105467,1215.2938232421875,1215.2938232421875,1400.0,1400.0,2.497999906539917,4.98799991607666,-8512,-8746,False,False
1784742958.9273343,386127.3648195,0,0,0,0,57.12750244140625,0.0320000015199184,-3.141533613204956,-59.10406494140625,37.08090591430664,-3.141533613204956,-60.91737747192383,-59.10406494140625,1150.49951171875,0.0,303.8989562988281,1173.3717041015625,-1451.1962890625,1673.4266357421875,-5.514545917510986,-1.4111608266830444,-5.435091972351074,-8.57662582397461,-162.10214233398438,-102.9980697631836,1150.49951171875,1150.49951171875,1200.0,1200.0,2.503999948501587,2.492000102996826,-8505,-8739,False,False
1784742958.9292555,386127.3667407,0,0,0,0,57.130001068115234,0.1280000060796737,-3.2849316596984863,-60.53693389892578,-12.77575397491455,-3.2849316596984863,-60.943626403808594,-60.53693389892578,1080.0364990234375,0.0,303.8989562988281,1173.3717041015625,-1451.1962890625,1666.1256103515625,-5.514545917510986,-1.4111608266830444,-5.291694164276123,-8.57662582397461,-157.22682189941406,-96.6898956298828,1080.0364990234375,1080.0364990234375,1200.0,1200.0,2.497999906539917,4.989999771118164,-8505,-8739,False,False
1784742958.9361153,386127.3735995,0,0,0,0,57.13249969482422,0.2349999994039535,-3.429306983947754,-57.04573059082031,-24.066381454467773,-3.429306983947754,-52.858642578125,-57.04573059082031,1075.2269287109375,0.0,303.8989562988281,1173.3717041015625,-1451.1962890625,1619.2679443359375,-5.514545917510986,-1.4111608266830444,-5.147318840026856,-8.57662582397461,-153.3050537109375,-96.2593231201172,1075.2269287109375,1075.2269287109375,1200.0,1200.0,2.5,2.490000009536743,-8499,-8733,False,False
1784742958.9363065,386127.3737924,0,0,0,0,57.1349983215332,0.3230000138282776,-3.564868450164795,-54.17918014526367,-19.23960876464844,-3.564868450164795,-51.95739364624024,-54.17918014526367,1065.1949462890625,0.0,303.8989562988281,1173.3717041015625,-1451.1962890625,1597.909423828125,-5.514545917510986,-1.4111608266830444,-5.011757373809815,-8.57662582397461,-149.5404052734375,-95.36122131347656,1065.1949462890625,1065.1949462890625,1200.0,1200.0,2.499000072479248,4.988999843597412,-8499,-8733,False,False
1784742958.939236,386127.3767208,0,0,0,0,57.13750076293945,0.4250000119209289,-3.694036245346069,-53.49138259887695,-31.72676086425781,-3.694036245346069,-54.58238983154297,-53.49138259887695,924.7714233398438,0.0,222.89212036132807,1146.476806640625,-1375.0172119140625,1555.49951171875,-5.2250657081604,-1.4111608266830444,-4.593109130859375,-8.287145614624023,-136.28121948242188,-82.78983306884766,924.7714233398438,924.7714233398438,1000.0,1000.0,2.502000093460083,2.490999937057495,-8493,-8727,False,False
1784742958.9393167,386127.3768048,0,0,0,0,57.13999938964844,0.5239999890327454,-3.819579839706421,-50.226322174072266,-13.90859317779541,-3.819579839706421,-48.238651275634766,-50.226322174072266,923.6619262695312,0.0,222.89212036132807,1146.476806640625,-1375.0172119140625,1536.185546875,-5.2250657081604,-1.4111608266830444,-4.467565536499023,-8.287145614624023,-132.91683959960938,-82.69051361083984,923.6619262695312,923.6619262695312,1000.0,1000.0,2.5,4.991000175476074,-8493,-8727,False,False
1784742958.9431272,386127.3806139,0,0,0,0,57.14250183105469,0.6240000128746033,-3.933580636978149,-46.603424072265625,1.9409667253494265,-3.933580636978149,-46.52365493774414,-46.603424072265625,931.4749755859376,0.0,222.89212036132807,1146.476806640625,-1375.0172119140625,1472.973388671875,-5.2250657081604,-1.4111608266830444,-4.353564739227295,-8.287145614624023,-129.99339294433594,-83.38996887207031,931.4749755859376,931.4749755859376,1000.0,1000.0,2.5,2.490999937057495,-8488,-8722,False,False
1784742958.9450593,386127.3825474,0,0,0,0,57.144996643066406,0.7170000076293945,-4.047605514526367,-46.77075958251953,-1.7979167699813845,-4.047605514526367,-46.55865478515625,-46.77075958251953,888.4744873046875,0.0,222.89212036132807,1146.476806640625,-1375.0172119140625,1444.1754150390625,-5.2250657081604,-1.4111608266830444,-4.239539623260498,-8.287145614624023,-126.31111907958984,-79.54035949707031,888.4744873046875,888.4744873046875,1000.0,1000.0,2.496999979019165,4.98799991607666,-8488,-8722,False,False
1784742958.9471028,386127.3845907,0,0,0,0,57.147499084472656,0.8199999928474426,-4.155474662780762,-42.25998306274414,-16.95977783203125,-4.155474662780762,-38.79742050170898,-42.25998306274414,910.38037109375,0.0,222.89212036132807,1146.476806640625,-1375.0172119140625,1398.36669921875,-5.2250657081604,-1.4111608266830444,-4.131670951843262,-8.287145614624023,-123.761474609375,-81.5014877319336,910.38037109375,910.38037109375,1000.0,1000.0,2.500999927520752,2.489000082015991,-8483,-8717,False,False
1784742958.949288,386127.3867735,0,0,0,0,57.150001525878906,0.9169999957084656,-4.250372886657715,-37.261837005615234,-24.570241928100582,-4.250372886657715,-33.643680572509766,-37.261837005615234,943.4553833007812,0.0,222.89212036132807,1146.476806640625,-1375.0172119140625,1377.4818115234375,-5.2250657081604,-1.4111608266830444,-4.03677225112915,-8.287145614624023,-121.72434997558594,-84.46250915527344,943.4553833007812,943.4553833007812,1000.0,1000.0,2.502000093460083,4.991000175476074,-8483,-8717,False,False
1784742958.953402,386127.3908852,0,0,0,0,57.15250015258789,1.0210000276565552,-4.325929164886475,-29.265382766723636,13.481621742248535,-4.325929164886475,-26.363697052001957,-29.265382766723636,1023.6338500976562,0.0,222.89212036132807,1146.476806640625,-1375.0172119140625,1313.547607421875,-5.2250657081604,-1.4111608266830444,-3.961216449737549,-8.287145614624023,-120.90584564208984,-91.64046478271484,1023.6338500976562,1023.6338500976562,800.0,800.0,2.500999927520752,2.492000102996826,-8478,-8712,False,False
1784742958.955171,386127.3926575,0,0,0,0,57.15499877929688,1.1150000095367432,-4.387957572937012,-23.894678115844727,15.86800479888916,-4.387957572937012,-21.796205520629883,-23.894678115844727,1073.45166015625,0.0,222.89212036132807,1146.476806640625,-1375.0172119140625,1284.4373779296875,-5.2250657081604,-1.4111608266830444,-3.8991878032684326,-8.287145614624023,-119.9950714111328,-96.10039520263672,1073.45166015625,1073.45166015625,800.0,800.0,2.496999979019165,4.988999843597412,-8478,-8712,False,False
1784742958.9592476,386127.3967327,0,0,0,0,57.157501220703125,1.218000054359436,-4.436975002288818,-18.55293273925781,-4.143301010131836,-4.436975002288818,-15.97746753692627,-18.55293273925781,799.5494995117188,0.0,150.88841247558594,1109.9117431640625,-1133.549072265625,1216.682373046875,-4.307486057281494,-1.4111608266830444,-2.932590961456299,-7.369565963745117,-90.13232421875,-71.57939147949219,799.5494995117188,799.5494995117188,1000.0,1000.0,2.503000020980835,2.492000102996826,-8474,-8708,False,False
1784742958.9593985,386127.3968864,0,0,0,0,57.15999984741211,0.1150000020861625,-4.470484256744385,-1.707208514213562,-12.372262954711914,-4.470484256744385,4.374990940093994,-1.707208514213562,1013.3741455078124,0.0,150.88841247558594,1109.9117431640625,-1133.549072265625,1185.85986328125,-4.307486057281494,-1.4111608266830444,-2.8990817070007324,-7.369565963745117,-92.42916870117188,-90.72196197509766,1013.3741455078124,1013.3741455078124,1000.0,1000.0,2.497999906539917,4.989999771118164,-8474,-8708,False,False
1784742958.9631498,386127.4006377,0,0,0,0,57.16249847412109,0.2160000056028366,-4.456062316894531,6.964268207550049,-12.75282859802246,-4.456062316894531,9.047481536865234,6.964268207550049,1134.7628173828125,0.0,150.88841247558594,1109.9117431640625,-1133.549072265625,1150.0374755859375,-4.307486057281494,-1.4111608266830444,-2.913503885269165,-7.369565963745117,-94.6249771118164,-101.58924102783205,1134.7628173828125,1134.7628173828125,800.0,800.0,2.499000072479248,2.489000082015991,-8469,-8703,False,False
1784742958.9657886,386127.4032763,0,0,0,0,57.16499710083008,0.3079999983310699,-4.442051887512207,4.426505565643311,-19.22596549987793,-4.442051887512207,3.377493143081665,4.426505565643311,1105.754150390625,0.0,150.88841247558594,1109.9117431640625,-1133.549072265625,1133.6951904296875,-4.307486057281494,-1.4111608266830444,-2.9275143146514893,-7.369565963745117,-94.56575775146484,-98.99226379394533,1105.754150390625,1105.754150390625,800.0,800.0,2.5,4.988999843597412,-8469,-8703,False,False
1784742958.9673398,386127.4048248,0,0,0,0,57.16749954223633,0.414000004529953,-4.4200873374938965,14.668461799621582,-13.470733642578123,-4.4200873374938965,23.134952545166016,14.668461799621582,1250.889892578125,0.0,150.88841247558594,1109.9117431640625,-1133.549072265625,1093.5899658203125,-4.307486057281494,-1.4111608266830444,-2.9494788646698,-7.369565963745117,-97.3170166015625,-111.98548126220705,1250.889892578125,1250.889892578125,1200.0,1200.0,2.500999927520752,2.490000009536743,-8465,-8699,False,False
1784742958.9693923,386127.4068745,0,0,0,0,57.17000198364258,0.5120000243186951,-4.356757640838623,30.006580352783203,2.519915580749512,-4.356757640838623,34.81618118286133,30.006580352783203,1479.120849609375,0.0,150.88841247558594,1109.9117431640625,-1133.549072265625,1075.31005859375,-4.307486057281494,-1.4111608266830444,-3.012808561325073,-7.369565963745117,-102.41119384765624,-132.4177703857422,1479.120849609375,1479.120849609375,1200.0,1200.0,2.500999927520752,4.991000175476074,-8465,-8699,False,False
1784742958.9732893,386127.4107731,0,0,0,0,57.17250061035156,0.6060000061988831,-4.285410404205322,27.531396865844727,24.73718643188477,-4.285410404205322,23.77370262145996,27.531396865844727,1471.4456787109375,0.0,150.88841247558594,1109.9117431640625,-1133.549072265625,1066.978271484375,-4.307486057281494,-1.4111608266830444,-3.084156036376953,-7.369565963745117,-104.19927215576172,-131.7306671142578,1471.4456787109375,1471.4456787109375,1200.0,1200.0,2.500999927520752,2.492000102996826,-8459,-8693,False,False
1784742958.9770875,386127.4145721,0,0,0,0,57.17499923706055,0.7070000171661377,-4.240382671356201,16.052366256713867,15.231574058532717,-4.240382671356201,12.853723526000977,16.052366256713867,1333.674072265625,0.0,150.88841247558594,1109.9117431640625,-1133.549072265625,1063.1846923828125,-4.307486057281494,-1.4111608266830444,-3.129183530807495,-7.369565963745117,-103.34435272216795,-119.39671325683594,1333.674072265625,1333.674072265625,1200.0,1200.0,2.496999979019165,4.988999843597412,-8459,-8693,False,False
1784742958.9791434,386127.4166292,0,0,0,0,57.1775016784668,0.8080000281333923,-4.1992268562316895,17.23451805114746,-20.95737075805664,-4.1992268562316895,17.09746551513672,17.23451805114746,1364.2305908203125,0.0,150.88841247558594,1109.9117431640625,-1133.549072265625,1050.5675048828125,-4.307486057281494,-1.4111608266830444,-3.170339584350586,-7.369565963745117,-104.89776611328124,-122.13228607177734,1364.2305908203125,1364.2305908203125,1600.0,1600.0,2.500999927520752,2.490000009536743,-8453,-8687,False,False
1784742958.9792998,386127.416788,0,0,0,0,57.18000030517578,0.9079999923706056,-4.154600620269775,18.51511573791504,17.68447494506836,-4.154600620269775,19.661211013793945,18.51511573791504,1189.703369140625,0.0,69.89051055908203,1068.5889892578125,-980.6769409179688,1044.816650390625,-3.726572275161743,-1.4111608266830444,-2.634051561355591,-6.788652420043945,-87.99266815185547,-106.5077896118164,1189.703369140625,1189.703369140625,1600.0,1600.0,2.500999927520752,4.991000175476074,-8453,-8687,False,False
1784742958.9832716,386127.4207565,0,0,0,0,57.182498931884766,0.9959999918937684,-4.122497081756592,11.18464183807373,-26.812522888183597,-4.122497081756592,8.933732032775879,11.18464183807373,1102.919921875,0.0,69.89051055908203,1068.5889892578125,-980.6769409179688,1063.9534912109375,-3.726572275161743,-1.4111608266830444,-2.6661548614501958,-6.788652420043945,-87.55388641357422,-98.738525390625,1102.919921875,1102.919921875,1400.0,1400.0,2.499000072479248,2.490000009536743,-8445,-8679,False,False
1784742958.9854295,386127.4229137,0,0,0,0,57.18499755859375,1.10099995136261,-4.096282482147217,9.633697509765623,-33.023719787597656,-4.096282482147217,8.77623176574707,9.633697509765623,1091.5010986328125,0.0,69.89051055908203,1068.5889892578125,-980.6769409179688,1072.67919921875,-3.726572275161743,-1.4111608266830444,-2.6923696994781494,-6.788652420043945,-88.08256530761719,-97.7162628173828,1091.5010986328125,1091.5010986328125,1400.0,1400.0,2.497999906539917,4.98799991607666,-8445,-8679,False,False
1784742958.9872627,386127.4247459,0,0,0,0,57.18750381469727,1.2059999704360962,-4.072389602661133,8.874178886413574,5.308463096618652,-4.072389602661133,8.539982795715332,8.874178886413574,1089.8609619140625,0.0,69.89051055908203,1068.5889892578125,-980.6769409179688,1087.55908203125,-3.726572275161743,-1.4111608266830444,-2.7162628173828125,-6.788652420043945,-88.69524383544922,-97.56941986083984,1089.8609619140625,1089.8609619140625,1000.0,1000.0,2.503999948501587,2.492000102996826,-8438,-8672,False,False
1784742958.9892085,386127.4266944,0,0,0,0,57.19000244140625,0.1030000001192092,-4.052831172943115,3.145972728729248,-15.374334335327148,-4.052831172943115,1.513746976852417,3.145972728729248,1020.0703735351562,0.0,69.89051055908203,1068.5889892578125,-980.6769409179688,1094.325927734375,-3.726572275161743,-1.4111608266830444,-2.73582124710083,-6.788652420043945,-88.17546844482422,-91.32144165039062,1020.0703735351562,1020.0703735351562,1000.0,1000.0,2.499000072479248,4.991000175476074,-8438,-8672,False,False
1784742958.9935682,386127.4310536,0,0,0,0,57.192501068115234,0.2029999941587448,-4.042839050292969,4.711057186126709,6.608865261077881,-4.042839050292969,5.433739185333252,4.711057186126709,1044.6204833984375,0.0,69.89051055908203,1068.5889892578125,-980.6769409179688,1097.412109375,-3.726572275161743,-1.4111608266830444,-2.745813369750977,-6.788652420043945,-88.80823516845703,-93.51929473876952,1044.6204833984375,1044.6204833984375,1000.0,1000.0,2.499000072479248,2.490000009536743,-8433,-8667,False,False
1784742958.9951,386127.4325869,0,0,0,0,57.194969177246094,0.2770000100135803,-4.022473812103272,9.48083782196045,7.022721767425537,-4.022473812103272,10.841228485107422,9.48083782196045,1115.8345947265625,0.0,69.89051055908203,1068.5889892578125,-980.6769409179688,1098.8089599609375,-3.726572275161743,-1.4111608266830444,-2.7661783695220947,-6.788652420043945,-90.41387176513672,-99.89471435546876,1115.8345947265625,1115.8345947265625,1000.0,1000.0,2.470000028610229,4.960000038146973,-8433,-8667,False,False
1784742958.9970164,386127.4345041,0,0,0,0,57.19750213623047,0.4009999930858612,-4.003416538238525,4.626639366149902,8.361539840698242,-4.003416538238525,0.4637490510940552,4.626639366149902,1057.580322265625,0.0,69.89051055908203,1068.5889892578125,-980.6769409179688,1099.462158203125,-3.726572275161743,-1.4111608266830444,-2.785235643386841,-6.788652420043945,-90.05286407470703,-94.67950439453124,1057.580322265625,1057.580322265625,1200.0,1200.0,2.5309998989105225,2.490999937057495,-8428,-8662,False,False
1784742958.999119,386127.4366054,0,0,0,0,57.20000076293945,0.4979999959468841,-4.010194301605225,-5.158908367156982,-18.522050857543945,-4.010194301605225,-8.86373233795166,-5.158908367156982,923.9909057617188,0.0,69.89051055908203,1068.5889892578125,-980.6769409179688,1099.7547607421875,-3.726572275161743,-1.4111608266830444,-2.7784578800201416,-6.788652420043945,-87.87887573242188,-82.71996307373047,923.9909057617188,923.9909057617188,1200.0,1200.0,2.499000072479248,4.989999771118164,-8428,-8662,False,False
1784742959.00547,386127.4429549,0,0,0,0,57.20249938964844,0.6000000238418579,-4.024802684783936,-5.496219635009766,17.810226440429688,-4.024802684783936,-4.891240119934082,-5.496219635009766,995.1175537109376,0.0,0.0,1030.811767578125,-1099.7547607421875,1110.7694091796875,-4.179068088531494,-1.4111608266830444,-2.9900944232940674,-7.014897346496582,-94.58377838134766,-89.08755493164062,995.1175537109376,995.1175537109376,1000.0,1000.0,2.5,2.490000009536743,-8422,-8656,False,False
1784742959.0056388,386127.4431267,0,0,0,0,57.20500564575195,0.6959999799728394,-4.044538021087647,-9.651792526245115,-12.40002727508545,-4.044538021087647,-11.401226997375488,-9.651792526245115,932.3615112304688,0.0,0.0,1030.811767578125,-1099.7547607421875,1115.79931640625,-4.179068088531494,-1.4111608266830444,-2.9703590869903564,-7.014897346496582,-93.12113189697266,-83.4693374633789,932.3615112304688,932.3615112304688,1000.0,1000.0,2.50600004196167,4.995999813079834,-8422,-8656,False,False
1784742959.007178,386127.4446647,0,0,0,0,57.20750045776367,0.7979999780654907,-4.073071479797363,-12.978936195373535,-9.631610870361328,-4.073071479797363,-13.99122142791748,-12.978936195373535,877.5650024414062,0.0,0.0,1030.811767578125,-1099.7547607421875,1128.9521484375,-4.179068088531494,-1.4111608266830444,-2.9418258666992188,-7.014897346496582,-91.54264068603516,-78.56370544433594,877.5650024414062,877.5650024414062,1000.0,1000.0,2.496000051498413,2.492000102996826,-8417,-8651,False,False
1784742959.0099628,386127.447449,0,0,0,0,57.209999084472656,0.890999972820282,-4.102695941925049,-12.257944107055664,6.387000560760498,-4.102695941925049,-12.267475128173828,-12.257944107055664,876.64013671875,0.0,0.0,1030.811767578125,-1099.7547607421875,1134.959716796875,-4.179068088531494,-1.4111608266830444,-2.912201166152954,-7.014897346496582,-90.73884582519533,-78.48090362548828,876.64013671875,876.64013671875,1000.0,1000.0,2.497999906539917,4.989999771118164,-8417,-8651,False,False
1784742959.0132034,386127.4506891,0,0,0,0,57.212501525878906,0.99099999666214,-4.131790637969971,-13.272398948669434,5.567708015441895,-4.131790637969971,-14.2799711227417,-13.272398948669434,852.6425170898438,0.0,0.0,1030.811767578125,-1099.7547607421875,1137.703369140625,-4.179068088531494,-1.4111608266830444,-2.883106470108032,-7.014897346496582,-89.60492706298828,-76.33252716064453,852.6425170898438,852.6425170898438,800.0,800.0,2.502000093460083,2.492000102996826,-8412,-8646,False,False
1784742959.0152526,386127.452738,0,0,0,0,57.21500015258789,1.0889999866485596,-4.163587093353272,-12.899480819702148,23.402307510375977,-4.163587093353272,-12.267475128173828,-12.899480819702148,846.2756958007812,0.0,0.0,1030.811767578125,-1099.7547607421875,1138.9522705078125,-4.179068088531494,-1.4111608266830444,-2.8513100147247314,-7.014897346496582,-88.66202545166016,-75.76254272460938,846.2756958007812,846.2756958007812,800.0,800.0,2.497999906539917,4.989999771118164,-8412,-8646,False,False
1784742959.0172088,386127.4546948,0,0,0,0,57.21749877929688,1.190999984741211,-4.192622184753418,-11.305625915527344,2.900995969772339,-4.192622184753418,-10.683728218078612,-11.305625915527344,857.2616577148438,0.0,0.0,1030.811767578125,-1099.7547607421875,1139.5223388671875,-4.179068088531494,-1.4111608266830444,-2.822275161743164,-7.014897346496582,-88.05168151855469,-76.74605560302734,857.2616577148438,857.2616577148438,1000.0,1000.0,2.5,2.490000009536743,-8408,-8642,False,False
1784742959.0226648,386127.4601492,0,0,0,0,57.220001220703125,0.0869999974966049,-4.217294216156006,-4.574930667877197,-2.0528063774108887,-4.217294216156006,-3.9812419414520255,-4.574930667877197,938.6619873046876,0.0,0.0,1030.811767578125,-1099.7547607421875,1139.7822265625,-4.179068088531494,-1.4111608266830444,-2.797603130340576,-7.014897346496582,-88.60831451416016,-84.03338623046875,938.6619873046876,938.6619873046876,1000.0,1000.0,2.5,4.989999771118164,-8408,-8642,False,False
1784742959.0234437,386127.4609304,0,0,0,0,57.22249984741211,0.1809999942779541,-4.229300498962402,-4.877495288848877,-12.610445022583008,-4.229300498962402,-5.451239109039307,-4.877495288848877,930.3147583007812,0.0,0.0,1030.811767578125,-1099.7547607421875,1129.0194091796875,-4.179068088531494,-1.4111608266830444,-2.7855966091156006,-7.014897346496582,-88.1635971069336,-83.28610229492188,930.3147583007812,930.3147583007812,800.0,800.0,2.5,2.490000009536743,-8403,-8637,False,False
1784742959.0257478,386127.463233,0,0,0,0,57.22499847412109,0.2849999964237213,-4.247841835021973,-8.929923057556152,-17.000295639038086,-4.247841835021973,-10.46497917175293,-8.929923057556152,399.87933349609375,0.0,0.0,977.2547607421876,-1129.0194091796875,1124.1123046875,-4.290274143218994,-1.4111608266830444,-1.4535926580429075,-5.70143461227417,-44.728981018066406,-35.79905700683594,399.87933349609375,399.87933349609375,800.0,800.0,2.5,4.989999771118164,-8403,-8637,False,False
1784742959.0292318,386127.4667177,0,0,0,0,57.227500915527344,0.3869999945163727,-4.266327381134033,-5.337827682495117,2.03828763961792,-4.266327381134033,-2.4324951171875,-5.337827682495117,441.4208068847656,0.0,0.0,977.2547607421876,-1129.0194091796875,1100.1124267578125,-4.290274143218994,-1.4111608266830444,-1.4351073503494265,-5.70143461227417,-44.85586929321289,-39.518043518066406,441.4208068847656,441.4208068847656,1000.0,1000.0,2.5,2.490000009536743,-8399,-8633,False,False
1784742959.029494,386127.4669815,0,0,0,0,57.22999954223633,0.4869999885559082,-4.265010356903076,3.4159209728240967,1.8380768299102783,-4.265010356903076,6.94748592376709,3.4159209728240967,559.2279663085938,0.0,0.0,977.2547607421876,-1129.0194091796875,1089.1671142578125,-4.290274143218994,-1.4111608266830444,-1.4364244937896729,-5.70143461227417,-46.64876937866211,-50.06468963623047,559.2279663085938,559.2279663085938,1000.0,1000.0,2.500999927520752,4.991000175476074,-8399,-8633,False,False
1784742959.0333033,386127.4707887,0,0,0,0,57.23250198364258,0.5920000076293945,-4.252660751342773,5.066812038421631,1.389791488647461,-4.252660751342773,4.523740768432617,5.066812038421631,585.7709350585938,0.0,0.0,977.2547607421876,-1129.0194091796875,1051.5260009765625,-4.290274143218994,-1.4111608266830444,-1.448773980140686,-5.70143461227417,-47.37413024902344,-52.4409408569336,585.7709350585938,585.7709350585938,400.0,400.0,2.500999927520752,2.492000102996826,-8394,-8628,False,False
1784742959.0359962,386127.4734783,0,0,0,0,57.23500061035156,0.6819999814033508,-4.2393479347229,5.4693379402160645,30.371400833129883,-4.2393479347229,5.442489147186279,5.4693379402160645,595.9251098632812,0.0,0.0,977.2547607421876,-1129.0194091796875,1034.37841796875,-4.290274143218994,-1.4111608266830444,-1.4620869159698486,-5.70143461227417,-47.88064956665039,-53.3499870300293,595.9251098632812,595.9251098632812,400.0,400.0,2.499000072479248,4.991000175476074,-8394,-8628,False,False
1784742959.0372736,386127.4747562,0,0,0,0,57.23749923706055,0.7820000052452087,-4.215473651885986,12.274904251098633,3.729445457458496,-4.215473651885986,15.163719177246094,12.274904251098633,695.681396484375,0.0,0.0,977.2547607421876,-1129.0194091796875,972.1494750976562,-4.290274143218994,-1.4111608266830444,-1.4859609603881836,-5.70143461227417,-50.00573348999024,-62.28063583374024,695.681396484375,695.681396484375,600.0,600.0,2.5,2.490999937057495,-8392,-8626,False,False
1784742959.043385,386127.48087,0,0,0,0,57.2400016784668,0.8799999952316284,-4.166306018829346,23.341331481933597,-0.7905853986740112,-4.166306018829346,27.7111930847168,23.341331481933597,861.5919189453125,0.0,0.0,977.2547607421876,-1129.0194091796875,943.784423828125,-4.290274143218994,-1.4111608266830444,-1.5351287126541138,-5.70143461227417,-53.79238510131836,-77.13371276855469,861.5919189453125,861.5919189453125,600.0,600.0,2.499000072479248,4.989999771118164,-8392,-8626,False,False
1784742959.0442617,386127.4817491,0,0,0,0,57.24250030517578,0.9829999804496764,-4.099903583526611,28.491182327270508,-1.0607781410217283,-4.099903583526611,30.029939651489254,28.491182327270508,954.3562622070312,0.0,0.0,977.2547607421876,-1129.0194091796875,909.0908813476562,-4.290274143218994,-1.4111608266830444,-1.601531147956848,-5.70143461227417,-56.94723510742188,-85.43841552734375,954.3562622070312,954.3562622070312,600.0,600.0,2.499000072479248,2.489000082015991,-8389,-8623,False,False
1784742959.0459695,386127.4834557,0,0,0,0,57.244998931884766,1.0809999704360962,-4.034618377685547,25.32511329650879,-18.75710678100586,-4.034618377685547,22.94245338439941,25.32511329650879,935.2537231445312,0.0,0.0,977.2547607421876,-1129.0194091796875,893.2594604492188,-4.290274143218994,-1.4111608266830444,-1.666816473007202,-5.70143461227417,-58.40314865112305,-83.72826385498047,935.2537231445312,935.2537231445312,600.0,600.0,2.500999927520752,4.989999771118164,-8389,-8623,False,False
1784742959.0490746,386127.4865626,0,0,0,0,57.24749755859375,1.180999994277954,-3.971266508102417,25.67699432373047,-14.143500328063965,-3.971266508102417,25.54119873046875,25.67699432373047,642.3857421875,0.0,0.0,916.1665649414062,-893.2594604492188,864.2906494140625,-3.394386053085327,-1.4111608266830444,-0.8342801928520203,-4.805546760559082,-31.832365036010746,-57.50936126708984,642.3857421875,642.3857421875,1000.0,1000.0,2.499000072479248,2.489000082015991,-8386,-8620,False,False
1784742959.0492575,386127.4867447,0,0,0,0,57.25,0.0769999995827674,-3.883923292160034,24.87137222290039,9.373509407043455,-3.883923292160034,24.946199417114254,24.87137222290039,662.8073120117188,0.0,0.0,916.1665649414062,-893.2594604492188,851.071533203125,-3.394386053085327,-1.4111608266830444,-0.9216234087944032,-4.805546760559082,-34.46622467041016,-59.33759689331055,662.8073120117188,662.8073120117188,1000.0,1000.0,2.500999927520752,4.989999771118164,-8386,-8620,False,False
1784742959.0533178,386127.4908026,0,0,0,0,57.25249862670898,0.1790000051259994,-3.82977557182312,22.34333038330078,6.546853065490723,-3.82977557182312,21.0437068939209,22.34333038330078,648.27587890625,0.0,0.0,916.1665649414062,-893.2594604492188,834.1666870117188,-3.394386053085327,-1.4111608266830444,-0.9757711291313172,-4.805546760559082,-35.69334411621094,-58.03667449951172,648.27587890625,648.27587890625,600.0,600.0,2.5,2.490000009536743,-8381,-8615,False,False
1784742959.055317,386127.492802,0,0,0,0,57.255001068115234,0.277999997138977,-3.7762622833251953,22.45270729064941,-9.128827095031738,-3.7762622833251953,22.198705673217773,22.45270729064941,668.8699340820312,0.0,0.0,916.1665649414062,-893.2594604492188,826.4591674804688,-3.394386053085327,-1.4111608266830444,-1.0292844772338867,-4.805546760559082,-37.427642822265625,-59.88035202026367,668.8699340820312,668.8699340820312,600.0,600.0,2.5,4.989999771118164,-8381,-8615,False,False
1784742959.061916,386127.4994003,0,0,0,0,57.25749969482422,0.375,-3.7245633602142334,20.11702537536621,1.6260147094726562,-3.7245633602142334,18.19121360778809,20.11702537536621,656.0415649414062,0.0,0.0,916.1665649414062,-893.2594604492188,801.1824951171875,-3.394386053085327,-1.4111608266830444,-1.0809834003448486,-4.805546760559082,-38.614871978759766,-58.731895446777344,656.0415649414062,656.0415649414062,800.0,800.0,2.5,2.490000009536743,-8378,-8612,False,False
1784742959.0622618,386127.4997483,0,0,0,0,57.2599983215332,0.481000006198883,-3.6840837001800537,15.690320014953612,3.8503165245056152,-3.6840837001800537,14.55997085571289,15.690320014953612,611.1746215820312,0.0,0.0,916.1665649414062,-893.2594604492188,789.6578979492188,-3.394386053085327,-1.4111608266830444,-1.1214629411697388,-4.805546760559082,-39.024879455566406,-54.7151985168457,611.1746215820312,611.1746215820312,800.0,800.0,2.5,4.989999771118164,-8378,-8612,False,False
1784742959.063082,386127.5005691,0,0,0,0,57.26250076293945,0.5709999799728394,-3.651235580444336,12.78510570526123,-5.352756500244141,-3.651235580444336,11.348727226257324,12.78510570526123,583.9742431640625,0.0,0.0,916.1665649414062,-893.2594604492188,773.5264282226562,-3.394386053085327,-1.4111608266830444,-1.1543112993240356,-4.805546760559082,-39.49497985839844,-52.280086517333984,583.9742431640625,583.9742431640625,600.0,600.0,2.499000072479248,2.489000082015991,-8374,-8608,False,False
1784742959.065172,386127.5026571,0,0,0,0,57.26499938964844,0.6600000262260437,-3.620260000228882,12.348240852355955,-6.224769592285156,-3.620260000228882,11.471226692199709,12.348240852355955,589.1904296875,0.0,0.0,916.1665649414062,-893.2594604492188,766.163330078125,-3.394386053085327,-1.4111608266830444,-1.1852868795394895,-4.805546760559082,-40.39882659912109,-52.7470703125,589.1904296875,589.1904296875,600.0,600.0,2.502000093460083,4.991000175476074,-8374,-8608,False,False
1784742959.0677984,386127.5052833,0,0,0,0,57.26750183105469,0.7710000276565552,-3.5976266860961914,8.512413024902344,3.301865577697754,-3.5976266860961914,7.629984378814697,8.512413024902344,373.2318115234375,0.0,0.0,862.09033203125,-766.163330078125,751.9326171875,-2.911420583724976,-1.4111608266830444,-0.7249547839164734,-4.3225812911987305,-24.90103530883789,-33.413448333740234,373.2318115234375,373.2318115234375,600.0,600.0,2.499000072479248,2.490000009536743,-8371,-8605,False,False
1784742959.0695124,386127.5069981,0,0,0,0,57.27000045776367,0.8640000224113464,-3.5759356021881104,10.635663986206056,19.047964096069336,-3.5759356021881104,13.054973602294922,10.635663986206056,409.4454650878906,0.0,0.0,862.09033203125,-766.163330078125,745.4405517578125,-2.911420583724976,-1.4111608266830444,-0.7466458082199097,-4.3225812911987305,-26.019798278808597,-36.65546417236328,409.4454650878906,409.4454650878906,600.0,600.0,2.5,4.989999771118164,-8371,-8605,False,False
1784742959.0745115,386127.5119957,0,0,0,0,57.27250289916992,0.9660000205039978,-3.548902034759521,11.253443717956545,-1.4210050106048584,-3.548902034759521,11.287477493286133,11.253443717956545,427.3892822265625,0.0,0.0,862.09033203125,-766.163330078125,720.705078125,-2.911420583724976,-1.4111608266830444,-0.7736795544624329,-4.3225812911987305,-27.008434295654297,-38.26187896728516,427.3892822265625,427.3892822265625,400.0,400.0,2.502000093460083,2.492000102996826,-8368,-8602,False,False
1784742959.0754733,386127.5129609,0,0,0,0,57.275001525878906,1.0679999589920044,-3.5183184146881104,12.624228477478027,-4.665550708770752,-3.5183184146881104,13.037473678588867,12.624228477478027,456.69537353515625,0.0,0.0,862.09033203125,-766.163330078125,709.4461669921875,-2.911420583724976,-1.4111608266830444,-0.8042630553245544,-4.3225812911987305,-28.26126480102539,-40.88549423217773,456.69537353515625,456.69537353515625,400.0,400.0,2.497999906539917,4.989999771118164,-8368,-8602,False,False
1784742959.0794618,386127.5169475,0,0,0,0,57.27750015258789,1.1640000343322754,-3.4823009967803955,15.335993766784668,-12.688557624816896,-3.4823009967803955,15.321218490600586,15.335993766784668,505.91839599609375,0.0,0.0,862.09033203125,-766.163330078125,682.5443725585938,-2.911420583724976,-1.4111608266830444,-0.8402804732322693,-4.3225812911987305,-29.956174850463867,-45.29216766357422,505.91839599609375,505.91839599609375,400.0,400.0,2.5,2.490000009536743,-8366,-8600,False,False
1784742959.0810118,386127.5184996,0,0,0,0,57.28000259399414,0.0659999996423721,-3.41823673248291,17.437150955200195,22.57528114318848,-3.41823673248291,17.937463760375977,17.437150955200195,556.9818725585938,0.0,0.0,862.09033203125,-766.163330078125,670.275634765625,-2.911420583724976,-1.4111608266830444,-0.9043447375297546,-4.3225812911987305,-32.42646026611328,-49.86361312866211,556.9818725585938,556.9818725585938,400.0,400.0,2.500999927520752,4.991000175476074,-8366,-8600,False,False
1784742959.083475,386127.5209615,0,0,0,0,57.28249740600586,0.1669999957084655,-3.3694450855255127,20.696922302246094,3.814286947250366,-3.3694450855255127,22.986204147338867,20.696922302246094,618.1165771484375,0.0,0.0,862.09033203125,-766.163330078125,632.0614624023438,-2.911420583724976,-1.4111608266830444,-0.9531364440917968,-4.3225812911987305,-34.63975143432617,-55.336673736572266,618.1165771484375,618.1165771484375,400.0,400.0,2.497999906539917,2.489000082015991,-8364,-8598,False,False
1784742959.0854504,386127.5229327,0,0,0,0,57.28499984741211,0.2619999945163727,-3.3074026107788086,26.08076858520508,17.145370483398438,-3.3074026107788086,27.97369384765625,26.08076858520508,712.4589233398438,0.0,0.0,862.09033203125,-766.163330078125,614.60888671875,-2.911420583724976,-1.4111608266830444,-1.015178680419922,-4.3225812911987305,-37.70187377929688,-63.78264236450195,712.4589233398438,712.4589233398438,400.0,400.0,2.502000093460083,4.991000175476074,-8364,-8598,False,False
1784742959.087851,386127.5253368,0,0,0,0,57.28749847412109,0.3700000047683716,-3.242344617843628,26.38481330871582,-12.778360366821287,-3.242344617843628,26.05744743347168,26.38481330871582,739.7889404296875,0.0,0.0,862.09033203125,-766.163330078125,606.6649169921875,-2.911420583724976,-1.4111608266830444,-1.080236792564392,-4.3225812911987305,-39.844539642333984,-66.22935485839844,739.7889404296875,739.7889404296875,600.0,600.0,2.497999906539917,2.489000082015991,-8362,-8596,False,False
1784742959.0892751,386127.52676,0,0,0,0,57.290000915527344,0.4679999947547912,-3.179180860519409,25.35588836669922,-27.74009132385254,-3.179180860519409,24.753700256347656,25.35588836669922,531.9302978515625,0.0,0.0,799.967041015625,-606.6649169921875,603.036865234375,-2.3053267002105717,-1.4111608266830444,-0.537306547164917,-3.716487407684326,-22.264986038208008,-47.62087631225586,531.9302978515625,531.9302978515625,600.0,600.0,2.502000093460083,4.991000175476074,-8362,-8596,False,False
1784742959.0932806,386127.5307636,0,0,0,0,57.29249954223633,0.5690000057220459,-3.1204593181610107,23.74022483825684,30.79521942138672,-3.1204593181610107,23.169952392578125,23.74022483825684,531.2633666992188,0.0,0.0,799.967041015625,-606.6649169921875,601.385498046875,-2.3053267002105717,-1.4111608266830444,-0.5960280895233154,-3.716487407684326,-23.82094383239746,-47.5611686706543,531.2633666992188,531.2633666992188,800.0,800.0,2.497999906539917,2.489000082015991,-8359,-8593,False,False
1784742959.0953927,386127.5328795,0,0,0,0,57.29500198364258,0.6690000295639038,-3.0719003677368164,19.177553176879883,17.855194091796875,-3.0719003677368164,17.053714752197266,19.177553176879883,487.46185302734375,0.0,0.0,799.967041015625,-606.6649169921875,600.6312866210938,-2.3053267002105717,-1.4111608266830444,-0.6445870995521545,-3.716487407684326,-24.462297439575195,-43.63985061645508,487.46185302734375,487.46185302734375,800.0,800.0,2.502000093460083,4.991000175476074,-8359,-8593,False,False
1784742959.0971675,386127.5346557,0,0,0,0,57.29751968383789,0.7879999876022339,-3.029158115386963,18.369037628173828,-24.9699764251709,-3.029158115386963,18.94371223449707,18.369037628173828,491.9023132324219,0.0,0.0,799.967041015625,-606.6649169921875,611.2216186523438,-2.3053267002105717,-1.4111608266830444,-0.6873294115066528,-3.716487407684326,-25.66834831237793,-44.037384033203125,491.9023132324219,491.9023132324219,600.0,600.0,2.5190000534057617,2.509999990463257,-8355,-8589,False,False
1784742959.0991666,386127.5366541,0,0,0,0,57.29999923706055,0.859000027179718,-2.9850106239318848,19.84816551208496,6.226900100708008,-2.9850106239318848,20.886207580566406,19.84816551208496,527.5089721679688,0.0,0.0,799.967041015625,-606.6649169921875,615.9736328125,-2.3053267002105717,-1.4111608266830444,-0.731476902961731,-3.716487407684326,-27.376893997192383,-47.225059509277344,527.5089721679688,527.5089721679688,600.0,600.0,2.4809999465942383,4.991000175476074,-8355,-8589,False,False
1784742959.105463,386127.5429483,0,0,0,0,57.30249786376953,0.9509999752044678,-2.937189102172852,19.780384063720703,7.230705261230469,-2.937189102172852,19.862459182739254,19.780384063720703,543.6939086914062,0.0,0.0,799.967041015625,-606.6649169921875,596.4120483398438,-2.3053267002105717,-1.4111608266830444,-0.7792984247207642,-3.716487407684326,-28.89362525939941,-48.67400741577149,543.6939086914062,543.6939086914062,400.0,400.0,2.497999906539917,2.489000082015991,-8352,-8586,False,False
1784742959.110385,386127.5478697,0,0,0,0,57.30500030517578,1.055999994277954,-2.891752243041992,19.31925773620605,-18.262985229492188,-2.891752243041992,19.94995880126953,19.31925773620605,553.7540283203125,0.0,0.0,799.967041015625,-606.6649169921875,587.4805297851562,-2.3053267002105717,-1.4111608266830444,-0.8247352838516235,-3.716487407684326,-30.255380630493164,-49.57463836669922,553.7540283203125,553.7540283203125,400.0,400.0,2.500999927520752,4.989999771118164,-8352,-8586,False,False
1784742959.1106658,386127.5481532,0,0,0,0,57.307498931884766,1.14900004863739,-2.8428738117218018,21.057104110717773,41.49603271484375,-2.8428738117218018,21.82245635986328,21.057104110717773,594.5195922851562,0.0,0.0,799.967041015625,-606.6649169921875,572.5333862304688,-2.3053267002105717,-1.4111608266830444,-0.8736135959625244,-3.716487407684326,-32.16705703735352,-53.224159240722656,594.5195922851562,594.5195922851562,600.0,600.0,2.499000072479248,2.489000082015991,-8350,-8584,False,False
1784742959.110803,386127.548291,0,0,0,0,57.310001373291016,0.0549999997019767,-2.7757840156555176,18.167633056640625,24.84520721435547,-2.7757840156555176,17.149965286254883,18.167633056640625,579.7695922851562,0.0,0.0,799.967041015625,-606.6649169921875,565.7108764648438,-2.3053267002105717,-1.4111608266830444,-0.9407034516334534,-3.716487407684326,-33.73603820800781,-51.90367126464844,579.7695922851562,579.7695922851562,600.0,600.0,2.502000093460083,4.991000175476074,-8350,-8584,False,False
1784742959.1150365,386127.5525212,0,0,0,0,57.3125,0.1519999951124191,-2.737253189086914,16.847305297851562,32.258522033691406,-2.737253189086914,17.87621307373047,16.847305297851562,520.2169799804688,0.0,0.0,750.00244140625,-565.7108764648438,551.7262573242188,-2.1497011184692383,-1.4111608266830444,-0.8236088156700134,-3.5608620643615723,-29.724943161010746,-46.57225036621094,520.2169799804688,520.2169799804688,600.0,600.0,2.499000072479248,2.490000009536743,-8347,-8581,False,False
1784742959.115899,386127.5533855,0,0,0,0,57.31499862670898,0.2520000040531158,-2.6919445991516118,20.3098087310791,3.1699345111846924,-2.6919445991516118,21.42870712280273,20.3098087310791,582.8240966796875,0.0,0.0,750.00244140625,-565.7108764648438,545.346435546875,-2.1497011184692383,-1.4111608266830444,-0.8689174652099609,-3.5608620643615723,-31.867321014404297,-52.177127838134766,582.8240966796875,582.8240966796875,600.0,600.0,2.5,4.989999771118164,-8347,-8581,False,False
1784742959.1169934,386127.5544815,0,0,0,0,57.31749725341797,0.3499999940395355,-2.6439380645751958,18.499147415161133,6.841256618499756,-2.6439380645751958,17.06246566772461,18.499147415161133,575.71337890625,0.0,0.0,750.00244140625,-565.7108764648438,542.4384155273438,-2.1497011184692383,-1.4111608266830444,-0.9169239401817322,-3.5608620643615723,-33.0413932800293,-51.54054260253906,575.71337890625,575.71337890625,600.0,600.0,2.499000072479248,2.489000082015991,-8344,-8578,False,False
1784742959.1196418,386127.5571267,0,0,0,0,57.31999969482422,0.453000009059906,-2.6042633056640625,16.110580444335938,-4.77951192855835,-2.6042633056640625,16.51121711730957,16.110580444335938,557.8782348632812,0.0,0.0,750.00244140625,-565.7108764648438,541.111083984375,-2.1497011184692383,-1.4111608266830444,-0.956598699092865,-3.5608620643615723,-33.833274841308594,-49.94385528564453,557.8782348632812,557.8782348632812,600.0,600.0,2.502000093460083,4.991000175476074,-8344,-8578,False,False
1784742959.1304152,386127.5679004,0,0,0,0,57.3225212097168,0.5740000009536743,-2.567570924758911,15.09939670562744,-26.910797119140625,-2.567570924758911,14.988719940185549,15.09939670562744,557.4396362304688,0.0,0.0,750.00244140625,-565.7108764648438,540.5032348632812,-2.1497011184692383,-1.4111608266830444,-0.9932910799980164,-3.5608620643615723,-34.80519485473633,-49.90459060668945,557.4396362304688,557.4396362304688,400.0,400.0,2.5209999084472656,2.51200008392334,-8341,-8575,False,False
1784742959.130647,386127.5681335,0,0,0,0,57.32500076293945,0.6370000243186951,-2.5300300121307373,14.69710636138916,-12.493803024291992,-2.5300300121307373,13.518722534179688,14.69710636138916,565.466064453125,0.0,0.0,750.00244140625,-565.7108764648438,540.2310180664062,-2.1497011184692383,-1.4111608266830444,-1.030832052230835,-3.5608620643615723,-35.92604446411133,-50.62315368652344,565.466064453125,565.466064453125,400.0,400.0,2.4779999256134038,4.989999771118164,-8341,-8575,False,False
1784742959.1308029,386127.5682906,0,0,0,0,57.32749938964844,0.7509999871253967,-2.500476121902466,10.300359725952148,21.080978393554688,-2.500476121902466,6.711236476898193,10.300359725952148,517.0953369140625,0.0,0.0,750.00244140625,-565.7108764648438,540.1053466796875,-2.1497011184692383,-1.4111608266830444,-1.0603859424591064,-3.5608620643615723,-35.9924201965332,-46.292781829833984,517.0953369140625,517.0953369140625,600.0,600.0,2.499000072479248,2.489000082015991,-8339,-8573,False,False
1784742959.1309636,386127.568451,0,0,0,0,57.33000183105469,0.8420000076293945,-2.4808006286621094,8.416440963745117,9.523519515991213,-2.4808006286621094,7.866233825683594,8.416440963745117,498.8759460449219,0.0,0.0,750.00244140625,-565.7108764648438,540.0480346679688,-2.1497011184692383,-1.4111608266830444,-1.080061435699463,-3.5608620643615723,-36.24525451660156,-44.66169738769531,498.8759460449219,498.8759460449219,600.0,600.0,2.502000093460083,4.991000175476074,-8339,-8573,False,False
1784742959.1332707,386127.5707559,0,0,0,0,57.33250045776367,0.953000009059906,-2.4622602462768555,7.334712982177734,-27.215782165527344,-2.4622602462768555,6.667486667633057,7.334712982177734,491.00341796875,0.0,0.0,750.00244140625,-565.7108764648438,550.9002685546875,-2.1497011184692383,-1.4111608266830444,-1.0986018180847168,-3.5608620643615723,-36.62220001220703,-43.956912994384766,491.00341796875,491.00341796875,600.0,600.0,2.499000072479248,2.490000009536743,-8336,-8570,False,False
1784742959.135337,386127.5728206,0,0,0,0,57.334999084472656,1.0490000247955322,-2.4411189556121826,10.520852088928224,-3.2725818157196045,-2.4411189556121826,13.667471885681152,10.520852088928224,521.1506958007812,0.0,0.0,710.1517944335938,-550.9002685546875,555.85107421875,-2.09342098236084,-1.4111608266830444,-1.0634628534317017,-3.5045816898345947,-36.13498306274414,-46.65583419799805,521.1506958007812,521.1506958007812,600.0,600.0,2.5,4.989999771118164,-8336,-8570,False,False
1784742959.137494,386127.5749776,0,0,0,0,57.33749771118164,1.1469999551773071,-2.410994052886963,12.185649871826172,4.666342258453369,-2.410994052886963,11.751226425170898,12.185649871826172,554.2337036132812,0.0,0.0,710.1517944335938,-550.9002685546875,568.982666015625,-2.09342098236084,-1.4111608266830444,-1.0935876369476318,-3.5045816898345947,-37.43193435668945,-49.617584228515625,554.2337036132812,554.2337036132812,400.0,400.0,2.497999906539917,2.48799991607666,-8333,-8567,False,False
1784742959.1402383,386127.5777219,0,0,0,0,57.34000396728516,0.0469999983906745,-2.3670907020568848,12.65687084197998,22.62407684326172,-2.3670907020568848,14.034971237182615,12.65687084197998,576.2430419921875,0.0,0.0,710.1517944335938,-550.9002685546875,574.9846801757812,-2.09342098236084,-1.4111608266830444,-1.1374911069869995,-3.5045816898345947,-38.93108749389648,-51.58795928955078,576.2430419921875,576.2430419921875,400.0,400.0,2.505000114440918,4.993000030517578,-8333,-8567,False,False
1784742959.1455877,386127.5830704,0,0,0,0,57.34249877929688,0.1430000066757202,-2.332313537597656,16.414207458496094,19.496234893798828,-2.332313537597656,19.284961700439453,16.414207458496094,639.0377197265625,0.0,0.0,710.1517944335938,-550.9002685546875,566.8385009765625,-2.09342098236084,-1.4111608266830444,-1.172268271446228,-3.5045816898345947,-40.79542541503906,-57.20963287353516,639.0377197265625,639.0377197265625,600.0,600.0,2.496999979019165,2.490000009536743,-8331,-8565,False,False
1784742959.147662,386127.5851467,0,0,0,0,57.345001220703125,0.2450000047683715,-2.28261661529541,22.38870620727539,-7.879012107849121,-2.28261661529541,24.158700942993164,22.38870620727539,736.8844604492188,0.0,0.0,710.1517944335938,-550.9002685546875,563.116943359375,-2.09342098236084,-1.4111608266830444,-1.2219650745391846,-3.5045816898345947,-43.58062362670898,-65.96932983398438,736.8844604492188,736.8844604492188,600.0,600.0,2.500999927520752,4.991000175476074,-8331,-8565,False,False
1784742959.147898,386127.5853838,0,0,0,0,57.34749984741211,0.3440000116825104,-2.230123281478882,21.486602783203125,-19.5877628326416,-2.230123281478882,19.914958953857425,21.486602783203125,743.5560913085938,0.0,0.0,710.1517944335938,-550.9002685546875,550.5465087890625,-2.09342098236084,-1.4111608266830444,-1.2744585275650024,-3.5045816898345947,-45.07999420166016,-66.56659698486328,743.5560913085938,743.5560913085938,600.0,600.0,2.497999906539917,2.489000082015991,-8328,-8562,False,False
1784742959.1493022,386127.5867873,0,0,0,0,57.35000228881836,0.4379999935626983,-2.1851518154144287,17.512556076049805,-26.868587493896484,-2.1851518154144287,16.07371711730957,17.512556076049805,706.3621215820312,0.0,0.0,710.1517944335938,-550.9002685546875,544.8040161132812,-2.09342098236084,-1.4111608266830444,-1.319429874420166,-3.5045816898345947,-45.72426986694336,-63.23682403564453,706.3621215820312,706.3621215820312,600.0,600.0,2.503000020980835,4.992000102996826,-8328,-8562,False,False
1784742959.1533616,386127.5908455,0,0,0,0,57.352500915527344,0.5419999957084656,-2.146803140640259,15.74050235748291,37.13973236083984,-2.146803140640259,15.268718719482422,15.74050235748291,696.3168334960938,0.0,0.0,710.1517944335938,-550.9002685546875,542.1903686523438,-2.09342098236084,-1.4111608266830444,-1.357778787612915,-3.5045816898345947,-46.59702301025391,-62.3375244140625,696.3168334960938,696.3168334960938,800.0,800.0,2.5,2.492000102996826,-8325,-8559,False,False
1784742959.1554272,386127.5929108,0,0,0,0,57.35499954223633,0.6389999985694885,-2.1151373386383057,13.527318000793455,17.504833221435547,-2.1151373386383057,13.57997226715088,13.527318000793455,666.13916015625,0.0,0.0,685.549072265625,-542.1903686523438,540.9989624023438,-2.0603232383728027,-1.4111608266830444,-1.3563467264175415,-3.4714841842651367,-46.10855865478516,-59.6358757019043,666.13916015625,666.13916015625,800.0,800.0,2.499000072479248,4.991000175476074,-8325,-8559,False,False
1784742959.1593268,386127.596812,0,0,0,0,57.35749816894531,0.7390000224113464,-2.089887380599976,9.923404693603516,-14.515788078308104,-2.089887380599976,9.082481384277344,9.923404693603516,626.8572387695312,0.0,0.0,685.549072265625,-542.1903686523438,562.206787109375,-2.0603232383728027,-1.4111608266830444,-1.3815966844558716,-3.4714841842651367,-46.19577407836914,-56.119178771972656,626.8572387695312,626.8572387695312,600.0,600.0,2.497999906539917,2.489000082015991,-8321,-8555,False,False
1784742959.159591,386127.5970777,0,0,0,0,57.36000061035156,0.8299999833106995,-2.0650405883789062,10.362004280090332,-3.176891326904297,-2.0650405883789062,11.14747714996338,10.362004280090332,641.61767578125,0.0,0.0,685.549072265625,-542.1903686523438,571.8924560546875,-2.0603232383728027,-1.4111608266830444,-1.4064435958862305,-3.4714841842651367,-47.07859420776367,-57.44059753417969,641.61767578125,641.61767578125,600.0,600.0,2.502000093460083,4.991000175476074,-8321,-8555,False,False
1784742959.1657436,386127.6032283,0,0,0,0,57.36249923706055,0.9330000281333924,-2.0385210514068604,11.279372215270996,-8.184149742126465,-2.0385210514068604,11.541226387023926,11.279372215270996,663.3934326171875,0.0,0.0,685.549072265625,-542.1903686523438,576.3011474609375,-2.0603232383728027,-1.4111608266830444,-1.4329630136489868,-3.4714841842651367,-48.11069107055664,-59.39006423950195,663.3934326171875,663.3934326171875,800.0,800.0,2.497999906539917,2.489000082015991,-8318,-8552,False,False
1784742959.1659222,386127.6034095,0,0,0,0,57.3650016784668,1.0099999904632568,-2.0265655517578125,4.158119201660156,-14.66120719909668,-2.0265655517578125,1.4349970817565918,4.158119201660156,572.2125854492188,0.0,0.0,685.549072265625,-542.1903686523438,578.3146362304688,-2.0603232383728027,-1.4111608266830444,-1.444918513298035,-3.4714841842651367,-47.06901550292969,-51.22713470458984,572.2125854492188,572.2125854492188,800.0,800.0,2.502000093460083,4.991000175476074,-8318,-8552,False,False
1784742959.1675038,386127.6049891,0,0,0,0,57.36750030517578,1.1330000162124634,-2.020786762237549,3.3543858528137207,-5.6963887214660645,-2.020786762237549,3.3162431716918945,3.3543858528137207,563.5048217773438,0.0,0.0,685.549072265625,-542.1903686523438,590.1065673828125,-2.0603232383728027,-1.4111608266830444,-1.4506973028182983,-3.4714841842651367,-47.09319305419922,-50.44757843017578,563.5048217773438,563.5048217773438,600.0,600.0,2.497999906539917,2.489000082015991,-8314,-8548,False,False
1784742959.1692836,386127.6067691,0,0,0,0,57.37000274658203,0.0270000007003545,-1.995673418045044,9.611936569213867,5.371932506561279,-1.995673418045044,10.071229934692385,9.611936569213867,656.3584594726562,0.0,0.0,685.549072265625,-542.1903686523438,595.4920654296875,-2.0603232383728027,-1.4111608266830444,-1.4758106470108032,-3.4714841842651367,-49.1483268737793,-58.7602653503418,656.3584594726562,656.3584594726562,600.0,600.0,2.502000093460083,4.991000175476074,-8314,-8548,False,False
1784742959.1732578,386127.6107421,0,0,0,0,57.372501373291016,0.1209999993443489,-1.9744938611984253,7.600099563598633,-24.429981231689453,-1.9744938611984253,5.591238498687744,7.600099563598633,636.9620361328125,0.0,0.0,685.549072265625,-542.1903686523438,597.9440307617188,-2.0603232383728027,-1.4111608266830444,-1.496990203857422,-3.4714841842651367,-49.4237060546875,-57.023807525634766,636.9620361328125,636.9620361328125,600.0,600.0,2.499000072479248,2.490000009536743,-8311,-8545,False,False
1784742959.1752484,386127.6127336,0,0,0,0,57.375,0.2280000001192093,-1.9639346599578855,2.4638404846191406,-30.753013610839844,-1.9639346599578855,0.2799994349479675,2.4638404846191406,571.8892822265625,0.0,0.0,685.549072265625,-542.1903686523438,599.0626220703125,-2.0603232383728027,-1.4111608266830444,-1.5075494050979614,-3.4714841842651367,-48.73434829711914,-51.19818878173828,571.8892822265625,571.8892822265625,600.0,600.0,2.5,4.989999771118164,-8311,-8545,False,False
1784742959.177225,386127.6147106,0,0,0,0,57.37749862670898,0.3269999921321869,-1.9591987133026123,3.594207763671875,32.05888748168945,-1.9591987133026123,6.483736991882324,3.594207763671875,665.982421875,0.0,0.0,666.050537109375,-599.0626220703125,610.4508666992188,-2.276437759399414,-1.4111608266830444,-1.7283999919891355,-3.687598705291748,-56.02764129638672,-59.621849060058594,665.982421875,665.982421875,600.0,600.0,2.499000072479248,2.489000082015991,-8308,-8542,False,False
1784742959.1792035,386127.6166885,0,0,0,0,57.380001068115234,0.4259999990463257,-1.9346086978912356,12.298165321350098,16.917051315307617,-1.9346086978912356,14.603720664978027,12.298165321350098,791.44091796875,0.0,0.0,666.050537109375,-599.0626220703125,615.6475219726562,-2.276437759399414,-1.4111608266830444,-1.7529898881912231,-3.687598705291748,-58.5553092956543,-70.85347747802734,791.44091796875,791.44091796875,600.0,600.0,2.500999927520752,4.989999771118164,-8308,-8542,False,False
1784742959.187871,386127.6253564,0,0,0,0,57.38249969482422,0.5260000228881836,-1.9059760570526123,10.168291091918944,9.185375213623049,-1.9059760570526123,7.909984111785889,10.168291091918944,773.1263427734375,0.0,0.0,666.050537109375,-599.0626220703125,618.0149536132812,-2.276437759399414,-1.4111608266830444,-1.7816225290298462,-3.687598705291748,-59.04558181762695,-69.21387481689453,773.1263427734375,773.1263427734375,600.0,600.0,2.499000072479248,2.489000082015991,-8305,-8539,False,False
1784742959.1880443,386127.6255324,0,0,0,0,57.3849983215332,0.6209999918937683,-1.8921548128128047,3.855952501296997,15.56478786468506,-1.8921548128128047,2.1174957752227783,3.855952501296997,693.4552001953125,0.0,0.0,666.050537109375,-599.0626220703125,619.09521484375,-2.276437759399414,-1.4111608266830444,-1.795443773269653,-3.687598705291748,-58.22539138793945,-62.08134460449219,693.4552001953125,693.4552001953125,600.0,600.0,2.500999927520752,4.989999771118164,-8305,-8539,False,False
1784742959.1881635,386127.6256517,0,0,0,0,57.38750076293945,0.7250000238418579,-1.885573983192444,2.701266288757324,-23.75278854370117,-1.885573983192444,3.0449938774108887,2.701266288757324,680.3300170898438,0.0,0.0,666.050537109375,-599.0626220703125,619.5873413085938,-2.276437759399414,-1.4111608266830444,-1.8020246028900144,-3.687598705291748,-58.205039978027344,-60.90630722045898,680.3300170898438,680.3300170898438,800.0,800.0,2.499000072479248,2.489000082015991,-8302,-8536,False,False
1784742959.1891482,386127.6266354,0,0,0,0,57.38999938964844,0.8209999799728394,-1.8823027610778809,0.189558133482933,-4.968674182891846,-1.8823027610778809,-0.4462490975856781,0.189558133482933,647.83203125,0.0,0.0,666.050537109375,-599.0626220703125,619.8118896484375,-2.276437759399414,-1.4111608266830444,-1.8052958250045776,-3.687598705291748,-57.807376861572266,-57.9969367980957,647.83203125,647.83203125,800.0,800.0,2.500999927520752,4.989999771118164,-8302,-8536,False,False
1784742959.2136557,386127.6511401,0,0,0,0,57.39250183105469,0.9240000247955322,-1.881219506263733,-0.4483091831207275,10.268107414245604,-1.881219506263733,-0.6999985575675964,-0.4483091831207275,639.669189453125,0.0,0.0,666.050537109375,-599.0626220703125,641.6766967773438,-2.276437759399414,-1.4111608266830444,-1.8063791990280151,-3.687598705291748,-57.714473724365234,-57.26616287231445,639.669189453125,639.669189453125,600.0,600.0,2.5,2.490000009536743,-8298,-8532,False,False
1784742959.2139225,386127.651408,0,0,0,0,57.39500045776367,1.0169999599456787,-1.880683660507202,-0.0741602033376693,11.70872974395752,-1.880683660507202,0.5337489247322083,-0.0741602033376693,644.8757934570312,0.0,0.0,666.050537109375,-599.0626220703125,651.6456909179688,-2.276437759399414,-1.4111608266830444,-1.806915044784546,-3.687598705291748,-57.80644989013672,-57.7322883605957,644.8757934570312,644.8757934570312,600.0,600.0,2.5,4.989999771118164,-8298,-8532,False,False
1784742959.2140975,386127.6515855,0,0,0,0,57.397499084472656,1.1169999837875366,-1.881687879562378,-1.5986721515655518,10.564582824707031,-1.881687879562378,-2.0212459564208984,-1.5986721515655518,695.5050048828125,0.0,0.0,652.3692626953125,-651.6456909179688,656.1897583007812,-2.4762537479400635,-1.4111608266830444,-2.0057265758514404,-3.8874144554138175,-63.86351776123047,-62.26484680175781,695.5050048828125,695.5050048828125,800.0,800.0,2.499000072479248,2.489000082015991,-8295,-8529,False,False
1784742959.2142282,386127.6517163,0,0,0,0,57.400001525878906,1.2109999656677246,-1.895663380622864,-7.728315353393555,22.71448516845703,-1.895663380622864,-9.589980125427246,-7.728315353393555,608.3469848632812,0.0,0.0,652.3692626953125,-651.6456909179688,658.2638549804688,-2.4762537479400635,-1.4111608266830444,-1.9917510747909544,-3.8874144554138175,-62.190372467041016,-54.46205520629883,608.3469848632812,608.3469848632812,800.0,800.0,2.502000093460083,4.991000175476074,-8295,-8529,False,False
1784742959.2143655,386127.6518536,0,0,0,0,57.40250015258789,0.1209999993443489,-1.9173593521118164,-4.399548530578613,11.064191818237305,-1.9173593521118164,-2.371245145797729,-4.399548530578613,645.2111206054688,0.0,0.0,652.3692626953125,-651.6456909179688,670.0865478515625,-2.4762537479400635,-1.4111608266830444,-1.970055103302002,-3.8874144554138175,-62.1618537902832,-57.762306213378906,645.2111206054688,645.2111206054688,600.0,600.0,2.499000072479248,2.490000009536743,-8291,-8525,False,False
1784742959.2144983,386127.6519864,0,0,0,0,57.40499877929688,0.2140000015497207,-1.920052409172058,-0.4282730221748352,11.027114868164062,-1.920052409172058,-0.1224997490644455,-0.4282730221748352,697.47998046875,0.0,0.0,652.3692626953125,-651.6456909179688,675.4786376953125,-2.4762537479400635,-1.4111608266830444,-1.9673620462417605,-3.8874144554138175,-62.869930267333984,-62.44165802001953,697.47998046875,697.47998046875,600.0,600.0,2.499000072479248,4.988999843597412,-8291,-8525,False,False
1784742959.2146237,386127.6521114,0,0,0,0,57.407501220703125,0.3179999887943268,-1.9222187995910645,-2.8207812309265137,16.203529357910156,-1.9222187995910645,-4.558740615844727,-2.8207812309265137,664.6361694335938,0.0,0.0,652.3692626953125,-651.6456909179688,667.0551147460938,-2.4762537479400635,-1.4111608266830444,-1.965195655822754,-3.8874144554138175,-62.32210540771485,-59.50132369995117,664.6361694335938,664.6361694335938,600.0,600.0,2.500999927520752,2.490000009536743,-8288,-8522,False,False
1784742959.2148423,386127.6523281,0,0,0,0,57.40999984741211,0.4149999916553497,-1.9377954006195068,-7.646417140960693,-13.434211730957031,-1.9377954006195068,-8.758731842041016,-7.646417140960693,594.385009765625,0.0,0.0,652.3692626953125,-651.6456909179688,663.2156982421875,-2.4762537479400635,-1.4111608266830444,-1.949619174003601,-3.8874144554138175,-60.85852813720703,-53.21211242675781,594.385009765625,594.385009765625,600.0,600.0,2.500999927520752,4.991000175476074,-8288,-8522,False,False
1784742959.215098,386127.6525842,0,0,0,0,57.41250228881836,0.5099999904632568,-1.958063125610352,-6.069446086883545,21.411415100097656,-1.958063125610352,-3.0712437629699707,-6.069446086883545,608.2783203125,0.0,0.0,652.3692626953125,-651.6456909179688,661.4656982421875,-2.4762537479400635,-1.4111608266830444,-1.9293513298034668,-3.8874144554138175,-60.525352478027344,-54.45590591430664,608.2783203125,608.2783203125,800.0,800.0,2.500999927520752,2.492000102996826,-8285,-8519,False,False
1784742959.2180972,386127.6555822,0,0,0,0,57.415000915527344,0.6119999885559082,-1.9591443538665767,2.849155902862549,11.680916786193848,-1.9591443538665767,7.043735504150391,2.849155902862549,727.43798828125,0.0,0.0,652.3692626953125,-651.6456909179688,660.668701171875,-2.4762537479400635,-1.4111608266830444,-1.9282702207565308,-3.8874144554138175,-62.27447509765625,-65.1236343383789,727.43798828125,727.43798828125,800.0,800.0,2.497999906539917,4.989999771118164,-8285,-8519,False,False
1784742959.2194526,386127.6569372,0,0,0,0,57.41749954223633,0.6959999799728394,-1.9466674327850344,4.358923435211182,2.5435214042663574,-1.9466674327850344,3.64874267578125,4.358923435211182,752.1348266601562,0.0,0.0,652.3692626953125,-651.6456909179688,660.3050537109375,-2.4762537479400635,-1.4111608266830444,-1.940747022628784,-3.8874144554138175,-62.97568893432617,-67.33460998535156,752.1348266601562,752.1348266601562,600.0,600.0,2.497999906539917,2.48799991607666,-8281,-8515,False,False
1784742959.2197213,386127.6572081,0,0,0,0,57.41999816894531,0.8080000281333923,-1.941985249519348,-0.2839497029781341,-3.2646942138671875,-1.941985249519348,-2.72124457359314,-0.2839497029781341,703.336669921875,0.0,0.0,635.2334594726562,-660.3050537109375,660.1390380859375,-2.5091593265533447,-1.4111608266830444,-1.9783347845077517,-3.9203200340271,-63.24992370605469,-62.96597290039063,703.336669921875,703.336669921875,600.0,600.0,2.500999927520752,4.988999843597412,-8281,-8515,False,False
1784742959.2260911,386127.663575,0,0,0,0,57.42250061035156,0.9089999794960022,-1.9501447677612305,-5.117300510406494,14.10054874420166,-1.9501447677612305,-6.492486953735352,-5.117300510406494,635.6332397460938,0.0,0.0,635.2334594726562,-660.3050537109375,660.0634155273438,-2.5091593265533447,-1.4111608266830444,-1.9701752662658687,-3.9203200340271,-62.02214813232422,-56.90485000610352,635.6332397460938,635.6332397460938,800.0,800.0,2.5,2.489000082015991,-8278,-8512,False,False
1784742959.227602,386127.6650852,0,0,0,0,57.42499923706055,1.003999948501587,-1.9609824419021609,-5.5072526931762695,-0.8370426893234253,-1.9609824419021609,-5.617488384246826,-5.5072526931762695,626.5324096679688,0.0,0.0,635.2334594726562,-660.3050537109375,660.0288696289062,-2.5091593265533447,-1.4111608266830444,-1.959337592124939,-3.9203200340271,-61.59735107421875,-56.0900993347168,626.5324096679688,626.5324096679688,800.0,800.0,2.502000093460083,4.991000175476074,-8278,-8512,False,False
1784742959.2278502,386127.6653372,0,0,0,0,57.42749786376953,1.1080000400543213,-1.9754775762557983,-6.740347385406494,-4.133903980255127,-1.9754775762557983,-6.282487392425537,-6.740347385406494,604.8226928710938,0.0,0.0,635.2334594726562,-660.3050537109375,670.888671875,-2.5091593265533447,-1.4111608266830444,-1.9448424577713013,-3.9203200340271,-60.88689041137695,-54.14654159545898,604.8226928710938,604.8226928710938,600.0,600.0,2.497999906539917,2.489000082015991,-8274,-8508,False,False
1784742959.2308772,386127.6683614,0,0,0,0,57.43000030517578,1.2029999494552612,-1.98931884765625,-6.5824503898620605,-0.1385196149349212,-1.98931884765625,-6.387486934661865,-6.5824503898620605,601.9916381835938,0.0,0.0,635.2334594726562,-660.3050537109375,675.848388671875,-2.5091593265533447,-1.4111608266830444,-1.9310011863708496,-3.9203200340271,-60.475547790527344,-53.893096923828125,601.9916381835938,601.9916381835938,600.0,600.0,2.502000093460083,4.991000175476074,-8274,-8508,False,False
1784742959.2341127,386127.671597,0,0,0,0,57.432498931884766,0.1019999980926513,-2.01678466796875,-9.36013889312744,-13.827354431152344,-2.01678466796875,-10.46497917175293,-9.36013889312744,554.9417114257812,0.0,0.0,635.2334594726562,-660.3050537109375,678.1065673828125,-2.5091593265533447,-1.4111608266830444,-1.9035353660583496,-3.9203200340271,-59.04110336303711,-49.680965423583984,554.9417114257812,554.9417114257812,600.0,600.0,2.499000072479248,2.490000009536743,-8271,-8505,False,False
1784742959.2355783,386127.6730607,0,0,0,0,57.435001373291016,0.2080000042915344,-2.0386345386505127,-9.37933349609375,0.9670813083648682,-2.0386345386505127,-8.154983520507812,-9.37933349609375,546.8743896484375,0.0,0.0,635.2334594726562,-660.3050537109375,679.136962890625,-2.5091593265533447,-1.4111608266830444,-1.8816856145858765,-3.9203200340271,-58.33806991577149,-48.95873641967773,546.8743896484375,546.8743896484375,600.0,600.0,2.500999927520752,4.991000175476074,-8271,-8505,False,False
1784742959.2374532,386127.6749375,0,0,0,0,57.4375,0.3050000071525574,-2.058950424194336,-7.243696689605713,39.9605712890625,-2.058950424194336,-5.083739757537842,-7.243696689605713,568.2389526367188,0.0,0.0,635.2334594726562,-660.3050537109375,679.6062622070312,-2.5091593265533447,-1.4111608266830444,-1.861369609832764,-3.9203200340271,-58.11508941650391,-50.87139129638672,568.2389526367188,568.2389526367188,400.0,400.0,2.497999906539917,2.489000082015991,-8268,-8502,False,False
1784742959.239839,386127.677322,0,0,0,0,57.43999862670898,0.4020000100135803,-2.0692708492279053,-2.115264654159546,7.126382350921631,-2.0692708492279053,0.7087485790252686,-2.115264654159546,659.5086059570312,0.0,0.0,616.8840942382812,-679.6062622070312,679.820556640625,-2.5825037956237797,-1.4111608266830444,-1.924393653869629,-3.993664503097534,-61.15754318237305,-59.04227828979492,659.5086059570312,659.5086059570312,400.0,400.0,2.500999927520752,4.989999771118164,-8268,-8502,False,False
1784742959.2434542,386127.680937,0,0,0,0,57.442501068115234,0.5040000081062317,-2.0728793144226074,-3.219045400619507,1.6029808521270752,-2.0728793144226074,-4.768740177154541,-3.219045400619507,643.423583984375,0.0,0.0,616.8840942382812,-679.6062622070312,658.1557006835938,-2.5825037956237797,-1.4111608266830444,-1.9207853078842163,-3.993664503097534,-60.82132339477539,-57.60227584838867,643.423583984375,643.423583984375,600.0,600.0,2.5,2.490000009536743,-8266,-8500,False,False
1784742959.2453103,386127.6827955,0,0,0,0,57.44499969482422,0.5979999899864197,-2.0864453315734863,-6.157644271850586,4.285312175750732,-2.0864453315734863,-5.949987888336182,-6.157644271850586,599.1851196289062,0.0,0.0,616.8840942382812,-679.6062622070312,648.2752685546875,-2.5825037956237797,-1.4111608266830444,-1.9072192907333372,-3.993664503097534,-59.79948806762695,-53.641845703125,599.1851196289062,599.1851196289062,600.0,600.0,2.500999927520752,4.991000175476074,-8266,-8500,False,False
1784742959.249406,386127.6868903,0,0,0,0,57.4474983215332,0.699999988079071,-2.0985655784606934,-3.53613018989563,-38.48997116088867,-2.0985655784606934,-0.8312483429908752,-3.53613018989563,629.991943359375,0.0,0.0,616.8840942382812,-679.6062622070312,643.775390625,-2.5825037956237797,-1.4111608266830444,-1.8950989246368408,-3.993664503097534,-59.93593978881836,-56.399810791015625,629.991943359375,629.991943359375,800.0,800.0,2.497999906539917,2.489000082015991,-8263,-8497,False,False
1784742959.2496707,386127.6871564,0,0,0,0,57.44999694824219,0.796999990940094,-2.0960049629211426,2.4606919288635254,-26.54496383666992,-2.0960049629211426,4.759990215301514,2.4606919288635254,711.2893676757812,0.0,0.0,616.8840942382812,-679.6062622070312,641.722412109375,-2.5825037956237797,-1.4111608266830444,-1.8976596593856807,-3.993664503097534,-61.217247009277344,-63.67793655395508,711.2893676757812,711.2893676757812,800.0,800.0,2.497999906539917,4.986999988555908,-8263,-8497,False,False
1784742959.25388,386127.691364,0,0,0,0,57.45249938964844,0.8949999809265137,-2.086897373199463,4.251670837402344,-4.148683071136475,-2.086897373199463,3.7887423038482666,4.251670837402344,738.5513305664062,0.0,0.0,616.8840942382812,-679.6062622070312,640.7848510742188,-2.5825037956237797,-1.4111608266830444,-1.9067672491073608,-3.993664503097534,-61.866886138916016,-66.11856079101562,738.5513305664062,738.5513305664062,600.0,600.0,2.502000093460083,2.489000082015991,-8259,-8493,False,False
1784742959.255418,386127.6929025,0,0,0,0,57.45500183105469,0.9959999918937684,-2.0876588821411133,-3.0446314811706543,-21.392194747924805,-2.0876588821411133,-7.717484474182129,-3.0446314811706543,640.4786376953125,0.0,0.0,616.8840942382812,-679.6062622070312,640.3576049804688,-2.5825037956237797,-1.4111608266830444,-1.9060057401657104,-3.993664503097534,-60.38325500488281,-57.338623046875,640.4786376953125,640.4786376953125,600.0,600.0,2.502000093460083,4.991000175476074,-8259,-8493,False,False
1784742959.2575452,386127.6950293,0,0,0,0,57.457496643066406,1.0920000076293943,-2.098295211791992,-4.778960704803467,-31.087289810180664,-2.098295211791992,-5.564988613128662,-4.778960704803467,613.4295043945312,0.0,0.0,616.8840942382812,-679.6062622070312,640.1632080078125,-2.5825037956237797,-1.4111608266830444,-1.895369291305542,-3.993664503097534,-59.69602584838867,-54.91706466674805,613.4295043945312,613.4295043945312,600.0,600.0,2.496999979019165,2.48799991607666,-8256,-8490,False,False
1784742959.2593706,386127.696855,0,0,0,0,57.46000289916992,1.1959999799728394,-2.103233814239502,0.3936031460762024,-16.551380157470703,-2.103233814239502,3.727492332458496,0.3936031460762024,627.4230346679688,0.0,0.0,596.39990234375,-640.1632080078125,640.0743408203125,-2.432620048522949,-1.4111608266830444,-1.7405471801757812,-3.843780994415283,-55.77622985839844,-56.16983413696289,627.4230346679688,627.4230346679688,600.0,600.0,2.503000020980835,4.991000175476074,-8256,-8490,False,False
1784742959.265555,386127.7030392,0,0,0,0,57.46249771118164,0.0939999967813491,-2.09529709815979,2.067748785018921,-21.978271484375,-2.09529709815979,0.8399983048439026,2.067748785018921,652.700439453125,0.0,0.0,596.39990234375,-640.1632080078125,640.033935546875,-2.432620048522949,-1.4111608266830444,-1.7484837770462036,-3.843780994415283,-56.36503219604492,-58.43277740478516,652.700439453125,652.700439453125,600.0,600.0,2.497999906539917,2.489000082015991,-8253,-8487,False,False
1784742959.268339,386127.7058212,0,0,0,0,57.46500015258789,0.1940000057220459,-2.105642080307007,-6.4103522300720215,-32.078060150146484,-2.105642080307007,-9.467480659484863,-6.4103522300720215,535.3611450195312,0.0,0.0,596.39990234375,-640.1632080078125,640.0154418945312,-2.432620048522949,-1.4111608266830444,-1.7381387948989868,-3.843780994415283,-54.33837127685547,-47.92802047729492,535.3611450195312,535.3611450195312,600.0,600.0,2.502000093460083,4.991000175476074,-8253,-8487,False,False
1784742959.2700765,386127.7075606,0,0,0,0,57.46749877929688,0.2930000126361847,-2.1171209812164307,-3.4581820964813232,-25.8799991607666,-2.1171209812164307,-1.154997706413269,-3.4581820964813232,570.829345703125,0.0,0.0,596.39990234375,-640.1632080078125,629.1315307617188,-2.432620048522949,-1.4111608266830444,-1.7266600131988523,-3.843780994415283,-54.56148147583008,-51.103302001953125,570.829345703125,570.829345703125,800.0,800.0,2.497999906539917,2.489000082015991,-8250,-8484,False,False
1784742959.2703235,386127.7078104,0,0,0,0,57.470001220703125,0.3860000073909759,-2.109889030456543,5.294360160827637,-6.559738636016846,-2.109889030456543,7.6824846267700195,5.294360160827637,690.7345581054688,0.0,0.0,596.39990234375,-640.1632080078125,624.162109375,-2.432620048522949,-1.4111608266830444,-1.733891844749451,-3.843780994415283,-56.54341125488281,-61.837772369384766,690.7345581054688,690.7345581054688,800.0,800.0,2.500999927520752,4.989999771118164,-8250,-8484,False,False
1784742959.2733576,386127.7108418,0,0,0,0,57.472503662109375,0.4939999878406524,-2.099672079086304,3.5087637901306152,-11.06350040435791,-2.099672079086304,0.4812490344047546,3.5087637901306152,670.4521484375,0.0,0.0,596.39990234375,-640.1632080078125,632.7857055664062,-2.432620048522949,-1.4111608266830444,-1.74410879611969,-3.843780994415283,-56.51323318481445,-60.02199935913086,670.4521484375,670.4521484375,600.0,600.0,2.503000020980835,2.493000030517578,-8246,-8480,False,False
1784742959.275476,386127.7129608,0,0,0,0,57.47500228881836,0.5899999737739563,-2.1043381690979004,-3.230299234390259,-31.75189208984375,-2.1043381690979004,-5.897488117218018,-3.230299234390259,578.4530029296875,0.0,0.0,596.39990234375,-640.1632080078125,636.7086791992188,-2.432620048522949,-1.4111608266830444,-1.7394427061080933,-3.843780994415283,-55.01610565185547,-51.78580474853516,578.4530029296875,578.4530029296875,600.0,600.0,2.497999906539917,4.991000175476074,-8246,-8480,False,False
1784742959.2792952,386127.716779,0,0,0,0,57.47749710083008,0.6819999814033508,-2.115908145904541,-4.653559684753418,25.914352416992188,-2.115908145904541,-4.978739738464356,-4.653559684753418,555.2398681640625,0.0,0.0,596.39990234375,-640.1632080078125,627.627685546875,-2.432620048522949,-1.4111608266830444,-1.7278727293014526,-3.843780994415283,-54.36121368408203,-49.70765686035156,555.2398681640625,555.2398681640625,600.0,600.0,2.496000051498413,2.486999988555908,-8243,-8477,False,False
1784742959.279571,386127.7170576,0,0,0,0,57.47999954223633,0.7860000133514404,-2.132719039916992,-6.0059967041015625,1.8070549964904783,-2.132719039916992,-5.906238079071045,-6.0059967041015625,514.0758666992188,0.0,0.0,574.616455078125,-627.627685546875,623.473388671875,-2.3849852085113525,-1.4111608266830444,-1.6634268760681152,-3.7961459159851074,-52.02846145629883,-46.02246475219727,514.0758666992188,514.0758666992188,600.0,600.0,2.503999948501587,4.991000175476074,-8243,-8477,False,False
1784742959.2834828,386127.7209679,0,0,0,0,57.48249816894531,0.8859999775886536,-2.149501085281372,-7.510615825653076,-32.00410842895508,-2.149501085281372,-8.426233291625977,-7.510615825653076,487.9091796875,0.0,0.0,574.616455078125,-627.627685546875,621.5841674804688,-2.3849852085113525,-1.4111608266830444,-1.646644949913025,-3.7961459159851074,-51.19051742553711,-43.67990112304688,487.9091796875,487.9091796875,600.0,600.0,2.499000072479248,2.490000009536743,-8240,-8474,False,False
1784742959.2859323,386127.7234155,0,0,0,0,57.48500061035156,0.9850000143051147,-2.1644558906555176,-6.145317077636719,3.860887289047241,-2.1644558906555176,-5.757488250732422,-6.145317077636719,500.8643493652344,0.0,0.0,574.616455078125,-627.627685546875,620.7222900390625,-2.3849852085113525,-1.4111608266830444,-1.6316901445388794,-3.7961459159851074,-50.98502349853516,-44.83970642089844,500.8643493652344,500.8643493652344,600.0,600.0,2.5,4.989999771118164,-8240,-8474,False,False
1784742959.2873094,386127.7247937,0,0,0,0,57.48749923706055,1.0829999446868896,-2.17929744720459,-5.680636882781982,3.4686355590820312,-2.17929744720459,-5.503738880157471,-5.680636882781982,501.7879028320313,0.0,0.0,574.616455078125,-627.627685546875,620.3295288085938,-2.3849852085113525,-1.4111608266830444,-1.6168485879898071,-3.7961459159851074,-50.60302734375,-44.92238998413086,501.7879028320313,501.7879028320313,400.0,400.0,2.497999906539917,2.48799991607666,-8237,-8471,False,False
1784742959.2893832,386127.7268653,0,0,0,0,57.48999786376953,1.1790000200271606,-2.1975386142730717,-7.669288158416748,-31.84532165527344,-2.1975386142730717,-7.822484016418457,-7.669288158416748,468.611572265625,0.0,0.0,574.616455078125,-627.627685546875,620.1502075195312,-2.3849852085113525,-1.4111608266830444,-1.598607301712036,-3.7961459159851074,-49.621578216552734,-41.95228958129883,468.611572265625,468.611572265625,400.0,400.0,2.500999927520752,4.988999843597412,-8237,-8471,False,False
1784742959.293454,386127.7309377,0,0,0,0,57.49250030517578,0.0810000002384185,-2.216890335083008,-5.471465587615967,29.32975959777832,-2.216890335083008,-5.337489128112793,-5.471465587615967,491.1543273925781,0.0,0.0,574.616455078125,-627.627685546875,620.0684814453125,-2.3849852085113525,-1.4111608266830444,-1.5792557001113892,-3.7961459159851074,-49.441890716552734,-43.97042465209961,491.1543273925781,491.1543273925781,600.0,600.0,2.500999927520752,2.490000009536743,-8235,-8469,False,False
1784742959.2953684,386127.732853,0,0,0,0,57.49500274658203,0.181999996304512,-2.2320034503936768,-7.274572372436523,22.173398971557617,-2.2320034503936768,-7.6824846267700195,-7.274572372436523,461.5831909179688,0.0,0.0,574.616455078125,-627.627685546875,620.0311889648438,-2.3849852085113525,-1.4111608266830444,-1.5641424655914309,-3.7961459159851074,-48.5976448059082,-41.32307434082031,461.5831909179688,461.5831909179688,600.0,600.0,2.500999927520752,4.991000175476074,-8235,-8469,False,False
1784742959.2994893,386127.7369741,0,0,0,0,57.49749755859375,0.2750000059604645,-2.254955291748047,-8.949993133544922,21.215110778808597,-2.254955291748047,-8.146233558654785,-8.949993133544922,430.9216918945313,0.0,0.0,574.616455078125,-627.627685546875,620.0142211914062,-2.3849852085113525,-1.4111608266830444,-1.54119074344635,-3.7961459159851074,-47.528106689453125,-38.5781135559082,430.9216918945313,430.9216918945313,400.0,400.0,2.496999979019165,2.48799991607666,-8232,-8466,False,False
1784742959.299697,386127.7371846,0,0,0,0,57.5,0.3779999911785126,-2.271865129470825,-5.861796855926514,-3.503394842147827,-2.271865129470825,-4.873740196228027,-5.861796855926514,466.2718811035156,0.0,0.0,574.616455078125,-627.627685546875,620.0064697265625,-2.3849852085113525,-1.4111608266830444,-1.5242807865142822,-3.7961459159851074,-47.6046257019043,-41.74282836914063,466.2718811035156,466.2718811035156,400.0,400.0,2.502000093460083,4.989999771118164,-8232,-8466,False,False
1784742959.303819,386127.7413033,0,0,0,0,57.50249862670898,0.4790000021457672,-2.2788751125335693,-3.0842080116271973,12.065896034240724,-2.2788751125335693,-2.23999547958374,-3.0842080116271973,490.6456604003906,0.0,0.0,544.7859497070312,-620.0064697265625,598.240478515625,-2.356024742126465,-1.4111608266830444,-1.48831045627594,-3.76718544960022,-47.009090423583984,-43.92488479614258,490.6456604003906,490.6456604003906,400.0,400.0,2.5,2.490000009536743,-8230,-8464,False,False
1784742959.3060002,386127.7434842,0,0,0,0,57.505001068115234,0.5699999928474426,-2.290017604827881,-4.923769950866699,37.61640930175781,-2.290017604827881,-5.171239376068115,-4.923769950866699,462.0050964355469,0.0,0.0,544.7859497070312,-620.0064697265625,588.3139038085938,-2.356024742126465,-1.4111608266830444,-1.4771678447723389,-3.76718544960022,-46.28461837768555,-41.36084747314453,462.0050964355469,462.0050964355469,400.0,400.0,2.500999927520752,4.991000175476074,-8230,-8464,False,False
1784742959.307401,386127.7448846,0,0,0,0,57.50749969482422,0.6759999990463257,-2.2969441413879395,-1.6032793521881104,23.936908721923828,-2.2969441413879395,-0.0524998940527439,-1.6032793521881104,504.0375671386719,0.0,0.0,544.7859497070312,-620.0064697265625,572.9215698242188,-2.356024742126465,-1.4111608266830444,-1.4702413082122805,-3.76718544960022,-46.72706604003906,-45.12378692626953,504.0375671386719,504.0375671386719,600.0,600.0,2.496999979019165,2.48799991607666,-8228,-8462,False,False
1784742959.311577,386127.749062,0,0,0,0,57.510040283203125,0.8109999895095825,-2.2893950939178467,5.278010845184326,-11.476641654968262,-2.2893950939178467,7.691234588623047,5.278010845184326,598.9736328125,0.0,0.0,544.7859497070312,-620.0064697265625,565.8160400390625,-2.356024742126465,-1.4111608266830444,-1.4777902364730835,-3.76718544960022,-48.34489059448242,-53.62290191650391,598.9736328125,598.9736328125,400.0,400.0,2.5409998893737797,0.0289999991655349,-8225,-8459,False,False
1784742959.3134332,386127.7509174,0,0,0,0,57.51250076293945,0.8519999980926514,-2.2736518383026123,5.823772430419922,11.966347694396973,-2.2736518383026123,4.51499080657959,5.823772430419922,611.9164428710938,0.0,0.0,544.7859497070312,-620.0064697265625,562.68359375,-2.356024742126465,-1.4111608266830444,-1.493533730506897,-3.76718544960022,-48.95783233642578,-54.7816047668457,611.9164428710938,611.9164428710938,400.0,400.0,2.461999893188477,2.490999937057495,-8225,-8459,False,False
1784742959.3163064,386127.7537915,0,0,0,0,57.51499938964844,0.9739999771118164,-2.2630934715271,3.152238130569458,10.539617538452148,-2.2630934715271,2.204995632171631,3.152238130569458,579.8807373046875,0.0,0.0,544.7859497070312,-620.0064697265625,561.2239379882812,-2.356024742126465,-1.4111608266830444,-1.5040918588638306,-3.76718544960022,-48.76138687133789,-51.91362762451172,579.8807373046875,579.8807373046875,400.0,400.0,2.499000072479248,4.989999771118164,-8225,-8459,False,False
1784742959.3193908,386127.7568756,0,0,0,0,57.51749801635742,1.065000057220459,-2.2546045780181885,3.692585229873657,43.85747528076172,-2.2546045780181885,3.9899919033050537,3.692585229873657,590.157958984375,0.0,0.0,544.7859497070312,-620.0064697265625,549.6859130859375,-2.356024742126465,-1.4111608266830444,-1.5125808715820312,-3.76718544960022,-49.14110565185547,-52.83369064331055,590.157958984375,590.157958984375,600.0,600.0,2.496999979019165,2.486999988555908,-8223,-8457,False,False
1784742959.319592,386127.7570795,0,0,0,0,57.52000045776367,1.1579999923706057,-2.250980854034424,1.4915111064910889,16.695350646972656,-2.250980854034424,0.857498288154602,1.4915111064910889,561.9498291015625,0.0,0.0,544.7859497070312,-620.0064697265625,544.41064453125,-2.356024742126465,-1.4111608266830444,-1.516204595565796,-3.76718544960022,-48.81685256958008,-50.3083610534668,561.9498291015625,561.9498291015625,600.0,600.0,2.503999948501587,4.991000175476074,-8223,-8457,False,False
1784742959.324571,386127.7620558,0,0,0,0,57.52250289916992,0.0719999969005584,-2.257894992828369,-4.2958173751831055,11.854177474975586,-2.257894992828369,-6.247487545013428,-4.2958173751831055,379.22357177734375,0.0,0.0,515.3157958984375,-544.41064453125,531.1297607421875,-2.068760395050049,-1.4111608266830444,-1.222026228904724,-3.479921102523804,-38.24567794799805,-33.949859619140625,379.22357177734375,379.22357177734375,600.0,600.0,2.5,2.490999937057495,-8220,-8454,False,False
1784742959.3298366,386127.7673209,0,0,0,0,57.525001525878906,0.1650000065565109,-2.285038709640503,-13.574892044067385,-25.814353942871094,-2.285038709640503,-16.948715209960938,-13.574892044067385,245.143310546875,0.0,0.0,515.3157958984375,-544.41064453125,525.074462890625,-2.068760395050049,-1.4111608266830444,-1.1948825120925903,-3.479921102523804,-35.521263122558594,-21.94637107849121,245.143310546875,245.143310546875,600.0,600.0,2.5,4.991000175476074,-8220,-8454,False,False
1784742959.3301885,386127.7676733,0,0,0,0,57.52749633789063,0.2649999856948852,-2.319014072418213,-14.613788604736328,6.08446741104126,-2.319014072418213,-13.938721656799316,-14.613788604736328,219.0735626220703,0.0,0.0,515.3157958984375,-544.41064453125,522.3158569335938,-2.068760395050049,-1.4111608266830444,-1.16090726852417,-3.479921102523804,-34.22627258300781,-19.61248588562012,219.0735626220703,219.0735626220703,400.0,400.0,2.496999979019165,2.48799991607666,-8217,-8451,False,False
1784742959.3313203,386127.7688047,0,0,0,0,57.52999877929688,0.3630000054836273,-2.345569610595703,-9.765630722045898,13.849637031555176,-2.345569610595703,-8.452483177185059,-9.765630722045898,274.56671142578125,0.0,0.0,515.3157958984375,-544.41064453125,521.0555419921875,-2.068760395050049,-1.4111608266830444,-1.1343514919281006,-3.479921102523804,-34.34612274169922,-24.58049201965332,274.56671142578125,274.56671142578125,400.0,400.0,2.500999927520752,4.988999843597412,-8217,-8451,False,False
1784742959.3362792,386127.7737638,0,0,0,0,57.532501220703125,0.4659999907016754,-2.3661696910858154,-7.961967945098877,-17.63941764831543,-2.3661696910858154,-6.544986724853516,-7.961967945098877,291.3799133300781,0.0,0.0,515.3157958984375,-544.41064453125,509.5970153808594,-2.068760395050049,-1.4111608266830444,-1.1137514114379885,-3.479921102523804,-34.04765319824219,-26.08568382263184,291.3799133300781,291.3799133300781,200.0,200.0,2.500999927520752,2.490000009536743,-8215,-8449,False,False
1784742959.3364632,386127.7739508,0,0,0,0,57.53499984741211,0.5649999976158142,-2.38686203956604,-8.91750717163086,3.149246454238892,-2.38686203956604,-9.134981155395508,-8.91750717163086,271.17535400390625,0.0,0.0,515.3157958984375,-544.41064453125,504.374267578125,-2.068760395050049,-1.4111608266830444,-1.0930590629577637,-3.479921102523804,-33.19438934326172,-24.27688217163086,271.17535400390625,271.17535400390625,200.0,200.0,2.500999927520752,4.991000175476074,-8215,-8449,False,False
1784742959.3511417,386127.7886258,0,0,0,0,57.53749847412109,0.6600000262260437,-2.399362087249756,-4.016410827636719,10.896490097045898,-2.399362087249756,-0.621248722076416,-4.016410827636719,332.4023132324219,0.0,0.0,515.3157958984375,-544.41064453125,480.2510070800781,-2.068760395050049,-1.4111608266830444,-1.080559253692627,-3.479921102523804,-33.77461242675781,-29.758201599121094,332.4023132324219,332.4023132324219,400.0,400.0,2.496999979019165,2.48799991607666,-8214,-8448,False,False
1784742959.351406,386127.7888927,0,0,0,0,57.540000915527344,0.7620000243186951,-2.411513328552246,-5.260788917541504,39.57025909423828,-2.411513328552246,-5.416238784790039,-5.260788917541504,311.3790588378906,0.0,0.0,515.3157958984375,-544.41064453125,469.22161865234375,-2.068760395050049,-1.4111608266830444,-1.0684077739715576,-3.479921102523804,-33.13689041137695,-27.87610244750977,311.3790588378906,311.3790588378906,400.0,400.0,2.503999948501587,4.992000102996826,-8214,-8448,False,False
1784742959.351623,386127.7891095,0,0,0,0,57.5425033569336,0.8569999933242798,-2.4234731197357178,-4.428656101226807,20.581979751586918,-2.4234731197357178,-3.8324921131134033,-4.428656101226807,216.13003540039065,0.0,0.0,474.43548583984375,-469.22161865234375,464.2044677734375,-1.783042073249817,-1.4111608266830444,-0.7707298398017883,-3.1942028999328613,-23.777624130249023,-19.34896850585937,216.13003540039065,216.13003540039065,200.0,200.0,2.5,2.492000102996826,-8212,-8446,False,False
1784742959.3518078,386127.7892947,0,0,0,0,57.54499816894531,0.9509999752044678,-2.4282238483428955,-0.284563660621643,-12.349318504333496,-2.4282238483428955,1.7587463855743408,-0.284563660621643,269.9798278808594,0.0,0.0,474.43548583984375,-469.22161865234375,461.9181823730469,-1.783042073249817,-1.4111608266830444,-0.7659790515899658,-3.1942028999328613,-24.454418182373047,-24.16985321044922,269.9798278808594,269.9798278808594,200.0,200.0,2.497999906539917,4.989999771118164,-8212,-8446,False,False
1784742959.351962,386127.7894496,0,0,0,0,57.547508239746094,1.0679999589920044,-2.4220001697540283,3.18638014793396,-0.6843457818031311,-2.4220001697540283,4.6024909019470215,3.18638014793396,318.7294616699219,0.0,0.0,474.43548583984375,-469.22161865234375,439.0581359863281,-1.783042073249817,-1.4111608266830444,-0.7722027897834778,-3.1942028999328613,-25.34776496887207,-28.53414535522461,318.7294616699219,318.7294616699219,200.0,200.0,2.509000062942505,2.499000072479248,-8211,-8445,False,False
1784742959.3521087,386127.7895965,0,0,0,0,57.54999923706055,1.1469999551773071,-2.4146275520324707,1.8369187116622925,21.452367782592773,-2.4146275520324707,0.75249844789505,1.8369187116622925,303.2763671875,0.0,0.0,474.43548583984375,-469.22161865234375,428.7112121582031,-1.783042073249817,-1.4111608266830444,-0.7795753479003906,-3.1942028999328613,-25.31379508972168,-27.150712966918945,303.2763671875,303.2763671875,200.0,200.0,2.492000102996826,4.991000175476074,-8211,-8445,False,False
1784742959.3600988,386127.7975842,0,0,0,0,57.5525016784668,0.061999998986721,-2.4038710594177246,4.055054664611816,4.347812652587891,-2.4038710594177246,5.319989204406738,4.055054664611816,336.8534545898437,0.0,0.0,474.43548583984375,-469.22161865234375,413.0905151367188,-1.783042073249817,-1.4111608266830444,-0.7903319001197815,-3.1942028999328613,-26.10163116455078,-30.156686782836918,336.8534545898437,336.8534545898437,400.0,400.0,2.5,2.490999937057495,-8210,-8444,False,False
1784742959.360355,386127.7978409,0,0,0,0,57.55500030517578,0.1580000072717666,-2.3926289081573486,3.783018112182617,44.75558090209961,-2.3926289081573486,2.187495470046997,3.783018112182617,337.22540283203125,0.0,0.0,474.43548583984375,-469.22161865234375,405.9684753417969,-1.783042073249817,-1.4111608266830444,-0.8015738725662231,-3.1942028999328613,-26.406967163085938,-30.189985275268555,337.22540283203125,337.22540283203125,400.0,400.0,2.5,4.991000175476074,-8210,-8444,False,False
1784742959.3605142,386127.7980022,0,0,0,0,57.557498931884766,0.2520000040531158,-2.379801750183105,4.210260391235352,-8.061197280883789,-2.379801750183105,3.8849921226501465,4.210260391235352,347.5372314453125,0.0,0.0,474.43548583984375,-469.22161865234375,402.7229614257813,-1.783042073249817,-1.4111608266830444,-0.8144012093544006,-3.1942028999328613,-26.902891159057617,-31.11315155029297,347.5372314453125,347.5372314453125,400.0,400.0,2.497999906539917,2.489000082015991,-8208,-8442,False,False
1784742959.3622065,386127.799692,0,0,0,0,57.560001373291016,0.3569999933242798,-2.3616127967834477,6.9023213386535645,-0.4864814281463623,-2.3616127967834477,7.358735084533691,6.9023213386535645,390.12347412109375,0.0,0.0,474.43548583984375,-469.22161865234375,401.24072265625,-1.783042073249817,-1.4111608266830444,-0.8325901627540588,-3.1942028999328613,-28.023347854614254,-34.9256706237793,390.12347412109375,390.12347412109375,400.0,400.0,2.502000093460083,4.991000175476074,-8208,-8442,False,False
1784742959.364263,386127.8017473,0,0,0,0,57.5625,0.460999995470047,-2.3399746417999268,8.86887264251709,-5.313364505767822,-2.3399746417999268,9.913729667663574,8.86887264251709,424.2178039550781,0.0,0.0,474.43548583984375,-469.22161865234375,389.6875,-1.783042073249817,-1.4111608266830444,-0.8542281985282898,-3.1942028999328613,-29.10907745361328,-37.97795104980469,424.2178039550781,424.2178039550781,200.0,200.0,2.499000072479248,2.490000009536743,-8206,-8440,False,False
1784742959.3690886,386127.8065711,0,0,0,0,57.56500244140625,0.5490000247955322,-2.319814443588257,6.824814319610596,-41.35420989990234,-2.319814443588257,4.646240711212158,6.824814319610596,295.9950866699219,0.0,0.0,424.7350463867188,-389.6875,384.41552734375,-1.4808125495910645,-1.4111608266830444,-0.5721588134765625,-2.89197325706482,-19.674043655395508,-26.498859405517575,295.9950866699219,295.9950866699219,200.0,200.0,2.500999927520752,4.991000175476074,-8206,-8440,False,False
1784742959.3743842,386127.8118689,0,0,0,0,57.567501068115234,0.6539999842643738,-2.301980495452881,6.123292922973633,-14.98182487487793,-2.301980495452881,5.083739757537842,6.123292922973633,292.9664611816406,0.0,0.0,424.7350463867188,-389.6875,371.1354675292969,-1.4808125495910645,-1.4111608266830444,-0.5899928212165833,-2.89197325706482,-20.10442924499512,-26.22772026062012,292.9664611816406,292.9664611816406,600.0,600.0,2.499000072479248,2.490000009536743,-8205,-8439,False,False
1784742959.374693,386127.8121792,0,0,0,0,57.57000350952149,0.746999979019165,-2.2959389686584477,2.808146953582764,-3.7355334758758554,-2.2959389686584477,1.872496247291565,2.808146953582764,250.6892852783203,0.0,0.0,424.7350463867188,-389.6875,365.0738830566406,-1.4808125495910645,-1.4111608266830444,-0.5960342288017273,-2.89197325706482,-19.63472557067871,-22.442873001098636,250.6892852783203,250.6892852783203,600.0,600.0,2.502000093460083,4.992000102996826,-8205,-8439,False,False
1784742959.374943,386127.8124294,0,0,0,0,57.57250213623047,0.8460000157356262,-2.296977996826172,1.251395344734192,-39.71677780151367,-2.296977996826172,2.7649943828582764,1.251395344734192,229.45098876953125,0.0,0.0,424.7350463867188,-389.6875,362.3133850097656,-1.4808125495910645,-1.4111608266830444,-0.5949952006340027,-2.89197325706482,-19.29012680053711,-20.54152107238769,229.45098876953125,229.45098876953125,200.0,200.0,2.5,2.492000102996826,-8202,-8436,False,False
1784742959.3752017,386127.812689,0,0,0,0,57.57500076293945,0.9449999928474426,-2.291911602020264,1.4290428161621094,16.446393966674805,-2.291911602020264,1.5837467908859253,1.4290428161621094,233.64317321777344,0.0,0.0,424.7350463867188,-389.6875,361.0550842285156,-1.4808125495910645,-1.4111608266830444,-0.6000616550445557,-2.89197325706482,-19.487781524658203,-20.916824340820312,233.64317321777344,233.64317321777344,200.0,200.0,2.499000072479248,4.991000175476074,-8202,-8436,False,False
1784742959.38197,386127.8194552,0,0,0,0,57.57749938964844,1.0440000295639038,-2.288151741027832,0.5164692401885986,4.502796173095703,-2.288151741027832,0.3237493336200714,0.5164692401885986,222.7548828125,0.0,0.0,424.7350463867188,-389.6875,338.7303466796875,-1.4808125495910645,-1.4111608266830444,-0.6038215756416321,-2.89197325706482,-19.42558479309082,-19.942052841186523,222.7548828125,222.7548828125,200.0,200.0,2.497999906539917,2.489000082015991,-8201,-8435,False,False
1784742959.3821576,386127.8196453,0,0,0,0,57.58000183105469,1.1460000276565552,-2.2839624881744385,-0.1012510284781456,-24.592039108276367,-2.2839624881744385,-1.7062464952468872,-0.1012510284781456,215.97227478027344,0.0,0.0,424.7350463867188,-389.6875,328.5345153808594,-1.4808125495910645,-1.4111608266830444,-0.6080107092857361,-2.89197325706482,-19.436092376708984,-19.33484268188477,215.97227478027344,215.97227478027344,200.0,200.0,2.502000093460083,4.991000175476074,-8201,-8435,False,False
1784742959.3835723,386127.8210585,0,0,0,0,57.58250045776367,0.0529999993741512,-2.276353359222412,4.673686027526856,10.36534023284912,-2.276353359222412,8.373732566833496,4.673686027526856,282.6959533691406,0.0,0.0,424.7350463867188,-389.6875,313.0099792480469,-1.4808125495910645,-1.4111608266830444,-0.6156198382377625,-2.89197325706482,-20.634571075439453,-25.308258056640625,282.6959533691406,282.6959533691406,200.0,200.0,2.5,2.490999937057495,-8200,-8434,False,False
1784742959.3856,386127.823084,0,0,0,0,57.584999084472656,0.1400000005960464,-2.263234853744507,3.5986480712890625,-7.364518642425537,-2.263234853744507,2.012495994567871,3.5986480712890625,272.9751892089844,0.0,0.0,424.7350463867188,-389.6875,305.93359375,-1.4808125495910645,-1.4111608266830444,-0.628738522529602,-2.89197325706482,-20.8393611907959,-24.43800926208496,272.9751892089844,272.9751892089844,200.0,200.0,2.499000072479248,4.989999771118164,-8200,-8434,False,False
1784742959.387463,386127.8249491,0,0,0,0,57.587501525878906,0.2430000007152557,-2.2502329349517822,5.256003856658936,-6.165517330169678,-2.2502329349517822,6.282487392425537,5.256003856658936,186.07638549804688,0.0,0.0,366.2750854492188,-305.93359375,302.7053527832031,-1.1625477075576782,-1.4111608266830444,-0.3234756290912628,-2.5737085342407227,-11.402420043945312,-16.658424377441406,186.07638549804688,186.07638549804688,400.0,400.0,2.5,2.490000009536743,-8199,-8433,False,False
1784742959.392156,386127.8296406,0,0,0,0,57.59000015258789,0.3429999947547912,-2.231852769851685,8.310503959655762,3.419767141342163,-2.231852769851685,9.589980125427246,8.310503959655762,233.58917236328125,0.0,0.0,366.2750854492188,-305.93359375,301.23309326171875,-1.1625477075576782,-1.4111608266830444,-0.3418557941913605,-2.5737085342407227,-12.601486206054688,-20.91199111938477,233.58917236328125,233.58917236328125,400.0,400.0,2.500999927520752,4.991000175476074,-8199,-8433,False,False
1784742959.394205,386127.8316903,0,0,0,0,57.59250259399414,0.4440000057220459,-2.2068793773651123,10.628456115722656,6.027099609375,-2.2068793773651123,11.086227416992188,10.628456115722656,273.5858154296875,0.0,0.0,366.2750854492188,-305.93359375,300.5622253417969,-1.1625477075576782,-1.4111608266830444,-0.3668290078639984,-2.5737085342407227,-13.864218711853027,-24.49267578125,273.5858154296875,273.5858154296875,200.0,200.0,2.5,2.490999937057495,-8197,-8431,False,False
1784742959.3971922,386127.834678,0,0,0,0,57.595001220703125,0.5379999876022339,-2.183750867843628,8.392077445983887,-5.8531599044799805,-2.183750867843628,7.42873477935791,8.392077445983887,251.87625122070312,0.0,0.0,366.2750854492188,-305.93359375,300.25634765625,-1.1625477075576782,-1.4111608266830444,-0.3899575769901275,-2.5737085342407227,-14.157057762145996,-22.549135208129883,251.87625122070312,251.87625122070312,200.0,200.0,2.5,4.991000175476074,-8197,-8431,False,False
1784742959.3999925,386127.837477,0,0,0,0,57.59749984741211,0.6380000114440918,-2.158223390579224,12.11554718017578,-23.522533416748047,-2.158223390579224,14.94497013092041,12.11554718017578,310.9107666015625,0.0,0.0,366.2750854492188,-305.93359375,300.1169128417969,-1.1625477075576782,-1.4111608266830444,-0.4154850244522095,-2.5737085342407227,-15.71863079071045,-27.834177017211918,310.9107666015625,310.9107666015625,200.0,200.0,2.499000072479248,2.490000009536743,-8196,-8430,False,False
1784742959.401375,386127.8388598,0,0,0,0,57.60000228881836,0.7300000190734863,-2.1255288124084477,14.16469669342041,11.747424125671388,-2.1255288124084477,14.673720359802246,14.16469669342041,350.0642395019531,0.0,0.0,366.2750854492188,-305.93359375,300.05328369140625,-1.1625477075576782,-1.4111608266830444,-0.448179543018341,-2.5737085342407227,-17.174684524536133,-31.33938217163086,350.0642395019531,350.0642395019531,200.0,200.0,2.500999927520752,4.991000175476074,-8196,-8430,False,False
1784742959.4032774,386127.8407615,0,0,0,0,57.602500915527344,0.8320000171661377,-2.093005657196045,13.985997200012209,7.235022068023682,-2.093005657196045,14.174971580505373,13.985997200012209,359.294189453125,0.0,0.0,366.2750854492188,-305.93359375,300.0242919921875,-1.1625477075576782,-1.4111608266830444,-0.4807028174400329,-2.5737085342407227,-18.179689407348636,-32.16568756103516,359.294189453125,359.294189453125,200.0,200.0,2.500999927520752,2.492000102996826,-8195,-8429,False,False
1784742959.4050567,386127.8425431,0,0,0,0,57.60499954223633,0.9279999732971193,-2.0611226558685303,12.28219223022461,-24.86399269104004,-2.0611226558685303,10.254979133605955,12.28219223022461,347.8525695800781,0.0,0.0,366.2750854492188,-305.93359375,300.0110778808594,-1.1625477075576782,-1.4111608266830444,-0.5125858783721924,-2.5737085342407227,-18.859188079833984,-31.14137840270996,347.8525695800781,347.8525695800781,200.0,200.0,2.497999906539917,4.989999771118164,-8195,-8429,False,False
1784742959.407279,386127.8447644,0,0,0,0,57.60749816894531,1.0329999923706057,-2.0332815647125244,11.73373317718506,-16.578033447265625,-2.0332815647125244,11.87372589111328,11.73373317718506,350.4524841308594,0.0,0.0,366.2750854492188,-305.93359375,289.1238098144531,-1.1625477075576782,-1.4111608266830444,-0.5404268503189087,-2.5737085342407227,-19.640405654907227,-31.37413787841797,350.4524841308594,350.4524841308594,400.0,400.0,2.5,2.490000009536743,-8194,-8428,False,False
1784742959.4113762,386127.8488612,0,0,0,0,57.61000061035156,1.1109999418258667,-2.013798236846924,6.683897972106934,-6.137561798095703,-2.013798236846924,4.296241283416748,6.683897972106934,266.8956298828125,0.0,0.0,321.845703125,-289.1238098144531,284.1598815917969,-1.098670482635498,-1.4111608266830444,-0.4960331320762634,-2.509831190109253,-17.209840774536133,-23.89373779296875,266.8956298828125,266.8956298828125,400.0,400.0,2.5,4.989999771118164,-8194,-8428,False,False
1784742959.4131694,386127.8506558,0,0,0,0,57.61250305175781,0.0359999984502792,-1.994444727897644,4.98530387878418,26.593692779541016,-1.994444727897644,5.276239395141602,4.98530387878418,251.04519653320312,0.0,0.0,321.845703125,-289.1238098144531,281.8954772949219,-1.098670482635498,-1.4111608266830444,-0.5153865218162537,-2.509831190109253,-17.489429473876953,-22.474733352661133,251.04519653320312,251.04519653320312,400.0,400.0,2.502000093460083,2.492000102996826,-8192,-8426,False,False
1784742959.415841,386127.853328,0,0,0,0,57.6150016784668,0.1319999992847442,-1.9854446649551392,3.990512609481812,4.368234634399414,-1.9854446649551392,3.736242532730103,3.990512609481812,240.92791748046875,0.0,0.0,321.845703125,-289.1238098144531,280.86474609375,-1.098670482635498,-1.4111608266830444,-0.5243866443634033,-2.509831190109253,-17.578474044799805,-21.568986892700195,240.92791748046875,240.92791748046875,400.0,400.0,2.497999906539917,4.989999771118164,-8192,-8426,False,False
1784742959.42004,386127.8575232,0,0,0,0,57.61750030517578,0.2280000001192093,-1.975055694580078,4.803459644317627,-19.20905876159668,-1.975055694580078,5.757488250732422,4.803459644317627,255.5382232666016,0.0,0.0,321.845703125,-289.1238098144531,291.27276611328125,-1.098670482635498,-1.4111608266830444,-0.5347755551338196,-2.509831190109253,-18.073511123657227,-22.87697029113769,255.5382232666016,255.5382232666016,200.0,200.0,2.499000072479248,2.489000082015991,-8190,-8424,False,False
1784742959.4202268,386127.8577145,0,0,0,0,57.62000274658203,0.3319999873638153,-1.9675379991531368,1.2586849927902222,21.734846115112305,-1.9675379991531368,-0.4024991989135742,1.2586849927902222,210.7107391357422,0.0,0.0,321.845703125,-289.1238098144531,296.0234375,-1.098670482635498,-1.4111608266830444,-0.5422933101654053,-2.509831190109253,-17.605121612548828,-18.863807678222656,210.7107391357422,210.7107391357422,200.0,200.0,2.502000093460083,4.991000175476074,-8190,-8424,False,False
1784742959.423256,386127.8607414,0,0,0,0,57.622501373291016,0.4320000112056732,-1.960093975067139,4.084043502807617,7.971685886383057,-1.960093975067139,6.439987182617188,4.084043502807617,251.2430419921875,0.0,0.0,321.845703125,-289.1238098144531,276.4244384765625,-1.098670482635498,-1.4111608266830444,-0.5497373342514038,-2.509831190109253,-18.408403396606445,-22.492446899414062,251.2430419921875,251.2430419921875,400.0,400.0,2.5,2.490999937057495,-8189,-8423,False,False
1784742959.4253905,386127.8628769,0,0,0,0,57.625,0.5249999761581421,-1.9436935186386108,6.960498809814453,0.6309090256690979,-1.9436935186386108,7.804984092712402,6.960498809814453,295.66162109375,0.0,0.0,321.845703125,-289.1238098144531,267.4908752441406,-1.098670482635498,-1.4111608266830444,-0.5661376714706421,-2.509831190109253,-19.508506774902344,-26.4690055847168,295.66162109375,295.66162109375,400.0,400.0,2.499000072479248,4.989999771118164,-8189,-8423,False,False
1784742959.4283037,386127.8657887,0,0,0,0,57.62749862670898,0.6290000081062317,-1.923294305801392,8.079107284545898,5.77436113357544,-1.923294305801392,8.286232948303223,8.079107284545898,317.9471740722656,0.0,0.0,321.845703125,-289.1238098144531,274.2948303222656,-1.098670482635498,-1.4111608266830444,-0.5865369439125061,-2.509831190109253,-20.3850040435791,-28.464109420776367,317.9471740722656,317.9471740722656,200.0,200.0,2.499000072479248,2.489000082015991,-8187,-8421,False,False
1784742959.4332757,386127.8707607,0,0,0,0,57.62999725341797,0.718999981880188,-1.9097979068756104,4.425374507904053,-17.20608901977539,-1.9097979068756104,3.39499306678772,4.425374507904053,273.7962951660156,0.0,0.0,321.845703125,-289.1238098144531,277.3988037109375,-1.098670482635498,-1.4111608266830444,-0.6000334024429321,-2.509831190109253,-20.086143493652344,-24.511518478393555,273.7962951660156,273.7962951660156,200.0,200.0,2.5,4.988999843597412,-8187,-8421,False,False
1784742959.4334297,386127.8709177,0,0,0,0,57.63249969482422,0.8220000267028809,-1.897077798843384,6.618466377258301,-33.35234069824219,-1.897077798843384,8.959981918334961,6.618466377258301,291.8135681152344,0.0,0.0,284.5055847167969,-277.3988037109375,278.81475830078125,-1.0541154146194458,-1.4111608266830444,-0.5681983828544617,-2.4652762413024902,-19.50604248046875,-26.12450790405273,291.8135681152344,291.8135681152344,200.0,200.0,2.502000093460083,2.490999937057495,-8186,-8420,False,False
1784742959.436,386127.8734848,0,0,0,0,57.63500213623047,0.9229999780654908,-1.8767706155776975,8.545939445495605,8.901212692260742,-1.8767706155776975,8.51373291015625,8.545939445495605,324.9082946777344,0.0,0.0,284.5055847167969,-277.3988037109375,279.4595947265625,-1.0541154146194458,-1.4111608266830444,-0.5885055065155029,-2.4652762413024902,-20.541364669799805,-29.087305068969727,324.9082946777344,324.9082946777344,200.0,200.0,2.5,4.991000175476074,-8186,-8420,False,False
1784742959.4376924,386127.8751754,0,0,0,0,57.63750076293945,1.0210000276565552,-1.8581022024154663,7.257379531860352,9.514074325561523,-1.8581022024154663,5.932487964630127,7.257379531860352,314.3092041015625,0.0,0.0,284.5055847167969,-277.3988037109375,279.7535400390625,-1.0541154146194458,-1.4111608266830444,-0.6071739792823792,-2.4652762413024902,-20.88104248046875,-28.1384220123291,314.3092041015625,314.3092041015625,400.0,400.0,2.499000072479248,2.490000009536743,-8185,-8419,False,False
1784742959.4394388,386127.8769236,0,0,0,0,57.63999938964844,1.1119999885559082,-1.8531203269958496,0.6363022327423096,-27.802188873291016,-1.8531203269958496,-1.574996829032898,0.6363022327423096,227.34019470214844,0.0,0.0,284.5055847167969,-277.3988037109375,279.8876342773437,-1.0541154146194458,-1.4111608266830444,-0.6121559143066406,-2.4652762413024902,-19.716249465942383,-20.3525505065918,227.34019470214844,227.34019470214844,400.0,400.0,2.5,4.989999771118164,-8185,-8419,False,False
1784742959.4438417,386127.8813274,0,0,0,0,57.64250183105469,0.025000000372529,-1.85928475856781,-0.0339367389678955,-6.14606237411499,-1.85928475856781,0.9099981784820556,-0.0339367389678955,216.15277099609372,0.0,0.0,284.5055847167969,-277.3988037109375,279.94879150390625,-1.0541154146194458,-1.4111608266830444,-0.6059914827346802,-2.4652762413024902,-19.384939193725582,-19.351001739501957,216.15277099609372,216.15277099609372,200.0,200.0,2.502000093460083,2.492000102996826,-8183,-8417,False,False
1784742959.4451256,386127.8826128,0,0,0,0,57.64500045776367,0.1169999986886978,-1.858743667602539,0.8397589325904846,9.156781196594238,-1.858743667602539,0.6037487983703613,0.8397589325904846,228.05734252929688,0.0,0.0,284.5055847167969,-277.3988037109375,279.9766540527344,-1.0541154146194458,-1.4111608266830444,-0.6065325736999512,-2.4652762413024902,-19.576993942260746,-20.4167537689209,228.05734252929688,228.05734252929688,200.0,200.0,2.497999906539917,4.989999771118164,-8183,-8417,False,False
1784742959.4493463,386127.8868316,0,0,0,0,57.647499084472656,0.2189999967813491,-1.8592114448547363,-1.097658395767212,11.876462936401367,-1.8592114448547363,-2.6162447929382324,-1.097658395767212,201.9206695556641,0.0,0.0,284.5055847167969,-277.3988037109375,279.9893493652344,-1.0541154146194458,-1.4111608266830444,-0.6060646772384644,-2.4652762413024902,-19.17453956604004,-18.076879501342773,201.9206695556641,201.9206695556641,400.0,400.0,2.5,2.490000009536743,-8182,-8416,False,False
1784742959.4496262,386127.887113,0,0,0,0,57.64999771118164,0.3120000064373016,-1.872305154800415,-7.758434295654297,12.84319305419922,-1.872305154800415,-10.66622829437256,-7.758434295654297,107.95856475830078,0.0,0.0,284.5055847167969,-277.3988037109375,279.9951477050781,-1.0541154146194458,-1.4111608266830444,-0.5929710268974304,-2.4652762413024902,-17.42338752746582,-9.664952278137209,107.95856475830078,107.95856475830078,400.0,400.0,2.499000072479248,4.988999843597412,-8182,-8416,False,False
1784742959.4533117,386127.890796,0,0,0,0,57.65250015258789,0.4199999868869781,-1.891340494155884,-6.515644550323486,18.07887077331543,-1.891340494155884,-4.409991264343262,-6.515644550323486,117.81298828125,0.0,0.0,284.5055847167969,-277.3988037109375,290.884765625,-1.0541154146194458,-1.4111608266830444,-0.5739356279373169,-2.4652762413024902,-17.06281089782715,-10.547167778015137,117.81298828125,117.81298828125,200.0,200.0,2.502000093460083,2.490999937057495,-8180,-8414,False,False
1784742959.4552066,386127.8926924,0,0,0,0,57.65500259399414,0.5149999856948853,-1.903390884399414,-3.657724142074585,-5.240131855010986,-1.903390884399414,-2.318745374679565,-3.657724142074585,170.13137817382812,0.0,0.0,248.4346618652344,-290.884765625,295.8440246582031,-1.105362057685852,-1.4111608266830444,-0.6131319403648376,-2.5165228843688965,-18.8886775970459,-15.230952262878418,170.13137817382812,170.13137817382812,200.0,200.0,2.5,4.991000175476074,-8180,-8414,False,False
1784742959.457564,386127.8950497,0,0,0,0,57.65749740600586,0.6159999966621399,-1.9112628698349,-3.2650434970855717,-5.278749465942383,-1.9112628698349,-3.0887436866760254,-3.2650434970855717,172.5811309814453,0.0,0.0,248.4346618652344,-290.884765625,298.1039428710937,-1.105362057685852,-1.4111608266830444,-0.6052599549293518,-2.5165228843688965,-18.715309143066406,-15.450265884399414,172.5811309814453,172.5811309814453,0.0,0.0,2.497999906539917,2.489000082015991,-8179,-8413,False,False
1784742959.4595735,386127.8970599,0,0,0,0,57.65999984741211,0.7120000123977661,-1.9171165227890012,-2.186394691467285,-3.7804415225982666,-1.9171165227890012,-1.417497158050537,-2.186394691467285,184.94712829589844,0.0,0.0,248.4346618652344,-290.884765625,299.135498046875,-1.105362057685852,-1.4111608266830444,-0.5994063019752502,-2.5165228843688965,-18.74372291564941,-16.557327270507812,184.94712829589844,184.94712829589844,0.0,0.0,2.5,4.988999843597412,-8179,-8413,False,False
1784742959.4643283,386127.9018147,0,0,0,0,57.66249847412109,0.8090000152587891,-1.915244579315185,1.9407554864883425,-3.2512924671173096,-1.915244579315185,4.208741664886475,1.9407554864883425,240.9370880126953,0.0,0.0,248.4346618652344,-290.884765625,277.8377685546875,-1.105362057685852,-1.4111608266830444,-0.6012781858444214,-2.5165228843688965,-19.629053115844727,-21.569808959960938,240.9370880126953,240.9370880126953,200.0,200.0,2.500999927520752,2.490000009536743,-8179,-8413,False,False
1784742959.4652598,386127.9027461,0,0,0,0,57.665000915527344,0.9070000052452089,-1.900864839553833,7.584625720977783,-3.253225088119507,-1.900864839553833,10.106229782104492,7.584625720977783,321.72821044921875,0.0,0.0,248.4346618652344,-290.884765625,268.1329040527344,-1.105362057685852,-1.4111608266830444,-0.6156580448150635,-2.5165228843688965,-21.217981338500977,-28.8026065826416,321.72821044921875,321.72821044921875,200.0,200.0,2.5,4.989999771118164,-8179,-8413,False,False
1784742959.467059,386127.9045467,0,0,0,0,57.66749954223633,1.0130000114440918,-1.8747557401657104,11.540620803833008,-3.6627821922302246,-1.8747557401657104,12.617474555969238,11.540620803833008,384.0874328613281,0.0,0.0,248.4346618652344,-290.884765625,252.82687377929688,-1.105362057685852,-1.4111608266830444,-0.6417670845985413,-2.5165228843688965,-22.84467124938965,-34.385292053222656,384.0874328613281,384.0874328613281,200.0,200.0,2.5,2.490000009536743,-8178,-8412,False,False
1784742959.4712937,386127.908779,0,0,0,0,57.66999816894531,1.1050000190734863,-1.844731450080872,11.422563552856444,-1.9156782627105715,-1.844731450080872,10.219979286193848,11.422563552856444,393.2369689941406,0.0,0.0,248.4346618652344,-290.884765625,245.85009765625,-1.105362057685852,-1.4111608266830444,-0.6717914342880249,-2.5165228843688965,-23.78183937072754,-35.204402923583984,393.2369689941406,393.2369689941406,200.0,200.0,2.499000072479248,4.988999843597412,-8178,-8412,False,False
1784742959.473235,386127.9107197,0,0,0,0,57.67250061035156,1.2100000381469729,-1.8230574131011963,8.511429786682129,-8.559978485107422,-1.8230574131011963,7.6824846267700195,8.511429786682129,361.96295166015625,0.0,0.0,248.4346618652344,-290.884765625,242.66476440429688,-1.105362057685852,-1.4111608266830444,-0.6934654116630554,-2.5165228843688965,-23.893178939819336,-32.40460968017578,361.96295166015625,361.96295166015625,400.0,400.0,2.503000020980835,2.492000102996826,-8177,-8411,False,False
1784742959.4752235,386127.9127102,0,0,0,0,57.67499923706055,0.1099999994039535,-1.790573000907898,9.52826976776123,5.879904747009277,-1.790573000907898,9.274981498718262,9.52826976776123,387.20416259765625,0.0,0.0,248.4346618652344,-290.884765625,241.2157287597656,-1.105362057685852,-1.4111608266830444,-0.7259498834609985,-2.5165228843688965,-25.136049270629883,-34.6643180847168,387.20416259765625,387.20416259765625,400.0,400.0,2.497999906539917,4.989999771118164,-8177,-8411,False,False
1784742959.4776068,386127.9150943,0,0,0,0,57.6775016784668,0.2039999961853027,-1.7719614505767822,4.162491798400879,23.039661407470703,-1.7719614505767822,-0.5074989795684814,4.162491798400879,254.4684600830078,0.0,0.0,216.5534820556641,-241.2157287597656,240.55430603027344,-0.9166197776794434,-1.4111608266830444,-0.5558191537857056,-2.3277804851531982,-18.618709564208984,-22.78120231628418,254.4684600830078,254.4684600830078,400.0,400.0,2.5,2.490000009536743,-8175,-8409,False,False
1784742959.4794888,386127.9169748,0,0,0,0,57.68000030517578,0.3070000112056732,-1.7696510553359983,-1.3093719482421875,24.78132057189941,-1.7696510553359983,-3.674992561340332,-1.3093719482421875,181.94876098632807,0.0,0.0,216.5534820556641,-241.2157287597656,240.2526397705078,-0.9166197776794434,-1.4111608266830444,-0.5581295490264893,-2.3277804851531982,-17.598270416259766,-16.288898468017578,181.94876098632807,181.94876098632807,400.0,400.0,2.500999927520752,4.991000175476074,-8175,-8409,False,False
1784742959.4843085,386127.9217939,0,0,0,0,57.682498931884766,0.4079999923706054,-1.7763612270355225,-2.765700578689575,-3.826174974441528,-1.7763612270355225,-3.132493734359741,-2.765700578689575,160.0294189453125,0.0,0.0,216.5534820556641,-241.2157287597656,250.9936065673828,-0.9166197776794434,-1.4111608266830444,-0.5514193177223206,-2.3277804851531982,-17.09227752685547,-14.326578140258787,160.0294189453125,160.0294189453125,200.0,200.0,2.499000072479248,2.490000009536743,-8173,-8407,False,False
1784742959.4852967,386127.9227812,0,0,0,0,57.685001373291016,0.4950000047683716,-1.7846784591674805,-3.361381769180298,5.668344974517822,-1.7846784591674805,-3.8412423133850098,-3.361381769180298,149.07186889648438,0.0,0.0,216.5534820556641,-241.2157287597656,255.8936462402344,-0.9166197776794434,-1.4111608266830444,-0.5431020259857178,-2.3277804851531982,-16.706989288330078,-13.34560775756836,149.07186889648438,149.07186889648438,200.0,200.0,2.5,4.989999771118164,-8173,-8407,False,False
1784742959.487873,386127.9253586,0,0,0,0,57.6875,0.6060000061988831,-1.7946583032608032,-4.1959638595581055,-3.6296751499176025,-1.7946583032608032,-4.488740921020508,-4.1959638595581055,134.31781005859375,0.0,0.0,216.5534820556641,-241.2157287597656,258.1271667480469,-0.9166197776794434,-1.4111608266830444,-0.5331222414970398,-2.3277804851531982,-16.220718383789062,-12.024755477905272,134.31781005859375,134.31781005859375,200.0,200.0,2.499000072479248,2.489000082015991,-8172,-8406,False,False
1784742959.493878,386127.9313637,0,0,0,0,57.68999862670898,0.6980000138282776,-1.8103185892105105,-8.67141056060791,-36.68164443969727,-1.8103185892105105,-12.118725776672363,-8.67141056060791,68.73065185546875,0.0,0.0,216.5534820556641,-241.2157287597656,259.1463623046875,-0.9166197776794434,-1.4111608266830444,-0.5174619555473328,-2.3277804851531982,-14.824499130249023,-6.153088569641113,68.73065185546875,68.73065185546875,200.0,200.0,2.500999927520752,4.989999771118164,-8172,-8406,False,False
1784742959.4940214,386127.9315097,0,0,0,0,57.692501068115234,0.796999990940094,-1.8340811729431152,-8.014728546142578,-35.89971923828125,-1.8340811729431152,-4.6549906730651855,-8.014728546142578,69.03912353515625,0.0,0.0,216.5534820556641,-241.2157287597656,248.72955322265625,-0.9166197776794434,-1.4111608266830444,-0.493699312210083,-2.3277804851531982,-14.195432662963867,-6.180704116821289,69.03912353515625,69.03912353515625,200.0,200.0,2.5,2.490000009536743,-8171,-8405,False,False
1784742959.495811,386127.9332982,0,0,0,0,57.69499969482422,0.8980000019073486,-1.8533484935760496,-9.540115356445312,26.558738708496094,-1.8533484935760496,-11.8474760055542,-9.540115356445312,41.70570373535156,0.0,0.0,216.5534820556641,-241.2157287597656,243.98013305664065,-0.9166197776794434,-1.4111608266830444,-0.474432110786438,-2.3277804851531982,-13.2738037109375,-3.733689069747925,41.70570373535156,41.70570373535156,200.0,200.0,2.5,4.989999771118164,-8171,-8405,False,False
1784742959.4994495,386127.9369353,0,0,0,0,57.6974983215332,0.9860000014305116,-1.8816473484039309,-12.67194366455078,2.65416955947876,-1.8816473484039309,-13.553722381591797,-12.67194366455078,-6.634130477905273,0.0,0.0,180.015625,-243.98013305664065,241.814697265625,-0.927124559879303,-1.4111608266830444,-0.4566379487514496,-2.338285207748413,-12.078024864196776,0.5939183235168457,-6.634130477905273,-6.634130477905273,-0.0,-0.0,2.5,2.490000009536743,-8170,-8404,False,False
1784742959.5016153,386127.9390962,0,0,0,0,57.70000076293945,1.093000054359436,-1.9056134223937988,-9.339542388916016,-12.52953815460205,-1.9056134223937988,-7.664984226226807,-9.339542388916016,29.467287063598636,0.0,0.0,180.015625,-243.98013305664065,240.827392578125,-0.927124559879303,-1.4111608266830444,-0.4326718747615814,-2.338285207748413,-11.977591514587402,-2.638048887252808,29.467287063598636,29.467287063598636,0.0,0.0,2.5,4.989999771118164,-8170,-8404,False,False
1784742959.505604,386127.943089,0,0,0,0,57.70249938964844,1.1990000009536743,-1.921881079673767,-6.435793399810791,-5.56110143661499,-1.921881079673767,-5.354989051818848,-6.435793399810791,62.574737548828125,0.0,0.0,180.015625,-243.98013305664065,240.3771209716797,-0.927124559879303,-1.4111608266830444,-0.4164041578769684,-2.338285207748413,-12.037775039672852,-5.601981163024902,62.574737548828125,62.574737548828125,0.0,0.0,2.500999927520752,7.491000175476074,-8170,-8404,False,False
1784742959.5056942,386127.9431824,0,0,0,0,57.70500183105469,0.096000000834465,-1.9310215711593628,-0.4655982851982116,-2.8281092643737797,-1.9310215711593628,1.3912471532821655,-0.4655982851982116,139.3328094482422,0.0,0.0,180.015625,-243.98013305664065,208.54380798339844,-0.927124559879303,-1.4111608266830444,-0.4072637259960174,-2.338285207748413,-12.939319610595703,-12.473721504211426,139.3328094482422,139.3328094482422,0.0,0.0,2.499000072479248,0.0,-8170,-8404,False,False
1784742959.5076723,386127.945158,0,0,0,0,57.70750045776367,0.1930000036954879,-1.924654603004456,4.190639019012451,-1.7135614156723022,-1.924654603004456,6.527486801147461,4.190639019012451,204.02142333984372,0.0,0.0,180.015625,-243.98013305664065,194.0214080810547,-0.927124559879303,-1.4111608266830444,-0.4136306643486023,-2.338285207748413,-14.07430934906006,-18.26494789123535,204.02142333984372,204.02142333984372,0.0,0.0,2.5,2.5,-8170,-8404,False,False
1784742959.5100777,386127.9475657,0,0,0,0,57.709999084472656,0.296999990940094,-1.9068235158920288,8.453622817993164,1.239132046699524,-1.9068235158920288,10.193729400634766,8.453622817993164,267.53662109375,0.0,0.0,180.015625,-243.98013305664065,187.403564453125,-0.927124559879303,-1.4111608266830444,-0.431461751461029,-2.338285207748413,-15.4975004196167,-23.95112419128418,267.53662109375,267.53662109375,0.0,0.0,2.497999906539917,4.998000144958496,-8170,-8404,False,False
1784742959.5132096,386127.9506949,0,0,0,0,57.712501525878906,0.4000000059604645,-1.8788621425628664,13.1128511428833,2.879356861114502,-1.8788621425628664,15.53121852874756,13.1128511428833,339.984130859375,0.0,0.0,180.015625,-243.98013305664065,174.4821319580078,-0.927124559879303,-1.4111608266830444,-0.4594231843948364,-2.338285207748413,-17.324111938476562,-30.436962127685547,339.984130859375,339.984130859375,0.0,0.0,2.502000093460083,2.5,-8170,-8404,False,False
1784742959.5152612,386127.9527472,0,0,0,0,57.71500015258789,0.4930000007152557,-1.8417657613754272,15.998160362243652,0.4545304179191589,-1.8417657613754272,16.852466583251953,15.998160362243652,391.9190673828125,0.0,0.0,180.015625,-243.98013305664065,168.59600830078125,-0.927124559879303,-1.4111608266830444,-0.4965195655822754,-2.338285207748413,-19.088258743286133,-35.08641815185547,391.9190673828125,391.9190673828125,400.0,400.0,2.500999927520752,0.0010000000474974,-8170,-8404,False,False
1784742959.5171118,386127.9545999,0,0,0,0,57.71750259399414,0.5920000076293945,-1.8036189079284668,14.901285171508787,10.642536163330078,-1.8036189079284668,13.273722648620604,14.901285171508787,288.4585876464844,0.0,0.0,135.90647888183594,-168.59600830078125,165.91384887695312,-0.64066481590271,-1.4111608266830444,-0.2482066303491592,-2.051825523376465,-10.922869682312012,-25.824153900146484,288.4585876464844,288.4585876464844,400.0,400.0,2.5,2.500999927520752,-8170,-8404,False,False
1784742959.5193226,386127.9568076,0,0,0,0,57.71999740600586,0.6909999847412109,-1.775257587432861,9.643662452697754,15.010808944702148,-1.775257587432861,6.387486934661865,9.643662452697754,228.1223297119141,0.0,0.0,135.90647888183594,-168.59600830078125,164.69158935546875,-0.64066481590271,-1.4111608266830444,-0.2765680253505707,-2.051825523376465,-10.778908729553224,-20.422571182250977,228.1223297119141,228.1223297119141,400.0,400.0,2.497999906539917,4.999000072479248,-8170,-8404,False,False
1784742959.5232916,386127.9607763,0,0,0,0,57.72249984741211,0.7850000262260437,-1.757736086845398,6.142811298370361,-20.505556106567383,-1.757736086845398,3.473742961883545,6.142811298370361,187.4593963623047,0.0,0.0,135.90647888183594,-168.59600830078125,174.0299530029297,-0.64066481590271,-1.4111608266830444,-0.2940894961357116,-2.051825523376465,-10.63942527770996,-16.782236099243164,187.4593963623047,187.4593963623047,400.0,400.0,2.500999927520752,2.5,-8168,-8402,False,False
1784742959.5254028,386127.9628908,0,0,0,0,57.72500228881836,0.8830000162124634,-1.7495254278182983,1.006569743156433,33.214927673339844,-1.7495254278182983,-1.5924967527389526,1.006569743156433,121.54740142822266,0.0,0.0,135.90647888183594,-168.59600830078125,188.1827850341797,-0.64066481590271,-1.4111608266830444,-0.3023001849651336,-2.051825523376465,-9.874919891357422,-10.881488800048828,121.54740142822266,121.54740142822266,200.0,200.0,2.500999927520752,0.0010000000474974,-8166,-8400,False,False
1784742959.5272295,386127.9647157,0,0,0,0,57.727500915527344,0.9789999723434448,-1.7580158710479736,-5.540870666503906,23.4298152923584,-1.7580158710479736,-7.481235027313232,-5.540870666503906,30.749794006347656,0.0,0.0,135.90647888183594,-168.59600830078125,194.6301727294922,-0.64066481590271,-1.4111608266830444,-0.2938096821308136,-2.051825523376465,-8.29373550415039,-2.7528650760650635,30.749794006347656,30.749794006347656,200.0,200.0,2.499000072479248,2.5,-8166,-8400,False,False
1784742959.53413,386127.9716126,0,0,0,0,57.72999954223633,1.0709999799728394,-1.775148630142212,-8.779691696166992,1.5704811811447144,-1.775148630142212,-10.0449800491333,-8.779691696166992,-18.787769317626957,0.0,0.0,135.90647888183594,-168.59600830078125,187.68490600585935,-0.64066481590271,-1.4111608266830444,-0.2766769230365753,-2.051825523376465,-7.097723007202148,1.6819685697555542,-18.787769317626957,-18.787769317626957,-0.0,-0.0,2.497999906539917,0.0,-8165,-8399,False,False
1784742959.5354636,386127.9729463,0,0,0,0,57.73250579833984,1.194000005722046,-1.802609205245972,-13.930715560913086,-5.717566967010498,-1.802609205245972,-16.563716888427734,-13.930715560913086,-97.64833068847656,0.0,0.0,135.90647888183594,-168.59600830078125,184.50962829589844,-0.64066481590271,-1.4111608266830444,-0.2492164373397827,-2.051825523376465,-5.188782691955566,8.74193286895752,-97.64833068847656,-97.64833068847656,-0.0,-0.0,2.50600004196167,2.50600004196167,-8165,-8399,False,False
1784742959.5362542,386127.9737349,0,0,0,0,57.73500061035156,0.0869999974966049,-1.858032822608948,-15.05884075164795,4.364263534545898,-1.858032822608948,-14.839969635009766,-15.05884075164795,-132.58070373535156,0.0,0.0,135.90647888183594,-168.59600830078125,163.30088806152344,-0.64066481590271,-1.4111608266830444,-0.1937927454710006,-2.051825523376465,-3.1895995140075684,11.86924171447754,-132.58070373535156,-132.58070373535156,-0.0,-0.0,2.496000051498413,0.0020000000949949,-8165,-8399,False,False
1784742959.5410402,386127.9785257,0,0,0,0,57.73749923706055,0.1790000051259994,-1.8925998210906985,-14.766666412353516,15.760196685791016,-1.8925998210906985,-14.647470474243164,-14.766666412353516,-141.02011108398438,0.0,0.0,135.90647888183594,-168.59600830078125,153.60609436035156,-0.64066481590271,-1.4111608266830444,-0.1592257618904113,-2.051825523376465,-2.14189076423645,12.624775886535645,-141.02011108398438,-141.02011108398438,-0.0,-0.0,2.500999927520752,2.503000020980835,-8165,-8399,False,False
1784742959.541275,386127.9787619,0,0,0,0,57.73999786376953,0.2829999923706054,-1.9245147705078125,-13.45080852508545,12.538745880126951,-1.9245147705078125,-12.71372413635254,-13.45080852508545,-155.15052795410156,0.0,0.0,64.6766586303711,-153.60609436035156,139.3017578125,-0.5837031602859497,-1.4111608266830444,-0.0703491792082786,-1.9948638677597048,0.4389878213405609,13.889796257019045,-155.15052795410156,-155.15052795410156,-0.0,-0.0,2.497999906539917,0.0010000000474974,-8165,-8399,False,False
1784742959.5430925,386127.9805801,0,0,0,0,57.74250030517578,0.3819999992847442,-1.9495999813079836,-9.863482475280762,4.225406646728516,-1.9495999813079836,-8.111233711242676,-9.863482475280762,-116.03211212158205,0.0,0.0,64.6766586303711,-153.60609436035156,132.77061462402344,-0.5837031602859497,-1.4111608266830444,-0.045263897627592,-1.9948638677597048,0.5242518186569214,10.387734413146973,-116.03211212158205,-116.03211212158205,-0.0,-0.0,2.500999927520752,2.502000093460083,-8165,-8399,False,False
1784742959.5455086,386127.9829946,0,0,0,0,57.74500274658203,0.4720000028610229,-1.963480830192566,-4.555622577667236,1.6795201301574707,-1.963480830192566,-1.9512460231781008,-4.555622577667236,-49.846492767333984,0.0,0.0,64.6766586303711,-153.60609436035156,119.89695739746094,-0.5837031602859497,-1.4111608266830444,-0.0313830338418483,-1.9948638677597048,-0.0931325778365135,4.462490081787109,-49.846492767333984,-49.846492767333984,-200.0,-200.0,2.500999927520752,0.003000000026077,-8165,-8399,False,False
1784742959.5502577,386127.9877438,0,0,0,0,57.747501373291016,0.5809999704360962,-1.9633439779281616,0.8248798847198486,31.40594291687012,-1.9633439779281616,2.371245145797729,0.8248798847198486,22.32338523864746,0.0,0.0,64.6766586303711,-153.60609436035156,96.12503051757812,-0.5837031602859497,-1.4111608266830444,-0.031519915908575,-1.9948638677597048,-1.1736133098602295,-1.998493194580078,22.32338523864746,22.32338523864746,0.0,0.0,2.5,0.0,-8166,-8400,False,False
1784742959.550784,386127.9882699,0,0,0,0,57.75,0.6790000200271606,-1.9641605615615845,-0.291028082370758,15.02696418762207,-1.9641605615615845,-0.6387487053871155,-0.291028082370758,7.073749542236328,0.0,0.0,64.6766586303711,-153.60609436035156,85.28936004638672,-0.5837031602859497,-1.4111608266830444,-0.0307033956050872,-1.9948638677597048,-0.9243030548095704,-0.6332749724388123,7.073749542236328,7.073749542236328,0.0,0.0,2.499000072479248,2.499000072479248,-8166,-8400,False,False
1784742959.553383,386127.9908685,0,0,0,0,57.75250244140625,0.7760000228881836,-1.9586879014968872,4.186734199523926,-7.031318664550781,-1.9586879014968872,6.317487239837647,4.186734199523926,69.05037689208984,0.0,0.0,64.6766586303711,-153.60609436035156,76.73812866210938,-0.5837031602859497,-1.4111608266830444,-0.0361759662628173,-1.9948638677597048,-1.9949777126312256,-6.181711673736572,69.05037689208984,69.05037689208984,0.0,0.0,2.500999927520752,0.0,-8166,-8400,False,False
1784742959.5553064,386127.9927421,0,0,0,0,57.755001068115234,0.8740000128746033,-1.945666790008545,5.690579891204834,-11.711274147033691,-1.945666790008545,5.836238384246826,5.690579891204834,93.86245727539062,0.0,0.0,64.6766586303711,-153.60609436035156,72.84257507324219,-0.5837031602859497,-1.4111608266830444,-0.0491971373558044,-1.9948638677597048,-2.7124242782592773,-8.403003692626953,93.86245727539062,93.86245727539062,0.0,0.0,2.499000072479248,2.499000072479248,-8166,-8400,False,False
1784742959.5571735,386127.9946606,0,0,0,0,57.75749969482422,0.975000023841858,-1.933018922805786,5.334019660949707,-12.510734558105469,-1.933018922805786,5.232489585876465,5.334019660949707,93.60398864746094,0.0,0.0,64.6766586303711,-153.60609436035156,71.06587982177734,-0.5837031602859497,-1.4111608266830444,-0.0618450120091438,-1.9948638677597048,-3.045844316482544,-8.379863739013672,93.60398864746094,93.60398864746094,0.0,0.0,2.499000072479248,4.998000144958496,-8166,-8400,False,False
1784742959.561573,386127.9990591,0,0,0,0,57.7599983215332,1.0750000476837158,-1.918775200843811,6.465149879455566,-10.947449684143066,-1.918775200843811,6.571236610412598,6.465149879455566,113.85711669921876,0.0,0.0,64.6766586303711,-153.60609436035156,73.85245513916016,-0.5837031602859497,-1.4111608266830444,-0.0760886967182159,-1.9948638677597048,-3.7278683185577393,-10.193017959594728,113.85711669921876,113.85711669921876,0.0,0.0,2.499000072479248,2.496999979019165,-8166,-8400,False,False
1784742959.5643525,386128.0018389,0,0,0,0,57.76251602172852,1.190999984741211,-1.9036048650741575,7.11570405960083,-5.006612300872803,-1.9036048650741575,7.481235027313232,7.11570405960083,19.671579360961918,0.0,0.0,0.0,-73.85245513916016,75.1293716430664,-0.2806393206119537,-1.4111608266830444,0.2118048071861267,-1.6918001174926758,5.354612827301025,-1.7610913515090942,19.671579360961918,19.671579360961918,200.0,200.0,2.5169999599456787,0.0140000004321336,-8166,-8400,False,False
1784742959.5663238,386128.0038099,0,0,0,0,57.76499938964844,0.0700000002980232,-1.8812477588653564,6.326897144317627,-3.078922271728516,-1.8812477588653564,6.063737869262695,6.326897144317627,17.089738845825195,0.0,0.0,0.0,-73.85245513916016,75.70360565185547,-0.2806393206119537,-1.4111608266830444,0.1894476264715194,-1.6918001174926758,4.796944618225098,-1.529952883720398,17.089738845825195,17.089738845825195,200.0,200.0,2.484999895095825,2.499000072479248,-8166,-8400,False,False
1784742959.569486,386128.0069709,0,0,0,0,57.76749801635742,0.1700000017881393,-1.8766120672225952,1.791101574897766,13.070096015930176,-1.8766120672225952,0.5512489080429077,1.791101574897766,-42.05167007446289,0.0,0.0,0.0,-73.85245513916016,86.32976531982422,-0.2806393206119537,-1.4111608266830444,0.1848119646310806,-1.6918001174926758,5.55576229095459,3.764660835266113,-42.05167007446289,-42.05167007446289,-0.0,-0.0,2.499000072479248,0.0,-8165,-8399,False,False
1784742959.569674,386128.0071621,0,0,0,0,57.77000045776367,0.2730000019073486,-1.8753809928894043,2.211761951446533,3.799171209335327,-1.8753809928894043,3.701242446899414,2.211761951446533,-35.97306442260742,0.0,0.0,0.0,-73.85245513916016,91.1787109375,-0.2806393206119537,-1.4111608266830444,0.1835809499025344,-1.6918001174926758,5.4322381019592285,3.2204761505126958,-35.97306442260742,-35.97306442260742,-0.0,-0.0,2.500999927520752,2.500999927520752,-8165,-8399,False,False
1784742959.575374,386128.0128586,0,0,0,0,57.772499084472656,0.3709999918937683,-1.8756121397018437,-0.3427881002426147,-12.376670837402344,-1.8756121397018437,-1.6099967956542969,-0.3427881002426147,-70.29719543457031,0.0,0.0,0.0,-73.85245513916016,72.66656494140625,-0.2806393206119537,-1.4111608266830444,0.1838120818138122,-1.6918001174926758,5.950544357299805,6.293332099914551,-70.29719543457031,-70.29719543457031,-0.0,-0.0,2.499000072479248,0.0,-8165,-8399,False,False
1784742959.5757127,386128.0131998,0,0,0,0,57.775001525878906,0.4679999947547912,-1.877192139625549,-0.665732204914093,6.461141109466553,-1.877192139625549,-0.9537480473518372,-0.665732204914093,-75.19070434570312,0.0,0.0,0.0,-73.85245513916016,64.21463775634766,-0.2806393206119537,-1.4111608266830444,0.1853919923305511,-1.6918001174926758,6.065690040588379,6.731422424316406,-75.19070434570312,-75.19070434570312,-0.0,-0.0,2.503000020980835,2.503000020980835,-8165,-8399,False,False
1784742959.5770402,386128.0145282,0,0,0,0,57.77750015258789,0.5690000057220459,-1.8787325620651243,-0.3415690064430237,8.1648588180542,-1.8787325620651243,-0.1399997174739837,-0.3415690064430237,-71.39620208740234,0.0,0.0,0.0,-73.85245513916016,39.65412521362305,-0.2806393206119537,-1.4111608266830444,0.1869324147701263,-1.6918001174926758,6.050150871276856,6.391720294952393,-71.39620208740234,-71.39620208740234,-0.0,-0.0,2.497999906539917,0.0010000000474974,-8165,-8399,False,False
1784742959.5798662,386128.017352,0,0,0,0,57.77999877929688,0.6639999747276306,-1.8783079385757449,-0.0413302294909954,7.807677268981934,-1.8783079385757449,0.0437499098479747,-0.0413302294909954,-67.21998596191406,0.0,0.0,0.0,-73.85245513916016,28.446060180664062,-0.2806393206119537,-1.4111608266830444,0.1865077912807464,-1.6918001174926758,5.976515293121338,6.017845630645752,-67.21998596191406,-67.21998596191406,-0.0,-0.0,2.499000072479248,2.5,-8165,-8399,False,False
1784742959.5833004,386128.0207864,0,0,0,0,57.782501220703125,0.7609999775886536,-1.87224805355072,2.149578809738159,-4.8720703125,-1.87224805355072,2.939994096755981,2.149578809738159,-35.68669128417969,0.0,0.0,0.0,-73.85245513916016,12.965569496154783,-0.2806393206119537,-1.4111608266830444,0.1804479211568832,-1.6918001174926758,5.344417572021484,3.194838762283325,-35.68669128417969,-35.68669128417969,-200.0,-200.0,2.500999927520752,0.0010000000474974,-8165,-8399,False,False
1784742959.5873268,386128.0248105,0,0,0,0,57.78499984741211,0.8659999966621399,-1.8577766418457031,7.23665189743042,-17.15386390686035,-1.8577766418457031,9.24873161315918,7.23665189743042,-44.92374420166016,0.0,0.0,0.0,-12.965569496154783,5.909640312194824,-0.0492691621184349,-1.411452293395996,0.3970551490783691,-1.460721492767334,11.258434295654297,4.021782398223877,-44.92374420166016,-44.92374420166016,-200.0,-200.0,2.500999927520752,2.502000093460083,-8165,-8399,False,False
1784742959.5922966,386128.0297822,0,0,0,0,57.78750228881836,0.9660000205039978,-1.8385571241378784,6.913046836853027,11.143232345581056,-1.8385571241378784,6.641236305236816,6.913046836853027,-42.3914909362793,0.0,0.0,0.0,-12.965569496154783,-7.668455600738525,-0.0492691621184349,-1.411452293395996,0.3778356313705444,-1.460721492767334,10.708130836486816,3.795083522796631,-42.3914909362793,-42.3914909362793,-0.0,-0.0,2.5,0.0020000000949949,-8166,-8400,False,False
1784742959.5924811,386128.0299684,0,0,0,0,57.78999710083008,1.0470000505447388,-1.8160420656204224,9.18130588531494,-10.593951225280762,-1.8160420656204224,10.237479209899902,9.18130588531494,-3.9395906925201416,0.0,0.0,0.0,-12.965569496154783,-13.854334831237791,-0.0492691621184349,-1.411452293395996,0.355320543050766,-1.460721492767334,9.53399658203125,0.3526906371116638,-3.9395906925201416,-3.9395906925201416,-0.0,-0.0,2.496999979019165,2.499000072479248,-8166,-8400,False,False
1784742959.596177,386128.0336624,0,0,0,0,57.79249954223633,1.159000039100647,-1.7914773225784302,9.15264129638672,-10.692049980163574,-1.7914773225784302,8.671232223510742,9.15264129638672,4.456672668457031,0.0,0.0,0.0,-12.965569496154783,-16.681835174560547,-0.0492691621184349,-1.411452293395996,0.3307558596134186,-1.460721492767334,8.75365924835205,-0.398982286453247,4.456672668457031,4.456672668457031,0.0,0.0,2.503000020980835,0.0020000000949949,-8166,-8400,False,False
1784742959.5973797,386128.0348628,0,0,0,0,57.79499816894531,0.0570000000298023,-1.7597806453704834,7.539028644561768,0.5910491347312927,-1.7597806453704834,6.746236324310303,7.539028644561768,-5.842609405517578,0.0,0.0,0.0,-12.965569496154783,-17.968093872070312,-0.0492691621184349,-1.411452293395996,0.299059122800827,-1.460721492767334,8.06208610534668,0.5230579376220703,-5.842609405517578,-5.842609405517578,-0.0,-0.0,2.497999906539917,2.5,-8166,-8400,False,False
1784742959.5976946,386128.0351803,0,0,0,0,57.79750061035156,0.1570000052452087,-1.7446491718292236,5.648530960083008,-1.1639539003372192,-1.7446491718292236,4.873740196228027,5.648530960083008,-25.774463653564453,0.0,0.0,0.0,-12.965569496154783,-18.55537986755371,-0.0492691621184349,-1.411452293395996,0.283927708864212,-1.460721492767334,7.9559807777404785,2.30745005607605,-25.774463653564453,-25.774463653564453,-0.0,-0.0,2.500999927520752,5.000999927520752,-8166,-8400,False,False
1784742959.6016123,386128.0390958,0,0,0,0,57.79999923706055,0.2599999904632568,-1.7332773208618164,4.119916915893555,-4.1964263916015625,-1.7332773208618164,3.39499306678772,4.119916915893555,-42.199405670166016,0.0,0.0,0.0,-12.965569496154783,-8.462762832641602,-0.0492691621184349,-1.411452293395996,0.2725558578968048,-1.460721492767334,7.897803783416748,3.777887105941773,-42.199405670166016,-42.199405670166016,-0.0,-0.0,2.499000072479248,0.0,-8166,-8400,False,False
1784742959.6046946,386128.0421787,0,0,0,0,57.8025016784668,0.3610000014305115,-1.7260441780090332,2.4397759437561035,-1.6392186880111694,-1.7260441780090332,1.802496314048767,2.4397759437561035,-62.13477325439453,0.0,0.0,0.0,-12.965569496154783,-3.856072664260864,-0.0492691621184349,-1.411452293395996,0.2653226554393768,-1.460721492767334,8.00236988067627,5.562593936920166,-62.13477325439453,-62.13477325439453,-0.0,-0.0,2.502000093460083,2.502000093460083,-8166,-8400,False,False
1784742959.60755,386128.045036,0,0,0,0,57.80500030517578,0.4580000042915344,-1.7222131490707395,1.1367157697677612,-1.4552541971206665,-1.7222131490707395,0.7612484693527222,1.1367157697677612,-78.23178100585938,0.0,0.0,0.0,-12.965569496154783,-1.7586829662322998,-0.0492691621184349,-1.411452293395996,0.2614916265010834,-1.460721492767334,8.140389442443848,7.003673076629639,-78.23178100585938,-78.23178100585938,-0.0,-0.0,2.499000072479248,0.0010000000474974,-8166,-8400,False,False
1784742959.6098518,386128.0473383,0,0,0,0,57.80750274658203,0.550000011920929,-1.7202374935150146,0.376024454832077,2.617292642593384,-1.7202374935150146,-0.1224997490644455,0.376024454832077,-107.73589324951172,0.0,0.0,0.0,1.7586829662322998,-0.8015987873077393,0.0066829952411353,-1.4114127159118652,0.3155077397823334,-1.4047297239303589,10.021042823791504,9.645017623901367,-107.73589324951172,-107.73589324951172,-0.0,-0.0,2.500999927520752,2.502000093460083,-8166,-8400,False,False
1784742959.609916,386128.0474041,0,0,0,0,57.80999755859375,0.652999997138977,-1.7190659046173096,0.0221671108156442,0.7405045032501221,-1.7190659046173096,-0.1487496942281723,0.0221671108156442,-112.06027221679688,0.0,0.0,0.0,1.7586829662322998,-0.3658240735530853,0.0066829952411353,-1.4114127159118652,0.3143361806869507,-1.4047297239303589,10.05432415008545,10.03215789794922,-112.06027221679688,-112.06027221679688,-0.0,-0.0,2.496999979019165,4.999000072479248,-8166,-8400,False,False
1784742959.614906,386128.0523905,0,0,0,0,57.8125,0.7480000257492065,-1.7179498672485352,0.2627073526382446,0.1738865077495575,-1.7179498672485352,0.5249989628791809,0.2627073526382446,-108.4371109008789,0.0,0.0,0.0,1.7586829662322998,-0.1666360199451446,0.0066829952411353,-1.4114127159118652,0.3132201135158539,-1.4047297239303589,9.970501899719238,9.707794189453123,-108.4371109008789,-108.4371109008789,-0.0,-0.0,2.503000020980835,2.502000093460083,-8166,-8400,False,False
1784742959.6151023,386128.0525903,0,0,0,0,57.81499862670898,0.8510000109672546,-1.715576410293579,0.8209095597267151,-0.4529216289520263,-1.715576410293579,1.0499979257583618,0.8209095597267151,-100.10653686523438,0.0,0.0,0.0,1.7586829662322998,-0.0759995803236961,0.0066829952411353,-1.4114127159118652,0.3108466863632202,-1.4047297239303589,9.782912254333496,8.962002754211426,-100.10653686523438,-100.10653686523438,-200.0,-200.0,2.499000072479248,0.0010000000474974,-8166,-8400,False,False
1784742959.6174874,386128.0549714,0,0,0,0,57.817501068115234,0.9369999766349792,-1.7111035585403442,1.568706750869751,-3.137380838394165,-1.7111035585403442,1.7237465381622314,1.568706750869751,-88.48418426513672,0.0,0.0,0.0,1.7586829662322998,-0.0346511080861091,0.0066829952411353,-1.4114127159118652,0.3063738644123077,-1.4047297239303589,9.490221977233888,7.921515464782715,-88.48418426513672,-88.48418426513672,-200.0,-200.0,2.5,2.500999927520752,-8166,-8400,False,False
1784742959.6193385,386128.0568228,0,0,0,0,57.81999969482422,1.0440000295639038,-1.6996203660964966,5.703361988067627,-6.311341762542725,-1.6996203660964966,7.069985866546631,5.703361988067627,-28.958120346069336,0.0,0.0,0.0,1.7586829662322998,-0.0158086903393268,0.0066829952411353,-1.4114127159118652,0.2948906123638153,-1.4047297239303589,8.29582691192627,2.59246563911438,-28.958120346069336,-28.958120346069336,-200.0,-200.0,2.497999906539917,4.999000072479248,-8166,-8400,False,False
1784742959.62468,386128.0621652,0,0,0,0,57.8224983215332,1.1469999551773071,-1.685133695602417,5.400824546813965,-10.816280364990234,-1.685133695602417,4.409991264343262,5.400824546813965,-27.83517837524414,0.0,0.0,0.0,1.7586829662322998,-20.744279861450195,0.0066829952411353,-1.4114127159118652,0.2804038822650909,-1.4047297239303589,7.892759323120117,2.4919350147247314,-27.83517837524414,-27.83517837524414,-0.0,-0.0,2.502000093460083,2.500999927520752,-8167,-8401,False,False
1784742959.6312354,386128.0687215,0,0,0,0,57.82500076293945,0.0480000004172325,-1.6608153581619265,7.276410579681396,1.2440505027770996,-1.6608153581619265,7.498734951019287,7.276410579681396,5.997838973999023,0.0,0.0,0.0,1.7586829662322998,-30.18924331665039,0.0066829952411353,-1.4114127159118652,0.2560855746269226,-1.4047297239303589,6.7394561767578125,-0.5369545221328735,5.997838973999023,5.997838973999023,0.0,0.0,2.502000093460083,0.003000000026077,-8167,-8401,False,False
1784742959.6315207,386128.0690078,0,0,0,0,57.82749938964844,0.1330000013113021,-1.6441930532455444,6.941120624542236,-11.762231826782228,-1.6441930532455444,6.877486228942871,6.941120624542236,7.445082664489746,0.0,0.0,0.0,1.7586829662322998,-34.48832702636719,0.0066829952411353,-1.4114127159118652,0.2394633144140243,-1.4047297239303589,6.274601936340332,-0.6665184497833252,7.445082664489746,7.445082664489746,0.0,0.0,2.497999906539917,2.500999927520752,-8167,-8401,False,False
1784742959.6376152,386128.0750975,0,0,0,0,57.82999801635742,0.2460000067949295,-1.6321827173233032,5.130536079406738,1.1550273895263672,-1.6321827173233032,4.147491455078125,5.130536079406738,-57.26472091674805,0.0,0.0,0.0,34.48832702636719,-36.44967651367188,0.1310556530952453,-1.4106369018554688,0.3526014685630798,-1.2795811891555786,10.257140159606934,5.126604080200195,-57.26472091674805,-57.26472091674805,-0.0,-0.0,2.497999906539917,4.999000072479248,-8167,-8401,False,False
1784742959.6378455,386128.0753334,0,0,0,0,57.83250045776367,0.3479999899864197,-1.6236488819122314,3.252554416656494,-6.923050880432129,-1.6236488819122314,2.038745880126953,3.252554416656494,-79.38707733154297,0.0,0.0,0.0,34.48832702636719,-37.345436096191406,0.1310556530952453,-1.4106369018554688,0.3440676629543304,-1.2795811891555786,10.359654426574709,7.107100486755371,-79.38707733154297,-79.38707733154297,-0.0,-0.0,2.502000093460083,7.500999927520752,-8167,-8401,False,False
1784742959.6380038,386128.0754917,0,0,0,0,57.834999084472656,0.4440000057220459,-1.6194188594818115,1.7403669357299805,-7.444879531860352,-1.6194188594818115,1.1899975538253784,1.7403669357299805,-98.1446533203125,0.0,0.0,0.0,34.48832702636719,-37.75376892089844,0.1310556530952453,-1.4106369018554688,0.3398377001285553,-1.2795811891555786,10.5267333984375,8.78636646270752,-98.1446533203125,-98.1446533203125,-0.0,-0.0,2.5,0.0020000000949949,-8167,-8401,False,False
1784742959.639778,386128.0772646,0,0,0,0,57.837501525878906,0.5440000295639038,-1.6185308694839478,-0.1054286956787109,3.876873016357422,-1.6185308694839478,-1.1024978160858154,-0.1054286956787109,-122.56849670410156,0.0,0.0,0.0,34.48832702636719,-37.93999481201172,0.1310556530952453,-1.4106369018554688,0.3389496505260467,-1.2795811891555786,10.867474555969238,10.97290325164795,-122.56849670410156,-122.56849670410156,-0.0,-0.0,2.500999927520752,2.503000020980835,-8167,-8401,False,False
1784742959.644505,386128.081992,0,0,0,0,57.83999633789063,0.6330000162124634,-1.6229780912399292,-2.1020474433898926,0.6713351607322693,-1.6229780912399292,-2.729994535446167,-2.1020474433898926,-150.9210968017578,0.0,0.0,0.0,34.48832702636719,-27.669692993164062,0.1310556530952453,-1.4106369018554688,0.343396931886673,-1.2795811891555786,11.40911102294922,13.51115894317627,-150.9210968017578,-150.9210968017578,-200.0,-200.0,2.496999979019165,0.0,-8167,-8401,False,False
1784742959.644745,386128.082232,0,0,0,0,57.84250259399414,0.7350000143051147,-1.6294825077056885,-2.6816885471343994,-4.522136211395264,-1.6294825077056885,-2.633744716644287,-2.6816885471343994,-161.015625,0.0,0.0,0.0,34.48832702636719,-22.975244522094727,0.1310556530952453,-1.4106369018554688,0.3499012887477875,-1.2795811891555786,11.733179092407228,14.414867401123049,-161.015625,-161.015625,-200.0,-200.0,2.503000020980835,2.503000020980835,-8167,-8401,False,False
1784742959.6453016,386128.0827886,0,0,0,0,57.84499740600586,0.8410000205039978,-1.6362873315811155,-3.0167064666748047,-1.8010929822921753,-1.6362873315811155,-3.123743772506714,-3.0167064666748047,-167.9385528564453,0.0,0.0,0.0,34.48832702636719,-31.197519302368164,0.1310556530952453,-1.4106369018554688,0.3567060828208923,-1.2795811891555786,12.017935752868652,15.034642219543455,-167.9385528564453,-167.9385528564453,-0.0,-0.0,2.497999906539917,0.0010000000474974,-8168,-8402,False,False
1784742959.6479752,386128.0854613,0,0,0,0,57.84749984741211,0.9369999766349792,-1.642863631248474,-2.748531579971313,-3.5160903930664062,-1.642863631248474,-2.5637447834014893,-2.748531579971313,-166.69461059570312,0.0,0.0,0.0,34.48832702636719,-34.952674865722656,0.1310556530952453,-1.4106369018554688,0.3632824718952179,-1.2795811891555786,12.174745559692385,14.923276901245115,-166.69461059570312,-166.69461059570312,-0.0,-0.0,2.502000093460083,2.503000020980835,-8168,-8402,False,False
1784742959.651652,386128.0891346,0,0,0,0,57.84999847412109,1.0360000133514404,-1.647479772567749,-1.803676724433899,2.491829395294189,-1.647479772567749,-1.4874969720840454,-1.803676724433899,-156.5602264404297,0.0,0.0,0.0,34.952674865722656,-34.86052703857422,0.1328201591968536,-1.4099377393722534,0.3703621625900268,-1.2771176099777222,12.212324142456056,14.016000747680664,-156.5602264404297,-156.5602264404297,-200.0,-200.0,2.497999906539917,0.0010000000474974,-8168,-8402,False,False
1784742959.655494,386128.092978,0,0,0,0,57.85250473022461,1.1349999904632568,-1.6484867334365845,-0.4622384309768677,-0.2048413455486297,-1.6484867334365845,0.0962498039007186,-0.4622384309768677,-138.93936157226562,0.0,0.0,0.0,34.952674865722656,-34.81842041015625,0.1328201591968536,-1.4099377393722534,0.3713691532611847,-1.2771176099777222,11.9762601852417,12.438499450683594,-138.93936157226562,-138.93936157226562,-200.0,-200.0,2.503999948501587,2.505000114440918,-8168,-8402,False,False
1784742959.6589005,386128.0963857,0,0,0,0,57.8550033569336,0.0289999991655349,-1.6467269659042358,0.6607707142829895,-9.57090663909912,-1.6467269659042358,0.9012481570243835,0.6607707142829895,-123.25737762451172,0.0,0.0,0.0,34.952674865722656,-45.55168533325195,0.1328201591968536,-1.4099377393722534,0.3696093261241913,-1.2771176099777222,11.69534397125244,11.034573554992676,-123.25737762451172,-123.25737762451172,-200.0,-200.0,2.5,0.0049999998882412,-8169,-8403,False,False
1784742959.6592093,386128.0966966,0,0,0,0,57.85750198364258,0.1270000040531158,-1.6379491090774536,4.626133441925049,3.672430515289306,-1.6379491090774536,6.203737258911133,4.626133441925049,-66.96756744384766,0.0,0.0,0.0,34.952674865722656,-50.442813873291016,0.1328201591968536,-1.4099377393722534,0.3608315289020538,-1.2771176099777222,10.621381759643556,5.995248317718506,-66.96756744384766,-66.96756744384766,-200.0,-200.0,2.497999906539917,2.503000020980835,-8169,-8403,False,False
1784742959.6626265,386128.1001118,0,0,0,0,57.8599967956543,0.2349999994039535,-1.6240239143371582,5.979121208190918,6.351035118103027,-1.6240239143371582,6.3699870109558105,5.979121208190918,-43.85445785522461,0.0,0.0,0.0,34.952674865722656,-62.55807876586914,0.1328201591968536,-1.4099377393722534,0.3469062745571136,-1.2771176099777222,9.905176162719728,3.9260547161102295,-43.85445785522461,-43.85445785522461,-200.0,-200.0,2.496999979019165,0.0,-8170,-8404,False,False
1784742959.665519,386128.1030071,0,0,0,0,57.86249923706055,0.3350000083446502,-1.6019606590270996,9.98670482635498,17.610103607177734,-1.6019606590270996,10.82372760772705,9.98670482635498,17.75005340576172,0.0,0.0,0.0,34.952674865722656,-80.35009002685547,0.1328201591968536,-1.4099377393722534,0.3248431086540222,-1.2771176099777222,8.397638320922852,-1.589066982269287,17.75005340576172,17.75005340576172,0.0,0.0,2.503000020980835,0.0,-8171,-8405,False,False
1784742959.6656764,386128.1031616,0,0,0,0,57.8650016784668,0.4289999902248382,-1.5814882516860962,8.563324928283691,5.663089752197266,-1.5814882516860962,7.6824846267700195,8.563324928283691,5.988626480102539,0.0,0.0,0.0,34.952674865722656,-88.44811248779297,0.1328201591968536,-1.4099377393722534,0.304370641708374,-1.2771176099777222,8.027195930480957,-0.5361295342445374,5.988626480102539,5.988626480102539,0.0,0.0,2.5,2.5,-8171,-8405,False,False
1784742959.6675053,386128.1049907,0,0,0,0,57.86750030517578,0.5370000004768372,-1.5622849464416504,8.386967658996582,-14.989591598510742,-1.5622849464416504,8.189983367919922,8.386967658996582,10.488824844360352,0.0,0.0,0.0,34.952674865722656,-92.14031219482422,0.1328201591968536,-1.4099377393722534,0.2851672768592834,-1.2771176099777222,7.4479594230651855,-0.9390081167221068,10.488824844360352,10.488824844360352,0.0,0.0,2.5,0.0,-8171,-8405,False,False
1784742959.673514,386128.1109988,0,0,0,0,57.86995315551758,0.5820000171661377,-1.5446618795394895,6.669776439666748,-1.33384370803833,-1.5446618795394895,5.241239547729492,6.669776439666748,-6.229376792907715,0.0,0.0,0.0,34.952674865722656,-93.80318450927734,0.1328201591968536,-1.4099377393722534,0.2675442099571228,-1.2771176099777222,7.22745943069458,0.5576831102371216,-6.229376792907715,-6.229376792907715,-0.0,-0.0,2.4539999961853027,2.4539999961853027,-8171,-8405,False,False
1784742959.6737037,386128.1111912,0,0,0,0,57.87250518798828,0.7300000190734863,-1.5334327220916748,4.292669296264648,-8.862630844116211,-1.5334327220916748,3.473742961883545,4.292669296264648,-114.76898193359376,0.0,0.0,0.0,93.80318450927734,-94.59185791015624,0.3564521074295044,-1.4078267812728882,0.482058048248291,-1.0513746738433838,14.567323684692385,10.274654388427734,-114.76898193359376,-114.76898193359376,-0.0,-0.0,2.549000024795532,5.002999782562256,-8171,-8405,False,False
1784742959.677632,386128.1151157,0,0,0,0,57.875,0.8259999752044678,-1.527055263519287,1.5861973762512207,-0.8655538558959961,-1.527055263519287,-0.0699998587369918,1.5861973762512207,-148.767333984375,0.0,0.0,0.0,93.80318450927734,-82.7403564453125,0.3564521074295044,-1.4078267812728882,0.4756806790828705,-1.0513746738433838,14.904541969299316,13.318345069885254,-148.767333984375,-148.767333984375,-0.0,-0.0,2.496000051498413,0.0450000017881393,-8171,-8405,False,False
1784742959.6779673,386128.1154545,0,0,0,0,57.87750244140625,0.9049999713897704,-1.5304776430130005,-2.024087905883789,-4.041837215423584,-1.5304776430130005,-3.2374935150146484,-2.024087905883789,-198.38336181640625,0.0,0.0,0.0,93.80318450927734,-77.3228759765625,0.3564521074295044,-1.4078267812728882,0.4791030585765838,-1.0513746738433838,15.73611545562744,17.760204315185547,-198.38336181640625,-198.38336181640625,-0.0,-0.0,2.500999927520752,2.5460000038146973,-8171,-8405,False,False
1784742959.687157,386128.1246426,0,0,0,0,57.88249969482422,1.128000020980835,-1.5502973794937134,-6.401321887969971,4.048018455505371,-1.5502973794937134,-7.743734359741211,-6.401321887969971,-264.14080810546875,0.0,0.0,0.0,93.80318450927734,-73.72872924804688,0.3564521074295044,-1.4078267812728882,0.4989227652549743,-1.0513746738433838,17.245792388916016,23.64711570739746,-264.14080810546875,-264.14080810546875,-0.0,-0.0,2.496000051498413,2.5460000038146973,-8171,-8405,False,False
1784742959.689379,386128.1268632,0,0,0,0,57.88500213623047,1.225000023841858,-1.5649648904800415,-5.932114124298096,-4.732342720031738,-1.5649648904800415,-5.477488994598389,-5.932114124298096,-263.09429931640625,0.0,0.0,0.0,93.80318450927734,-69.91314697265625,0.3564521074295044,-1.4078267812728882,0.5135902166366577,-1.0513746738433838,17.621309280395508,23.55342483520508,-263.09429931640625,-263.09429931640625,-200.0,-200.0,2.5,0.0460000000894069,-8171,-8405,False,False
1784742959.6895423,386128.1270305,0,0,0,0,57.88750076293945,0.1209999993443489,-1.5784399509429932,-4.262609004974365,34.23903274536133,-1.5784399509429932,-6.317487239837647,-4.262609004974365,-245.53257751464844,0.0,0.0,0.0,93.80318450927734,-68.17301940917969,0.3564521074295044,-1.4078267812728882,0.5270653367042542,-1.0513746738433838,17.718612670898438,21.98122215270996,-245.53257751464844,-245.53257751464844,-200.0,-200.0,2.500999927520752,2.546999931335449,-8171,-8405,False,False
1784742959.6958413,386128.1333263,0,0,0,0,57.88999938964844,0.2249999940395355,-1.5878745317459106,-4.813838958740234,6.262080192565918,-1.5878745317459106,-4.689990520477295,-4.813838958740234,-256.2936706542969,0.0,0.0,0.0,93.80318450927734,-80.57501220703125,0.3564521074295044,-1.4078267812728882,0.5364998579025269,-1.0513746738433838,18.13076400756836,22.944602966308597,-256.2936706542969,-256.2936706542969,-400.0,-400.0,2.497999906539917,0.0450000017881393,-8172,-8406,False,False
1784742959.6960034,386128.1334915,0,0,0,0,57.89250183105469,0.3210000097751617,-1.5890119075775146,-0.6016995310783386,13.572956085205078,-1.5890119075775146,0.8399983048439026,-0.6016995310783386,-200.2401885986328,0.0,0.0,0.0,93.80318450927734,-86.23757934570312,0.3564521074295044,-1.4078267812728882,0.5376372933387756,-1.0513746738433838,17.32473373413086,17.926433563232422,-200.2401885986328,-200.2401885986328,-400.0,-400.0,2.500999927520752,2.5460000038146973,-8172,-8406,False,False
1784742959.6961062,386128.1335946,0,0,0,0,57.89500045776367,0.4230000078678131,-1.5872830152511597,-0.4499796330928802,1.3518253564834597,-1.5872830152511597,-0.857498288154602,-0.4499796330928802,-188.00572204589844,0.0,0.0,0.0,86.23757934570312,-108.6115264892578,0.3277027904987335,-1.4058867692947388,0.5090991258621216,-1.078183889389038,16.381168365478516,16.831148147583008,-188.00572204589844,-188.00572204589844,-200.0,-200.0,2.499000072479248,0.0450000017881393,-8174,-8408,False,False
1784742959.697178,386128.1346658,0,0,0,0,57.89750289916992,0.5180000066757202,-1.583564519882202,2.4139416217803955,30.057262420654297,-1.583564519882202,4.698740482330322,2.4139416217803955,-148.28819274902344,0.0,0.0,0.0,86.23757934570312,-118.82123565673828,0.3277027904987335,-1.4058867692947388,0.5053805708885193,-1.078183889389038,15.6893892288208,13.275447845458984,-148.28819274902344,-148.28819274902344,-200.0,-200.0,2.500999927520752,2.5460000038146973,-8174,-8408,False,False
1784742959.7198596,386128.157345,0,0,0,0,57.900001525878906,0.6209999918937683,-1.5794817209243774,2.0678067207336426,19.057769775390625,-1.5794817209243774,2.4762449264526367,2.0678067207336426,-151.46847534179688,0.0,0.0,0.0,86.23757934570312,-123.47232818603516,0.3277027904987335,-1.4058867692947388,0.5012978315353394,-1.078183889389038,15.627968788146973,13.560162544250488,-151.46847534179688,-151.46847534179688,-200.0,-200.0,2.499000072479248,0.0450000017881393,-8175,-8409,False,False
1784742959.7201705,386128.1576568,0,0,0,0,57.90250015258789,0.7110000252723694,-1.57255220413208,3.433768510818481,-5.019919395446777,-1.57255220413208,4.19124174118042,3.433768510818481,-130.68202209472656,0.0,0.0,0.0,86.23757934570312,-125.59471893310548,0.3277027904987335,-1.4058867692947388,0.4943682253360748,-1.078183889389038,15.13302993774414,11.699260711669922,-130.68202209472656,-130.68202209472656,-200.0,-200.0,2.500999927520752,2.5460000038146973,-8175,-8409,False,False
1784742959.7203257,386128.1578132,0,0,0,0,57.90499877929688,0.8159999847412109,-1.5647528171539309,2.533637285232544,-3.393268346786499,-1.5647528171539309,1.9512460231781008,2.533637285232544,-139.9596710205078,0.0,0.0,0.0,86.23757934570312,-136.45875549316406,0.3277027904987335,-1.4058867692947388,0.4865689277648926,-1.078183889389038,15.063478469848633,12.529840469360352,-139.9596710205078,-139.9596710205078,-200.0,-200.0,2.499000072479248,0.0450000017881393,-8176,-8410,False,False
1784742959.7203724,386128.157861,0,0,0,0,57.907501220703125,0.9110000133514404,-1.5577040910720823,3.000429630279541,-2.757452964782715,-1.5577040910720823,3.132493734359741,3.000429630279541,-131.18321228027344,0.0,0.0,0.0,86.23757934570312,-141.41624450683594,0.3277027904987335,-1.4058867692947388,0.4795202314853668,-1.078183889389038,14.744561195373535,11.744132041931152,-131.18321228027344,-131.18321228027344,-200.0,-200.0,2.500999927520752,2.5460000038146973,-8176,-8410,False,False
1784742959.7206297,386128.1581164,0,0,0,0,57.90999984741211,1.0,-1.5481092929840088,4.034480094909668,-5.99267053604126,-1.5481092929840088,3.727492332458496,4.034480094909668,-113.89303588867188,0.0,0.0,0.0,86.23757934570312,-143.67405700683594,0.3277027904987335,-1.4058867692947388,0.4699253141880035,-1.078183889389038,14.230713844299316,10.196233749389648,-113.89303588867188,-113.89303588867188,-0.0,-0.0,2.497999906539917,0.0439999997615814,-8177,-8411,False,False
1784742959.7207975,386128.1582853,0,0,0,0,57.91250228881836,1.1150000095367432,-1.5393617153167725,3.2556521892547607,-0.9612706899642944,-1.5393617153167725,2.703744411468506,3.2556521892547607,-121.20579528808594,0.0,0.0,0.0,86.23757934570312,-144.70574951171875,0.3277027904987335,-1.4058867692947388,0.461177796125412,-1.078183889389038,14.106558799743652,10.850906372070312,-121.20579528808594,-121.20579528808594,-0.0,-0.0,2.503999948501587,2.5480000972747803,-8177,-8411,False,False
1784742959.7209418,386128.1584297,0,0,0,0,57.915000915527344,1.2139999866485596,-1.5330132246017456,2.193256378173828,-5.800184726715088,-1.5330132246017456,1.5924967527389526,2.193256378173828,-213.6280059814453,0.0,0.0,0.0,144.70574951171875,-128.22293090820312,0.5498818755149841,-1.402992606163025,0.6799025535583496,-0.8531107306480408,21.31822967529297,19.12497329711914,-213.6280059814453,-213.6280059814453,-200.0,-200.0,2.496999979019165,0.0450000017881393,-8177,-8411,False,False
1784742959.721114,386128.1585996,0,0,0,0,57.91749954223633,0.1080000028014183,-1.5218195915222168,4.676665306091309,-0.7641429305076599,-1.5218195915222168,5.284989356994629,4.676665306091309,-176.3389892578125,0.0,0.0,0.0,144.70574951171875,-120.6927719116211,0.5498818755149841,-1.402992606163025,0.668708860874176,-0.8531107306480408,20.46335220336914,15.786685943603516,-176.3389892578125,-176.3389892578125,-200.0,-200.0,2.500999927520752,2.5460000038146973,-8177,-8411,False,False
1784742959.725896,386128.163381,0,0,0,0,57.91999816894531,0.2129999995231628,-1.5124516487121582,2.8005194664001465,-0.1178378313779831,-1.5124516487121582,1.0324978828430176,2.8005194664001465,-198.13856506347656,0.0,0.0,0.0,144.70574951171875,-127.63180541992188,0.5498818755149841,-1.402992606163025,0.6593409180641174,-0.8531107306480408,20.538806915283203,17.7382869720459,-198.13856506347656,-198.13856506347656,-200.0,-200.0,2.499000072479248,0.0450000017881393,-8178,-8412,False,False
1784742959.726156,386128.1636431,0,0,0,0,57.92250061035156,0.3149999976158142,-1.5049108266830444,3.507798433303833,-2.544804334640503,-1.5049108266830444,3.8324921131134033,3.507798433303833,-185.9626617431641,0.0,0.0,0.0,144.70574951171875,-130.799072265625,0.5498818755149841,-1.402992606163025,0.6518000960350037,-0.8531107306480408,20.156042098999023,16.648244857788086,-185.9626617431641,-185.9626617431641,-200.0,-200.0,2.502000093460083,2.546999931335449,-8178,-8412,False,False
1784742959.7283015,386128.1657894,0,0,0,0,57.92499923706055,0.4009999930858612,-1.4977433681488037,2.952937602996826,-9.230295181274414,-1.4977433681488037,2.861244201660156,2.952937602996826,-190.838134765625,0.0,0.0,0.0,144.70574951171875,-146.6778106689453,0.5498818755149841,-1.402992606163025,0.6446326375007629,-0.8531107306480408,20.037656784057617,17.084718704223633,-190.838134765625,-190.838134765625,-200.0,-200.0,2.497999906539917,0.0450000017881393,-8179,-8413,False,False
1784742959.7316544,386128.1691422,0,0,0,0,57.9275016784668,0.5090000033378601,-1.4866634607315063,5.06760311126709,6.964972496032715,-1.4866634607315063,5.459989070892334,5.06760311126709,-158.532470703125,0.0,0.0,0.0,144.70574951171875,-153.9278106689453,0.5498818755149841,-1.402992606163025,0.6335527896881104,-0.8531107306480408,19.260168075561523,14.192564964294434,-158.532470703125,-158.532470703125,-200.0,-200.0,2.500999927520752,2.5460000038146973,-8179,-8413,False,False
1784742959.7318394,386128.1693261,0,0,0,0,57.93000030517578,0.6050000190734863,-1.476272702217102,3.67598557472229,11.86096477508545,-1.476272702217102,2.23999547958374,3.67598557472229,-173.4718017578125,0.0,0.0,0.0,144.70574951171875,-168.105224609375,0.5498818755149841,-1.402992606163025,0.623162031173706,-0.8531107306480408,19.20598793029785,15.53000259399414,-173.4718017578125,-173.4718017578125,-200.0,-200.0,2.497999906539917,0.0439999997615814,-8180,-8414,False,False
1784742959.733317,386128.1708028,0,0,0,0,57.9325065612793,0.7009999752044678,-1.4668041467666626,4.012362480163574,-11.027194023132324,-1.4668041467666626,4.252491474151611,4.012362480163574,-165.5784912109375,0.0,0.0,0.0,144.70574951171875,-174.58692932128906,0.5498818755149841,-1.402992606163025,0.6136934757232666,-0.8531107306480408,18.835718154907227,14.823355674743652,-165.5784912109375,-165.5784912109375,-200.0,-200.0,2.50600004196167,2.549999952316284,-8180,-8414,False,False
1784742959.7507646,386128.1882485,0,0,0,0,57.93499755859375,0.8059999942779541,-1.457594871520996,4.197238445281982,-9.982972145080566,-1.457594871520996,4.269991397857666,4.197238445281982,-159.80857849121094,0.0,0.0,0.0,144.70574951171875,-188.391357421875,0.5498818755149841,-1.402992606163025,0.6044842004776001,-0.8531107306480408,18.504045486450195,14.306807518005373,-159.80857849121094,-159.80857849121094,-200.0,-200.0,2.49399995803833,0.0439999997615814,-8181,-8415,False,False
1784742959.754646,386128.1921317,0,0,0,0,57.9375,0.8939999938011169,-1.4456762075424194,6.162639141082764,14.06162929534912,-1.4456762075424194,7.874984264373779,6.162639141082764,-655.3570556640625,0.0,54.00077819824219,0.0,242.3921356201172,-194.7104949951172,0.9210900664329528,-1.402992606163025,2.0645556449890137,0.618879497051239,64.83325958251953,58.67061614990234,-655.3570556640625,-655.3570556640625,-200.0,-200.0,2.502000093460083,2.5460000038146973,-8181,-8415,False,False
1784742959.7548535,386128.1923408,0,0,0,0,57.93999862670898,1.0080000162124634,-1.4312560558319092,5.938552379608154,27.207529067993164,-1.4312560558319092,5.477488994598389,5.938552379608154,-653.2063598632812,0.0,54.00077819824219,0.0,242.3921356201172,-197.5867919921875,0.9210900664329528,-1.402992606163025,2.050135374069214,0.618879497051239,64.4166259765625,58.47807312011719,-653.2063598632812,-653.2063598632812,-200.0,-200.0,2.497999906539917,0.0439999997615814,-8182,-8416,False,False
1784742959.7550426,386128.1925302,0,0,0,0,57.942501068115234,1.100000023841858,-1.4195835590362549,5.032005310058594,-10.220385551452637,-1.4195835590362549,5.031239986419678,5.032005310058594,-661.1856079101562,0.0,54.00077819824219,0.0,242.3921356201172,-198.9000701904297,0.9210900664329528,-1.402992606163025,2.0384631156921387,0.618879497051239,64.22441864013672,59.19240951538086,-661.1856079101562,-661.1856079101562,-200.0,-200.0,2.500999927520752,2.5450000762939453,-8182,-8416,False,False
1784742959.755221,386128.1927089,0,0,0,0,57.94499969482422,1.2050000429153442,-1.405800461769104,7.083653926849365,-21.881792068481445,-1.405800461769104,9.16123104095459,7.083653926849365,-628.7583618164062,0.0,54.00077819824219,0.0,242.3921356201172,-188.6172637939453,0.9210900664329528,-1.402992606163025,2.0246798992156982,0.618879497051239,63.37302780151367,56.28937530517578,-628.7583618164062,-628.7583618164062,-600.0,-600.0,2.5,0.0450000017881393,-8183,-8417,False,False
1784742959.755396,386128.1928837,0,0,0,0,57.94750213623047,0.1040000021457672,-1.3664677143096924,12.547712326049805,13.81733512878418,-1.3664677143096924,14.76121997833252,12.547712326049805,-541.4581298828125,0.0,54.00077819824219,0.0,242.3921356201172,-183.92770385742188,0.9210900664329528,-1.402992606163025,1.9853471517562864,0.618879497051239,61.02156448364258,48.473854064941406,-541.4581298828125,-541.4581298828125,-600.0,-600.0,2.500999927520752,2.5460000038146973,-8183,-8417,False,False
1784742959.75557,386128.1930578,0,0,0,0,57.95000076293945,0.1969999969005584,-1.3367104530334473,11.605892181396484,-2.4893972873687744,-1.3367104530334473,11.576226234436035,11.605892181396484,-543.4459228515625,0.0,54.00077819824219,0.0,242.3921356201172,-203.5429229736328,0.9210900664329528,-1.402992606163025,1.9555898904800413,0.618879497051239,60.25769805908203,48.65180587768555,-543.4459228515625,-543.4459228515625,-600.0,-600.0,2.497999906539917,0.0439999997615814,-8186,-8420,False,False
1784742959.755746,386128.1932333,0,0,0,0,57.95249938964844,0.3019999861717224,-1.3084551095962524,12.08165454864502,-9.897862434387209,-1.3084551095962524,13.352473258972168,12.08165454864502,-526.968994140625,0.0,54.00077819824219,0.0,242.3921356201172,-212.50131225585935,0.9210900664329528,-1.402992606163025,1.927334547042847,0.618879497051239,59.25837326049805,47.176719665527344,-526.968994140625,-526.968994140625,-600.0,-600.0,2.502000093460083,2.5460000038146973,-8186,-8420,False,False
1784742959.7578766,386128.1953647,0,0,0,0,57.95500183105469,0.402999997138977,-1.2752180099487305,15.070372581481934,23.31018829345703,-1.2752180099487305,17.639965057373047,15.070372581481934,-475.0275268554688,0.0,54.00077819824219,0.0,242.3921356201172,-238.34353637695312,0.9210900664329528,-1.402992606163025,1.8940974473953247,0.618879497051239,57.59704208374024,42.52667236328125,-475.0275268554688,-475.0275268554688,-600.0,-600.0,2.5,0.0460000000894069,-8189,-8423,False,False
1784742959.757986,386128.1954742,0,0,0,0,57.95750045776367,0.5,-1.2367372512817385,17.705427169799805,20.212804794311523,-1.2367372512817385,19.64371109008789,17.705427169799805,-559.0051879882812,0.0,102.00520324707033,3.333599090576172,340.3487548828125,-250.12908935546875,1.2933251857757568,-1.402992606163025,2.227851867675781,0.991114616394043,67.75017547607422,50.04474639892578,-559.0051879882812,-559.0051879882812,-600.0,-600.0,2.500999927520752,2.546999931335449,-8189,-8423,False,False
1784742959.761556,386128.1990424,0,0,0,0,57.959999084472656,0.6029999852180481,-1.190847396850586,18.435089111328125,-31.145957946777344,-1.190847396850586,16.668716430664062,18.435089111328125,-532.8216552734375,0.0,102.00520324707033,3.333599090576172,340.3487548828125,-277.2476501464844,1.2933251857757568,-1.402992606163025,2.181962013244629,0.991114616394043,66.1357650756836,47.70067596435547,-532.8216552734375,-532.8216552734375,-400.0,-400.0,2.497999906539917,0.0450000017881393,-8192,-8426,False,False
1784742959.7631571,386128.2006431,0,0,0,0,57.96249771118164,0.6880000233650208,-1.1480590105056765,16.79033851623535,-15.87742805480957,-1.1480590105056765,15.041219711303713,16.79033851623535,-539.5736694335938,0.0,102.00520324707033,3.333599090576172,340.3487548828125,-289.6165466308594,1.2933251857757568,-1.402992606163025,2.139173746109009,0.991114616394043,65.09548950195312,48.30514907836914,-539.5736694335938,-539.5736694335938,-400.0,-400.0,2.496999979019165,2.5420000553131104,-8192,-8426,False,False
1784742959.7650585,386128.202546,0,0,0,0,57.96500015258789,0.796999990940094,-1.107198715209961,18.995851516723636,-10.24454402923584,-1.107198715209961,21.0437068939209,18.995851516723636,-495.405517578125,0.0,102.00520324707033,3.333599090576172,340.3487548828125,-317.0426940917969,1.2933251857757568,-1.402992606163025,2.098313331604004,0.991114616394043,63.34685516357422,44.35100555419922,-495.405517578125,-495.405517578125,-600.0,-600.0,2.502000093460083,0.0439999997615814,-8194,-8428,False,False
1784742959.767289,386128.2047742,0,0,0,0,57.96750259399414,0.8939999938011169,-1.0523014068603516,24.3521728515625,-27.283884048461918,-1.0523014068603516,25.95244789123535,24.3521728515625,-403.9859619140625,0.0,102.00520324707033,3.333599090576172,340.3487548828125,-329.5394592285156,1.2933251857757568,-1.402992606163025,2.0434160232543945,0.991114616394043,60.51887893676758,36.16670608520508,-403.9859619140625,-403.9859619140625,-600.0,-600.0,2.502000093460083,2.5460000038146973,-8194,-8428,False,False
1784742959.7727108,386128.2101954,0,0,0,0,57.970001220703125,0.9869999885559082,-0.99068284034729,24.9394474029541,17.84687614440918,-0.99068284034729,23.134952545166016,24.9394474029541,-374.0889892578125,0.0,102.00520324707033,3.333599090576172,340.3487548828125,-356.98590087890625,1.2933251857757568,-1.402992606163025,1.981797456741333,0.991114616394043,58.429630279541016,33.49018096923828,-374.0889892578125,-374.0889892578125,-400.0,-400.0,2.499000072479248,0.0450000017881393,-8197,-8431,False,False
1784742959.7731197,386128.210606,0,0,0,0,57.97249984741211,1.093999981880188,-0.9372376799583436,21.52484703063965,31.1914119720459,-0.9372376799583436,19.75745964050293,21.52484703063965,-400.7550659179688,0.0,102.00520324707033,3.333599090576172,340.3487548828125,-369.5069885253906,1.2933251857757568,-1.402992606163025,1.9283522367477417,0.991114616394043,57.40230178833008,35.87745666503906,-400.7550659179688,-400.7550659179688,-400.0,-400.0,2.5,2.5450000762939453,-8197,-8431,False,False
1784742959.7777677,386128.2152514,0,0,0,0,57.97499847412109,1.180999994277954,-0.8886606097221375,20.68253898620605,-8.90654468536377,-0.8886606097221375,20.667457580566406,20.68253898620605,-394.6819458007813,0.0,102.00520324707033,3.333599090576172,340.3487548828125,-386.09271240234375,1.2933251857757568,-1.402992606163025,1.879775166511536,0.991114616394043,56.016300201416016,35.33375930786133,-394.6819458007813,-394.6819458007813,-400.0,-400.0,2.499000072479248,0.0439999997615814,-8199,-8433,False,False
1784742959.779785,386128.2172701,0,0,0,0,57.977500915527344,0.0820000022649765,-0.8003438115119934,27.069067001342773,36.75099563598633,-0.8003438115119934,28.69994163513184,27.069067001342773,-277.5078125,0.0,102.00520324707033,3.333599090576172,340.3487548828125,-393.66510009765625,1.2933251857757568,-1.402992606163025,1.7914583683013916,0.991114616394043,51.91285705566406,24.84379005432129,-277.5078125,-277.5078125,-400.0,-400.0,2.503000020980835,2.546999931335449,-8199,-8433,False,False
1784742959.7814708,386128.2189579,0,0,0,0,57.97999954223633,0.1879999935626983,-0.7401873469352722,25.161598205566406,11.549262046813965,-0.7401873469352722,23.939950942993164,25.161598205566406,-565.8853149414062,0.0,156.0006103515625,14.554261207580566,549.6657104492188,-407.9853820800781,2.0887296199798584,-1.402992606163025,2.526706457138061,1.7865190505981443,75.8222885131836,50.66069030761719,-565.8853149414062,-565.8853149414062,-400.0,-400.0,2.497999906539917,0.0450000017881393,-8201,-8435,False,False
1784742959.7842329,386128.2217158,0,0,0,0,57.98249816894531,0.2870000004768371,-0.691537618637085,19.307382583618164,-16.97382164001465,-0.691537618637085,17.499963760375977,19.307382583618164,-626.9664916992188,0.0,156.0006103515625,14.554261207580566,549.6657104492188,-414.5203552246094,2.0887296199798584,-1.402992606163025,2.478056669235229,1.7865190505981443,75.43634033203125,56.12895584106445,-626.9664916992188,-626.9664916992188,-400.0,-400.0,2.499000072479248,2.5439999103546143,-8201,-8435,False,False
1784742959.7858872,386128.2233717,0,0,0,0,57.98500061035156,0.3840000033378601,-0.6461721658706665,21.35459899902344,-6.451112747192383,-0.6461721658706665,24.219951629638672,21.35459899902344,-583.3096923828125,0.0,156.0006103515625,14.554261207580566,549.6657104492188,-428.3865051269531,2.0887296199798584,-1.402992606163025,2.4326913356781006,1.7865190505981443,73.57520294189453,52.22060394287109,-583.3096923828125,-583.3096923828125,-600.0,-600.0,2.500999927520752,0.0450000017881393,-8203,-8437,False,False
1784742959.787499,386128.2249841,0,0,0,0,57.98749923706055,0.4769999980926513,-0.5801301002502441,28.69976806640625,25.33426284790039,-0.5801301002502441,30.012439727783203,28.69976806640625,-461.2478332519531,0.0,156.0006103515625,14.554261207580566,549.6657104492188,-434.7049560546875,2.0887296199798584,-1.402992606163025,2.3666491508483887,1.7865190505981443,69.9928207397461,41.29305267333984,-461.2478332519531,-461.2478332519531,-600.0,-600.0,2.5,2.5450000762939453,-8203,-8437,False,False
1784742959.7916372,386128.2291226,0,0,0,0,57.9900016784668,0.5839999914169312,-0.5128461718559265,27.379928588867188,28.13389587402344,-0.5128461718559265,25.79494857788086,27.379928588867188,-454.8888549804688,0.0,156.0006103515625,14.554261207580566,549.6657104492188,-459.3482666015625,2.0887296199798584,-1.402992606163025,2.299365282058716,1.7865190505981443,68.10369873046875,40.72377395629883,-454.8888549804688,-454.8888549804688,-600.0,-600.0,2.5,0.0450000017881393,-8206,-8440,False,False
1784742959.7932208,386128.2307075,0,0,0,0,57.99250411987305,0.6769999861717224,-0.4565533399581909,23.098018646240234,-8.527427673339844,-0.4565533399581909,22.469953536987305,23.098018646240234,-492.1627197265625,0.0,156.0006103515625,14.554261207580566,549.6657104492188,-470.5959167480469,2.0887296199798584,-1.402992606163025,2.243072509765625,1.7865190505981443,67.1587142944336,44.06069564819336,-492.1627197265625,-492.1627197265625,-600.0,-600.0,2.503999948501587,2.549000024795532,-8206,-8440,False,False
1784742959.795097,386128.2325849,0,0,0,0,57.99500274658203,0.7829999923706055,-0.4014167785644531,23.8218994140625,-9.389044761657717,-0.4014167785644531,24.709949493408203,23.8218994140625,-462.7515258789063,0.0,156.0006103515625,14.554261207580566,549.6657104492188,-497.45355224609375,2.0887296199798584,-1.402992606163025,2.1879358291625977,1.7865190505981443,65.24956512451172,41.42766952514648,-462.7515258789063,-462.7515258789063,-400.0,-400.0,2.496999979019165,0.0460000000894069,-8209,-8443,False,False
1784742959.7973194,386128.2348072,0,0,0,0,57.997501373291016,0.8640000224113464,-0.3358905613422394,29.151975631713867,-33.897560119628906,-0.3358905613422394,31.097436904907227,29.151975631713867,-367.8845520019531,0.0,156.0006103515625,14.554261207580566,549.6657104492188,-509.7169799804688,2.0887296199798584,-1.402992606163025,2.122409582138061,1.7865190505981443,62.08671569824219,32.93473815917969,-367.8845520019531,-367.8845520019531,-400.0,-400.0,2.499000072479248,2.5450000762939453,-8209,-8443,False,False
1784742959.802014,386128.2394971,0,0,0,0,58.0,0.9729999899864196,-0.2657882869243622,29.86515617370605,-18.289817810058597,-0.2657882869243622,29.71493911743164,29.86515617370605,-556.098388671875,0.0,204.0018768310547,28.87067604064941,713.7188720703125,-504.428955078125,2.71213173866272,-1.402992606163025,2.6757092475891118,2.409921169281006,79.64966583251953,49.78451156616211,-556.098388671875,-556.098388671875,-400.0,-400.0,2.500999927520752,0.0460000000894069,-8211,-8445,False,False
