received_at_unix_s,received_at_monotonic_s,run_id,seed,controller_fault_flags,controller_saturation_flags,imu_timestamp_us,t_sec,age_ms,pitch_deg,pitch_rate_dps,raw_acc_pitch_deg,fused_pitch_deg,gyro_pitch_rate_dps,filtered_pitch_rate_dps,u_sps,turn_sps,target_velocity_sps,vel_error,measured_vel_sps,velocity_p_term_deg,velocity_i_term_deg,pitch_error_deg,pitch_sp_deg,rate_setpoint_dps,rate_error_dps,command_saturated,actuator_fault,left_target_sps,right_target_sps,left_applied_sps,right_applied_sps,motor_update_dt_ms,motor_feedback_age_ms,left_actual_steps,right_actual_steps,plant_pitch_deg,plant_pitch_rate_dps,plant_position_m,plant_velocity_mps,target_wheel_velocity,actual_wheel_velocity,plant_velocity_error,f_cmd,f_app,external_force_n,external_com_bias_rad,x_ddot,theta_ddot,force_saturated,phase_error_steps,missed_steps,traction_limit_n,motor_force_limit_n,total_mass_scale,pitch_inertia_scale,motor_max_force_n,motor_no_load_speed_mps,motor_velocity_damping,motor_tau_s,traction_coefficient,pitch_damping,cart_damping,phase_error_limit_steps,tire_stiffness_n_per_m,tire_damping_n_s_per_m,wheel_equivalent_mass_kg
1784671583.5764563,314750.4700948,0,0,8,0,0,51.200002,1.005,47.0366349660622,130.12414533489317,165.08558396791867,47.0366349660622,131.8272327912301,130.12414533489317,0.0,0.0,0.0,0.0,0.0,0.0,0.0,-47.0366349660622,0.0,0.0,-130.12414533489317,0.0,0.0,0.0,0.0,0.0,0.0,0.0,0.0,0,0,47.0366349660622,130.12414533489317,0.0,0.0,0.0,0.0,0.0,0.0,0.0,0.0,0.0,0.0,0.0,0.0,0.0,0.0,0.0,0.0,0.0,0.0,0.0,0.0,0.0,0.0,0.0,0.0,0.0,0.0,0.0,0.0,0.0
1784671583.5789795,314750.4726181,0,0,8,0,0,51.202502,1.101,47.35796297851365,133.53710084363803,165.74587874459024,47.35796297851365,134.9859763885774,133.53710084363803,0.0,0.0,0.0,0.0,0.0,0.0,0.0,-47.35796297851365,0.0,0.0,-133.53710084363803,0.0,0.0,0.0,0.0,0.0,0.0,0.0,0.0,0,0,47.35796297851365,133.53710084363803,0.0,0.0,0.0,0.0,0.0,0.0,0.0,0.0,0.0,0.0,0.0,0.0,0.0,0.0,0.0,0.0,0.0,0.0,0.0,0.0,0.0,0.0,0.0,0.0,0.0,0.0,0.0,0.0,0.0
1784671583.5817194,314750.4753575,0,0,8,0,0,51.205005,1.209,47.68549834556359,136.59641368475303,167.60491590300026,47.6854983455636,137.98722030517052,136.59641368475303,0.0,0.0,0.0,0.0,0.0,0.0,0.0,-47.68549834556359,0.0,0.0,-136.59641368475303,0.0,0.0,0.0,0.0,0.0,0.0,0.0,0.0,0,0,47.68549834556359,136.59641368475303,0.0,0.0,0.0,0.0,0.0,0.0,0.0,0.0,0.0,0.0,0.0,0.0,0.0,0.0,0.0,0.0,0.0,0.0,0.0,0.0,0.0,0.0,0.0,0.0,0.0,0.0,0.0,0.0,0.0
1784671583.5839634,314750.477602,0,0,8,0,0,51.207503,0.095,48.19548970917425,142.1399378107011,166.15789000600176,48.19548970917425,143.79720852854612,142.1399378107011,0.0,0.0,0.0,0.0,0.0,0.0,0.0,-48.19548970917425,0.0,0.0,-142.1399378107011,0.0,0.0,0.0,0.0,0.0,0.0,0.0,0.0,0,0,48.19548970917425,142.1399378107011,0.0,0.0,0.0,0.0,0.0,0.0,0.0,0.0,0.0,0.0,0.0,0.0,0.0,0.0,0.0,0.0,0.0,0.0,0.0,0.0,0.0,0.0,0.0,0.0,0.0,0.0,0.0,0.0,0.0
1784671583.586547,314750.4801864,0,0,8,0,0,51.210017,0.208,48.54502948245617,145.44825981854038,165.59321647078897,48.54502948245618,146.88595226778045,145.44825981854038,0.0,0.0,0.0,0.0,0.0,0.0,0.0,-48.54502948245617,0.0,0.0,-145.44825981854038,0.0,0.0,0.0,0.0,0.0,0.0,0.0,0.0,0,0,48.54502948245617,145.44825981854038,0.0,0.0,0.0,0.0,0.0,0.0,0.0,0.0,0.0,0.0,0.0,0.0,0.0,0.0,0.0,0.0,0.0,0.0,0.0,0.0,0.0,0.0,0.0,0.0,0.0,0.0,0.0,0.0,0.0
1784671583.5883925,314750.4820305,0,0,8,0,0,51.212503,0.294,48.90440314552422,149.43601342068203,168.52719003966965,48.90440314552422,150.5696948009749,149.43601342068206,0.0,0.0,0.0,0.0,0.0,0.0,0.0,-48.90440314552422,0.0,0.0,-149.43601342068203,0.0,0.0,0.0,0.0,0.0,0.0,0.0,0.0,0,0,48.90440314552422,149.43601342068203,0.0,0.0,0.0,0.0,0.0,0.0,0.0,0.0,0.0,0.0,0.0,0.0,0.0,0.0,0.0,0.0,0.0,0.0,0.0,0.0,0.0,0.0,0.0,0.0,0.0,0.0,0.0,0.0,0.0
1784671583.590926,314750.4845644,0,0,8,0,0,51.215003,0.4029999999999999,49.27212372375696,154.563588276563,170.9343659128868,49.27212372375696,157.63093048811965,154.563588276563,0.0,0.0,0.0,0.0,0.0,0.0,0.0,-49.27212372375696,0.0,0.0,-154.563588276563,0.0,0.0,0.0,0.0,0.0,0.0,0.0,0.0,0,0,49.27212372375696,154.563588276563,0.0,0.0,0.0,0.0,0.0,0.0,0.0,0.0,0.0,0.0,0.0,0.0,0.0,0.0,0.0,0.0,0.0,0.0,0.0,0.0,0.0,0.0,0.0,0.0,0.0,0.0,0.0,0.0,0.0
1784671583.594479,314750.4881173,0,0,8,0,0,51.217504,0.49,49.65384856980771,158.1856904258036,167.2240746350027,49.65384856980771,159.94967578811142,158.1856904258036,0.0,0.0,0.0,0.0,0.0,0.0,0.0,-49.65384856980771,0.0,0.0,-158.1856904258036,0.0,0.0,0.0,0.0,0.0,0.0,0.0,0.0,0,0,49.65384856980771,158.1856904258036,0.0,0.0,0.0,0.0,0.0,0.0,0.0,0.0,0.0,0.0,0.0,0.0,0.0,0.0,0.0,0.0,0.0,0.0,0.0,0.0,0.0,0.0,0.0,0.0,0.0,0.0,0.0,0.0,0.0
1784671583.5970902,314750.4907282,0,0,8,0,0,51.220003,0.587,50.043113168851264,162.1091441138142,165.64324515566042,50.04311316885126,163.8696678424371,162.1091441138142,0.0,0.0,0.0,0.0,0.0,0.0,0.0,-50.043113168851264,0.0,0.0,-162.1091441138142,0.0,0.0,0.0,0.0,0.0,0.0,0.0,0.0,0,0,50.043113168851264,162.1091441138142,0.0,0.0,0.0,0.0,0.0,0.0,0.0,0.0,0.0,0.0,0.0,0.0,0.0,0.0,0.0,0.0,0.0,0.0,0.0,0.0,0.0,0.0,0.0,0.0,0.0,0.0,0.0,0.0,0.0
1784671583.6040747,314750.497712,0,0,8,0,0,51.222518,0.704,50.43904283008946,164.88731728957669,169.96602244329148,50.439042830089456,166.17966316016478,164.8873172895767,0.0,0.0,0.0,0.0,0.0,0.0,0.0,-50.43904283008946,0.0,0.0,-164.88731728957669,0.0,0.0,0.0,0.0,0.0,0.0,0.0,0.0,0,0,50.43904283008946,164.88731728957669,0.0,0.0,0.0,0.0,0.0,0.0,0.0,0.0,0.0,0.0,0.0,0.0,0.0,0.0,0.0,0.0,0.0,0.0,0.0,0.0,0.0,0.0,0.0,0.0,0.0,0.0,0.0,0.0,0.0
1784671583.6044629,314750.498103,0,0,8,0,0,51.225003,0.7969999999999999,50.8411616670492,167.94197044233246,170.0877596100497,50.84116166704919,169.32965677524794,167.9419704423325,0.0,0.0,0.0,0.0,0.0,0.0,0.0,-50.8411616670492,0.0,0.0,-167.94197044233246,0.0,0.0,0.0,0.0,0.0,0.0,0.0,0.0,0,0,50.8411616670492,167.94197044233246,0.0,0.0,0.0,0.0,0.0,0.0,0.0,0.0,0.0,0.0,0.0,0.0,0.0,0.0,0.0,0.0,0.0,0.0,0.0,0.0,0.0,0.0,0.0,0.0,0.0,0.0,0.0,0.0,0.0
1784671583.6049097,314750.4985466,0,0,8,0,0,51.227503,0.895,51.25149866710727,170.43013813058806,168.02432288046396,51.25149866710727,171.3946525895802,170.43013813058806,0.0,0.0,0.0,0.0,0.0,0.0,0.0,-51.25149866710727,0.0,0.0,-170.43013813058806,0.0,0.0,0.0,0.0,0.0,0.0,0.0,0.0,0,0,51.25149866710727,170.43013813058806,0.0,0.0,0.0,0.0,0.0,0.0,0.0,0.0,0.0,0.0,0.0,0.0,0.0,0.0,0.0,0.0,0.0,0.0,0.0,0.0,0.0,0.0,0.0,0.0,0.0,0.0,0.0,0.0,0.0
1784671583.612527,314750.506164,0,0,8,0,0,51.230004,0.993,51.66666257904767,172.25397131613855,168.59394911720457,51.66666257904766,173.0133993084424,172.25397131613855,0.0,0.0,0.0,0.0,0.0,0.0,0.0,-51.66666257904767,0.0,0.0,-172.25397131613855,0.0,0.0,0.0,0.0,0.0,0.0,0.0,0.0,0,0,51.66666257904767,172.25397131613855,0.0,0.0,0.0,0.0,0.0,0.0,0.0,0.0,0.0,0.0,0.0,0.0,0.0,0.0,0.0,0.0,0.0,0.0,0.0,0.0,0.0,0.0,0.0,0.0,0.0,0.0,0.0,0.0,0.0
1784671583.6126468,314750.5062884,0,0,8,0,0,51.232503,1.092,52.0870480968948,175.20655672631202,171.0938613548787,52.0870480968948,176.9683912918246,175.20655672631204,0.0,0.0,0.0,0.0,0.0,0.0,0.0,-52.0870480968948,0.0,0.0,-175.20655672631202,0.0,0.0,0.0,0.0,0.0,0.0,0.0,0.0,0,0,52.0870480968948,175.20655672631202,0.0,0.0,0.0,0.0,0.0,0.0,0.0,0.0,0.0,0.0,0.0,0.0,0.0,0.0,0.0,0.0,0.0,0.0,0.0,0.0,0.0,0.0,0.0,0.0,0.0,0.0,0.0,0.0,0.0
1784671583.6127388,314750.5063802,0,0,8,0,0,51.235002,1.192,52.51410735260083,178.0546002685663,170.56463326122645,52.51410735260083,179.82963549219178,178.0546002685663,0.0,0.0,0.0,0.0,0.0,0.0,0.0,-52.51410735260083,0.0,0.0,-178.0546002685663,0.0,0.0,0.0,0.0,0.0,0.0,0.0,0.0,0,0,52.51410735260083,178.0546002685663,0.0,0.0,0.0,0.0,0.0,0.0,0.0,0.0,0.0,0.0,0.0,0.0,0.0,0.0,0.0,0.0,0.0,0.0,0.0,0.0,0.0,0.0,0.0,0.0,0.0,0.0,0.0,0.0,0.0
1784671583.6138911,314750.5075306,0,0,8,0,0,51.237504,0.077,53.168804180162105,180.90212865720403,167.01493728161728,53.168804180162105,181.43963222878983,180.9021286572041,0.0,0.0,0.0,0.0,0.0,0.0,0.0,-53.168804180162105,0.0,0.0,-180.90212865720403,0.0,0.0,0.0,0.0,0.0,0.0,0.0,0.0,0,0,53.168804180162105,180.90212865720403,0.0,0.0,0.0,0.0,0.0,0.0,0.0,0.0,0.0,0.0,0.0,0.0,0.0,0.0,0.0,0.0,0.0,0.0,0.0,0.0,0.0,0.0,0.0,0.0,0.0,0.0,0.0,0.0,0.0
1784671583.616274,314750.5099132,0,0,8,0,0,51.240026,0.204,53.60654691887148,182.14911700259523,166.46236227955254,53.60654691887148,182.71712963935133,182.14911700259523,0.0,0.0,0.0,0.0,0.0,0.0,0.0,-53.60654691887148,0.0,0.0,-182.14911700259523,0.0,0.0,0.0,0.0,0.0,0.0,0.0,0.0,0,0,53.60654691887148,182.14911700259523,0.0,0.0,0.0,0.0,0.0,0.0,0.0,0.0,0.0,0.0,0.0,0.0,0.0,0.0,0.0,0.0,0.0,0.0,0.0,0.0,0.0,0.0,0.0,0.0,0.0,0.0,0.0,0.0,0.0
1784671583.6198936,314750.5135314,0,0,8,0,0,51.242504,0.292,54.0451662412332,182.67031146204144,166.57161140264927,54.0451662412332,182.8308794087849,182.67031146204144,0.0,0.0,0.0,0.0,0.0,0.0,0.0,-54.0451662412332,0.0,0.0,-182.67031146204144,0.0,0.0,0.0,0.0,0.0,0.0,0.0,0.0,0,0,54.0451662412332,182.67031146204144,0.0,0.0,0.0,0.0,0.0,0.0,0.0,0.0,0.0,0.0,0.0,0.0,0.0,0.0,0.0,0.0,0.0,0.0,0.0,0.0,0.0,0.0,0.0,0.0,0.0,0.0,0.0,0.0,0.0
1784671583.6208224,314750.514462,0,0,8,0,0,51.245003,0.367,54.49131887556722,183.30380502276745,169.8967410474264,54.49131887556722,183.63587777708392,183.30380502276745,0.0,0.0,0.0,0.0,0.0,0.0,0.0,-54.49131887556722,0.0,0.0,-183.30380502276745,0.0,0.0,0.0,0.0,0.0,0.0,0.0,0.0,0,0,54.49131887556722,183.30380502276745,0.0,0.0,0.0,0.0,0.0,0.0,0.0,0.0,0.0,0.0,0.0,0.0,0.0,0.0,0.0,0.0,0.0,0.0,0.0,0.0,0.0,0.0,0.0,0.0,0.0,0.0,0.0,0.0,0.0
1784671583.62342,314750.517061,0,0,8,0,0,51.247502,0.478,54.93303252098894,184.25264697202147,171.10177849115396,54.93303252098894,184.65087571972185,184.25264697202147,0.0,0.0,0.0,0.0,0.0,0.0,0.0,-54.93303252098894,0.0,0.0,-184.25264697202147,0.0,0.0,0.0,0.0,0.0,0.0,0.0,0.0,0,0,54.93303252098894,184.25264697202147,0.0,0.0,0.0,0.0,0.0,0.0,0.0,0.0,0.0,0.0,0.0,0.0,0.0,0.0,0.0,0.0,0.0,0.0,0.0,0.0,0.0,0.0,0.0,0.0,0.0,0.0,0.0,0.0,0.0
1784671583.6380804,314750.5317186,0,0,8,0,0,51.250003,0.5860000000000001,55.377881128925054,185.17714548858584,170.66906501811368,55.377881128925054,185.57837383971847,185.17714548858584,0.0,0.0,0.0,0.0,0.0,0.0,0.0,-55.377881128925054,0.0,0.0,-185.17714548858584,0.0,0.0,0.0,0.0,0.0,0.0,0.0,0.0,0,0,55.377881128925054,185.17714548858584,0.0,0.0,0.0,0.0,0.0,0.0,0.0,0.0,0.0,0.0,0.0,0.0,0.0,0.0,0.0,0.0,0.0,0.0,0.0,0.0,0.0,0.0,0.0,0.0,0.0,0.0,0.0,0.0,0.0
1784671583.63818,314750.5318217,0,0,8,0,0,51.252521,0.696,55.82768896123197,185.9812445742982,170.4408041206122,55.82768896123197,186.2083725627352,185.98124457429816,0.0,0.0,0.0,0.0,0.0,0.0,0.0,-55.82768896123197,0.0,0.0,-185.9812445742982,0.0,0.0,0.0,0.0,0.0,0.0,0.0,0.0,0,0,55.82768896123197,185.9812445742982,0.0,0.0,0.0,0.0,0.0,0.0,0.0,0.0,0.0,0.0,0.0,0.0,0.0,0.0,0.0,0.0,0.0,0.0,0.0,0.0,0.0,0.0,0.0,0.0,0.0,0.0,0.0,0.0,0.0
1784671583.6382658,314750.5319075,0,0,8,0,0,51.255003,0.786,56.27583197777546,186.5910257479017,169.94879115929422,56.27583197777546,186.91712112612888,186.5910257479017,0.0,0.0,0.0,0.0,0.0,0.0,0.0,-56.27583197777546,0.0,0.0,-186.5910257479017,0.0,0.0,0.0,0.0,0.0,0.0,0.0,0.0,0,0,56.27583197777546,186.5910257479017,0.0,0.0,0.0,0.0,0.0,0.0,0.0,0.0,0.0,0.0,0.0,0.0,0.0,0.0,0.0,0.0,0.0,0.0,0.0,0.0,0.0,0.0,0.0,0.0,0.0,0.0,0.0,0.0,0.0
1784671583.6383345,314750.5319757,0,0,8,0,0,51.257503,0.8720000000000001,56.72926156047636,186.94801952879803,171.40525766066483,56.72926156047636,187.04837086009067,186.94801952879803,0.0,0.0,0.0,0.0,0.0,0.0,0.0,-56.72926156047636,0.0,0.0,-186.94801952879803,0.0,0.0,0.0,0.0,0.0,0.0,0.0,0.0,0,0,56.72926156047636,186.94801952879803,0.0,0.0,0.0,0.0,0.0,0.0,0.0,0.0,0.0,0.0,0.0,0.0,0.0,0.0,0.0,0.0,0.0,0.0,0.0,0.0,0.0,0.0,0.0,0.0,0.0,0.0,0.0,0.0,0.0
1784671583.638397,314750.5320383,0,0,8,0,0,51.260001,0.98,57.179059482317584,187.39910179029704,172.01213445214856,57.179059482317584,187.65211963631492,187.39910179029704,0.0,0.0,0.0,0.0,0.0,0.0,0.0,-57.179059482317584,0.0,0.0,-187.39910179029704,0.0,0.0,0.0,0.0,0.0,0.0,0.0,0.0,0,0,57.179059482317584,187.39910179029704,0.0,0.0,0.0,0.0,0.0,0.0,0.0,0.0,0.0,0.0,0.0,0.0,0.0,0.0,0.0,0.0,0.0,0.0,0.0,0.0,0.0,0.0,0.0,0.0,0.0,0.0,0.0,0.0,0.0
1784671583.638689,314750.5323297,0,0,8,0,0,51.262504,1.078,57.63267869921815,187.81343930858412,172.49563809339966,57.63267869921815,188.06336880272855,187.81343930858412,0.0,0.0,0.0,0.0,0.0,0.0,0.0,-57.63267869921815,0.0,0.0,-187.81343930858412,0.0,0.0,0.0,0.0,0.0,0.0,0.0,0.0,0,0,57.63267869921815,187.81343930858412,0.0,0.0,0.0,0.0,0.0,0.0,0.0,0.0,0.0,0.0,0.0,0.0,0.0,0.0,0.0,0.0,0.0,0.0,0.0,0.0,0.0,0.0,0.0,0.0,0.0,0.0,0.0,0.0,0.0
1784671583.6480029,314750.5416412,0,0,8,0,0,51.265007,1.185,58.08512460594896,187.87168933103848,171.62186551768752,58.08512460594896,187.8358692638615,187.87168933103848,0.0,0.0,0.0,0.0,0.0,0.0,0.0,-58.08512460594896,0.0,0.0,-187.87168933103848,0.0,0.0,0.0,0.0,0.0,0.0,0.0,0.0,0,0,58.08512460594896,187.87168933103848,0.0,0.0,0.0,0.0,0.0,0.0,0.0,0.0,0.0,0.0,0.0,0.0,0.0,0.0,0.0,0.0,0.0,0.0,0.0,0.0,0.0,0.0,0.0,0.0,0.0,0.0,0.0,0.0,0.0
1784671583.648641,314750.5422803,0,0,8,0,0,51.267503,0.072,58.76688546807766,188.15376926103087,176.5619650470726,58.76688546807766,188.29961832385985,188.15376926103087,0.0,0.0,0.0,0.0,0.0,0.0,0.0,-58.76688546807766,0.0,0.0,-188.15376926103087,0.0,0.0,0.0,0.0,0.0,0.0,0.0,0.0,0,0,58.76688546807766,188.15376926103087,0.0,0.0,0.0,0.0,0.0,0.0,0.0,0.0,0.0,0.0,0.0,0.0,0.0,0.0,0.0,0.0,0.0,0.0,0.0,0.0,0.0,0.0,0.0,0.0,0.0,0.0,0.0,0.0,0.0
1784671583.6493633,314750.5430041,0,0,8,0,0,51.270002,0.17,59.22016697596515,187.59662392513712,172.47354133366272,59.22016697596515,187.15337064726012,187.59662392513715,0.0,0.0,0.0,0.0,0.0,0.0,0.0,-59.22016697596515,0.0,0.0,-187.59662392513712,0.0,0.0,0.0,0.0,0.0,0.0,0.0,0.0,0,0,59.22016697596515,187.59662392513712,0.0,0.0,0.0,0.0,0.0,0.0,0.0,0.0,0.0,0.0,0.0,0.0,0.0,0.0,0.0,0.0,0.0,0.0,0.0,0.0,0.0,0.0,0.0,0.0,0.0,0.0,0.0,0.0,0.0
1784671583.6496246,314750.5432641,0,0,8,0,0,51.272503,0.268,59.66912555139817,185.1520076973597,170.3667897635451,59.66912555139817,183.8458773514228,185.1520076973597,0.0,0.0,0.0,0.0,0.0,0.0,0.0,-59.66912555139817,0.0,0.0,-185.1520076973597,0.0,0.0,0.0,0.0,0.0,0.0,0.0,0.0,0,0,59.66912555139817,185.1520076973597,0.0,0.0,0.0,0.0,0.0,0.0,0.0,0.0,0.0,0.0,0.0,0.0,0.0,0.0,0.0,0.0,0.0,0.0,0.0,0.0,0.0,0.0,0.0,0.0,0.0,0.0,0.0,0.0,0.0
1784671583.650652,314750.5442926,0,0,8,0,0,51.275004,0.37,60.11007274421264,182.1805013802846,174.3080769324378,60.11007274421264,180.96713318652735,182.18050138028465,0.0,0.0,0.0,0.0,0.0,0.0,0.0,-60.11007274421264,0.0,0.0,-182.1805013802846,0.0,0.0,0.0,0.0,0.0,0.0,0.0,0.0,0,0,60.11007274421264,182.1805013802846,0.0,0.0,0.0,0.0,0.0,0.0,0.0,0.0,0.0,0.0,0.0,0.0,0.0,0.0,0.0,0.0,0.0,0.0,0.0,0.0,0.0,0.0,0.0,0.0,0.0,0.0,0.0,0.0,0.0
1784671583.653537,314750.5471766,0,0,8,0,0,51.277502,0.472,60.54338577117691,178.8982742134411,175.37222876070916,60.54338577117691,177.09964102578635,178.89827421344108,0.0,0.0,0.0,0.0,0.0,0.0,0.0,-60.54338577117691,0.0,0.0,-178.8982742134411,0.0,0.0,0.0,0.0,0.0,0.0,0.0,0.0,0,0,60.54338577117691,178.8982742134411,0.0,0.0,0.0,0.0,0.0,0.0,0.0,0.0,0.0,0.0,0.0,0.0,0.0,0.0,0.0,0.0,0.0,0.0,0.0,0.0,0.0,0.0,0.0,0.0,0.0,0.0,0.0,0.0,0.0
1784671583.6560378,314750.549679,0,0,8,0,0,51.280001,0.5640000000000001,60.97244796090286,176.68104980523475,171.94917190591275,60.97244796090286,175.55964414730127,176.68104980523475,0.0,0.0,0.0,0.0,0.0,0.0,0.0,-60.97244796090286,0.0,0.0,-176.68104980523475,0.0,0.0,0.0,0.0,0.0,0.0,0.0,0.0,0,0,60.97244796090286,176.68104980523475,0.0,0.0,0.0,0.0,0.0,0.0,0.0,0.0,0.0,0.0,0.0,0.0,0.0,0.0,0.0,0.0,0.0,0.0,0.0,0.0,0.0,0.0,0.0,0.0,0.0,0.0,0.0,0.0,0.0
1784671583.6583583,314750.5519965,0,0,8,0,0,51.282504,0.673,61.39034167845095,172.1065025099118,171.60085492928192,61.39034167845095,169.37340668656853,172.1065025099118,0.0,0.0,0.0,0.0,0.0,0.0,0.0,-61.39034167845095,0.0,0.0,-172.1065025099118,0.0,0.0,0.0,0.0,0.0,0.0,0.0,0.0,0,0,61.39034167845095,172.1065025099118,0.0,0.0,0.0,0.0,0.0,0.0,0.0,0.0,0.0,0.0,0.0,0.0,0.0,0.0,0.0,0.0,0.0,0.0,0.0,0.0,0.0,0.0,0.0,0.0,0.0,0.0,0.0,0.0,0.0
1784671583.6629438,314750.5565791,0,0,8,0,0,51.285004,0.7739999999999999,61.79609269360117,166.9686754688879,171.62378831319617,61.79609269360117,164.7884159801697,166.9686754688879,0.0,0.0,0.0,0.0,0.0,0.0,0.0,-61.79609269360117,0.0,0.0,-166.9686754688879,0.0,0.0,0.0,0.0,0.0,0.0,0.0,0.0,0,0,61.79609269360117,166.9686754688879,0.0,0.0,0.0,0.0,0.0,0.0,0.0,0.0,0.0,0.0,0.0,0.0,0.0,0.0,0.0,0.0,0.0,0.0,0.0,0.0,0.0,0.0,0.0,0.0,0.0,0.0,0.0,0.0,0.0
1784671583.663392,314750.5570296,0,0,8,0,0,51.287502,0.871,62.1905309163136,162.10784276485376,172.03872609462726,62.1905309163136,159.91467585905494,162.10784276485376,0.0,0.0,0.0,0.0,0.0,0.0,0.0,-62.1905309163136,0.0,0.0,-162.10784276485376,0.0,0.0,0.0,0.0,0.0,0.0,0.0,0.0,0,0,62.1905309163136,162.10784276485376,0.0,0.0,0.0,0.0,0.0,0.0,0.0,0.0,0.0,0.0,0.0,0.0,0.0,0.0,0.0,0.0,0.0,0.0,0.0,0.0,0.0,0.0,0.0,0.0,0.0,0.0,0.0,0.0,0.0
1784671583.66619,314750.5598267,0,0,8,0,0,51.29,0.965,62.57335737784871,157.0435976400697,172.58875644679557,62.57335737784871,154.8046862168089,157.04359764006972,0.0,0.0,0.0,0.0,0.0,0.0,0.0,-62.57335737784871,0.0,0.0,-157.0435976400697,0.0,0.0,0.0,0.0,0.0,0.0,0.0,0.0,0,0,62.57335737784871,157.0435976400697,0.0,0.0,0.0,0.0,0.0,0.0,0.0,0.0,0.0,0.0,0.0,0.0,0.0,0.0,0.0,0.0,0.0,0.0,0.0,0.0,0.0,0.0,0.0,0.0,0.0,0.0,0.0,0.0,0.0
1784671583.6682656,314750.5619043,0,0,8,0,0,51.292504,1.071,62.943294141216285,152.08157887795343,172.2976213670604,62.943294141216285,149.8609462375812,152.08157887795343,0.0,0.0,0.0,0.0,0.0,0.0,0.0,-62.943294141216285,0.0,0.0,-152.08157887795343,0.0,0.0,0.0,0.0,0.0,0.0,0.0,0.0,0,0,62.943294141216285,152.08157887795343,0.0,0.0,0.0,0.0,0.0,0.0,0.0,0.0,0.0,0.0,0.0,0.0,0.0,0.0,0.0,0.0,0.0,0.0,0.0,0.0,0.0,0.0,0.0,0.0,0.0,0.0,0.0,0.0,0.0
1784671583.6707067,314750.5643464,0,0,8,0,0,51.295004,1.17,63.29951033914189,145.38200763880656,172.03260726309966,63.29951033914189,141.7322127142138,145.38200763880656,0.0,0.0,0.0,0.0,0.0,0.0,0.0,-63.29951033914189,0.0,0.0,-145.38200763880656,0.0,0.0,0.0,0.0,0.0,0.0,0.0,0.0,0,0,63.29951033914189,145.38200763880656,0.0,0.0,0.0,0.0,0.0,0.0,0.0,0.0,0.0,0.0,0.0,0.0,0.0,0.0,0.0,0.0,0.0,0.0,0.0,0.0,0.0,0.0,0.0,0.0,0.0,0.0,0.0,0.0,0.0
1784671583.674907,314750.5685428,0,0,8,0,0,51.297504,0.056,63.80987828975439,137.78411566142373,171.6336730111816,63.80987828975439,136.18472395876182,137.78411566142375,0.0,0.0,0.0,0.0,0.0,0.0,0.0,-63.80987828975439,0.0,0.0,-137.78411566142373,0.0,0.0,0.0,0.0,0.0,0.0,0.0,0.0,0,0,63.80987828975439,137.78411566142373,0.0,0.0,0.0,0.0,0.0,0.0,0.0,0.0,0.0,0.0,0.0,0.0,0.0,0.0,0.0,0.0,0.0,0.0,0.0,0.0,0.0,0.0,0.0,0.0,0.0,0.0,0.0,0.0,0.0
1784671583.6760027,314750.5696396,0,0,8,0,0,51.300009,0.164,64.13088534726268,132.0588279403021,171.9707506642379,64.13088534726269,130.42723562897095,132.0588279403021,0.0,0.0,0.0,0.0,0.0,0.0,0.0,-64.13088534726268,0.0,0.0,-132.0588279403021,0.0,0.0,0.0,0.0,0.0,0.0,0.0,0.0,0,0,64.13088534726268,132.0588279403021,0.0,0.0,0.0,0.0,0.0,0.0,0.0,0.0,0.0,0.0,0.0,0.0,0.0,0.0,0.0,0.0,0.0,0.0,0.0,0.0,0.0,0.0,0.0,0.0,0.0,0.0,0.0,0.0,0.0
1784671583.67866,314750.5722968,0,0,8,0,0,51.302502,0.272,64.43381077718709,124.27256734819284,172.49971874244503,64.43381077718709,121.0472546418344,124.27256734819282,0.0,0.0,0.0,0.0,0.0,0.0,0.0,-64.43381077718709,0.0,0.0,-124.27256734819284,0.0,0.0,0.0,0.0,0.0,0.0,0.0,0.0,0,0,64.43381077718709,124.27256734819284,0.0,0.0,0.0,0.0,0.0,0.0,0.0,0.0,0.0,0.0,0.0,0.0,0.0,0.0,0.0,0.0,0.0,0.0,0.0,0.0,0.0,0.0,0.0,0.0,0.0,0.0,0.0,0.0,0.0
1784671583.680891,314750.5745297,0,0,8,0,0,51.305003,0.371,64.7220188754379,117.32284044784186,173.39421551661633,64.72201887543788,114.26601838714151,117.32284044784186,0.0,0.0,0.0,0.0,0.0,0.0,0.0,-64.7220188754379,0.0,0.0,-117.32284044784186,0.0,0.0,0.0,0.0,0.0,0.0,0.0,0.0,0,0,64.7220188754379,117.32284044784186,0.0,0.0,0.0,0.0,0.0,0.0,0.0,0.0,0.0,0.0,0.0,0.0,0.0,0.0,0.0,0.0,0.0,0.0,0.0,0.0,0.0,0.0,0.0,0.0,0.0,0.0,0.0,0.0,0.0
1784671583.685024,314750.5786602,0,0,8,0,0,51.307504,0.455,64.99544435971761,110.51015066742669,174.7782424928194,64.99544435971761,107.55478199056157,110.51015066742669,0.0,0.0,0.0,0.0,0.0,0.0,0.0,-64.99544435971761,0.0,0.0,-110.51015066742669,0.0,0.0,0.0,0.0,0.0,0.0,0.0,0.0,0,0,64.99544435971761,110.51015066742669,0.0,0.0,0.0,0.0,0.0,0.0,0.0,0.0,0.0,0.0,0.0,0.0,0.0,0.0,0.0,0.0,0.0,0.0,0.0,0.0,0.0,0.0,0.0,0.0,0.0,0.0,0.0,0.0,0.0
1784671583.685832,314750.57947,0,0,8,0,0,51.310002,0.554,65.25041161223827,103.6481665105653,175.61490815277926,65.25041161223827,100.64229600190686,103.6481665105653,0.0,0.0,0.0,0.0,0.0,0.0,0.0,-65.25041161223827,0.0,0.0,-103.6481665105653,0.0,0.0,0.0,0.0,0.0,0.0,0.0,0.0,0,0,65.25041161223827,103.6481665105653,0.0,0.0,0.0,0.0,0.0,0.0,0.0,0.0,0.0,0.0,0.0,0.0,0.0,0.0,0.0,0.0,0.0,0.0,0.0,0.0,0.0,0.0,0.0,0.0,0.0,0.0,0.0,0.0,0.0
1784671583.68828,314750.5819179,0,0,8,0,0,51.312503,0.652,65.48923611463636,96.6995522665378,176.03556928449737,65.48923611463636,93.58106031476213,96.6995522665378,0.0,0.0,0.0,0.0,0.0,0.0,0.0,-65.48923611463636,0.0,0.0,-96.6995522665378,0.0,0.0,0.0,0.0,0.0,0.0,0.0,0.0,0,0,65.48923611463636,96.6995522665378,0.0,0.0,0.0,0.0,0.0,0.0,0.0,0.0,0.0,0.0,0.0,0.0,0.0,0.0,0.0,0.0,0.0,0.0,0.0,0.0,0.0,0.0,0.0,0.0,0.0,0.0,0.0,0.0,0.0
1784671583.691059,314750.584697,0,0,8,0,0,51.315006,0.764,65.70735391475385,87.36561463025303,176.32976789391017,65.70735391475385,82.1273335310292,87.36561463025303,0.0,0.0,0.0,0.0,0.0,0.0,0.0,-65.70735391475385,0.0,0.0,-87.36561463025303,0.0,0.0,0.0,0.0,0.0,0.0,0.0,0.0,0,0,65.70735391475385,87.36561463025303,0.0,0.0,0.0,0.0,0.0,0.0,0.0,0.0,0.0,0.0,0.0,0.0,0.0,0.0,0.0,0.0,0.0,0.0,0.0,0.0,0.0,0.0,0.0,0.0,0.0,0.0,0.0,0.0,0.0
1784671583.6992502,314750.5928871,0,0,8,0,0,51.317503,0.855,65.9064592390127,79.02009804880345,176.9868018675772,65.9064592390127,74.06859986577479,79.02009804880343,0.0,0.0,0.0,0.0,0.0,0.0,0.0,-65.9064592390127,0.0,0.0,-79.02009804880345,0.0,0.0,0.0,0.0,0.0,0.0,0.0,0.0,0,0,65.9064592390127,79.02009804880345,0.0,0.0,0.0,0.0,0.0,0.0,0.0,0.0,0.0,0.0,0.0,0.0,0.0,0.0,0.0,0.0,0.0,0.0,0.0,0.0,0.0,0.0,0.0,0.0,0.0,0.0,0.0,0.0,0.0
1784671583.6995704,314750.5932095,0,0,8,0,0,51.320002,0.957,66.08474504294865,70.45671798663487,177.33653136738582,66.08474504294865,65.14361795637251,70.45671798663487,0.0,0.0,0.0,0.0,0.0,0.0,0.0,-66.08474504294865,0.0,0.0,-70.45671798663487,0.0,0.0,0.0,0.0,0.0,0.0,0.0,0.0,0,0,66.08474504294865,70.45671798663487,0.0,0.0,0.0,0.0,0.0,0.0,0.0,0.0,0.0,0.0,0.0,0.0,0.0,0.0,0.0,0.0,0.0,0.0,0.0,0.0,0.0,0.0,0.0,0.0,0.0,0.0,0.0,0.0,0.0
1784671583.6998131,314750.5934538,0,0,8,0,0,51.322503,1.057,66.24070673615152,61.2544363415502,177.34342747535297,66.24070673615152,55.49238751904828,61.2544363415502,0.0,0.0,0.0,0.0,0.0,0.0,0.0,-66.24070673615152,0.0,0.0,-61.2544363415502,0.0,0.0,0.0,0.0,0.0,0.0,0.0,0.0,0,0,66.24070673615152,61.2544363415502,0.0,0.0,0.0,0.0,0.0,0.0,0.0,0.0,0.0,0.0,0.0,0.0,0.0,0.0,0.0,0.0,0.0,0.0,0.0,0.0,0.0,0.0,0.0,0.0,0.0,0.0,0.0,0.0,0.0
1784671583.7009268,314750.5945652,0,0,8,0,0,51.325004,1.157,66.3725731597315,51.61204808088283,177.92354331350157,66.3725731597315,45.718657330026375,51.61204808088283,0.0,0.0,0.0,0.0,0.0,0.0,0.0,-66.3725731597315,0.0,0.0,-51.61204808088283,0.0,0.0,0.0,0.0,0.0,0.0,0.0,0.0,0,0,66.3725731597315,51.61204808088283,0.0,0.0,0.0,0.0,0.0,0.0,0.0,0.0,0.0,0.0,0.0,0.0,0.0,0.0,0.0,0.0,0.0,0.0,0.0,0.0,0.0,0.0,0.0,0.0,0.0,0.0,0.0,0.0,0.0
1784671583.7040155,314750.5976524,0,0,8,0,0,51.327505,0.049,66.51919147934969,35.40989924651439,177.653861946349,66.51919147934969,30.88743739234318,35.40989924651439,0.0,0.0,0.0,0.0,0.0,0.0,0.0,-66.51919147934969,0.0,0.0,-35.40989924651439,0.0,0.0,0.0,0.0,0.0,0.0,0.0,0.0,0,0,66.51919147934969,35.40989924651439,0.0,0.0,0.0,0.0,0.0,0.0,0.0,0.0,0.0,0.0,0.0,0.0,0.0,0.0,0.0,0.0,0.0,0.0,0.0,0.0,0.0,0.0,0.0,0.0,0.0,0.0,0.0,0.0,0.0
1784671583.7074244,314750.6010622,0,0,8,0,0,51.330004,0.146,66.58617044345756,25.35724710841617,177.31461576837347,66.58617044345756,20.877457682190038,25.35724710841618,0.0,0.0,0.0,0.0,0.0,0.0,0.0,-66.58617044345756,0.0,0.0,-25.35724710841617,0.0,0.0,0.0,0.0,0.0,0.0,0.0,0.0,0,0,66.58617044345756,25.35724710841617,0.0,0.0,0.0,0.0,0.0,0.0,0.0,0.0,0.0,0.0,0.0,0.0,0.0,0.0,0.0,0.0,0.0,0.0,0.0,0.0,0.0,0.0,0.0,0.0,0.0,0.0,0.0,0.0,0.0
1784671583.7086592,314750.6022972,0,0,8,0,0,51.332504,0.246,66.62916395944299,15.465762205154634,178.03616726101652,66.62916395944299,11.121227457696367,15.465762205154634,0.0,0.0,0.0,0.0,0.0,0.0,0.0,-66.62916395944299,0.0,0.0,-15.465762205154634,0.0,0.0,0.0,0.0,0.0,0.0,0.0,0.0,0,0,66.62916395944299,15.465762205154634,0.0,0.0,0.0,0.0,0.0,0.0,0.0,0.0,0.0,0.0,0.0,0.0,0.0,0.0,0.0,0.0,0.0,0.0,0.0,0.0,0.0,0.0,0.0,0.0,0.0,0.0,0.0,0.0,0.0
1784671583.7110138,314750.6046521,0,0,8,0,0,51.335,0.348,66.65030551129209,5.303486982099706,178.58746253489176,66.65030551129209,0.6912485988654705,5.303486982099706,0.0,0.0,0.0,0.0,0.0,0.0,0.0,-66.65030551129209,0.0,0.0,-5.303486982099706,0.0,0.0,0.0,0.0,0.0,0.0,0.0,0.0,0,0,66.65030551129209,5.303486982099706,0.0,0.0,0.0,0.0,0.0,0.0,0.0,0.0,0.0,0.0,0.0,0.0,0.0,0.0,0.0,0.0,0.0,0.0,0.0,0.0,0.0,0.0,0.0,0.0,0.0,0.0,0.0,0.0,0.0
1784671583.7144983,314750.6081366,0,0,8,0,0,51.337502,0.4449999999999999,66.64698196967801,-4.840501855481412,-179.83878963768245,66.64698196967802,-9.301231146759433,-4.840501855481412,0.0,0.0,0.0,0.0,0.0,0.0,0.0,-66.64698196967801,0.0,0.0,4.840501855481412,0.0,0.0,0.0,0.0,0.0,0.0,0.0,0.0,0,0,66.64698196967801,-4.840501855481412,0.0,0.0,0.0,0.0,0.0,0.0,0.0,0.0,0.0,0.0,0.0,0.0,0.0,0.0,0.0,0.0,0.0,0.0,0.0,0.0,0.0,0.0,0.0,0.0,0.0,0.0,0.0,0.0,0.0
1784671583.716519,314750.6101582,0,0,8,0,0,51.340004,0.544,66.61436695774076,-16.359407862212283,-178.4053299433885,66.61436695774076,-19.62621021842089,-16.359407862212283,0.0,0.0,0.0,0.0,0.0,0.0,0.0,-66.61436695774076,0.0,0.0,16.359407862212283,0.0,0.0,0.0,0.0,0.0,0.0,0.0,0.0,0,0,66.61436695774076,-16.359407862212283,0.0,0.0,0.0,0.0,0.0,0.0,0.0,0.0,0.0,0.0,0.0,0.0,0.0,0.0,0.0,0.0,0.0,0.0,0.0,0.0,0.0,0.0,0.0,0.0,0.0,0.0,0.0,0.0,0.0
1784671583.718505,314750.6121425,0,0,8,0,0,51.342502,0.6489999999999999,66.55770522227989,-28.451729432884655,-177.798934462891,66.55770522227989,-35.33242838251608,-28.451729432884655,0.0,0.0,0.0,0.0,0.0,0.0,0.0,-66.55770522227989,0.0,0.0,28.451729432884655,0.0,0.0,0.0,0.0,0.0,0.0,0.0,0.0,0,0,66.55770522227989,-28.451729432884655,0.0,0.0,0.0,0.0,0.0,0.0,0.0,0.0,0.0,0.0,0.0,0.0,0.0,0.0,0.0,0.0,0.0,0.0,0.0,0.0,0.0,0.0,0.0,0.0,0.0,0.0,0.0,0.0,0.0
1784671583.7210162,314750.6146525,0,0,8,0,0,51.345004,0.75,66.47436973354978,-39.24684209862394,-176.48321326602655,66.47436973354978,-45.65740745417753,-39.24684209862394,0.0,0.0,0.0,0.0,0.0,0.0,0.0,-66.47436973354978,0.0,0.0,39.24684209862394,0.0,0.0,0.0,0.0,0.0,0.0,0.0,0.0,0,0,66.47436973354978,-39.24684209862394,0.0,0.0,0.0,0.0,0.0,0.0,0.0,0.0,0.0,0.0,0.0,0.0,0.0,0.0,0.0,0.0,0.0,0.0,0.0,0.0,0.0,0.0,0.0,0.0,0.0,0.0,0.0,0.0,0.0
1784671583.7235043,314750.6171427,0,0,8,0,0,51.347503,0.847,66.36085025948101,-51.05190747929117,-175.21855579791333,66.36085025948101,-56.13113622432903,-51.05190747929117,0.0,0.0,0.0,0.0,0.0,0.0,0.0,-66.36085025948101,0.0,0.0,51.05190747929117,0.0,0.0,0.0,0.0,0.0,0.0,0.0,0.0,0,0,66.36085025948101,-51.05190747929117,0.0,0.0,0.0,0.0,0.0,0.0,0.0,0.0,0.0,0.0,0.0,0.0,0.0,0.0,0.0,0.0,0.0,0.0,0.0,0.0,0.0,0.0,0.0,0.0,0.0,0.0,0.0,0.0,0.0
1784671583.7261407,314750.6197778,0,0,8,0,0,51.350002,0.944,66.22085350662363,-61.880638034908,-174.05270455931367,66.22085350662363,-66.60486499448054,-61.880638034908,0.0,0.0,0.0,0.0,0.0,0.0,0.0,-66.22085350662363,0.0,0.0,61.880638034908,0.0,0.0,0.0,0.0,0.0,0.0,0.0,0.0,0,0,66.22085350662363,-61.880638034908,0.0,0.0,0.0,0.0,0.0,0.0,0.0,0.0,0.0,0.0,0.0,0.0,0.0,0.0,0.0,0.0,0.0,0.0,0.0,0.0,0.0,0.0,0.0,0.0,0.0,0.0,0.0,0.0,0.0
1784671583.735184,314750.6288218,0,0,8,0,0,51.352504,1.047,66.05569885271798,-72.46648420879161,-173.62795788889866,66.05569885271798,-77.24484342765031,-72.46648420879163,0.0,0.0,0.0,0.0,0.0,0.0,0.0,-66.05569885271798,0.0,0.0,72.46648420879161,0.0,0.0,0.0,0.0,0.0,0.0,0.0,0.0,0,0,66.05569885271798,-72.46648420879161,0.0,0.0,0.0,0.0,0.0,0.0,0.0,0.0,0.0,0.0,0.0,0.0,0.0,0.0,0.0,0.0,0.0,0.0,0.0,0.0,0.0,0.0,0.0,0.0,0.0,0.0,0.0,0.0,0.0
1784671583.7354932,314750.6291341,0,0,8,0,0,51.355004,1.145,65.86392013600523,-83.5946839547861,-173.63945772747368,65.86392013600523,-88.60232040647792,-83.59468395478612,0.0,0.0,0.0,0.0,0.0,0.0,0.0,-65.86392013600523,0.0,0.0,83.5946839547861,0.0,0.0,0.0,0.0,0.0,0.0,0.0,0.0,0,0,65.86392013600523,-83.5946839547861,0.0,0.0,0.0,0.0,0.0,0.0,0.0,0.0,0.0,0.0,0.0,0.0,0.0,0.0,0.0,0.0,0.0,0.0,0.0,0.0,0.0,0.0,0.0,0.0,0.0,0.0,0.0,0.0,0.0
1784671583.7356708,314750.6293119,0,0,8,0,0,51.357504,0.033,65.51877031828144,-102.20891623325768,-172.88216008189724,65.51877031828144,-105.87478539585057,-102.20891623325768,0.0,0.0,0.0,0.0,0.0,0.0,0.0,-65.51877031828144,0.0,0.0,102.20891623325768,0.0,0.0,0.0,0.0,0.0,0.0,0.0,0.0,0,0,65.51877031828144,-102.20891623325768,0.0,0.0,0.0,0.0,0.0,0.0,0.0,0.0,0.0,0.0,0.0,0.0,0.0,0.0,0.0,0.0,0.0,0.0,0.0,0.0,0.0,0.0,0.0,0.0,0.0,0.0,0.0,0.0,0.0
1784671583.73592,314750.6295606,0,0,8,0,0,51.360004,0.1369999999999999,65.25271893613731,-113.85066685255283,-169.6228484529742,65.25271893613731,-117.17101249882931,-113.85066685255282,0.0,0.0,0.0,0.0,0.0,0.0,0.0,-65.25271893613731,0.0,0.0,113.85066685255283,0.0,0.0,0.0,0.0,0.0,0.0,0.0,0.0,0,0,65.25271893613731,-113.85066685255283,0.0,0.0,0.0,0.0,0.0,0.0,0.0,0.0,0.0,0.0,0.0,0.0,0.0,0.0,0.0,0.0,0.0,0.0,0.0,0.0,0.0,0.0,0.0,0.0,0.0,0.0,0.0,0.0,0.0
1784671583.751263,314750.6449012,0,0,8,0,0,51.362477,0.207,64.95931267661776,-124.79471898419402,-168.64569071007597,64.95931267661776,-127.8984907546403,-124.79471898419402,0.0,0.0,0.0,0.0,0.0,0.0,0.0,-64.95931267661776,0.0,0.0,124.79471898419402,0.0,0.0,0.0,0.0,0.0,0.0,0.0,0.0,0,0,64.95931267661776,-124.79471898419402,0.0,0.0,0.0,0.0,0.0,0.0,0.0,0.0,0.0,0.0,0.0,0.0,0.0,0.0,0.0,0.0,0.0,0.0,0.0,0.0,0.0,0.0,0.0,0.0,0.0,0.0,0.0,0.0,0.0
1784671583.754217,314750.6478549,0,0,8,0,0,51.365003,0.3409999999999999,64.63745683586582,-138.76266268670585,-169.07206910017692,64.63745683586583,-144.58470693231692,-138.76266268670585,0.0,0.0,0.0,0.0,0.0,0.0,0.0,-64.63745683586582,0.0,0.0,138.76266268670585,0.0,0.0,0.0,0.0,0.0,0.0,0.0,0.0,0,0,64.63745683586582,-138.76266268670585,0.0,0.0,0.0,0.0,0.0,0.0,0.0,0.0,0.0,0.0,0.0,0.0,0.0,0.0,0.0,0.0,0.0,0.0,0.0,0.0,0.0,0.0,0.0,0.0,0.0,0.0,0.0,0.0,0.0
1784671583.7544324,314750.6480735,0,0,8,0,0,51.367503,0.431,64.28351607402918,-150.74345964709818,-169.5132850561526,64.28351607402918,-155.95968387567274,-150.74345964709818,0.0,0.0,0.0,0.0,0.0,0.0,0.0,-64.28351607402918,0.0,0.0,150.74345964709818,0.0,0.0,0.0,0.0,0.0,0.0,0.0,0.0,0,0,64.28351607402918,-150.74345964709818,0.0,0.0,0.0,0.0,0.0,0.0,0.0,0.0,0.0,0.0,0.0,0.0,0.0,0.0,0.0,0.0,0.0,0.0,0.0,0.0,0.0,0.0,0.0,0.0,0.0,0.0,0.0,0.0,0.0
1784671583.7546382,314750.6482792,0,0,8,0,0,51.370002,0.5379999999999999,63.90492550503359,-162.01047716343243,-169.77096804518752,63.90492550503359,-167.01091147525614,-162.01047716343243,0.0,0.0,0.0,0.0,0.0,0.0,0.0,-63.90492550503359,0.0,0.0,162.01047716343243,0.0,0.0,0.0,0.0,0.0,0.0,0.0,0.0,0,0,63.90492550503359,-162.01047716343243,0.0,0.0,0.0,0.0,0.0,0.0,0.0,0.0,0.0,0.0,0.0,0.0,0.0,0.0,0.0,0.0,0.0,0.0,0.0,0.0,0.0,0.0,0.0,0.0,0.0,0.0,0.0,0.0,0.0
1784671583.754824,314750.6484646,0,0,8,0,0,51.372504,0.638,63.497323604120105,-173.55002510802305,-171.49102701811546,63.49732360412011,-178.74463769144091,-173.55002510802302,0.0,0.0,0.0,0.0,0.0,0.0,0.0,-63.497323604120105,0.0,0.0,173.55002510802305,0.0,0.0,0.0,0.0,0.0,0.0,0.0,0.0,0,0,63.497323604120105,-173.55002510802305,0.0,0.0,0.0,0.0,0.0,0.0,0.0,0.0,0.0,0.0,0.0,0.0,0.0,0.0,0.0,0.0,0.0,0.0,0.0,0.0,0.0,0.0,0.0,0.0,0.0,0.0,0.0,0.0,0.0
1784671583.7551155,314750.6487566,0,0,8,0,0,51.375029,0.763,63.06161500270242,-185.5629075944876,-171.81819254971526,63.061615002702425,-191.0558627370576,-185.5629075944876,0.0,0.0,0.0,0.0,0.0,0.0,0.0,-63.06161500270242,0.0,0.0,185.5629075944876,0.0,0.0,0.0,0.0,0.0,0.0,0.0,0.0,0,0,63.06161500270242,-185.5629075944876,0.0,0.0,0.0,0.0,0.0,0.0,0.0,0.0,0.0,0.0,0.0,0.0,0.0,0.0,0.0,0.0,0.0,0.0,0.0,0.0,0.0,0.0,0.0,0.0,0.0,0.0,0.0,0.0,0.0
1784671583.755306,314750.6489472,0,0,8,0,0,51.377504,0.833,62.59503564933881,-198.06451219656543,-170.40619257606318,62.59503564933881,-203.62083726833373,-198.06451219656543,0.0,0.0,0.0,0.0,0.0,0.0,0.0,-62.59503564933881,0.0,0.0,198.06451219656543,0.0,0.0,0.0,0.0,0.0,0.0,0.0,0.0,0,0,62.59503564933881,-198.06451219656543,0.0,0.0,0.0,0.0,0.0,0.0,0.0,0.0,0.0,0.0,0.0,0.0,0.0,0.0,0.0,0.0,0.0,0.0,0.0,0.0,0.0,0.0,0.0,0.0,0.0,0.0,0.0,0.0,0.0
1784671583.7558768,314750.649517,0,0,8,0,0,51.380005,0.937,62.094228081678295,-213.75777265403144,-171.2258522502582,62.09422808167829,-222.38954922487088,-213.75777265403144,0.0,0.0,0.0,0.0,0.0,0.0,0.0,-62.094228081678295,0.0,0.0,213.75777265403144,0.0,0.0,0.0,0.0,0.0,0.0,0.0,0.0,0,0,62.094228081678295,-213.75777265403144,0.0,0.0,0.0,0.0,0.0,0.0,0.0,0.0,0.0,0.0,0.0,0.0,0.0,0.0,0.0,0.0,0.0,0.0,0.0,0.0,0.0,0.0,0.0,0.0,0.0,0.0,0.0,0.0,0.0
1784671583.758528,314750.6521661,0,0,8,0,0,51.382504,1.032,61.559238046201465,-226.78102389332383,-169.3408452694949,61.559238046201465,-234.31577505086628,-226.78102389332383,0.0,0.0,0.0,0.0,0.0,0.0,0.0,-61.559238046201465,0.0,0.0,226.78102389332383,0.0,0.0,0.0,0.0,0.0,0.0,0.0,0.0,0,0,61.559238046201465,-226.78102389332383,0.0,0.0,0.0,0.0,0.0,0.0,0.0,0.0,0.0,0.0,0.0,0.0,0.0,0.0,0.0,0.0,0.0,0.0,0.0,0.0,0.0,0.0,0.0,0.0,0.0,0.0,0.0,0.0,0.0
1784671583.7617905,314750.6554291,0,0,8,0,0,51.385004,1.134,60.99576391981878,-239.2185467005106,-171.68233425183237,60.99576391981878,-246.7844997772371,-239.21854670051064,0.0,0.0,0.0,0.0,0.0,0.0,0.0,-60.99576391981878,0.0,0.0,239.2185467005106,0.0,0.0,0.0,0.0,0.0,0.0,0.0,0.0,0,0,60.99576391981878,-239.2185467005106,0.0,0.0,0.0,0.0,0.0,0.0,0.0,0.0,0.0,0.0,0.0,0.0,0.0,0.0,0.0,0.0,0.0,0.0,0.0,0.0,0.0,0.0,0.0,0.0,0.0,0.0,0.0,0.0,0.0
1784671583.7634664,314750.6571045,0,0,8,0,0,51.387504,1.232,60.40126260216249,-251.8174902737456,-173.5473853137414,60.4012626021625,-259.49822400700333,-251.8174902737456,0.0,0.0,0.0,0.0,0.0,0.0,0.0,-60.40126260216249,0.0,0.0,251.8174902737456,0.0,0.0,0.0,0.0,0.0,0.0,0.0,0.0,0,0,60.40126260216249,-251.8174902737456,0.0,0.0,0.0,0.0,0.0,0.0,0.0,0.0,0.0,0.0,0.0,0.0,0.0,0.0,0.0,0.0,0.0,0.0,0.0,0.0,0.0,0.0,0.0,0.0,0.0,0.0,0.0,0.0,0.0
1784671583.765937,314750.6595755,0,0,8,0,0,51.390002,0.121,59.44717809770753,-269.9736913130285,-173.60219476404689,59.447178097707535,-274.9069427741184,-269.9736913130285,0.0,0.0,0.0,0.0,0.0,0.0,0.0,-59.44717809770753,0.0,0.0,269.9736913130285,0.0,0.0,0.0,0.0,0.0,0.0,0.0,0.0,0,0,59.44717809770753,-269.9736913130285,0.0,0.0,0.0,0.0,0.0,0.0,0.0,0.0,0.0,0.0,0.0,0.0,0.0,0.0,0.0,0.0,0.0,0.0,0.0,0.0,0.0,0.0,0.0,0.0,0.0,0.0,0.0,0.0,0.0
1784671583.768371,314750.6620094,0,0,8,0,0,51.392489,0.208,58.7796398457506,-280.70294060435907,-171.65627815196953,58.7796398457506,-285.2494218103081,-280.70294060435907,0.0,0.0,0.0,0.0,0.0,0.0,0.0,-58.7796398457506,0.0,0.0,280.70294060435907,0.0,0.0,0.0,0.0,0.0,0.0,0.0,0.0,0,0,58.7796398457506,-280.70294060435907,0.0,0.0,0.0,0.0,0.0,0.0,0.0,0.0,0.0,0.0,0.0,0.0,0.0,0.0,0.0,0.0,0.0,0.0,0.0,0.0,0.0,0.0,0.0,0.0,0.0,0.0,0.0,0.0,0.0
1784671583.7709582,314750.6645968,0,0,8,0,0,51.395002,0.33,58.09917722603372,-285.34415337526855,-170.8817828824288,58.09917722603372,-286.68441890162376,-285.3441533752686,0.0,0.0,0.0,0.0,0.0,0.0,0.0,-58.09917722603372,0.0,0.0,285.34415337526855,0.0,0.0,0.0,0.0,0.0,0.0,0.0,0.0,0,0,58.09917722603372,-285.34415337526855,0.0,0.0,0.0,0.0,0.0,0.0,0.0,0.0,0.0,0.0,0.0,0.0,0.0,0.0,0.0,0.0,0.0,0.0,0.0,0.0,0.0,0.0,0.0,0.0,0.0,0.0,0.0,0.0,0.0
1784671583.7732584,314750.6668993,0,0,8,0,0,51.3975,0.422,57.4105259415168,-286.3888539419424,-173.11388058292343,57.4105259415168,-286.68441890162376,-286.3888539419424,0.0,0.0,0.0,0.0,0.0,0.0,0.0,-57.4105259415168,0.0,0.0,286.3888539419424,0.0,0.0,0.0,0.0,0.0,0.0,0.0,0.0,0,0,57.4105259415168,-286.3888539419424,0.0,0.0,0.0,0.0,0.0,0.0,0.0,0.0,0.0,0.0,0.0,0.0,0.0,0.0,0.0,0.0,0.0,0.0,0.0,0.0,0.0,0.0,0.0,0.0,0.0,0.0,0.0,0.0,0.0
1784671583.77585,314750.6694883,0,0,8,0,0,51.400001,0.523,56.7227285941234,-286.6189926114127,-169.62953773726147,56.7227285941234,-286.68441890162376,-286.6189926114127,0.0,0.0,0.0,0.0,0.0,0.0,0.0,-56.7227285941234,0.0,0.0,286.6189926114127,0.0,0.0,0.0,0.0,0.0,0.0,0.0,0.0,0,0,56.7227285941234,-286.6189926114127,0.0,0.0,0.0,0.0,0.0,0.0,0.0,0.0,0.0,0.0,0.0,0.0,0.0,0.0,0.0,0.0,0.0,0.0,0.0,0.0,0.0,0.0,0.0,0.0,0.0,0.0,0.0,0.0,0.0
1784671583.7784083,314750.6720472,0,0,8,0,0,51.402503,0.626,56.03502695287612,-286.6699270285665,-170.62636606114424,56.03502695287612,-286.68441890162376,-286.6699270285665,0.0,0.0,0.0,0.0,0.0,0.0,0.0,-56.03502695287612,0.0,0.0,286.6699270285665,0.0,0.0,0.0,0.0,0.0,0.0,0.0,0.0,0,0,56.03502695287612,-286.6699270285665,0.0,0.0,0.0,0.0,0.0,0.0,0.0,0.0,0.0,0.0,0.0,0.0,0.0,0.0,0.0,0.0,0.0,0.0,0.0,0.0,0.0,0.0,0.0,0.0,0.0,0.0,0.0,0.0,0.0
1784671583.7807622,314750.6744029,0,0,8,0,0,51.405003,0.7240000000000001,55.34642298978781,-286.6812150077593,-170.8513825105091,55.34642298978781,-286.68441890162376,-286.6812150077593,0.0,0.0,0.0,0.0,0.0,0.0,0.0,-55.34642298978781,0.0,0.0,286.6812150077593,0.0,0.0,0.0,0.0,0.0,0.0,0.0,0.0,0,0,55.34642298978781,-286.6812150077593,0.0,0.0,0.0,0.0,0.0,0.0,0.0,0.0,0.0,0.0,0.0,0.0,0.0,0.0,0.0,0.0,0.0,0.0,0.0,0.0,0.0,0.0,0.0,0.0,0.0,0.0,0.0,0.0,0.0
1784671583.7841003,314750.6777382,0,0,8,0,0,51.407503,0.823,54.65809635667535,-286.6837101328173,-170.32441091748416,54.65809635667535,-286.68441890162376,-286.6837101328173,0.0,0.0,0.0,0.0,0.0,0.0,0.0,-54.65809635667535,0.0,0.0,286.6837101328173,0.0,0.0,0.0,0.0,0.0,0.0,0.0,0.0,0,0,54.65809635667535,-286.6837101328173,0.0,0.0,0.0,0.0,0.0,0.0,0.0,0.0,0.0,0.0,0.0,0.0,0.0,0.0,0.0,0.0,0.0,0.0,0.0,0.0,0.0,0.0,0.0,0.0,0.0,0.0,0.0,0.0,0.0
1784671583.7858002,314750.6794385,0,0,8,0,0,51.410003,0.922,53.96976765483488,-286.6842621070349,-173.20013377457198,53.96976765483488,-286.68441890162376,-286.6842621070349,0.0,0.0,0.0,0.0,0.0,0.0,0.0,-53.96976765483488,0.0,0.0,286.6842621070349,0.0,0.0,0.0,0.0,0.0,0.0,0.0,0.0,0,0,53.96976765483488,-286.6842621070349,0.0,0.0,0.0,0.0,0.0,0.0,0.0,0.0,0.0,0.0,0.0,0.0,0.0,0.0,0.0,0.0,0.0,0.0,0.0,0.0,0.0,0.0,0.0,0.0,0.0,0.0,0.0,0.0,0.0
1784671583.7886045,314750.6822424,0,0,8,0,0,51.412505,1.021,53.28086512631366,-286.6843842589188,-172.25539803706684,53.28086512631366,-286.68441890162376,-286.6843842589188,0.0,0.0,0.0,0.0,0.0,0.0,0.0,-53.28086512631366,0.0,0.0,286.6843842589188,0.0,0.0,0.0,0.0,0.0,0.0,0.0,0.0,0,0,53.28086512631366,-286.6843842589188,0.0,0.0,0.0,0.0,0.0,0.0,0.0,0.0,0.0,0.0,0.0,0.0,0.0,0.0,0.0,0.0,0.0,0.0,0.0,0.0,0.0,0.0,0.0,0.0,0.0,0.0,0.0,0.0,0.0
1784671583.7909102,314750.6845484,0,0,8,0,0,51.415002,1.121,52.59368260293954,-286.6844112186425,-172.7174777982302,52.593682602939545,-286.68441890162376,-286.68441121864254,0.0,0.0,0.0,0.0,0.0,0.0,0.0,-52.59368260293954,0.0,0.0,286.6844112186425,0.0,0.0,0.0,0.0,0.0,0.0,0.0,0.0,0,0,52.59368260293954,-286.6844112186425,0.0,0.0,0.0,0.0,0.0,0.0,0.0,0.0,0.0,0.0,0.0,0.0,0.0,0.0,0.0,0.0,0.0,0.0,0.0,0.0,0.0,0.0,0.0,0.0,0.0,0.0,0.0,0.0,0.0
1784671583.793736,314750.6873749,0,0,8,0,0,51.417504,1.222,51.90535331952998,-286.6844172019865,-175.14101912542094,51.90535331952997,-286.68441890162376,-286.68441720198643,0.0,0.0,0.0,0.0,0.0,0.0,0.0,-51.90535331952998,0.0,0.0,286.6844172019865,0.0,0.0,0.0,0.0,0.0,0.0,0.0,0.0,0,0,51.90535331952998,-286.6844172019865,0.0,0.0,0.0,0.0,0.0,0.0,0.0,0.0,0.0,0.0,0.0,0.0,0.0,0.0,0.0,0.0,0.0,0.0,0.0,0.0,0.0,0.0,0.0,0.0,0.0,0.0,0.0,0.0,0.0
1784671583.7960262,314750.6896645,0,0,8,0,0,51.420004,0.102,50.86755572472772,-286.68441872682115,-173.5311154183088,50.86755572472772,-286.68441890162376,-286.68441872682115,0.0,0.0,0.0,0.0,0.0,0.0,0.0,-50.86755572472772,0.0,0.0,286.68441872682115,0.0,0.0,0.0,0.0,0.0,0.0,0.0,0.0,0,0,50.86755572472772,-286.68441872682115,0.0,0.0,0.0,0.0,0.0,0.0,0.0,0.0,0.0,0.0,0.0,0.0,0.0,0.0,0.0,0.0,0.0,0.0,0.0,0.0,0.0,0.0,0.0,0.0,0.0,0.0,0.0,0.0,0.0
1784671583.800285,314750.6939236,0,0,8,0,0,51.422502,0.208,50.18180659486032,-286.68441886273445,-172.20924637184618,50.18180659486032,-286.68441890162376,-286.68441886273445,0.0,0.0,0.0,0.0,0.0,0.0,0.0,-50.18180659486032,0.0,0.0,286.68441886273445,0.0,0.0,0.0,0.0,0.0,0.0,0.0,0.0,0,0,50.18180659486032,-286.68441886273445,0.0,0.0,0.0,0.0,0.0,0.0,0.0,0.0,0.0,0.0,0.0,0.0,0.0,0.0,0.0,0.0,0.0,0.0,0.0,0.0,0.0,0.0,0.0,0.0,0.0,0.0,0.0,0.0,0.0
1784671583.8008332,314750.6944742,0,0,8,0,0,51.425003,0.308,49.49347730510984,-286.68441889302056,-173.5799940738465,49.49347730510984,-286.68441890162376,-286.68441889302056,0.0,0.0,0.0,0.0,0.0,0.0,0.0,-49.49347730510984,0.0,0.0,286.68441889302056,0.0,0.0,0.0,0.0,0.0,0.0,0.0,0.0,0,0,49.49347730510984,-286.68441889302056,0.0,0.0,0.0,0.0,0.0,0.0,0.0,0.0,0.0,0.0,0.0,0.0,0.0,0.0,0.0,0.0,0.0,0.0,0.0,0.0,0.0,0.0,0.0,0.0,0.0,0.0,0.0,0.0,0.0
1784671583.8032758,314750.6969165,0,0,8,0,0,51.427503,0.4029999999999999,48.80400127765856,-286.6844188997253,-174.41444611392333,48.80400127765856,-286.68441890162376,-286.6844188997253,0.0,0.0,0.0,0.0,0.0,0.0,0.0,-48.80400127765856,0.0,0.0,286.6844188997253,0.0,0.0,0.0,0.0,0.0,0.0,0.0,0.0,0,0,48.80400127765856,-286.6844188997253,0.0,0.0,0.0,0.0,0.0,0.0,0.0,0.0,0.0,0.0,0.0,0.0,0.0,0.0,0.0,0.0,0.0,0.0,0.0,0.0,0.0,0.0,0.0,0.0,0.0,0.0,0.0,0.0,0.0
1784671583.8059072,314750.6995466,0,0,8,0,0,51.430002,0.506,48.11710540997184,-286.68441890120243,-175.79284901302682,48.11710540997184,-286.68441890162376,-286.68441890120243,0.0,0.0,0.0,0.0,0.0,0.0,0.0,-48.11710540997184,0.0,0.0,286.68441890120243,0.0,0.0,0.0,0.0,0.0,0.0,0.0,0.0,0,0,48.11710540997184,-286.68441890120243,0.0,0.0,0.0,0.0,0.0,0.0,0.0,0.0,0.0,0.0,0.0,0.0,0.0,0.0,0.0,0.0,0.0,0.0,0.0,0.0,0.0,0.0,0.0,0.0,0.0,0.0,0.0,0.0,0.0
1784671583.8085146,314750.7021528,0,0,8,0,0,51.432504,0.62,47.43250301763512,-286.68441890152974,-174.38048431028616,47.43250301763511,-286.68441890162376,-286.68441890152974,0.0,0.0,0.0,0.0,0.0,0.0,0.0,-47.43250301763512,0.0,0.0,286.68441890152974,0.0,0.0,0.0,0.0,0.0,0.0,0.0,0.0,0,0,47.43250301763512,-286.68441890152974,0.0,0.0,0.0,0.0,0.0,0.0,0.0,0.0,0.0,0.0,0.0,0.0,0.0,0.0,0.0,0.0,0.0,0.0,0.0,0.0,0.0,0.0,0.0,0.0,0.0,0.0,0.0,0.0,0.0
1784671583.8114357,314750.7050721,0,0,8,0,0,51.435006,0.708,46.74044683040668,-286.6844189016031,-175.60880490574442,46.74044683040668,-286.68441890162376,-286.6844189016031,0.0,0.0,0.0,0.0,0.0,0.0,0.0,-46.74044683040668,0.0,0.0,286.6844189016031,0.0,0.0,0.0,0.0,0.0,0.0,0.0,0.0,0,0,46.74044683040668,-286.6844189016031,0.0,0.0,0.0,0.0,0.0,0.0,0.0,0.0,0.0,0.0,0.0,0.0,0.0,0.0,0.0,0.0,0.0,0.0,0.0,0.0,0.0,0.0,0.0,0.0,0.0,0.0,0.0,0.0,0.0
1784671583.815161,314750.7087971,0,0,8,0,0,51.437504,0.808,46.05297759388059,-286.68441890161915,-178.5585260135951,46.05297759388059,-286.68441890162376,-286.68441890161915,0.0,0.0,0.0,0.0,0.0,0.0,0.0,-46.05297759388059,0.0,0.0,286.68441890161915,0.0,0.0,0.0,0.0,0.0,0.0,0.0,0.0,0,0,46.05297759388059,-286.68441890161915,0.0,0.0,0.0,0.0,0.0,0.0,0.0,0.0,0.0,0.0,0.0,0.0,0.0,0.0,0.0,0.0,0.0,0.0,0.0,0.0,0.0,0.0,0.0,0.0,0.0,0.0,0.0,0.0,0.0
1784671583.8159826,314750.7096225,0,0,8,0,0,51.440003,0.911,45.36608172619231,-286.68441890162273,-176.6806502360176,45.36608172619231,-286.68441890162376,-286.68441890162273,0.0,0.0,0.0,0.0,0.0,0.0,0.0,-45.36608172619231,0.0,0.0,286.68441890162273,0.0,0.0,0.0,0.0,0.0,0.0,0.0,0.0,0,0,45.36608172619231,-286.68441890162273,0.0,0.0,0.0,0.0,0.0,0.0,0.0,0.0,0.0,0.0,0.0,0.0,0.0,0.0,0.0,0.0,0.0,0.0,0.0,0.0,0.0,0.0,0.0,0.0,0.0,0.0,0.0,0.0,0.0
1784671583.8185167,314750.712155,0,0,8,0,0,51.442502,1.006,44.67689238315281,-286.6844189016236,-175.00634146496574,44.6768923831528,-286.68441890162376,-286.6844189016236,0.0,0.0,0.0,0.0,0.0,0.0,0.0,-44.67689238315281,0.0,0.0,286.6844189016236,0.0,0.0,0.0,0.0,0.0,0.0,0.0,0.0,0,0,44.67689238315281,-286.6844189016236,0.0,0.0,0.0,0.0,0.0,0.0,0.0,0.0,0.0,0.0,0.0,0.0,0.0,0.0,0.0,0.0,0.0,0.0,0.0,0.0,0.0,0.0,0.0,0.0,0.0,0.0,0.0,0.0,0.0
1784671583.8208456,314750.7144845,0,0,8,0,0,51.445004,1.11,43.98942314662671,-286.6844189016237,-174.11689287862853,43.98942314662671,-286.68441890162376,-286.6844189016237,0.0,0.0,0.0,0.0,0.0,0.0,0.0,-43.98942314662671,0.0,0.0,286.6844189016237,0.0,0.0,0.0,0.0,0.0,0.0,0.0,0.0,0,0,43.98942314662671,-286.6844189016237,0.0,0.0,0.0,0.0,0.0,0.0,0.0,0.0,0.0,0.0,0.0,0.0,0.0,0.0,0.0,0.0,0.0,0.0,0.0,0.0,0.0,0.0,0.0,0.0,0.0,0.0,0.0,0.0,0.0
1784671583.8308525,314750.7244888,0,0,8,0,0,51.447504,1.21,43.30138054126281,-286.6844189016237,-177.53538637470484,43.30138054126281,-286.68441890162376,-286.6844189016237,0.0,0.0,0.0,0.0,0.0,0.0,0.0,-43.30138054126281,0.0,0.0,286.6844189016237,0.0,0.0,0.0,0.0,0.0,0.0,0.0,0.0,0,0,43.30138054126281,-286.6844189016237,0.0,0.0,0.0,0.0,0.0,0.0,0.0,0.0,0.0,0.0,0.0,0.0,0.0,0.0,0.0,0.0,0.0,0.0,0.0,0.0,0.0,0.0,0.0,0.0,0.0,0.0,0.0,0.0,0.0
1784671583.8313684,314750.7250087,0,0,8,0,0,51.450003,0.098,42.266163104609056,-286.6844189016237,-178.12631815295978,42.26616310460905,-286.68441890162376,-286.68441890162376,0.0,0.0,0.0,0.0,0.0,0.0,0.0,-42.266163104609056,0.0,0.0,286.6844189016237,0.0,0.0,0.0,0.0,0.0,0.0,0.0,0.0,0,0,42.266163104609056,-286.6844189016237,0.0,0.0,0.0,0.0,0.0,0.0,0.0,0.0,0.0,0.0,0.0,0.0,0.0,0.0,0.0,0.0,0.0,0.0,0.0,0.0,0.0,0.0,0.0,0.0,0.0,0.0,0.0,0.0,0.0
1784671583.8316247,314750.7252628,0,0,8,0,0,51.452512,0.216,41.580700659015264,-286.6844189016237,-175.1469872175473,41.580700659015264,-286.68441890162376,-286.68441890162376,0.0,0.0,0.0,0.0,0.0,0.0,0.0,-41.580700659015264,0.0,0.0,286.6844189016237,0.0,0.0,0.0,0.0,0.0,0.0,0.0,0.0,0,0,41.580700659015264,-286.6844189016237,0.0,0.0,0.0,0.0,0.0,0.0,0.0,0.0,0.0,0.0,0.0,0.0,0.0,0.0,0.0,0.0,0.0,0.0,0.0,0.0,0.0,0.0,0.0,0.0,0.0,0.0,0.0,0.0,0.0
1784671583.8355737,314750.7292128,0,0,8,0,0,51.455002,0.306,40.89265805365137,-286.6844189016237,179.03147973698478,40.89265805365137,-286.68441890162376,-286.68441890162376,0.0,0.0,0.0,0.0,0.0,0.0,0.0,-40.89265805365137,0.0,0.0,286.6844189016237,0.0,0.0,0.0,0.0,0.0,0.0,0.0,0.0,0,0,40.89265805365137,-286.6844189016237,0.0,0.0,0.0,0.0,0.0,0.0,0.0,0.0,0.0,0.0,0.0,0.0,0.0,0.0,0.0,0.0,0.0,0.0,0.0,0.0,0.0,0.0,0.0,0.0,0.0,0.0,0.0,0.0,0.0
1784671583.8363607,314750.7300015,0,0,8,0,0,51.457504,0.4029999999999999,40.20318202619296,-286.6844189016237,-177.3516766642514,40.20318202619296,-286.68441890162376,-286.68441890162376,0.0,0.0,0.0,0.0,0.0,0.0,0.0,-40.20318202619296,0.0,0.0,286.6844189016237,0.0,0.0,0.0,0.0,0.0,0.0,0.0,0.0,0,0,40.20318202619296,-286.6844189016237,0.0,0.0,0.0,0.0,0.0,0.0,0.0,0.0,0.0,0.0,0.0,0.0,0.0,0.0,0.0,0.0,0.0,0.0,0.0,0.0,0.0,0.0,0.0,0.0,0.0,0.0,0.0,0.0,0.0
1784671583.8365598,314750.730201,0,0,8,0,0,51.460003,0.494,39.51284594547785,-286.6844189016237,-178.81630623248955,39.51284594547785,-286.68441890162376,-286.68441890162376,0.0,0.0,0.0,0.0,0.0,0.0,0.0,-39.51284594547785,0.0,0.0,286.6844189016237,0.0,0.0,0.0,0.0,0.0,0.0,0.0,0.0,0,0,39.51284594547785,-286.6844189016237,0.0,0.0,0.0,0.0,0.0,0.0,0.0,0.0,0.0,0.0,0.0,0.0,0.0,0.0,0.0,0.0,0.0,0.0,0.0,0.0,0.0,0.0,0.0,0.0,0.0,0.0,0.0,0.0,0.0
1784671583.8382428,314750.7318838,0,0,8,0,0,51.462503,0.6,38.82652344662736,-286.6844189016237,-172.94403564521997,38.82652344662736,-286.68441890162376,-286.68441890162376,0.0,0.0,0.0,0.0,0.0,0.0,0.0,-38.82652344662736,0.0,0.0,286.6844189016237,0.0,0.0,0.0,0.0,0.0,0.0,0.0,0.0,0,0,38.82652344662736,-286.6844189016237,0.0,0.0,0.0,0.0,0.0,0.0,0.0,0.0,0.0,0.0,0.0,0.0,0.0,0.0,0.0,0.0,0.0,0.0,0.0,0.0,0.0,0.0,0.0,0.0,0.0,0.0,0.0,0.0,0.0
1784671583.8409853,314750.7346245,0,0,8,0,0,51.46502,0.718,38.13876752568236,-286.6844189016237,-179.50776847081153,38.13876752568236,-286.68441890162376,-286.68441890162376,0.0,0.0,0.0,0.0,0.0,0.0,0.0,-38.13876752568236,0.0,0.0,286.6844189016237,0.0,0.0,0.0,0.0,0.0,0.0,0.0,0.0,0,0,38.13876752568236,-286.6844189016237,0.0,0.0,0.0,0.0,0.0,0.0,0.0,0.0,0.0,0.0,0.0,0.0,0.0,0.0,0.0,0.0,0.0,0.0,0.0,0.0,0.0,0.0,0.0,0.0,0.0,0.0,0.0,0.0,0.0
1784671583.8435807,314750.7372167,0,0,8,0,0,51.467503,0.8,37.45043823589957,-286.6844189016237,-177.66736743803006,37.45043823589957,-286.68441890162376,-286.68441890162376,0.0,0.0,0.0,0.0,0.0,0.0,0.0,-37.45043823589957,0.0,0.0,286.6844189016237,0.0,0.0,0.0,0.0,0.0,0.0,0.0,0.0,0,0,37.45043823589957,-286.6844189016237,0.0,0.0,0.0,0.0,0.0,0.0,0.0,0.0,0.0,0.0,0.0,0.0,0.0,0.0,0.0,0.0,0.0,0.0,0.0,0.0,0.0,0.0,0.0,0.0,0.0,0.0,0.0,0.0,0.0
1784671583.8567593,314750.7503975,0,0,8,0,0,51.470003,0.897,36.76153557727897,-286.6844189016237,179.43792732321674,36.76153557727897,-286.68441890162376,-286.68441890162376,0.0,0.0,0.0,0.0,0.0,0.0,0.0,-36.76153557727897,0.0,0.0,286.6844189016237,0.0,0.0,0.0,0.0,0.0,0.0,0.0,0.0,0,0,36.76153557727897,-286.6844189016237,0.0,0.0,0.0,0.0,0.0,0.0,0.0,0.0,0.0,0.0,0.0,0.0,0.0,0.0,0.0,0.0,0.0,0.0,0.0,0.0,0.0,0.0,0.0,0.0,0.0,0.0,0.0,0.0,0.0
1784671583.8580208,314750.7516583,0,0,8,0,0,51.472503,0.997,36.073492971915066,-286.6844189016237,-178.19615588499266,36.07349297191507,-286.68441890162376,-286.68441890162376,0.0,0.0,0.0,0.0,0.0,0.0,0.0,-36.073492971915066,0.0,0.0,286.6844189016237,0.0,0.0,0.0,0.0,0.0,0.0,0.0,0.0,0,0,36.073492971915066,-286.6844189016237,0.0,0.0,0.0,0.0,0.0,0.0,0.0,0.0,0.0,0.0,0.0,0.0,0.0,0.0,0.0,0.0,0.0,0.0,0.0,0.0,0.0,0.0,0.0,0.0,0.0,0.0,0.0,0.0,0.0
1784671583.8588018,314750.7524391,0,0,8,0,0,51.475002,1.094,35.38487699771337,-286.6844189016237,178.1067119991834,35.38487699771337,-286.68441890162376,-286.68441890162376,0.0,0.0,0.0,0.0,0.0,0.0,0.0,-35.38487699771337,0.0,0.0,286.6844189016237,0.0,0.0,0.0,0.0,0.0,0.0,0.0,0.0,0,0,35.38487699771337,-286.6844189016237,0.0,0.0,0.0,0.0,0.0,0.0,0.0,0.0,0.0,0.0,0.0,0.0,0.0,0.0,0.0,0.0,0.0,0.0,0.0,0.0,0.0,0.0,0.0,0.0,0.0,0.0,0.0,0.0,0.0
1784671583.8589303,314750.752572,0,0,8,0,0,51.477505,1.2,34.697694445606174,-286.6844189016237,179.00394636141607,34.697694445606174,-286.68441890162376,-286.68441890162376,0.0,0.0,0.0,0.0,0.0,0.0,0.0,-34.697694445606174,0.0,0.0,286.6844189016237,0.0,0.0,0.0,0.0,0.0,0.0,0.0,0.0,0,0,34.697694445606174,-286.6844189016237,0.0,0.0,0.0,0.0,0.0,0.0,0.0,0.0,0.0,0.0,0.0,0.0,0.0,0.0,0.0,0.0,0.0,0.0,0.0,0.0,0.0,0.0,0.0,0.0,0.0,0.0,0.0,0.0,0.0
1784671583.8591568,314750.7527972,0,0,8,0,0,51.480004,0.088,33.662477008952415,-286.6844189016237,179.48872806121918,33.662477008952415,-286.68441890162376,-286.68441890162376,0.0,0.0,0.0,0.0,0.0,0.0,0.0,-33.662477008952415,0.0,0.0,286.6844189016237,0.0,0.0,0.0,0.0,0.0,0.0,0.0,0.0,0,0,33.662477008952415,-286.6844189016237,0.0,0.0,0.0,0.0,0.0,0.0,0.0,0.0,0.0,0.0,0.0,0.0,0.0,0.0,0.0,0.0,0.0,0.0,0.0,0.0,0.0,0.0,0.0,0.0,0.0,0.0,0.0,0.0,0.0
1784671583.8593524,314750.7529933,0,0,8,0,0,51.48252,0.201,32.97357435033181,-286.6844189016237,-176.04577551264515,32.97357435033181,-286.68441890162376,-286.68441890162376,0.0,0.0,0.0,0.0,0.0,0.0,0.0,-32.97357435033181,0.0,0.0,286.6844189016237,0.0,0.0,0.0,0.0,0.0,0.0,0.0,0.0,0,0,32.97357435033181,-286.6844189016237,0.0,0.0,0.0,0.0,0.0,0.0,0.0,0.0,0.0,0.0,0.0,0.0,0.0,0.0,0.0,0.0,0.0,0.0,0.0,0.0,0.0,0.0,0.0,0.0,0.0,0.0,0.0,0.0,0.0
1784671583.860954,314750.754592,0,0,8,0,0,51.485003,0.283,32.28524506054901,-286.6844189016237,-177.5171714085599,32.28524506054901,-286.68441890162376,-286.68441890162376,0.0,0.0,0.0,0.0,0.0,0.0,0.0,-32.28524506054901,0.0,0.0,286.6844189016237,0.0,0.0,0.0,0.0,0.0,0.0,0.0,0.0,0,0,32.28524506054901,-286.6844189016237,0.0,0.0,0.0,0.0,0.0,0.0,0.0,0.0,0.0,0.0,0.0,0.0,0.0,0.0,0.0,0.0,0.0,0.0,0.0,0.0,0.0,0.0,0.0,0.0,0.0,0.0,0.0,0.0,0.0
1784671583.8634157,314750.7570541,0,0,8,0,0,51.487503,0.392,31.599782614955224,-286.6844189016237,175.9884087337629,31.599782614955224,-286.68441890162376,-286.68441890162376,0.0,0.0,0.0,0.0,0.0,0.0,0.0,-31.599782614955224,0.0,0.0,286.6844189016237,0.0,0.0,0.0,0.0,0.0,0.0,0.0,0.0,0,0,31.599782614955224,-286.6844189016237,0.0,0.0,0.0,0.0,0.0,0.0,0.0,0.0,0.0,0.0,0.0,0.0,0.0,0.0,0.0,0.0,0.0,0.0,0.0,0.0,0.0,0.0,0.0,0.0,0.0,0.0,0.0,0.0,0.0
1784671583.8660214,314750.7596591,0,0,8,0,0,51.490004,0.492,30.911453325172427,-286.6844189016237,179.1773479061619,30.91145332517243,-286.68441890162376,-286.68441890162376,0.0,0.0,0.0,0.0,0.0,0.0,0.0,-30.911453325172427,0.0,0.0,286.6844189016237,0.0,0.0,0.0,0.0,0.0,0.0,0.0,0.0,0,0,30.911453325172427,-286.6844189016237,0.0,0.0,0.0,0.0,0.0,0.0,0.0,0.0,0.0,0.0,0.0,0.0,0.0,0.0,0.0,0.0,0.0,0.0,0.0,0.0,0.0,0.0,0.0,0.0,0.0,0.0,0.0,0.0,0.0
1784671583.8683853,314750.7620234,0,0,8,0,0,51.492502,0.58,30.22054387561952,-286.6844189016237,176.63100649262563,30.22054387561952,-286.68441890162376,-286.68441890162376,0.0,0.0,0.0,0.0,0.0,0.0,0.0,-30.22054387561952,0.0,0.0,286.6844189016237,0.0,0.0,0.0,0.0,0.0,0.0,0.0,0.0,0,0,30.22054387561952,-286.6844189016237,0.0,0.0,0.0,0.0,0.0,0.0,0.0,0.0,0.0,0.0,0.0,0.0,0.0,0.0,0.0,0.0,0.0,0.0,0.0,0.0,0.0,0.0,0.0,0.0,0.0,0.0,0.0,0.0,0.0
1784671583.870964,314750.7646015,0,0,8,0,0,51.495,0.6849999999999999,29.534508061187925,-286.6844189016237,177.3779344693336,29.53450806118793,-286.68441890162376,-286.68441890162376,0.0,0.0,0.0,0.0,0.0,0.0,0.0,-29.534508061187925,0.0,0.0,286.6844189016237,0.0,0.0,0.0,0.0,0.0,0.0,0.0,0.0,0,0,29.534508061187925,-286.6844189016237,0.0,0.0,0.0,0.0,0.0,0.0,0.0,0.0,0.0,0.0,0.0,0.0,0.0,0.0,0.0,0.0,0.0,0.0,0.0,0.0,0.0,0.0,0.0,0.0,0.0,0.0,0.0,0.0,0.0
1784671583.8734488,314750.7670873,0,0,8,0,0,51.497503,0.782,28.844745349310617,-286.6844189016237,-179.82905063576607,28.844745349310617,-286.68441890162376,-286.68441890162376,0.0,0.0,0.0,0.0,0.0,0.0,0.0,-28.844745349310617,0.0,0.0,286.6844189016237,0.0,0.0,0.0,0.0,0.0,0.0,0.0,0.0,0,0,28.844745349310617,-286.6844189016237,0.0,0.0,0.0,0.0,0.0,0.0,0.0,0.0,0.0,0.0,0.0,0.0,0.0,0.0,0.0,0.0,0.0,0.0,0.0,0.0,0.0,0.0,0.0,0.0,0.0,0.0,0.0,0.0,0.0
1784671583.8759065,314750.769545,0,0,8,0,0,51.500003,0.885,28.157562797203425,-286.6844189016237,174.91508644968877,28.157562797203425,-286.68441890162376,-286.68441890162376,0.0,0.0,0.0,0.0,0.0,0.0,0.0,-28.157562797203425,0.0,0.0,286.6844189016237,0.0,0.0,0.0,0.0,0.0,0.0,0.0,0.0,0,0,28.157562797203425,-286.6844189016237,0.0,0.0,0.0,0.0,0.0,0.0,0.0,0.0,0.0,0.0,0.0,0.0,0.0,0.0,0.0,0.0,0.0,0.0,0.0,0.0,0.0,0.0,0.0,0.0,0.0,0.0,0.0,0.0,0.0
1784671583.8784175,314750.7720548,0,0,8,0,0,51.502503,0.985,27.469520191839525,-286.6844189016237,174.95055749060307,27.469520191839525,-286.68441890162376,-286.68441890162376,0.0,0.0,0.0,0.0,0.0,0.0,0.0,-27.469520191839525,0.0,0.0,286.6844189016237,0.0,0.0,0.0,0.0,0.0,0.0,0.0,0.0,0,0,27.469520191839525,-286.6844189016237,0.0,0.0,0.0,0.0,0.0,0.0,0.0,0.0,0.0,0.0,0.0,0.0,0.0,0.0,0.0,0.0,0.0,0.0,0.0,0.0,0.0,0.0,0.0,0.0,0.0,0.0,0.0,0.0,0.0
1784671583.8811233,314750.7747608,0,0,8,0,0,51.505005,1.077,26.778983887548907,-286.50013804235306,-179.91206916124756,26.77898388754891,-286.4481693804925,-286.50013804235306,0.0,0.0,0.0,0.0,0.0,0.0,0.0,-26.778983887548907,0.0,0.0,286.50013804235306,0.0,0.0,0.0,0.0,0.0,0.0,0.0,0.0,0,0,26.778983887548907,-286.50013804235306,0.0,0.0,0.0,0.0,0.0,0.0,0.0,0.0,0.0,0.0,0.0,0.0,0.0,0.0,0.0,0.0,0.0,0.0,0.0,0.0,0.0,0.0,0.0,0.0,0.0,0.0,0.0,0.0,0.0
1784671583.8834505,314750.7770895,0,0,8,0,0,51.507503,1.183,26.1030268857758,-279.9750132436997,176.6651863527976,26.103026885775805,-275.24819208241905,-279.9750132436997,0.0,0.0,0.0,0.0,0.0,0.0,0.0,-26.1030268857758,0.0,0.0,279.9750132436997,0.0,0.0,0.0,0.0,0.0,0.0,0.0,0.0,0,0,26.1030268857758,-279.9750132436997,0.0,0.0,0.0,0.0,0.0,0.0,0.0,0.0,0.0,0.0,0.0,0.0,0.0,0.0,0.0,0.0,0.0,0.0,0.0,0.0,0.0,0.0,0.0,0.0,0.0,0.0,0.0,0.0,0.0
1784671583.8860211,314750.7796592,0,0,8,0,0,51.510004,0.076,25.122136932594287,-269.0840221220016,-177.26243659066304,25.122136932594287,-267.2944582043341,-269.0840221220016,0.0,0.0,0.0,0.0,0.0,0.0,0.0,-25.122136932594287,0.0,0.0,269.0840221220016,0.0,0.0,0.0,0.0,0.0,0.0,0.0,0.0,0,0,25.122136932594287,-269.0840221220016,0.0,0.0,0.0,0.0,0.0,0.0,0.0,0.0,0.0,0.0,0.0,0.0,0.0,0.0,0.0,0.0,0.0,0.0,0.0,0.0,0.0,0.0,0.0,0.0,0.0,0.0,0.0,0.0,0.0
1784671583.8883953,314750.7820335,0,0,8,0,0,51.512528,0.1969999999999999,24.499623173734648,-255.8295390826954,-177.7264074424485,24.499623173734648,-250.10949303760268,-255.8295390826954,0.0,0.0,0.0,0.0,0.0,0.0,0.0,-24.499623173734648,0.0,0.0,255.8295390826954,0.0,0.0,0.0,0.0,0.0,0.0,0.0,0.0,0,0,24.499623173734648,-255.8295390826954,0.0,0.0,0.0,0.0,0.0,0.0,0.0,0.0,0.0,0.0,0.0,0.0,0.0,0.0,0.0,0.0,0.0,0.0,0.0,0.0,0.0,0.0,0.0,0.0,0.0,0.0,0.0,0.0,0.0
1784671583.8909864,314750.7846233,0,0,8,0,0,51.515002,0.272,23.909093211488248,-244.4009021282617,174.0173220607705,23.909093211488248,-239.6007643383947,-244.4009021282617,0.0,0.0,0.0,0.0,0.0,0.0,0.0,-23.909093211488248,0.0,0.0,244.4009021282617,0.0,0.0,0.0,0.0,0.0,0.0,0.0,0.0,0,0,23.909093211488248,-244.4009021282617,0.0,0.0,0.0,0.0,0.0,0.0,0.0,0.0,0.0,0.0,0.0,0.0,0.0,0.0,0.0,0.0,0.0,0.0,0.0,0.0,0.0,0.0,0.0,0.0,0.0,0.0,0.0,0.0,0.0
1784671583.8980222,314750.7916576,0,0,8,0,0,51.517503,0.373,23.3421335920236,-234.89537203498548,171.75110441964466,23.3421335920236,-230.8420320920107,-234.8953720349855,0.0,0.0,0.0,0.0,0.0,0.0,0.0,-23.3421335920236,0.0,0.0,234.89537203498548,0.0,0.0,0.0,0.0,0.0,0.0,0.0,0.0,0,0,23.3421335920236,-234.89537203498548,0.0,0.0,0.0,0.0,0.0,0.0,0.0,0.0,0.0,0.0,0.0,0.0,0.0,0.0,0.0,0.0,0.0,0.0,0.0,0.0,0.0,0.0,0.0,0.0,0.0,0.0,0.0,0.0,0.0
1784671583.8984303,314750.7920695,0,0,8,0,0,51.520003,0.479,22.798668359947992,-225.5027617822608,175.04578995011528,22.798668359947992,-221.12080179657352,-225.5027617822608,0.0,0.0,0.0,0.0,0.0,0.0,0.0,-22.798668359947992,0.0,0.0,225.5027617822608,0.0,0.0,0.0,0.0,0.0,0.0,0.0,0.0,0,0,22.798668359947992,-225.5027617822608,0.0,0.0,0.0,0.0,0.0,0.0,0.0,0.0,0.0,0.0,0.0,0.0,0.0,0.0,0.0,0.0,0.0,0.0,0.0,0.0,0.0,0.0,0.0,0.0,0.0,0.0,0.0,0.0,0.0
1784671583.8986883,314750.7923288,0,0,8,0,0,51.522504,0.5770000000000001,22.27850700602737,-214.6342051327216,174.93576700274596,22.27850700602738,-209.6845749773688,-214.6342051327216,0.0,0.0,0.0,0.0,0.0,0.0,0.0,-22.27850700602737,0.0,0.0,214.6342051327216,0.0,0.0,0.0,0.0,0.0,0.0,0.0,0.0,0,0,22.27850700602737,-214.6342051327216,0.0,0.0,0.0,0.0,0.0,0.0,0.0,0.0,0.0,0.0,0.0,0.0,0.0,0.0,0.0,0.0,0.0,0.0,0.0,0.0,0.0,0.0,0.0,0.0,0.0,0.0,0.0,0.0,0.0
1784671583.9015152,314750.7951524,0,0,8,0,0,51.525006,0.67,21.78388312454483,-203.4223171149547,173.73231576746247,21.78388312454483,-198.3183480162771,-203.4223171149547,0.0,0.0,0.0,0.0,0.0,0.0,0.0,-21.78388312454483,0.0,0.0,203.4223171149547,0.0,0.0,0.0,0.0,0.0,0.0,0.0,0.0,0,0,21.78388312454483,-203.4223171149547,0.0,0.0,0.0,0.0,0.0,0.0,0.0,0.0,0.0,0.0,0.0,0.0,0.0,0.0,0.0,0.0,0.0,0.0,0.0,0.0,0.0,0.0,0.0,0.0,0.0,0.0,0.0,0.0,0.0
1784671583.9034798,314750.7971153,0,0,8,0,0,51.527503,0.777,21.322956878480134,-189.62625741449813,173.499370701345,21.322956878480134,-182.1571307744477,-189.62625741449813,0.0,0.0,0.0,0.0,0.0,0.0,0.0,-21.322956878480134,0.0,0.0,189.62625741449813,0.0,0.0,0.0,0.0,0.0,0.0,0.0,0.0,0,0,21.322956878480134,-189.62625741449813,0.0,0.0,0.0,0.0,0.0,0.0,0.0,0.0,0.0,0.0,0.0,0.0,0.0,0.0,0.0,0.0,0.0,0.0,0.0,0.0,0.0,0.0,0.0,0.0,0.0,0.0,0.0,0.0,0.0
1784671583.9061916,314750.799829,0,0,8,0,0,51.530002,0.87,20.887479218963023,-178.18898867225866,172.8456290290849,20.887479218963023,-171.53465230580613,-178.1889886722587,0.0,0.0,0.0,0.0,0.0,0.0,0.0,-20.887479218963023,0.0,0.0,178.18898867225866,0.0,0.0,0.0,0.0,0.0,0.0,0.0,0.0,0,0,20.887479218963023,-178.18898867225866,0.0,0.0,0.0,0.0,0.0,0.0,0.0,0.0,0.0,0.0,0.0,0.0,0.0,0.0,0.0,0.0,0.0,0.0,0.0,0.0,0.0,0.0,0.0,0.0,0.0,0.0,0.0,0.0,0.0
1784671583.9084363,314750.8020724,0,0,8,0,0,51.532502,0.973,20.479176650765428,-167.8738703130006,171.17589075987684,20.479176650765424,-161.7959220458407,-167.87387031300057,0.0,0.0,0.0,0.0,0.0,0.0,0.0,-20.479176650765428,0.0,0.0,167.8738703130006,0.0,0.0,0.0,0.0,0.0,0.0,0.0,0.0,0,0,20.479176650765428,-167.8738703130006,0.0,0.0,0.0,0.0,0.0,0.0,0.0,0.0,0.0,0.0,0.0,0.0,0.0,0.0,0.0,0.0,0.0,0.0,0.0,0.0,0.0,0.0,0.0,0.0,0.0,0.0,0.0,0.0,0.0
1784671583.9109068,314750.8045418,0,0,8,0,0,51.535003,1.065,20.09805551636934,-156.37667529094796,174.65945266279218,20.09805551636933,-151.47969295644336,-156.37667529094796,0.0,0.0,0.0,0.0,0.0,0.0,0.0,-20.09805551636934,0.0,0.0,156.37667529094796,0.0,0.0,0.0,0.0,0.0,0.0,0.0,0.0,0,0,20.09805551636934,-156.37667529094796,0.0,0.0,0.0,0.0,0.0,0.0,0.0,0.0,0.0,0.0,0.0,0.0,0.0,0.0,0.0,0.0,0.0,0.0,0.0,0.0,0.0,0.0,0.0,0.0,0.0,0.0,0.0,0.0,0.0
1784671583.9133325,314750.8069706,0,0,8,0,0,51.537504,1.171,19.74638816562492,-144.81783913514198,176.8966875579343,19.74638816562492,-139.50096723686323,-144.81783913514198,0.0,0.0,0.0,0.0,0.0,0.0,0.0,-19.74638816562492,0.0,0.0,144.81783913514198,0.0,0.0,0.0,0.0,0.0,0.0,0.0,0.0,0,0,19.74638816562492,-144.81783913514198,0.0,0.0,0.0,0.0,0.0,0.0,0.0,0.0,0.0,0.0,0.0,0.0,0.0,0.0,0.0,0.0,0.0,0.0,0.0,0.0,0.0,0.0,0.0,0.0,0.0,0.0,0.0,0.0,0.0
1784671583.9162056,314750.8098435,0,0,8,0,0,51.540003,0.063,19.271082802573787,-126.82729228607757,173.56199697334213,19.271082802573787,-121.6422534357946,-126.82729228607757,0.0,0.0,0.0,0.0,0.0,0.0,0.0,-19.271082802573787,0.0,0.0,126.82729228607757,0.0,0.0,0.0,0.0,0.0,0.0,0.0,0.0,0,0,19.271082802573787,-126.82729228607757,0.0,0.0,0.0,0.0,0.0,0.0,0.0,0.0,0.0,0.0,0.0,0.0,0.0,0.0,0.0,0.0,0.0,0.0,0.0,0.0,0.0,0.0,0.0,0.0,0.0,0.0,0.0,0.0,0.0
1784671583.9182663,314750.8119046,0,0,8,0,0,51.542503,0.172,18.98985951016933,-115.87431092645336,172.3449628039765,18.98985951016933,-111.07227486073776,-115.87431092645336,0.0,0.0,0.0,0.0,0.0,0.0,0.0,-18.98985951016933,0.0,0.0,115.87431092645336,0.0,0.0,0.0,0.0,0.0,0.0,0.0,0.0,0,0,18.98985951016933,-115.87431092645336,0.0,0.0,0.0,0.0,0.0,0.0,0.0,0.0,0.0,0.0,0.0,0.0,0.0,0.0,0.0,0.0,0.0,0.0,0.0,0.0,0.0,0.0,0.0,0.0,0.0,0.0,0.0,0.0,0.0
1784671583.9208803,314750.814518,0,0,8,0,0,51.545005,0.246,18.730103945665224,-104.60922170214384,173.94710852628012,18.730103945665224,-99.66229798832543,-104.60922170214384,0.0,0.0,0.0,0.0,0.0,0.0,0.0,-18.730103945665224,0.0,0.0,104.60922170214384,0.0,0.0,0.0,0.0,0.0,0.0,0.0,0.0,0,0,18.730103945665224,-104.60922170214384,0.0,0.0,0.0,0.0,0.0,0.0,0.0,0.0,0.0,0.0,0.0,0.0,0.0,0.0,0.0,0.0,0.0,0.0,0.0,0.0,0.0,0.0,0.0,0.0,0.0,0.0,0.0,0.0,0.0
1784671583.9231894,314750.8168299,0,0,8,0,0,51.547503,0.368,18.50582545682054,-89.8856051629562,173.42796246961538,18.50582545682054,-81.75983427593617,-89.88560516295618,0.0,0.0,0.0,0.0,0.0,0.0,0.0,-18.50582545682054,0.0,0.0,89.8856051629562,0.0,0.0,0.0,0.0,0.0,0.0,0.0,0.0,0,0,18.50582545682054,-89.8856051629562,0.0,0.0,0.0,0.0,0.0,0.0,0.0,0.0,0.0,0.0,0.0,0.0,0.0,0.0,0.0,0.0,0.0,0.0,0.0,0.0,0.0,0.0,0.0,0.0,0.0,0.0,0.0,0.0,0.0
1784671583.9257982,314750.8194365,0,0,8,0,0,51.550002,0.456,18.30557633434892,-80.53163151145671,170.46944969268446,18.30557633434892,-76.06359582199413,-80.53163151145671,0.0,0.0,0.0,0.0,0.0,0.0,0.0,-18.30557633434892,0.0,0.0,80.53163151145671,0.0,0.0,0.0,0.0,0.0,0.0,0.0,0.0,0,0,18.30557633434892,-80.53163151145671,0.0,0.0,0.0,0.0,0.0,0.0,0.0,0.0,0.0,0.0,0.0,0.0,0.0,0.0,0.0,0.0,0.0,0.0,0.0,0.0,0.0,0.0,0.0,0.0,0.0,0.0,0.0,0.0,0.0
1784671583.928425,314750.8220631,0,0,8,0,0,51.552502,0.5559999999999999,18.13132416443812,-70.00963752436633,171.20243922523926,18.13132416443812,-65.39736744203199,-70.00963752436633,0.0,0.0,0.0,0.0,0.0,0.0,0.0,-18.13132416443812,0.0,0.0,70.00963752436633,0.0,0.0,0.0,0.0,0.0,0.0,0.0,0.0,0,0,18.13132416443812,-70.00963752436633,0.0,0.0,0.0,0.0,0.0,0.0,0.0,0.0,0.0,0.0,0.0,0.0,0.0,0.0,0.0,0.0,0.0,0.0,0.0,0.0,0.0,0.0,0.0,0.0,0.0,0.0,0.0,0.0,0.0
1784671583.9376187,314750.8312559,0,0,8,0,0,51.555004,0.656,17.99095762322837,-55.07786585822405,172.41684277960593,17.990957623228365,-49.05240057265605,-55.07786585822405,0.0,0.0,0.0,0.0,0.0,0.0,0.0,-17.99095762322837,0.0,0.0,55.07786585822405,0.0,0.0,0.0,0.0,0.0,0.0,0.0,0.0,0,0,17.99095762322837,-55.07786585822405,0.0,0.0,0.0,0.0,0.0,0.0,0.0,0.0,0.0,0.0,0.0,0.0,0.0,0.0,0.0,0.0,0.0,0.0,0.0,0.0,0.0,0.0,0.0,0.0,0.0,0.0,0.0,0.0,0.0
1784671583.9416673,314750.8353041,0,0,8,0,0,51.557503,0.76,17.880576905432996,-43.23476928167085,172.23898950616555,17.880576905432996,-38.14117268929856,-43.23476928167085,0.0,0.0,0.0,0.0,0.0,0.0,0.0,-17.880576905432996,0.0,0.0,43.23476928167085,0.0,0.0,0.0,0.0,0.0,0.0,0.0,0.0,0,0,17.880576905432996,-43.23476928167085,0.0,0.0,0.0,0.0,0.0,0.0,0.0,0.0,0.0,0.0,0.0,0.0,0.0,0.0,0.0,0.0,0.0,0.0,0.0,0.0,0.0,0.0,0.0,0.0,0.0,0.0,0.0,0.0,0.0
1784671583.9420538,314750.8356939,0,0,8,0,0,51.560003,0.862,17.796011065339172,-32.66776545989702,170.55891363791525,17.796011065339172,-28.034943174240095,-32.66776545989702,0.0,0.0,0.0,0.0,0.0,0.0,0.0,-17.796011065339172,0.0,0.0,32.66776545989702,0.0,0.0,0.0,0.0,0.0,0.0,0.0,0.0,0,0,17.796011065339172,-32.66776545989702,0.0,0.0,0.0,0.0,0.0,0.0,0.0,0.0,0.0,0.0,0.0,0.0,0.0,0.0,0.0,0.0,0.0,0.0,0.0,0.0,0.0,0.0,0.0,0.0,0.0,0.0,0.0,0.0,0.0
1784671583.942267,314750.835908,0,0,8,0,0,51.562503,0.96,17.735812349306677,-22.488584824558902,170.24757505834623,17.735812349306677,-17.911213694653394,-22.488584824558902,0.0,0.0,0.0,0.0,0.0,0.0,0.0,-17.735812349306677,0.0,0.0,22.488584824558902,0.0,0.0,0.0,0.0,0.0,0.0,0.0,0.0,0,0,17.735812349306677,-22.488584824558902,0.0,0.0,0.0,0.0,0.0,0.0,0.0,0.0,0.0,0.0,0.0,0.0,0.0,0.0,0.0,0.0,0.0,0.0,0.0,0.0,0.0,0.0,0.0,0.0,0.0,0.0,0.0,0.0,0.0
1784671583.9424868,314750.8361279,0,0,8,0,0,51.565003,1.06,17.700073523783946,-12.385067658862054,169.5390513732172,17.700073523783946,-7.918733949028492,-12.385067658862054,0.0,0.0,0.0,0.0,0.0,0.0,0.0,-17.700073523783946,0.0,0.0,12.385067658862054,0.0,0.0,0.0,0.0,0.0,0.0,0.0,0.0,0,0,17.700073523783946,-12.385067658862054,0.0,0.0,0.0,0.0,0.0,0.0,0.0,0.0,0.0,0.0,0.0,0.0,0.0,0.0,0.0,0.0,0.0,0.0,0.0,0.0,0.0,0.0,0.0,0.0,0.0,0.0,0.0,0.0,0.0
1784671583.9450235,314750.8386604,0,0,8,0,0,51.567504,1.16,17.69145379034779,0.1778108263544087,167.66795863034625,17.69145379034779,6.8949860241264656,0.1778108263544087,0.0,0.0,0.0,0.0,0.0,0.0,0.0,-17.69145379034779,0.0,0.0,-0.1778108263544087,0.0,0.0,0.0,0.0,0.0,0.0,0.0,0.0,0,0,17.69145379034779,0.1778108263544087,0.0,0.0,0.0,0.0,0.0,0.0,0.0,0.0,0.0,0.0,0.0,0.0,0.0,0.0,0.0,0.0,0.0,0.0,0.0,0.0,0.0,0.0,0.0,0.0,0.0,0.0,0.0,0.0,0.0
1784671583.9462,314750.8398381,0,0,8,0,0,51.570005,0.052,17.729049230140234,13.763574229934926,164.4311924490426,17.729049230140234,15.916217738434062,13.763574229934926,0.0,0.0,0.0,0.0,0.0,0.0,0.0,-17.729049230140234,0.0,0.0,-13.763574229934926,0.0,0.0,0.0,0.0,0.0,0.0,0.0,0.0,0,0,17.729049230140234,13.763574229934926,0.0,0.0,0.0,0.0,0.0,0.0,0.0,0.0,0.0,0.0,0.0,0.0,0.0,0.0,0.0,0.0,0.0,0.0,0.0,0.0,0.0,0.0,0.0,0.0,0.0,0.0,0.0,0.0,0.0
1784671583.9652224,314750.8588597,0,0,8,0,0,51.572501,0.147,17.77963967618211,22.46555289788956,163.9591101605995,17.779639676182114,24.93744945274166,22.46555289788957,0.0,0.0,0.0,0.0,0.0,0.0,0.0,-17.77963967618211,0.0,0.0,-22.46555289788956,0.0,0.0,0.0,0.0,0.0,0.0,0.0,0.0,0,0,17.77963967618211,22.46555289788956,0.0,0.0,0.0,0.0,0.0,0.0,0.0,0.0,0.0,0.0,0.0,0.0,0.0,0.0,0.0,0.0,0.0,0.0,0.0,0.0,0.0,0.0,0.0,0.0,0.0,0.0,0.0,0.0,0.0
1784671583.9654777,314750.8591182,0,0,8,0,0,51.575003,0.2489999999999999,17.851702527170506,31.46906578045244,163.33857975015604,17.851702527170506,34.028681025162214,31.46906578045244,0.0,0.0,0.0,0.0,0.0,0.0,0.0,-17.851702527170506,0.0,0.0,-31.46906578045244,0.0,0.0,0.0,0.0,0.0,0.0,0.0,0.0,0,0,17.851702527170506,31.46906578045244,0.0,0.0,0.0,0.0,0.0,0.0,0.0,0.0,0.0,0.0,0.0,0.0,0.0,0.0,0.0,0.0,0.0,0.0,0.0,0.0,0.0,0.0,0.0,0.0,0.0,0.0,0.0,0.0,0.0
1784671583.965723,314750.8593643,0,0,8,0,0,51.577502,0.352,17.947978091381653,42.77361086933845,162.7218634008651,17.947978091381653,47.3986539247374,42.77361086933845,0.0,0.0,0.0,0.0,0.0,0.0,0.0,-17.947978091381653,0.0,0.0,-42.77361086933845,0.0,0.0,0.0,0.0,0.0,0.0,0.0,0.0,0,0,17.947978091381653,42.77361086933845,0.0,0.0,0.0,0.0,0.0,0.0,0.0,0.0,0.0,0.0,0.0,0.0,0.0,0.0,0.0,0.0,0.0,0.0,0.0,0.0,0.0,0.0,0.0,0.0,0.0,0.0,0.0,0.0,0.0
1784671583.9658778,314750.859519,0,0,8,0,0,51.580003,0.4449999999999999,18.067628498126545,51.898810310246425,161.38704601581165,18.067628498126545,55.81613686282072,51.89881031024643,0.0,0.0,0.0,0.0,0.0,0.0,0.0,-18.067628498126545,0.0,0.0,-51.898810310246425,0.0,0.0,0.0,0.0,0.0,0.0,0.0,0.0,0,0,18.067628498126545,51.898810310246425,0.0,0.0,0.0,0.0,0.0,0.0,0.0,0.0,0.0,0.0,0.0,0.0,0.0,0.0,0.0,0.0,0.0,0.0,0.0,0.0,0.0,0.0,0.0,0.0,0.0,0.0,0.0,0.0,0.0
1784671583.9725952,314750.8662322,0,0,8,0,0,51.582503,0.544,18.20840340543328,60.86909061243938,160.85271216050162,18.20840340543328,64.84611855939244,60.869090612439386,0.0,0.0,0.0,0.0,0.0,0.0,0.0,-18.20840340543328,0.0,0.0,-60.86909061243938,0.0,0.0,0.0,0.0,0.0,0.0,0.0,0.0,0,0,18.20840340543328,60.86909061243938,0.0,0.0,0.0,0.0,0.0,0.0,0.0,0.0,0.0,0.0,0.0,0.0,0.0,0.0,0.0,0.0,0.0,0.0,0.0,0.0,0.0,0.0,0.0,0.0,0.0,0.0,0.0,0.0,0.0
1784671583.9730327,314750.8666725,0,0,8,0,0,51.585006,0.647,18.37033826171208,69.71618346371662,160.6412408019726,18.370338261712075,73.70985059294587,69.71618346371662,0.0,0.0,0.0,0.0,0.0,0.0,0.0,-18.37033826171208,0.0,0.0,-69.71618346371662,0.0,0.0,0.0,0.0,0.0,0.0,0.0,0.0,0,0,18.37033826171208,69.71618346371662,0.0,0.0,0.0,0.0,0.0,0.0,0.0,0.0,0.0,0.0,0.0,0.0,0.0,0.0,0.0,0.0,0.0,0.0,0.0,0.0,0.0,0.0,0.0,0.0,0.0,0.0,0.0,0.0,0.0
1784671583.973237,314750.866878,0,0,8,0,0,51.587505,0.754,18.556068507258846,81.10271336444534,159.9184877980098,18.556068507258846,87.29857304912404,81.10271336444534,0.0,0.0,0.0,0.0,0.0,0.0,0.0,-18.556068507258846,0.0,0.0,-81.10271336444534,0.0,0.0,0.0,0.0,0.0,0.0,0.0,0.0,0,0,18.556068507258846,81.10271336444534,0.0,0.0,0.0,0.0,0.0,0.0,0.0,0.0,0.0,0.0,0.0,0.0,0.0,0.0,0.0,0.0,0.0,0.0,0.0,0.0,0.0,0.0,0.0,0.0,0.0,0.0,0.0,0.0,0.0
1784671583.9735875,314750.8672271,0,0,8,0,0,51.590003,0.846,18.76662902965581,90.657439779941,159.12340137342235,18.76662902965581,96.23230494079046,90.657439779941,0.0,0.0,0.0,0.0,0.0,0.0,0.0,-18.76662902965581,0.0,0.0,-90.657439779941,0.0,0.0,0.0,0.0,0.0,0.0,0.0,0.0,0,0,18.76662902965581,90.657439779941,0.0,0.0,0.0,0.0,0.0,0.0,0.0,0.0,0.0,0.0,0.0,0.0,0.0,0.0,0.0,0.0,0.0,0.0,0.0,0.0,0.0,0.0,0.0,0.0,0.0,0.0,0.0,0.0,0.0
1784671583.9741552,314750.867795,0,0,8,0,0,51.592503,0.949,18.998316215631213,99.7263640364784,158.34500189729826,18.998316215631213,105.20103676151332,99.7263640364784,0.0,0.0,0.0,0.0,0.0,0.0,0.0,-18.998316215631213,0.0,0.0,-99.7263640364784,0.0,0.0,0.0,0.0,0.0,0.0,0.0,0.0,0,0,18.998316215631213,99.7263640364784,0.0,0.0,0.0,0.0,0.0,0.0,0.0,0.0,0.0,0.0,0.0,0.0,0.0,0.0,0.0,0.0,0.0,0.0,0.0,0.0,0.0,0.0,0.0,0.0,0.0,0.0,0.0,0.0,0.0
1784671583.9744968,314750.868135,0,0,8,0,0,51.595004,1.05,19.25182224998591,108.65697691839206,157.95573898073496,19.25182224998591,114.05601881280263,108.65697691839206,0.0,0.0,0.0,0.0,0.0,0.0,0.0,-19.25182224998591,0.0,0.0,-108.65697691839206,0.0,0.0,0.0,0.0,0.0,0.0,0.0,0.0,0,0,19.25182224998591,108.65697691839206,0.0,0.0,0.0,0.0,0.0,0.0,0.0,0.0,0.0,0.0,0.0,0.0,0.0,0.0,0.0,0.0,0.0,0.0,0.0,0.0,0.0,0.0,0.0,0.0,0.0,0.0,0.0,0.0,0.0
1784671583.9752862,314750.8689267,0,0,8,0,0,51.597503,1.147,19.526796284916557,117.4636056179936,158.68137108451342,19.526796284916557,122.77975113013017,117.4636056179936,0.0,0.0,0.0,0.0,0.0,0.0,0.0,-19.526796284916557,0.0,0.0,-117.4636056179936,0.0,0.0,0.0,0.0,0.0,0.0,0.0,0.0,0,0,19.526796284916557,117.4636056179936,0.0,0.0,0.0,0.0,0.0,0.0,0.0,0.0,0.0,0.0,0.0,0.0,0.0,0.0,0.0,0.0,0.0,0.0,0.0,0.0,0.0,0.0,0.0,0.0,0.0,0.0,0.0,0.0,0.0
1784671583.9766788,314750.8703169,0,0,8,0,0,51.600004,0.04,19.986545418865948,132.13170971091708,161.10351343790967,19.986545418865948,136.24597383461065,132.13170971091708,0.0,0.0,0.0,0.0,0.0,0.0,0.0,-19.986545418865948,0.0,0.0,-132.13170971091708,0.0,0.0,0.0,0.0,0.0,0.0,0.0,0.0,0,0,19.986545418865948,132.13170971091708,0.0,0.0,0.0,0.0,0.0,0.0,0.0,0.0,0.0,0.0,0.0,0.0,0.0,0.0,0.0,0.0,0.0,0.0,0.0,0.0,0.0,0.0,0.0,0.0,0.0,0.0,0.0,0.0,0.0
1784671583.9781053,314750.8717448,0,0,8,0,0,51.602501,0.135,20.32024734438214,141.19369519177232,160.5838959050617,20.32024734438214,145.21470565533352,141.19369519177232,0.0,0.0,0.0,0.0,0.0,0.0,0.0,-20.32024734438214,0.0,0.0,-141.19369519177232,0.0,0.0,0.0,0.0,0.0,0.0,0.0,0.0,0,0,20.32024734438214,141.19369519177232,0.0,0.0,0.0,0.0,0.0,0.0,0.0,0.0,0.0,0.0,0.0,0.0,0.0,0.0,0.0,0.0,0.0,0.0,0.0,0.0,0.0,0.0,0.0,0.0,0.0,0.0,0.0,0.0,0.0
1784671583.9806075,314750.8742486,0,0,8,0,0,51.604974,0.215,20.67355458175649,149.7567445596157,158.89575509757978,20.67355458175649,153.52718880624744,149.7567445596157,0.0,0.0,0.0,0.0,0.0,0.0,0.0,-20.67355458175649,0.0,0.0,-149.7567445596157,0.0,0.0,0.0,0.0,0.0,0.0,0.0,0.0,0,0,20.67355458175649,149.7567445596157,0.0,0.0,0.0,0.0,0.0,0.0,0.0,0.0,0.0,0.0,0.0,0.0,0.0,0.0,0.0,0.0,0.0,0.0,0.0,0.0,0.0,0.0,0.0,0.0,0.0,0.0,0.0,0.0,0.0
1784671583.9831605,314750.8768014,0,0,8,0,0,51.607502,0.335,21.04908376049476,157.93407825668527,159.8372956849082,21.04908376049476,161.4371727730118,157.93407825668527,0.0,0.0,0.0,0.0,0.0,0.0,0.0,-21.04908376049476,0.0,0.0,-157.93407825668527,0.0,0.0,0.0,0.0,0.0,0.0,0.0,0.0,0,0,21.04908376049476,157.93407825668527,0.0,0.0,0.0,0.0,0.0,0.0,0.0,0.0,0.0,0.0,0.0,0.0,0.0,0.0,0.0,0.0,0.0,0.0,0.0,0.0,0.0,0.0,0.0,0.0,0.0,0.0,0.0,0.0,0.0
1784671583.985939,314750.8795799,0,0,8,0,0,51.610002,0.432,21.447422187821157,167.26178506636086,161.72851943400082,21.447422187821157,169.90715560467984,167.26178506636086,0.0,0.0,0.0,0.0,0.0,0.0,0.0,-21.447422187821157,0.0,0.0,-167.26178506636086,0.0,0.0,0.0,0.0,0.0,0.0,0.0,0.0,0,0,21.447422187821157,167.26178506636086,0.0,0.0,0.0,0.0,0.0,0.0,0.0,0.0,0.0,0.0,0.0,0.0,0.0,0.0,0.0,0.0,0.0,0.0,0.0,0.0,0.0,0.0,0.0,0.0,0.0,0.0,0.0,0.0,0.0
1784671583.988125,314750.8817664,0,0,8,0,0,51.612501,0.53,21.86193831464396,174.45589865339525,159.0656315805573,21.861938314643965,177.6771398552183,174.45589865339528,0.0,0.0,0.0,0.0,0.0,0.0,0.0,-21.86193831464396,0.0,0.0,-174.45589865339525,0.0,0.0,0.0,0.0,0.0,0.0,0.0,0.0,0,0,21.86193831464396,174.45589865339525,0.0,0.0,0.0,0.0,0.0,0.0,0.0,0.0,0.0,0.0,0.0,0.0,0.0,0.0,0.0,0.0,0.0,0.0,0.0,0.0,0.0,0.0,0.0,0.0,0.0,0.0,0.0,0.0,0.0
1784671583.990905,314750.8845452,0,0,8,0,0,51.615003,0.631,22.293581542059066,181.5085060092243,158.17064857112246,22.293581542059066,184.589625843873,181.5085060092243,0.0,0.0,0.0,0.0,0.0,0.0,0.0,-22.293581542059066,0.0,0.0,-181.5085060092243,0.0,0.0,0.0,0.0,0.0,0.0,0.0,0.0,0,0,22.293581542059066,181.5085060092243,0.0,0.0,0.0,0.0,0.0,0.0,0.0,0.0,0.0,0.0,0.0,0.0,0.0,0.0,0.0,0.0,0.0,0.0,0.0,0.0,0.0,0.0,0.0,0.0,0.0,0.0,0.0,0.0,0.0
1784671583.9932814,314750.8869219,0,0,8,0,0,51.617504,0.737,22.74326492706067,190.5701970067619,159.34693747164292,22.74326492706067,195.5883535498717,190.57019700676187,0.0,0.0,0.0,0.0,0.0,0.0,0.0,-22.74326492706067,0.0,0.0,-190.5701970067619,0.0,0.0,0.0,0.0,0.0,0.0,0.0,0.0,0,0,22.74326492706067,190.5701970067619,0.0,0.0,0.0,0.0,0.0,0.0,0.0,0.0,0.0,0.0,0.0,0.0,0.0,0.0,0.0,0.0,0.0,0.0,0.0,0.0,0.0,0.0,0.0,0.0,0.0,0.0,0.0,0.0,0.0
1784671583.995716,314750.8893547,0,0,8,0,0,51.620003,0.838,23.2174134741184,200.0887263749028,161.76800010288304,23.2174134741184,204.30333588493508,200.0887263749028,0.0,0.0,0.0,0.0,0.0,0.0,0.0,-23.2174134741184,0.0,0.0,-200.0887263749028,0.0,0.0,0.0,0.0,0.0,0.0,0.0,0.0,0,0,23.2174134741184,200.0887263749028,0.0,0.0,0.0,0.0,0.0,0.0,0.0,0.0,0.0,0.0,0.0,0.0,0.0,0.0,0.0,0.0,0.0,0.0,0.0,0.0,0.0,0.0,0.0,0.0,0.0,0.0,0.0,0.0,0.0
1784671583.9982593,314750.8918977,0,0,8,0,0,51.622501,0.934,23.714507728296077,209.2444419605588,159.52367891515857,23.71450772829607,213.3420675637709,209.2444419605588,0.0,0.0,0.0,0.0,0.0,0.0,0.0,-23.714507728296077,0.0,0.0,-209.2444419605588,0.0,0.0,0.0,0.0,0.0,0.0,0.0,0.0,0,0,23.714507728296077,209.2444419605588,0.0,0.0,0.0,0.0,0.0,0.0,0.0,0.0,0.0,0.0,0.0,0.0,0.0,0.0,0.0,0.0,0.0,0.0,0.0,0.0,0.0,0.0,0.0,0.0,0.0,0.0,0.0,0.0,0.0
1784671584.000708,314750.8943477,0,0,8,0,0,51.625003,1.036,24.23138386001238,217.305802740012,154.4718714173187,24.23138386001238,220.7620525237446,217.305802740012,0.0,0.0,0.0,0.0,0.0,0.0,0.0,-24.23138386001238,0.0,0.0,-217.305802740012,0.0,0.0,0.0,0.0,0.0,0.0,0.0,0.0,0,0,24.23138386001238,217.305802740012,0.0,0.0,0.0,0.0,0.0,0.0,0.0,0.0,0.0,0.0,0.0,0.0,0.0,0.0,0.0,0.0,0.0,0.0,0.0,0.0,0.0,0.0,0.0,0.0,0.0,0.0,0.0,0.0,0.0
1784671584.0035653,314750.8972044,0,0,8,0,0,51.627504,1.138,24.76509446407313,224.20784704634963,160.01301466039462,24.76509446407313,227.30703925730623,224.20784704634963,0.0,0.0,0.0,0.0,0.0,0.0,0.0,-24.76509446407313,0.0,0.0,-224.20784704634963,0.0,0.0,0.0,0.0,0.0,0.0,0.0,0.0,0,0,24.76509446407313,224.20784704634963,0.0,0.0,0.0,0.0,0.0,0.0,0.0,0.0,0.0,0.0,0.0,0.0,0.0,0.0,0.0,0.0,0.0,0.0,0.0,0.0,0.0,0.0,0.0,0.0,0.0,0.0,0.0,0.0,0.0
1784671584.0057669,314750.8994056,0,0,8,0,0,51.630004,1.232,25.32211530043025,234.85768510327196,163.8474623269721,25.32211530043025,240.78201194405088,234.85768510327196,0.0,0.0,0.0,0.0,0.0,0.0,0.0,-25.32211530043025,0.0,0.0,-234.85768510327196,0.0,0.0,0.0,0.0,0.0,0.0,0.0,0.0,0,0,25.32211530043025,234.85768510327196,0.0,0.0,0.0,0.0,0.0,0.0,0.0,0.0,0.0,0.0,0.0,0.0,0.0,0.0,0.0,0.0,0.0,0.0,0.0,0.0,0.0,0.0,0.0,0.0,0.0,0.0,0.0,0.0,0.0
1784671584.0083714,314750.9020099,0,0,8,0,0,51.632499,0.122,26.196264551067635,246.01833773279927,166.3189922720962,26.196264551067635,248.2982467089298,246.01833773279927,0.0,0.0,0.0,0.0,0.0,0.0,0.0,-26.196264551067635,0.0,0.0,-246.01833773279927,0.0,0.0,0.0,0.0,0.0,0.0,0.0,0.0,0,0,26.196264551067635,246.01833773279927,0.0,0.0,0.0,0.0,0.0,0.0,0.0,0.0,0.0,0.0,0.0,0.0,0.0,0.0,0.0,0.0,0.0,0.0,0.0,0.0,0.0,0.0,0.0,0.0,0.0,0.0,0.0,0.0,0.0
1784671584.0108943,314750.9045304,0,0,8,0,0,51.634987,0.209,26.80455915855154,254.74447074560143,162.83196026351192,26.804559158551545,257.2232286183321,254.74447074560143,0.0,0.0,0.0,0.0,0.0,0.0,0.0,-26.80455915855154,0.0,0.0,-254.74447074560143,0.0,0.0,0.0,0.0,0.0,0.0,0.0,0.0,0,0,26.80455915855154,254.74447074560143,0.0,0.0,0.0,0.0,0.0,0.0,0.0,0.0,0.0,0.0,0.0,0.0,0.0,0.0,0.0,0.0,0.0,0.0,0.0,0.0,0.0,0.0,0.0,0.0,0.0,0.0,0.0,0.0,0.0
1784671584.0132985,314750.9069367,0,0,8,0,0,51.637504,0.33,27.43195205820995,263.8381447162893,160.4882249377454,27.431952058209948,267.3732080447112,263.8381447162893,0.0,0.0,0.0,0.0,0.0,0.0,0.0,-27.43195205820995,0.0,0.0,-263.8381447162893,0.0,0.0,0.0,0.0,0.0,0.0,0.0,0.0,0,0,27.43195205820995,263.8381447162893,0.0,0.0,0.0,0.0,0.0,0.0,0.0,0.0,0.0,0.0,0.0,0.0,0.0,0.0,0.0,0.0,0.0,0.0,0.0,0.0,0.0,0.0,0.0,0.0,0.0,0.0,0.0,0.0,0.0
1784671584.0159423,314750.9095798,0,0,8,0,0,51.640004,0.424,28.080922479323483,271.8008563361823,168.69787975820398,28.080922479323483,275.4756916212862,271.8008563361823,0.0,0.0,0.0,0.0,0.0,0.0,0.0,-28.080922479323483,0.0,0.0,-271.8008563361823,0.0,0.0,0.0,0.0,0.0,0.0,0.0,0.0,0,0,28.080922479323483,271.8008563361823,0.0,0.0,0.0,0.0,0.0,0.0,0.0,0.0,0.0,0.0,0.0,0.0,0.0,0.0,0.0,0.0,0.0,0.0,0.0,0.0,0.0,0.0,0.0,0.0,0.0,0.0,0.0,0.0,0.0
1784671584.0183551,314750.9119936,0,0,8,0,0,51.642503,0.53,28.746315965402022,280.05561217007937,163.18220053778776,28.746315965402022,283.63067509144594,280.05561217007937,0.0,0.0,0.0,0.0,0.0,0.0,0.0,-28.746315965402022,0.0,0.0,-280.05561217007937,0.0,0.0,0.0,0.0,0.0,0.0,0.0,0.0,0,0,28.746315965402022,280.05561217007937,0.0,0.0,0.0,0.0,0.0,0.0,0.0,0.0,0.0,0.0,0.0,0.0,0.0,0.0,0.0,0.0,0.0,0.0,0.0,0.0,0.0,0.0,0.0,0.0,0.0,0.0,0.0,0.0,0.0
1784671584.020929,314750.9145681,0,0,8,0,0,51.645006,0.631,29.428801749152043,285.04608294761744,162.0129759340093,29.42880174915204,286.6756689193596,285.0460829476175,0.0,0.0,0.0,0.0,0.0,0.0,0.0,-29.428801749152043,0.0,0.0,-285.04608294761744,0.0,0.0,0.0,0.0,0.0,0.0,0.0,0.0,0,0,29.428801749152043,285.04608294761744,0.0,0.0,0.0,0.0,0.0,0.0,0.0,0.0,0.0,0.0,0.0,0.0,0.0,0.0,0.0,0.0,0.0,0.0,0.0,0.0,0.0,0.0,0.0,0.0,0.0,0.0,0.0,0.0,0.0
1784671584.023367,314750.9170052,0,0,8,0,0,51.647562,0.787,30.11548629615079,286.3217566844734,163.28083060499793,30.115486296150788,286.68441890162376,286.3217566844734,0.0,0.0,0.0,0.0,0.0,0.0,0.0,-30.11548629615079,0.0,0.0,-286.3217566844734,0.0,0.0,0.0,0.0,0.0,0.0,0.0,0.0,0,0,30.11548629615079,286.3217566844734,0.0,0.0,0.0,0.0,0.0,0.0,0.0,0.0,0.0,0.0,0.0,0.0,0.0,0.0,0.0,0.0,0.0,0.0,0.0,0.0,0.0,0.0,0.0,0.0,0.0,0.0,0.0,0.0,0.0
1784671584.0258107,314750.9194491,0,0,8,0,0,51.650003,0.8220000000000001,30.80494810978116,286.60444203026344,162.50531206970527,30.80494810978116,286.68441890162376,286.6044420302634,0.0,0.0,0.0,0.0,0.0,0.0,0.0,-30.80494810978116,0.0,0.0,-286.60444203026344,0.0,0.0,0.0,0.0,0.0,0.0,0.0,0.0,0,0,30.80494810978116,286.60444203026344,0.0,0.0,0.0,0.0,0.0,0.0,0.0,0.0,0.0,0.0,0.0,0.0,0.0,0.0,0.0,0.0,0.0,0.0,0.0,0.0,0.0,0.0,0.0,0.0,0.0,0.0,0.0,0.0,0.0
1784671584.0282552,314750.921895,0,0,8,0,0,51.652504,0.926,31.492064302256043,286.66668181092496,162.6149233617918,31.492064302256043,286.68441890162376,286.6666818109249,0.0,0.0,0.0,0.0,0.0,0.0,0.0,-31.492064302256043,0.0,0.0,-286.66668181092496,0.0,0.0,0.0,0.0,0.0,0.0,0.0,0.0,0,0,31.492064302256043,286.66668181092496,0.0,0.0,0.0,0.0,0.0,0.0,0.0,0.0,0.0,0.0,0.0,0.0,0.0,0.0,0.0,0.0,0.0,0.0,0.0,0.0,0.0,0.0,0.0,0.0,0.0,0.0,0.0,0.0,0.0
1784671584.0308745,314750.9245137,0,0,8,0,0,51.655,1.016,32.184079470918626,286.6805073912595,161.0421669003972,32.184079470918626,286.68441890162376,286.6805073912594,0.0,0.0,0.0,0.0,0.0,0.0,0.0,-32.184079470918626,0.0,0.0,-286.6805073912595,0.0,0.0,0.0,0.0,0.0,0.0,0.0,0.0,0,0,32.184079470918626,286.6805073912595,0.0,0.0,0.0,0.0,0.0,0.0,0.0,0.0,0.0,0.0,0.0,0.0,0.0,0.0,0.0,0.0,0.0,0.0,0.0,0.0,0.0,0.0,0.0,0.0,0.0,0.0,0.0,0.0,0.0
1784671584.039986,314750.9336245,0,0,8,0,0,51.657505,1.12,32.87466797601073,286.68355359314296,169.13011862373625,32.874667976010734,286.68441890162376,286.68355359314296,0.0,0.0,0.0,0.0,0.0,0.0,0.0,-32.87466797601073,0.0,0.0,-286.68355359314296,0.0,0.0,0.0,0.0,0.0,0.0,0.0,0.0,0,0,32.87466797601073,286.68355359314296,0.0,0.0,0.0,0.0,0.0,0.0,0.0,0.0,0.0,0.0,0.0,0.0,0.0,0.0,0.0,0.0,0.0,0.0,0.0,0.0,0.0,0.0,0.0,0.0,0.0,0.0,0.0,0.0,0.0
1784671584.0471325,314750.9407705,0,0,8,0,0,51.660005,1.223,33.56410850389251,286.6842269954546,168.42711066972257,33.56410850389251,286.68441890162376,286.6842269954546,0.0,0.0,0.0,0.0,0.0,0.0,0.0,-33.56410850389251,0.0,0.0,-286.6842269954546,0.0,0.0,0.0,0.0,0.0,0.0,0.0,0.0,0,0,33.56410850389251,286.6842269954546,0.0,0.0,0.0,0.0,0.0,0.0,0.0,0.0,0.0,0.0,0.0,0.0,0.0,0.0,0.0,0.0,0.0,0.0,0.0,0.0,0.0,0.0,0.0,0.0,0.0,0.0,0.0,0.0,0.0
1784671584.0475063,314750.9411452,0,0,8,0,0,51.662503,0.1129999999999999,34.60186552171072,286.6843990152792,169.5416185501013,34.601865521710714,286.68441890162376,286.6843990152792,0.0,0.0,0.0,0.0,0.0,0.0,0.0,-34.60186552171072,0.0,0.0,-286.6843990152792,0.0,0.0,0.0,0.0,0.0,0.0,0.0,0.0,0,0,34.60186552171072,286.6843990152792,0.0,0.0,0.0,0.0,0.0,0.0,0.0,0.0,0.0,0.0,0.0,0.0,0.0,0.0,0.0,0.0,0.0,0.0,0.0,0.0,0.0,0.0,0.0,0.0,0.0,0.0,0.0,0.0,0.0
1784671584.0478492,314750.9414897,0,0,8,0,0,51.664997,0.214,35.29015624516123,286.6844144801766,165.0636488260759,35.290156245161235,286.68441890162376,286.6844144801766,0.0,0.0,0.0,0.0,0.0,0.0,0.0,-35.29015624516123,0.0,0.0,-286.6844144801766,0.0,0.0,0.0,0.0,0.0,0.0,0.0,0.0,0,0,35.29015624516123,286.6844144801766,0.0,0.0,0.0,0.0,0.0,0.0,0.0,0.0,0.0,0.0,0.0,0.0,0.0,0.0,0.0,0.0,0.0,0.0,0.0,0.0,0.0,0.0,0.0,0.0,0.0,0.0,0.0,0.0,0.0
1784671584.048148,314750.9417855,0,0,8,0,0,51.667502,0.321,35.979885114168574,286.68441792166107,169.1419389282898,35.97988511416858,286.68441890162376,286.68441792166107,0.0,0.0,0.0,0.0,0.0,0.0,0.0,-35.979885114168574,0.0,0.0,-286.68441792166107,0.0,0.0,0.0,0.0,0.0,0.0,0.0,0.0,0,0,35.979885114168574,286.68441792166107,0.0,0.0,0.0,0.0,0.0,0.0,0.0,0.0,0.0,0.0,0.0,0.0,0.0,0.0,0.0,0.0,0.0,0.0,0.0,0.0,0.0,0.0,0.0,0.0,0.0,0.0,0.0,0.0,0.0
1784671584.048388,314750.9420294,0,0,8,0,0,51.670003,0.408,36.67421601065351,286.68441868659886,164.15508189255374,36.67421601065351,286.68441890162376,286.68441868659886,0.0,0.0,0.0,0.0,0.0,0.0,0.0,-36.67421601065351,0.0,0.0,-286.68441868659886,0.0,0.0,0.0,0.0,0.0,0.0,0.0,0.0,0,0,36.67421601065351,286.68441868659886,0.0,0.0,0.0,0.0,0.0,0.0,0.0,0.0,0.0,0.0,0.0,0.0,0.0,0.0,0.0,0.0,0.0,0.0,0.0,0.0,0.0,0.0,0.0,0.0,0.0,0.0,0.0,0.0,0.0
1784671584.048535,314750.9421767,0,0,8,0,0,51.672504,0.5109999999999999,37.36394488315179,286.68441885396595,165.2388219827029,37.36394488315179,286.68441890162376,286.68441885396595,0.0,0.0,0.0,0.0,0.0,0.0,0.0,-37.36394488315179,0.0,0.0,-286.68441885396595,0.0,0.0,0.0,0.0,0.0,0.0,0.0,0.0,0,0,37.36394488315179,286.68441885396595,0.0,0.0,0.0,0.0,0.0,0.0,0.0,0.0,0.0,0.0,0.0,0.0,0.0,0.0,0.0,0.0,0.0,0.0,0.0,0.0,0.0,0.0,0.0,0.0,0.0,0.0,0.0,0.0,0.0
1784671584.0593195,314750.9529576,0,0,8,0,0,51.675002,0.606,38.055111888450895,286.684418891094,163.82163244986614,38.055111888450895,286.68441890162376,286.684418891094,0.0,0.0,0.0,0.0,0.0,0.0,0.0,-38.055111888450895,0.0,0.0,-286.684418891094,0.0,0.0,0.0,0.0,0.0,0.0,0.0,0.0,0,0,38.055111888450895,286.684418891094,0.0,0.0,0.0,0.0,0.0,0.0,0.0,0.0,0.0,0.0,0.0,0.0,0.0,0.0,0.0,0.0,0.0,0.0,0.0,0.0,0.0,0.0,0.0,0.0,0.0,0.0,0.0,0.0,0.0
1784671584.059552,314750.9531927,0,0,8,0,0,51.677504,0.713,38.743977881493485,286.6844188992856,165.95059189803254,38.743977881493485,286.68441890162376,286.6844188992856,0.0,0.0,0.0,0.0,0.0,0.0,0.0,-38.743977881493485,0.0,0.0,-286.6844188992856,0.0,0.0,0.0,0.0,0.0,0.0,0.0,0.0,0,0,38.743977881493485,286.6844188992856,0.0,0.0,0.0,0.0,0.0,0.0,0.0,0.0,0.0,0.0,0.0,0.0,0.0,0.0,0.0,0.0,0.0,0.0,0.0,0.0,0.0,0.0,0.0,0.0,0.0,0.0,0.0,0.0,0.0
1784671584.0597312,314750.9533723,0,0,8,0,0,51.680004,0.8140000000000001,39.433994380705165,286.68441890110586,168.93941321583685,39.433994380705165,286.68441890162376,286.68441890110586,0.0,0.0,0.0,0.0,0.0,0.0,0.0,-39.433994380705165,0.0,0.0,-286.68441890110586,0.0,0.0,0.0,0.0,0.0,0.0,0.0,0.0,0,0,39.433994380705165,286.68441890110586,0.0,0.0,0.0,0.0,0.0,0.0,0.0,0.0,0.0,0.0,0.0,0.0,0.0,0.0,0.0,0.0,0.0,0.0,0.0,0.0,0.0,0.0,0.0,0.0,0.0,0.0,0.0,0.0,0.0
1784671584.059878,314750.9535192,0,0,8,0,0,51.682503,0.912,40.12458613300127,286.6844189015092,166.6508352579529,40.12458613300127,286.68441890162376,286.6844189015092,0.0,0.0,0.0,0.0,0.0,0.0,0.0,-40.12458613300127,0.0,0.0,-286.6844189015092,0.0,0.0,0.0,0.0,0.0,0.0,0.0,0.0,0,0,40.12458613300127,286.6844189015092,0.0,0.0,0.0,0.0,0.0,0.0,0.0,0.0,0.0,0.0,0.0,0.0,0.0,0.0,0.0,0.0,0.0,0.0,0.0,0.0,0.0,0.0,0.0,0.0,0.0,0.0,0.0,0.0,0.0
1784671584.060711,314750.9543483,0,0,8,0,0,51.685004,1.013,40.814890258754914,286.6844189015984,169.036491111638,40.814890258754914,286.68441890162376,286.6844189015984,0.0,0.0,0.0,0.0,0.0,0.0,0.0,-40.814890258754914,0.0,0.0,-286.6844189015984,0.0,0.0,0.0,0.0,0.0,0.0,0.0,0.0,0,0,40.814890258754914,286.6844189015984,0.0,0.0,0.0,0.0,0.0,0.0,0.0,0.0,0.0,0.0,0.0,0.0,0.0,0.0,0.0,0.0,0.0,0.0,0.0,0.0,0.0,0.0,0.0,0.0,0.0,0.0,0.0,0.0,0.0
1784671584.0632937,314750.9569317,0,0,8,0,0,51.6875,1.108,41.50548201102478,286.68441890161813,169.49362542794634,41.50548201102479,286.68441890162376,286.68441890161813,0.0,0.0,0.0,0.0,0.0,0.0,0.0,-41.50548201102478,0.0,0.0,-286.68441890161813,0.0,0.0,0.0,0.0,0.0,0.0,0.0,0.0,0,0,41.50548201102478,286.68441890161813,0.0,0.0,0.0,0.0,0.0,0.0,0.0,0.0,0.0,0.0,0.0,0.0,0.0,0.0,0.0,0.0,0.0,0.0,0.0,0.0,0.0,0.0,0.0,0.0,0.0,0.0,0.0,0.0,0.0
1784671584.0712333,314750.9648723,0,0,8,0,0,51.690004,1.206,42.19751189603173,286.68441890162245,168.24538464686543,42.19751189603173,286.68441890162376,286.68441890162245,0.0,0.0,0.0,0.0,0.0,0.0,0.0,-42.19751189603173,0.0,0.0,-286.68441890162245,0.0,0.0,0.0,0.0,0.0,0.0,0.0,0.0,0,0,42.19751189603173,286.68441890162245,0.0,0.0,0.0,0.0,0.0,0.0,0.0,0.0,0.0,0.0,0.0,0.0,0.0,0.0,0.0,0.0,0.0,0.0,0.0,0.0,0.0,0.0,0.0,0.0,0.0,0.0,0.0,0.0,0.0
1784671584.0719855,314750.9656251,0,0,8,0,0,51.692504,0.103,43.23383096428287,286.6844189016236,170.06339079545756,43.23383096428288,286.68441890162376,286.6844189016236,0.0,0.0,0.0,0.0,0.0,0.0,0.0,-43.23383096428287,0.0,0.0,-286.6844189016236,0.0,0.0,0.0,0.0,0.0,0.0,0.0,0.0,0,0,43.23383096428287,286.6844189016236,0.0,0.0,0.0,0.0,0.0,0.0,0.0,0.0,0.0,0.0,0.0,0.0,0.0,0.0,0.0,0.0,0.0,0.0,0.0,0.0,0.0,0.0,0.0,0.0,0.0,0.0,0.0,0.0,0.0
1784671584.0727866,314750.9664257,0,0,8,0,0,51.695009,0.205,43.92385967248561,286.6844189016237,170.8896927033771,43.92385967248561,286.68441890162376,286.68441890162376,0.0,0.0,0.0,0.0,0.0,0.0,0.0,-43.92385967248561,0.0,0.0,-286.6844189016237,0.0,0.0,0.0,0.0,0.0,0.0,0.0,0.0,0,0,43.92385967248561,286.6844189016237,0.0,0.0,0.0,0.0,0.0,0.0,0.0,0.0,0.0,0.0,0.0,0.0,0.0,0.0,0.0,0.0,0.0,0.0,0.0,0.0,0.0,0.0,0.0,0.0,0.0,0.0,0.0,0.0,0.0
1784671584.0736446,314750.9672831,0,0,8,0,0,51.697503,0.295,44.61304901552513,286.6844189016237,170.57781205467612,44.61304901552512,286.68441890162376,286.68441890162376,0.0,0.0,0.0,0.0,0.0,0.0,0.0,-44.61304901552513,0.0,0.0,-286.6844189016237,0.0,0.0,0.0,0.0,0.0,0.0,0.0,0.0,0,0,44.61304901552513,286.6844189016237,0.0,0.0,0.0,0.0,0.0,0.0,0.0,0.0,0.0,0.0,0.0,0.0,0.0,0.0,0.0,0.0,0.0,0.0,0.0,0.0,0.0,0.0,0.0,0.0,0.0,0.0,0.0,0.0,0.0
1784671584.075807,314750.9694451,0,0,8,0,0,51.700003,0.398,45.30023156763231,286.6844189016237,170.44759687167024,45.30023156763232,286.68441890162376,286.68441890162376,0.0,0.0,0.0,0.0,0.0,0.0,0.0,-45.30023156763231,0.0,0.0,-286.6844189016237,0.0,0.0,0.0,0.0,0.0,0.0,0.0,0.0,0,0,45.30023156763231,286.6844189016237,0.0,0.0,0.0,0.0,0.0,0.0,0.0,0.0,0.0,0.0,0.0,0.0,0.0,0.0,0.0,0.0,0.0,0.0,0.0,0.0,0.0,0.0,0.0,0.0,0.0,0.0,0.0,0.0,0.0
1784671584.0783372,314750.9719764,0,0,8,0,0,51.702502,0.505,45.985980697645,286.6844189016237,171.61687309756329,45.985980697645,286.68441890162376,286.68441890162376,0.0,0.0,0.0,0.0,0.0,0.0,0.0,-45.985980697645,0.0,0.0,-286.6844189016237,0.0,0.0,0.0,0.0,0.0,0.0,0.0,0.0,0,0,45.985980697645,286.6844189016237,0.0,0.0,0.0,0.0,0.0,0.0,0.0,0.0,0.0,0.0,0.0,0.0,0.0,0.0,0.0,0.0,0.0,0.0,0.0,0.0,0.0,0.0,0.0,0.0,0.0,0.0,0.0,0.0,0.0
1784671584.0807211,314750.9743607,0,0,8,0,0,51.705007,0.608,46.6745966718467,286.6844189016237,172.20724478189288,46.6745966718467,286.68441890162376,286.68441890162376,0.0,0.0,0.0,0.0,0.0,0.0,0.0,-46.6745966718467,0.0,0.0,-286.6844189016237,0.0,0.0,0.0,0.0,0.0,0.0,0.0,0.0,0,0,46.6745966718467,286.6844189016237,0.0,0.0,0.0,0.0,0.0,0.0,0.0,0.0,0.0,0.0,0.0,0.0,0.0,0.0,0.0,0.0,0.0,0.0,0.0,0.0,0.0,0.0,0.0,0.0,0.0,0.0,0.0,0.0,0.0
1784671584.0831923,314750.976833,0,0,8,0,0,51.707514,0.7150000000000001,47.36263927721059,286.6844189016237,171.80686862719983,47.36263927721059,286.68441890162376,286.68441890162376,0.0,0.0,0.0,0.0,0.0,0.0,0.0,-47.36263927721059,0.0,0.0,-286.6844189016237,0.0,0.0,0.0,0.0,0.0,0.0,0.0,0.0,0,0,47.36263927721059,286.6844189016237,0.0,0.0,0.0,0.0,0.0,0.0,0.0,0.0,0.0,0.0,0.0,0.0,0.0,0.0,0.0,0.0,0.0,0.0,0.0,0.0,0.0,0.0,0.0,0.0,0.0,0.0,0.0,0.0,0.0
1784671584.0859065,314750.9795461,0,0,8,0,0,51.710003,0.8,48.05182862025009,286.6844189016237,169.69126762262906,48.05182862025009,286.68441890162376,286.68441890162376,0.0,0.0,0.0,0.0,0.0,0.0,0.0,-48.05182862025009,0.0,0.0,-286.6844189016237,0.0,0.0,0.0,0.0,0.0,0.0,0.0,0.0,0,0,48.05182862025009,286.6844189016237,0.0,0.0,0.0,0.0,0.0,0.0,0.0,0.0,0.0,0.0,0.0,0.0,0.0,0.0,0.0,0.0,0.0,0.0,0.0,0.0,0.0,0.0,0.0,0.0,0.0,0.0,0.0,0.0,0.0
1784671584.0882728,314750.9819111,0,0,8,0,0,51.712503,0.902,48.73929785677618,286.6844189016237,172.07874666792205,48.73929785677619,286.68441890162376,286.68441890162376,0.0,0.0,0.0,0.0,0.0,0.0,0.0,-48.73929785677618,0.0,0.0,-286.6844189016237,0.0,0.0,0.0,0.0,0.0,0.0,0.0,0.0,0,0,48.73929785677618,286.6844189016237,0.0,0.0,0.0,0.0,0.0,0.0,0.0,0.0,0.0,0.0,0.0,0.0,0.0,0.0,0.0,0.0,0.0,0.0,0.0,0.0,0.0,0.0,0.0,0.0,0.0,0.0,0.0,0.0,0.0
1784671584.091034,314750.9846727,0,0,8,0,0,51.715003,0.999,49.42820051539678,286.6844189016237,174.14764118139095,49.42820051539679,286.68441890162376,286.68441890162376,0.0,0.0,0.0,0.0,0.0,0.0,0.0,-49.42820051539678,0.0,0.0,-286.6844189016237,0.0,0.0,0.0,0.0,0.0,0.0,0.0,0.0,0,0,49.42820051539678,286.6844189016237,0.0,0.0,0.0,0.0,0.0,0.0,0.0,0.0,0.0,0.0,0.0,0.0,0.0,0.0,0.0,0.0,0.0,0.0,0.0,0.0,0.0,0.0,0.0,0.0,0.0,0.0,0.0,0.0,0.0
1784671584.0934994,314750.9871379,0,0,8,0,0,51.717504,1.101,50.115956436341776,286.6844189016237,171.5406542403835,50.11595643634178,286.68441890162376,286.68441890162376,0.0,0.0,0.0,0.0,0.0,0.0,0.0,-50.115956436341776,0.0,0.0,-286.6844189016237,0.0,0.0,0.0,0.0,0.0,0.0,0.0,0.0,0,0,50.115956436341776,286.6844189016237,0.0,0.0,0.0,0.0,0.0,0.0,0.0,0.0,0.0,0.0,0.0,0.0,0.0,0.0,0.0,0.0,0.0,0.0,0.0,0.0,0.0,0.0,0.0,0.0,0.0,0.0,0.0,0.0,0.0
1784671584.0959845,314750.9896225,0,0,8,0,0,51.720004,1.1900000000000002,50.8071525703136,286.6844189016237,173.29799484966364,50.8071525703136,286.68441890162376,286.68441890162376,0.0,0.0,0.0,0.0,0.0,0.0,0.0,-50.8071525703136,0.0,0.0,-286.6844189016237,0.0,0.0,0.0,0.0,0.0,0.0,0.0,0.0,0,0,50.8071525703136,286.6844189016237,0.0,0.0,0.0,0.0,0.0,0.0,0.0,0.0,0.0,0.0,0.0,0.0,0.0,0.0,0.0,0.0,0.0,0.0,0.0,0.0,0.0,0.0,0.0,0.0,0.0,0.0,0.0,0.0,0.0
1784671584.0983171,314750.9919554,0,0,8,0,0,51.722502,0.089,51.838929793940544,286.6844189016237,174.4890997534959,51.838929793940544,286.68441890162376,286.68441890162376,0.0,0.0,0.0,0.0,0.0,0.0,0.0,-51.838929793940544,0.0,0.0,-286.6844189016237,0.0,0.0,0.0,0.0,0.0,0.0,0.0,0.0,0,0,51.838929793940544,286.6844189016237,0.0,0.0,0.0,0.0,0.0,0.0,0.0,0.0,0.0,0.0,0.0,0.0,0.0,0.0,0.0,0.0,0.0,0.0,0.0,0.0,0.0,0.0,0.0,0.0,0.0,0.0,0.0,0.0,0.0
1784671584.1007314,314750.994372,0,0,8,0,0,51.725026,0.209,52.528119136980045,286.6844189016237,171.80097439488588,52.528119136980045,286.68441890162376,286.68441890162376,0.0,0.0,0.0,0.0,0.0,0.0,0.0,-52.528119136980045,0.0,0.0,-286.6844189016237,0.0,0.0,0.0,0.0,0.0,0.0,0.0,0.0,0,0,52.528119136980045,286.6844189016237,0.0,0.0,0.0,0.0,0.0,0.0,0.0,0.0,0.0,0.0,0.0,0.0,0.0,0.0,0.0,0.0,0.0,0.0,0.0,0.0,0.0,0.0,0.0,0.0,0.0,0.0,0.0,0.0,0.0
1784671584.1042778,314750.9979162,0,0,8,0,0,51.727502,0.297,53.21272152931712,286.6844189016237,173.2672034937871,53.21272152931713,286.68441890162376,286.68441890162376,0.0,0.0,0.0,0.0,0.0,0.0,0.0,-53.21272152931712,0.0,0.0,-286.6844189016237,0.0,0.0,0.0,0.0,0.0,0.0,0.0,0.0,0,0,53.21272152931712,286.6844189016237,0.0,0.0,0.0,0.0,0.0,0.0,0.0,0.0,0.0,0.0,0.0,0.0,0.0,0.0,0.0,0.0,0.0,0.0,0.0,0.0,0.0,0.0,0.0,0.0,0.0,0.0,0.0,0.0,0.0
1784671584.105795,314750.9994328,0,0,8,0,0,51.730003,0.393,53.90219755677553,286.6844189016237,172.71415602818513,53.902197556775526,286.68441890162376,286.68441890162376,0.0,0.0,0.0,0.0,0.0,0.0,0.0,-53.90219755677553,0.0,0.0,-286.6844189016237,0.0,0.0,0.0,0.0,0.0,0.0,0.0,0.0,0,0,53.90219755677553,286.6844189016237,0.0,0.0,0.0,0.0,0.0,0.0,0.0,0.0,0.0,0.0,0.0,0.0,0.0,0.0,0.0,0.0,0.0,0.0,0.0,0.0,0.0,0.0,0.0,0.0,0.0,0.0,0.0,0.0,0.0
1784671584.1084442,314751.0020814,0,0,8,0,0,51.732503,0.486,54.592246953071744,286.6844189016237,174.93153906687382,54.59224695307174,286.68441890162376,286.68441890162376,0.0,0.0,0.0,0.0,0.0,0.0,0.0,-54.592246953071744,0.0,0.0,-286.6844189016237,0.0,0.0,0.0,0.0,0.0,0.0,0.0,0.0,0,0,54.592246953071744,286.6844189016237,0.0,0.0,0.0,0.0,0.0,0.0,0.0,0.0,0.0,0.0,0.0,0.0,0.0,0.0,0.0,0.0,0.0,0.0,0.0,0.0,0.0,0.0,0.0,0.0,0.0,0.0,0.0,0.0,0.0
1784671584.11082,314751.0044586,0,0,8,0,0,51.735003,0.593,55.27828276750333,286.6844189016237,172.3466360442195,55.27828276750333,286.68441890162376,286.68441890162376,0.0,0.0,0.0,0.0,0.0,0.0,0.0,-55.27828276750333,0.0,0.0,-286.6844189016237,0.0,0.0,0.0,0.0,0.0,0.0,0.0,0.0,0,0,55.27828276750333,286.6844189016237,0.0,0.0,0.0,0.0,0.0,0.0,0.0,0.0,0.0,0.0,0.0,0.0,0.0,0.0,0.0,0.0,0.0,0.0,0.0,0.0,0.0,0.0,0.0,0.0,0.0,0.0,0.0,0.0,0.0
1784671584.1133194,314751.0069575,0,0,8,0,0,51.737504,0.69,55.96747211054283,286.6844189016237,174.9576261771775,55.96747211054283,286.68441890162376,286.68441890162376,0.0,0.0,0.0,0.0,0.0,0.0,0.0,-55.96747211054283,0.0,0.0,-286.6844189016237,0.0,0.0,0.0,0.0,0.0,0.0,0.0,0.0,0,0,55.96747211054283,286.6844189016237,0.0,0.0,0.0,0.0,0.0,0.0,0.0,0.0,0.0,0.0,0.0,0.0,0.0,0.0,0.0,0.0,0.0,0.0,0.0,0.0,0.0,0.0,0.0,0.0,0.0,0.0,0.0,0.0,0.0
1784671584.115944,314751.0095827,0,0,8,0,0,51.740003,0.791,56.65494134706892,286.6844189016237,174.04571713520124,56.65494134706891,286.68441890162376,286.68441890162376,0.0,0.0,0.0,0.0,0.0,0.0,0.0,-56.65494134706892,0.0,0.0,-286.6844189016237,0.0,0.0,0.0,0.0,0.0,0.0,0.0,0.0,0,0,56.65494134706892,286.6844189016237,0.0,0.0,0.0,0.0,0.0,0.0,0.0,0.0,0.0,0.0,0.0,0.0,0.0,0.0,0.0,0.0,0.0,0.0,0.0,0.0,0.0,0.0,0.0,0.0,0.0,0.0,0.0,0.0,0.0
1784671584.1182923,314751.0119314,0,0,8,0,0,51.742503,0.874,57.34785758755414,286.6844189016237,173.57084827302575,57.34785758755414,286.68441890162376,286.68441890162376,0.0,0.0,0.0,0.0,0.0,0.0,0.0,-57.34785758755414,0.0,0.0,-286.6844189016237,0.0,0.0,0.0,0.0,0.0,0.0,0.0,0.0,0,0,57.34785758755414,286.6844189016237,0.0,0.0,0.0,0.0,0.0,0.0,0.0,0.0,0.0,0.0,0.0,0.0,0.0,0.0,0.0,0.0,0.0,0.0,0.0,0.0,0.0,0.0,0.0,0.0,0.0,0.0,0.0,0.0,0.0
1784671584.1208043,314751.0144457,0,0,8,0,0,51.745004,0.988,58.03217329547232,286.6844189016237,172.26674993374016,58.03217329547232,286.68441890162376,286.68441890162376,0.0,0.0,0.0,0.0,0.0,0.0,0.0,-58.03217329547232,0.0,0.0,-286.6844189016237,0.0,0.0,0.0,0.0,0.0,0.0,0.0,0.0,0,0,58.03217329547232,286.6844189016237,0.0,0.0,0.0,0.0,0.0,0.0,0.0,0.0,0.0,0.0,0.0,0.0,0.0,0.0,0.0,0.0,0.0,0.0,0.0,0.0,0.0,0.0,0.0,0.0,0.0,0.0,0.0,0.0,0.0
1784671584.1233463,314751.0169861,0,0,8,0,0,51.747503,1.088,58.71992921641731,286.6844189016237,172.35155939175473,58.71992921641732,286.68441890162376,286.68441890162376,0.0,0.0,0.0,0.0,0.0,0.0,0.0,-58.71992921641731,0.0,0.0,-286.6844189016237,0.0,0.0,0.0,0.0,0.0,0.0,0.0,0.0,0,0,58.71992921641731,286.6844189016237,0.0,0.0,0.0,0.0,0.0,0.0,0.0,0.0,0.0,0.0,0.0,0.0,0.0,0.0,0.0,0.0,0.0,0.0,0.0,0.0,0.0,0.0,0.0,0.0,0.0,0.0,0.0,0.0,0.0
1784671584.1259017,314751.0195398,0,0,8,0,0,51.750004,1.186,59.408831875037926,286.6844189016237,175.35837032437806,59.40883187503792,286.68441890162376,286.68441890162376,0.0,0.0,0.0,0.0,0.0,0.0,0.0,-59.408831875037926,0.0,0.0,-286.6844189016237,0.0,0.0,0.0,0.0,0.0,0.0,0.0,0.0,0,0,59.408831875037926,286.6844189016237,0.0,0.0,0.0,0.0,0.0,0.0,0.0,0.0,0.0,0.0,0.0,0.0,0.0,0.0,0.0,0.0,0.0,0.0,0.0,0.0,0.0,0.0,0.0,0.0,0.0,0.0,0.0,0.0,0.0
1784671584.1284893,314751.0221262,0,0,8,0,0,51.752504,0.079,60.44290257401608,286.6844189016237,174.720317212297,60.44290257401607,286.68441890162376,286.68441890162376,0.0,0.0,0.0,0.0,0.0,0.0,0.0,-60.44290257401608,0.0,0.0,-286.6844189016237,0.0,0.0,0.0,0.0,0.0,0.0,0.0,0.0,0,0,60.44290257401608,286.6844189016237,0.0,0.0,0.0,0.0,0.0,0.0,0.0,0.0,0.0,0.0,0.0,0.0,0.0,0.0,0.0,0.0,0.0,0.0,0.0,0.0,0.0,0.0,0.0,0.0,0.0,0.0,0.0,0.0,0.0
1784671584.1308074,314751.0244458,0,0,8,0,0,51.755027,0.21,61.12865170402876,286.6844189016237,175.4713373495125,61.12865170402876,286.68441890162376,286.68441890162376,0.0,0.0,0.0,0.0,0.0,0.0,0.0,-61.12865170402876,0.0,0.0,-286.6844189016237,0.0,0.0,0.0,0.0,0.0,0.0,0.0,0.0,0,0,61.12865170402876,286.6844189016237,0.0,0.0,0.0,0.0,0.0,0.0,0.0,0.0,0.0,0.0,0.0,0.0,0.0,0.0,0.0,0.0,0.0,0.0,0.0,0.0,0.0,0.0,0.0,0.0,0.0,0.0,0.0,0.0,0.0
1784671584.1332223,314751.026862,0,0,8,0,0,51.757503,0.282,61.81784104706826,286.6844189016237,174.7368869072193,61.81784104706826,286.68441890162376,286.68441890162376,0.0,0.0,0.0,0.0,0.0,0.0,0.0,-61.81784104706826,0.0,0.0,-286.6844189016237,0.0,0.0,0.0,0.0,0.0,0.0,0.0,0.0,0,0,61.81784104706826,286.6844189016237,0.0,0.0,0.0,0.0,0.0,0.0,0.0,0.0,0.0,0.0,0.0,0.0,0.0,0.0,0.0,0.0,0.0,0.0,0.0,0.0,0.0,0.0,0.0,0.0,0.0,0.0,0.0,0.0,0.0
1784671584.1423068,314751.0359447,0,0,8,0,0,51.760003,0.37,62.50932386545898,286.6844189016237,170.78221579630937,62.50932386545898,286.68441890162376,286.68441890162376,0.0,0.0,0.0,0.0,0.0,0.0,0.0,-62.50932386545898,0.0,0.0,-286.6844189016237,0.0,0.0,0.0,0.0,0.0,0.0,0.0,0.0,0,0,62.50932386545898,286.6844189016237,0.0,0.0,0.0,0.0,0.0,0.0,0.0,0.0,0.0,0.0,0.0,0.0,0.0,0.0,0.0,0.0,0.0,0.0,0.0,0.0,0.0,0.0,0.0,0.0,0.0,0.0,0.0,0.0,0.0
1784671584.144517,314751.0381541,0,0,8,0,0,51.762502,0.48,63.19421294221495,286.6844189016237,173.35013660592696,63.19421294221495,286.68441890162376,286.68441890162376,0.0,0.0,0.0,0.0,0.0,0.0,0.0,-63.19421294221495,0.0,0.0,-286.6844189016237,0.0,0.0,0.0,0.0,0.0,0.0,0.0,0.0,0,0,63.19421294221495,286.6844189016237,0.0,0.0,0.0,0.0,0.0,0.0,0.0,0.0,0.0,0.0,0.0,0.0,0.0,0.0,0.0,0.0,0.0,0.0,0.0,0.0,0.0,0.0,0.0,0.0,0.0,0.0,0.0,0.0,0.0
1784671584.145267,314751.0389062,0,0,8,0,0,51.765003,0.571,63.88512239176786,286.6844189016237,173.83636713717365,63.88512239176786,286.68441890162376,286.68441890162376,0.0,0.0,0.0,0.0,0.0,0.0,0.0,-63.88512239176786,0.0,0.0,-286.6844189016237,0.0,0.0,0.0,0.0,0.0,0.0,0.0,0.0,0,0,63.88512239176786,286.6844189016237,0.0,0.0,0.0,0.0,0.0,0.0,0.0,0.0,0.0,0.0,0.0,0.0,0.0,0.0,0.0,0.0,0.0,0.0,0.0,0.0,0.0,0.0,0.0,0.0,0.0,0.0,0.0,0.0,0.0
1784671584.1454697,314751.0391109,0,0,8,0,0,51.767528,0.704,64.57087152178055,286.6844189016237,173.3288842001911,64.57087152178055,286.68441890162376,286.68441890162376,0.0,0.0,0.0,0.0,0.0,0.0,0.0,-64.57087152178055,0.0,0.0,-286.6844189016237,0.0,0.0,0.0,0.0,0.0,0.0,0.0,0.0,0,0,64.57087152178055,286.6844189016237,0.0,0.0,0.0,0.0,0.0,0.0,0.0,0.0,0.0,0.0,0.0,0.0,0.0,0.0,0.0,0.0,0.0,0.0,0.0,0.0,0.0,0.0,0.0,0.0,0.0,0.0,0.0,0.0,0.0
1784671584.1465926,314751.0402309,0,0,8,0,0,51.770003,0.778,65.25920081156335,286.6844189016237,174.35373719637676,65.25920081156333,286.68441890162376,286.68441890162376,0.0,0.0,0.0,0.0,0.0,0.0,0.0,-65.25920081156335,0.0,0.0,-286.6844189016237,0.0,0.0,0.0,0.0,0.0,0.0,0.0,0.0,0,0,65.25920081156335,286.6844189016237,0.0,0.0,0.0,0.0,0.0,0.0,0.0,0.0,0.0,0.0,0.0,0.0,0.0,0.0,0.0,0.0,0.0,0.0,0.0,0.0,0.0,0.0,0.0,0.0,0.0,0.0,0.0,0.0,0.0
1784671584.148832,314751.0424702,0,0,8,0,0,51.772503,0.878,65.94724341692724,286.6844189016237,176.0264546852591,65.94724341692724,286.68441890162376,286.68441890162376,0.0,0.0,0.0,0.0,0.0,0.0,0.0,-65.94724341692724,0.0,0.0,-286.6844189016237,0.0,0.0,0.0,0.0,0.0,0.0,0.0,0.0,0,0,65.94724341692724,286.6844189016237,0.0,0.0,0.0,0.0,0.0,0.0,0.0,0.0,0.0,0.0,0.0,0.0,0.0,0.0,0.0,0.0,0.0,0.0,0.0,0.0,0.0,0.0,0.0,0.0,0.0,0.0,0.0,0.0,0.0
1784671584.1509154,314751.0445528,0,0,8,0,0,51.775002,0.974,66.63614607554783,286.6844189016237,178.76946384994633,66.63614607554783,286.68441890162376,286.68441890162376,0.0,0.0,0.0,0.0,0.0,0.0,0.0,-66.63614607554783,0.0,0.0,-286.6844189016237,0.0,0.0,0.0,0.0,0.0,0.0,0.0,0.0,0,0,66.63614607554783,286.6844189016237,0.0,0.0,0.0,0.0,0.0,0.0,0.0,0.0,0.0,0.0,0.0,0.0,0.0,0.0,0.0,0.0,0.0,0.0,0.0,0.0,0.0,0.0,0.0,0.0,0.0,0.0,0.0,0.0,0.0
1784671584.1617792,314751.0554169,0,0,8,0,0,51.777505,1.078,67.32390199649282,286.6844189016237,173.27062944084275,67.32390199649282,286.68441890162376,286.68441890162376,0.0,0.0,0.0,0.0,0.0,0.0,0.0,-67.32390199649282,0.0,0.0,-286.6844189016237,0.0,0.0,0.0,0.0,0.0,0.0,0.0,0.0,0,0,67.32390199649282,286.6844189016237,0.0,0.0,0.0,0.0,0.0,0.0,0.0,0.0,0.0,0.0,0.0,0.0,0.0,0.0,0.0,0.0,0.0,0.0,0.0,0.0,0.0,0.0,0.0,0.0,0.0,0.0,0.0,0.0,0.0
1784671584.1619897,314751.0556306,0,0,8,0,0,51.780003,1.175,68.01223128627562,286.6844189016237,177.17933580756107,68.01223128627562,286.68441890162376,286.68441890162376,0.0,0.0,0.0,0.0,0.0,0.0,0.0,-68.01223128627562,0.0,0.0,-286.6844189016237,0.0,0.0,0.0,0.0,0.0,0.0,0.0,0.0,0,0,68.01223128627562,286.6844189016237,0.0,0.0,0.0,0.0,0.0,0.0,0.0,0.0,0.0,0.0,0.0,0.0,0.0,0.0,0.0,0.0,0.0,0.0,0.0,0.0,0.0,0.0,0.0,0.0,0.0,0.0,0.0,0.0,0.0
1784671584.1621218,314751.0557631,0,0,8,0,0,51.782504,0.068,69.04658866967267,286.6844189016237,175.16962212473027,69.04658866967267,286.68441890162376,286.68441890162376,0.0,0.0,0.0,0.0,0.0,0.0,0.0,-69.04658866967267,0.0,0.0,-286.6844189016237,0.0,0.0,0.0,0.0,0.0,0.0,0.0,0.0,0,0,69.04658866967267,286.6844189016237,0.0,0.0,0.0,0.0,0.0,0.0,0.0,0.0,0.0,0.0,0.0,0.0,0.0,0.0,0.0,0.0,0.0,0.0,0.0,0.0,0.0,0.0,0.0,0.0,0.0,0.0,0.0,0.0,0.0
1784671584.1622553,314751.0558966,0,0,8,0,0,51.785004,0.174,69.73291116852315,286.6844189016237,178.2309728903783,69.73291116852315,286.68441890162376,286.68441890162376,0.0,0.0,0.0,0.0,0.0,0.0,0.0,-69.73291116852315,0.0,0.0,-286.6844189016237,0.0,0.0,0.0,0.0,0.0,0.0,0.0,0.0,0,0,69.73291116852315,286.6844189016237,0.0,0.0,0.0,0.0,0.0,0.0,0.0,0.0,0.0,0.0,0.0,0.0,0.0,0.0,0.0,0.0,0.0,0.0,0.0,0.0,0.0,0.0,0.0,0.0,0.0,0.0,0.0,0.0,0.0
1784671584.1645665,314751.0582047,0,0,8,0,0,51.787502,0.262,70.42382061807605,286.6844189016237,174.6829047757643,70.42382061807606,286.68441890162376,286.68441890162376,0.0,0.0,0.0,0.0,0.0,0.0,0.0,-70.42382061807605,0.0,0.0,-286.6844189016237,0.0,0.0,0.0,0.0,0.0,0.0,0.0,0.0,0,0,70.42382061807605,286.6844189016237,0.0,0.0,0.0,0.0,0.0,0.0,0.0,0.0,0.0,0.0,0.0,0.0,0.0,0.0,0.0,0.0,0.0,0.0,0.0,0.0,0.0,0.0,0.0,0.0,0.0,0.0,0.0,0.0,0.0
1784671584.1659648,314751.0596027,0,0,8,0,0,51.790002,0.368,71.11014311692654,286.6844189016237,176.18162700442252,71.11014311692654,286.68441890162376,286.68441890162376,0.0,0.0,0.0,0.0,0.0,0.0,0.0,-71.11014311692654,0.0,0.0,-286.6844189016237,0.0,0.0,0.0,0.0,0.0,0.0,0.0,0.0,0,0,71.11014311692654,286.6844189016237,0.0,0.0,0.0,0.0,0.0,0.0,0.0,0.0,0.0,0.0,0.0,0.0,0.0,0.0,0.0,0.0,0.0,0.0,0.0,0.0,0.0,0.0,0.0,0.0,0.0,0.0,0.0,0.0,0.0
1784671584.1682467,314751.0618863,0,0,8,0,0,51.792502,0.4609999999999999,71.80123349743668,286.6103289416798,179.38893753072674,71.80123349743668,286.5444191853978,286.6103289416799,0.0,0.0,0.0,0.0,0.0,0.0,0.0,-71.80123349743668,0.0,0.0,-286.6103289416798,0.0,0.0,0.0,0.0,0.0,0.0,0.0,0.0,0,0,71.80123349743668,286.6103289416798,0.0,0.0,0.0,0.0,0.0,0.0,0.0,0.0,0.0,0.0,0.0,0.0,0.0,0.0,0.0,0.0,0.0,0.0,0.0,0.0,0.0,0.0,0.0,0.0,0.0,0.0,0.0,0.0,0.0
1784671584.1712177,314751.0648569,0,0,8,0,0,51.795002,0.558,72.48611601730042,282.5177242318005,175.97800982297989,72.48611601730042,279.76318293070494,282.51772423180057,0.0,0.0,0.0,0.0,0.0,0.0,0.0,-72.48611601730042,0.0,0.0,-282.5177242318005,0.0,0.0,0.0,0.0,0.0,0.0,0.0,0.0,0,0,72.48611601730042,282.5177242318005,0.0,0.0,0.0,0.0,0.0,0.0,0.0,0.0,0.0,0.0,0.0,0.0,0.0,0.0,0.0,0.0,0.0,0.0,0.0,0.0,0.0,0.0,0.0,0.0,0.0,0.0,0.0,0.0,0.0
1784671584.1825604,314751.0761979,0,0,8,0,0,51.797503,0.6669999999999999,73.14287503935381,269.3586173498108,175.67170961913396,73.1428750393538,261.65946962624093,269.3586173498108,0.0,0.0,0.0,0.0,0.0,0.0,0.0,-73.14287503935381,0.0,0.0,-269.3586173498108,0.0,0.0,0.0,0.0,0.0,0.0,0.0,0.0,0,0,73.14287503935381,269.3586173498108,0.0,0.0,0.0,0.0,0.0,0.0,0.0,0.0,0.0,0.0,0.0,0.0,0.0,0.0,0.0,0.0,0.0,0.0,0.0,0.0,0.0,0.0,0.0,0.0,0.0,0.0,0.0,0.0,0.0
1784671584.182929,314751.076569,0,0,8,0,0,51.800004,0.769,73.77259584132362,257.78082329819034,-179.34661202550672,73.77259584132364,251.05449112212764,257.78082329819034,0.0,0.0,0.0,0.0,0.0,0.0,0.0,-73.77259584132362,0.0,0.0,-257.78082329819034,0.0,0.0,0.0,0.0,0.0,0.0,0.0,0.0,0,0,73.77259584132362,257.78082329819034,0.0,0.0,0.0,0.0,0.0,0.0,0.0,0.0,0.0,0.0,0.0,0.0,0.0,0.0,0.0,0.0,0.0,0.0,0.0,0.0,0.0,0.0,0.0,0.0,0.0,0.0,0.0,0.0,0.0
1784671584.1832526,314751.0768926,0,0,8,0,0,51.802504,0.864,74.37645414489013,246.0390347929952,177.5753346827777,74.37645414489013,238.75201605877507,246.0390347929952,0.0,0.0,0.0,0.0,0.0,0.0,0.0,-74.37645414489013,0.0,0.0,-246.0390347929952,0.0,0.0,0.0,0.0,0.0,0.0,0.0,0.0,0,0,74.37645414489013,246.0390347929952,0.0,0.0,0.0,0.0,0.0,0.0,0.0,0.0,0.0,0.0,0.0,0.0,0.0,0.0,0.0,0.0,0.0,0.0,0.0,0.0,0.0,0.0,0.0,0.0,0.0,0.0,0.0,0.0,0.0
1784671584.1835463,314751.0771865,0,0,8,0,0,51.805004,0.964,74.94911499973247,233.11996149372888,173.41187916011424,74.94911499973247,225.02329388637096,233.11996149372888,0.0,0.0,0.0,0.0,0.0,0.0,0.0,-74.94911499973247,0.0,0.0,-233.11996149372888,0.0,0.0,0.0,0.0,0.0,0.0,0.0,0.0,0,0,74.94911499973247,233.11996149372888,0.0,0.0,0.0,0.0,0.0,0.0,0.0,0.0,0.0,0.0,0.0,0.0,0.0,0.0,0.0,0.0,0.0,0.0,0.0,0.0,0.0,0.0,0.0,0.0,0.0,0.0,0.0,0.0,0.0
1784671584.185216,314751.0788571,0,0,8,0,0,51.807503,1.059,75.49145680942819,220.4412604803477,178.78036623200964,75.49145680942819,212.9395683796214,220.44126048034764,0.0,0.0,0.0,0.0,0.0,0.0,0.0,-75.49145680942819,0.0,0.0,-220.4412604803477,0.0,0.0,0.0,0.0,0.0,0.0,0.0,0.0,0,0,75.49145680942819,220.4412604803477,0.0,0.0,0.0,0.0,0.0,0.0,0.0,0.0,0.0,0.0,0.0,0.0,0.0,0.0,0.0,0.0,0.0,0.0,0.0,0.0,0.0,0.0,0.0,0.0,0.0,0.0,0.0,0.0,0.0
1784671584.1873226,314751.0809623,0,0,8,0,0,51.810004,1.162,75.99868438050414,207.46676337532384,-179.26430008875442,75.99868438050414,201.90584074456623,207.46676337532384,0.0,0.0,0.0,0.0,0.0,0.0,0.0,-75.99868438050414,0.0,0.0,-207.46676337532384,0.0,0.0,0.0,0.0,0.0,0.0,0.0,0.0,0,0,75.99868438050414,207.46676337532384,0.0,0.0,0.0,0.0,0.0,0.0,0.0,0.0,0.0,0.0,0.0,0.0,0.0,0.0,0.0,0.0,0.0,0.0,0.0,0.0,0.0,0.0,0.0,0.0,0.0,0.0,0.0,0.0,0.0
1784671584.1882415,314751.0818803,0,0,8,0,0,51.812504,0.054,76.70427626866712,187.77244211210356,175.16338928754345,76.70427626866712,181.56213198048752,187.77244211210356,0.0,0.0,0.0,0.0,0.0,0.0,0.0,-76.70427626866712,0.0,0.0,-187.77244211210356,0.0,0.0,0.0,0.0,0.0,0.0,0.0,0.0,0,0,76.70427626866712,187.77244211210356,0.0,0.0,0.0,0.0,0.0,0.0,0.0,0.0,0.0,0.0,0.0,0.0,0.0,0.0,0.0,0.0,0.0,0.0,0.0,0.0,0.0,0.0,0.0,0.0,0.0,0.0,0.0,0.0,0.0
1784671584.190982,314751.0846186,0,0,8,0,0,51.815003,0.161,77.12994504506774,173.42219513437578,178.21836174317704,77.12994504506774,167.01091147525614,173.42219513437578,0.0,0.0,0.0,0.0,0.0,0.0,0.0,-77.12994504506774,0.0,0.0,-173.42219513437578,0.0,0.0,0.0,0.0,0.0,0.0,0.0,0.0,0,0,77.12994504506774,173.42219513437578,0.0,0.0,0.0,0.0,0.0,0.0,0.0,0.0,0.0,0.0,0.0,0.0,0.0,0.0,0.0,0.0,0.0,0.0,0.0,0.0,0.0,0.0,0.0,0.0,0.0,0.0,0.0,0.0,0.0
1784671584.1943972,314751.0880348,0,0,8,0,0,51.817504,0.248,77.52569413921069,159.58398795349012,-179.31753114451914,77.52569413921069,153.57968869983213,159.58398795349012,0.0,0.0,0.0,0.0,0.0,0.0,0.0,-77.52569413921069,0.0,0.0,-159.58398795349012,0.0,0.0,0.0,0.0,0.0,0.0,0.0,0.0,0,0,77.52569413921069,159.58398795349012,0.0,0.0,0.0,0.0,0.0,0.0,0.0,0.0,0.0,0.0,0.0,0.0,0.0,0.0,0.0,0.0,0.0,0.0,0.0,0.0,0.0,0.0,0.0,0.0,0.0,0.0,0.0,0.0,0.0
1784671584.1958237,314751.0894624,0,0,8,0,0,51.820002,0.352,77.8864904434248,146.48062315126114,-178.52837832085083,77.88649044342479,140.62096496667058,146.48062315126114,0.0,0.0,0.0,0.0,0.0,0.0,0.0,-77.8864904434248,0.0,0.0,-146.48062315126114,0.0,0.0,0.0,0.0,0.0,0.0,0.0,0.0,0,0,77.8864904434248,146.48062315126114,0.0,0.0,0.0,0.0,0.0,0.0,0.0,0.0,0.0,0.0,0.0,0.0,0.0,0.0,0.0,0.0,0.0,0.0,0.0,0.0,0.0,0.0,0.0,0.0,0.0,0.0,0.0,0.0,0.0
1784671584.198226,314751.0918652,0,0,8,0,0,51.822504,0.448,78.21747144954986,133.2834869389131,179.4597268646854,78.21747144954986,127.33849188973662,133.2834869389131,0.0,0.0,0.0,0.0,0.0,0.0,0.0,-78.21747144954986,0.0,0.0,-133.2834869389131,0.0,0.0,0.0,0.0,0.0,0.0,0.0,0.0,0,0,78.21747144954986,133.2834869389131,0.0,0.0,0.0,0.0,0.0,0.0,0.0,0.0,0.0,0.0,0.0,0.0,0.0,0.0,0.0,0.0,0.0,0.0,0.0,0.0,0.0,0.0,0.0,0.0,0.0,0.0,0.0,0.0,0.0
1784671584.2023988,314751.096037,0,0,8,0,0,51.825002,0.546,78.51419297298271,119.7123419499222,178.07528010031484,78.51419297298271,113.58351977054016,119.7123419499222,0.0,0.0,0.0,0.0,0.0,0.0,0.0,-78.51419297298271,0.0,0.0,-119.7123419499222,0.0,0.0,0.0,0.0,0.0,0.0,0.0,0.0,0,0,78.51419297298271,119.7123419499222,0.0,0.0,0.0,0.0,0.0,0.0,0.0,0.0,0.0,0.0,0.0,0.0,0.0,0.0,0.0,0.0,0.0,0.0,0.0,0.0,0.0,0.0,0.0,0.0,0.0,0.0,0.0,0.0,0.0
1784671584.203467,314751.0971064,0,0,8,0,0,51.827503,0.646,78.76558768140494,100.3087546678304,176.42901676996553,78.76558768140494,92.47856254948302,100.30875466783036,0.0,0.0,0.0,0.0,0.0,0.0,0.0,-78.76558768140494,0.0,0.0,-100.3087546678304,0.0,0.0,0.0,0.0,0.0,0.0,0.0,0.0,0,0,78.76558768140494,100.3087546678304,0.0,0.0,0.0,0.0,0.0,0.0,0.0,0.0,0.0,0.0,0.0,0.0,0.0,0.0,0.0,0.0,0.0,0.0,0.0,0.0,0.0,0.0,0.0,0.0,0.0,0.0,0.0,0.0,0.0
1784671584.205757,314751.0993976,0,0,8,0,0,51.830004,0.752,78.97727503237147,84.59036445605513,176.54943895032818,78.97727503237147,77.80484229255397,84.59036445605513,0.0,0.0,0.0,0.0,0.0,0.0,0.0,-78.97727503237147,0.0,0.0,-84.59036445605513,0.0,0.0,0.0,0.0,0.0,0.0,0.0,0.0,0,0,78.97727503237147,84.59036445605513,0.0,0.0,0.0,0.0,0.0,0.0,0.0,0.0,0.0,0.0,0.0,0.0,0.0,0.0,0.0,0.0,0.0,0.0,0.0,0.0,0.0,0.0,0.0,0.0,0.0,0.0,0.0,0.0,0.0
1784671584.2087035,314751.1023421,0,0,8,0,0,51.832503,0.8540000000000001,79.1525852807793,69.3416568746858,175.86086739665225,79.1525852807793,62.57112317072126,69.3416568746858,0.0,0.0,0.0,0.0,0.0,0.0,0.0,-79.1525852807793,0.0,0.0,-69.3416568746858,0.0,0.0,0.0,0.0,0.0,0.0,0.0,0.0,0,0,79.1525852807793,69.3416568746858,0.0,0.0,0.0,0.0,0.0,0.0,0.0,0.0,0.0,0.0,0.0,0.0,0.0,0.0,0.0,0.0,0.0,0.0,0.0,0.0,0.0,0.0,0.0,0.0,0.0,0.0,0.0,0.0,0.0
1784671584.212498,314751.1061356,0,0,8,0,0,51.835004,0.954,79.29184850419162,54.19760886339372,176.25600095216075,79.2918485041916,47.42490387152976,54.19760886339372,0.0,0.0,0.0,0.0,0.0,0.0,0.0,-79.29184850419162,0.0,0.0,-54.19760886339372,0.0,0.0,0.0,0.0,0.0,0.0,0.0,0.0,0,0,79.29184850419162,54.19760886339372,0.0,0.0,0.0,0.0,0.0,0.0,0.0,0.0,0.0,0.0,0.0,0.0,0.0,0.0,0.0,0.0,0.0,0.0,0.0,0.0,0.0,0.0,0.0,0.0,0.0,0.0,0.0,0.0,0.0
1784671584.2138305,314751.1074688,0,0,8,0,0,51.837504,1.052,79.394895833667,39.1940531320907,177.53569232154754,79.394895833667,32.59368393384656,39.1940531320907,0.0,0.0,0.0,0.0,0.0,0.0,0.0,-79.394895833667,0.0,0.0,-39.1940531320907,0.0,0.0,0.0,0.0,0.0,0.0,0.0,0.0,0,0,79.394895833667,39.1940531320907,0.0,0.0,0.0,0.0,0.0,0.0,0.0,0.0,0.0,0.0,0.0,0.0,0.0,0.0,0.0,0.0,0.0,0.0,0.0,0.0,0.0,0.0,0.0,0.0,0.0,0.0,0.0,0.0,0.0
1784671584.2163012,314751.1099411,0,0,8,0,0,51.840003,1.152,79.4581739727894,20.916395755672937,179.66040893082132,79.4581739727894,11.173727351281087,20.916395755672937,0.0,0.0,0.0,0.0,0.0,0.0,0.0,-79.4581739727894,0.0,0.0,-20.916395755672937,0.0,0.0,0.0,0.0,0.0,0.0,0.0,0.0,0,0,79.4581739727894,20.916395755672937,0.0,0.0,0.0,0.0,0.0,0.0,0.0,0.0,0.0,0.0,0.0,0.0,0.0,0.0,0.0,0.0,0.0,0.0,0.0,0.0,0.0,0.0,0.0,0.0,0.0,0.0,0.0,0.0,0.0
1784671584.219482,314751.1131197,0,0,8,0,0,51.842504,0.043,79.48591770427471,1.3171176001116154,-178.1039046547879,79.48591770427471,-2.782494359990122,1.3171176001116154,0.0,0.0,0.0,0.0,0.0,0.0,0.0,-79.48591770427471,0.0,0.0,-1.3171176001116154,0.0,0.0,0.0,0.0,0.0,0.0,0.0,0.0,0,0,79.48591770427471,1.3171176001116154,0.0,0.0,0.0,0.0,0.0,0.0,0.0,0.0,0.0,0.0,0.0,0.0,0.0,0.0,0.0,0.0,0.0,0.0,0.0,0.0,0.0,0.0,0.0,0.0,0.0,0.0,0.0,0.0,0.0
1784671584.2207212,314751.1143602,0,0,8,0,0,51.845003,0.1369999999999999,79.46100996739113,-12.5839325793244,-177.55399899941395,79.46100996739113,-16.519966514658336,-12.583932579324395,0.0,0.0,0.0,0.0,0.0,0.0,0.0,-79.46100996739113,0.0,0.0,12.5839325793244,0.0,0.0,0.0,0.0,0.0,0.0,0.0,0.0,0,0,79.46100996739113,-12.5839325793244,0.0,0.0,0.0,0.0,0.0,0.0,0.0,0.0,0.0,0.0,0.0,0.0,0.0,0.0,0.0,0.0,0.0,0.0,0.0,0.0,0.0,0.0,0.0,0.0,0.0,0.0,0.0,0.0,0.0
1784671584.223265,314751.1169047,0,0,8,0,0,51.847468,0.211,79.39920714930112,-29.83554797966233,-175.99198252390767,79.39920714930112,-36.93367513685001,-29.83554797966233,0.0,0.0,0.0,0.0,0.0,0.0,0.0,-79.39920714930112,0.0,0.0,29.83554797966233,0.0,0.0,0.0,0.0,0.0,0.0,0.0,0.0,0,0,79.39920714930112,-29.83554797966233,0.0,0.0,0.0,0.0,0.0,0.0,0.0,0.0,0.0,0.0,0.0,0.0,0.0,0.0,0.0,0.0,0.0,0.0,0.0,0.0,0.0,0.0,0.0,0.0,0.0,0.0,0.0,0.0,0.0
1784671584.226032,314751.1196694,0,0,8,0,0,51.850003,0.346,79.30202109527244,-43.9870596518035,-175.1943064960941,79.30202109527244,-50.18114828472751,-43.98705965180349,0.0,0.0,0.0,0.0,0.0,0.0,0.0,-79.30202109527244,0.0,0.0,43.9870596518035,0.0,0.0,0.0,0.0,0.0,0.0,0.0,0.0,0,0,79.30202109527244,-43.9870596518035,0.0,0.0,0.0,0.0,0.0,0.0,0.0,0.0,0.0,0.0,0.0,0.0,0.0,0.0,0.0,0.0,0.0,0.0,0.0,0.0,0.0,0.0,0.0,0.0,0.0,0.0,0.0,0.0,0.0
1784671584.2283983,314751.1220366,0,0,8,0,0,51.852503,0.437,79.1724672458909,-56.98826597081848,-172.60795716182085,79.1724672458909,-62.6761229578907,-56.98826597081849,0.0,0.0,0.0,0.0,0.0,0.0,0.0,-79.1724672458909,0.0,0.0,56.98826597081848,0.0,0.0,0.0,0.0,0.0,0.0,0.0,0.0,0,0,79.1724672458909,-56.98826597081848,0.0,0.0,0.0,0.0,0.0,0.0,0.0,0.0,0.0,0.0,0.0,0.0,0.0,0.0,0.0,0.0,0.0,0.0,0.0,0.0,0.0,0.0,0.0,0.0,0.0,0.0,0.0,0.0,0.0
1784671584.2318015,314751.1254402,0,0,8,0,0,51.855004,0.544,79.01333393424645,-69.64068898020882,-171.38872950180917,79.01333393424645,-75.30234736501569,-69.64068898020882,0.0,0.0,0.0,0.0,0.0,0.0,0.0,-79.01333393424645,0.0,0.0,69.64068898020882,0.0,0.0,0.0,0.0,0.0,0.0,0.0,0.0,0,0,79.01333393424645,-69.64068898020882,0.0,0.0,0.0,0.0,0.0,0.0,0.0,0.0,0.0,0.0,0.0,0.0,0.0,0.0,0.0,0.0,0.0,0.0,0.0,0.0,0.0,0.0,0.0,0.0,0.0,0.0,0.0,0.0,0.0
1784671584.233834,314751.1274725,0,0,8,0,0,51.857503,0.642,78.82347528082707,-82.19840168931448,-169.74736093734452,78.82347528082707,-87.77107209138653,-82.19840168931448,0.0,0.0,0.0,0.0,0.0,0.0,0.0,-78.82347528082707,0.0,0.0,82.19840168931448,0.0,0.0,0.0,0.0,0.0,0.0,0.0,0.0,0,0,78.82347528082707,-82.19840168931448,0.0,0.0,0.0,0.0,0.0,0.0,0.0,0.0,0.0,0.0,0.0,0.0,0.0,0.0,0.0,0.0,0.0,0.0,0.0,0.0,0.0,0.0,0.0,0.0,0.0,0.0,0.0,0.0,0.0
1784671584.23665,314751.130288,0,0,8,0,0,51.860004,0.744,78.6007703441678,-97.42153010589688,-168.6012697701291,78.6007703441678,-105.60353594566284,-97.42153010589688,0.0,0.0,0.0,0.0,0.0,0.0,0.0,-78.6007703441678,0.0,0.0,97.42153010589688,0.0,0.0,0.0,0.0,0.0,0.0,0.0,0.0,0,0,78.6007703441678,-97.42153010589688,0.0,0.0,0.0,0.0,0.0,0.0,0.0,0.0,0.0,0.0,0.0,0.0,0.0,0.0,0.0,0.0,0.0,0.0,0.0,0.0,0.0,0.0,0.0,0.0,0.0,0.0,0.0,0.0,0.0
1784671584.2538657,314751.1475024,0,0,8,0,0,51.862503,0.839,78.34636679824875,-109.91756641386516,-167.14243708918082,78.34636679824875,-117.18851246335755,-109.91756641386516,0.0,0.0,0.0,0.0,0.0,0.0,0.0,-78.34636679824875,0.0,0.0,109.91756641386516,0.0,0.0,0.0,0.0,0.0,0.0,0.0,0.0,0,0,78.34636679824875,-109.91756641386516,0.0,0.0,0.0,0.0,0.0,0.0,0.0,0.0,0.0,0.0,0.0,0.0,0.0,0.0,0.0,0.0,0.0,0.0,0.0,0.0,0.0,0.0,0.0,0.0,0.0,0.0,0.0,0.0,0.0
1784671584.254226,314751.1478658,0,0,8,0,0,51.865003,0.941,78.06393123887352,-121.82117226990906,-166.5782567503604,78.06393123887352,-129.02723846671176,-121.82117226990906,0.0,0.0,0.0,0.0,0.0,0.0,0.0,-78.06393123887352,0.0,0.0,121.82117226990906,0.0,0.0,0.0,0.0,0.0,0.0,0.0,0.0,0,0,78.06393123887352,-121.82117226990906,0.0,0.0,0.0,0.0,0.0,0.0,0.0,0.0,0.0,0.0,0.0,0.0,0.0,0.0,0.0,0.0,0.0,0.0,0.0,0.0,0.0,0.0,0.0,0.0,0.0,0.0,0.0,0.0,0.0
1784671584.254518,314751.1481583,0,0,8,0,0,51.867504,1.0399999999999998,77.75276289152382,-133.49607758548837,-166.2105321186299,77.7527628915238,-140.5334651440294,-133.49607758548837,0.0,0.0,0.0,0.0,0.0,0.0,0.0,-77.75276289152382,0.0,0.0,133.49607758548837,0.0,0.0,0.0,0.0,0.0,0.0,0.0,0.0,0,0,77.75276289152382,-133.49607758548837,0.0,0.0,0.0,0.0,0.0,0.0,0.0,0.0,0.0,0.0,0.0,0.0,0.0,0.0,0.0,0.0,0.0,0.0,0.0,0.0,0.0,0.0,0.0,0.0,0.0,0.0,0.0,0.0,0.0
1784671584.254823,314751.1484623,0,0,8,0,0,51.870004,1.137,77.41359573254971,-145.0853872445705,-165.2026254929916,77.41359573254971,-152.09219171493177,-145.0853872445705,0.0,0.0,0.0,0.0,0.0,0.0,0.0,-77.41359573254971,0.0,0.0,145.0853872445705,0.0,0.0,0.0,0.0,0.0,0.0,0.0,0.0,0,0,77.41359573254971,-145.0853872445705,0.0,0.0,0.0,0.0,0.0,0.0,0.0,0.0,0.0,0.0,0.0,0.0,0.0,0.0,0.0,0.0,0.0,0.0,0.0,0.0,0.0,0.0,0.0,0.0,0.0,0.0,0.0,0.0,0.0
1784671584.2550704,314751.1487096,0,0,8,0,0,51.872503,0.031,76.84490297868153,-163.6185626600091,-162.78090008620796,76.84490297868153,-168.70840803449542,-163.6185626600091,0.0,0.0,0.0,0.0,0.0,0.0,0.0,-76.84490297868153,0.0,0.0,163.6185626600091,0.0,0.0,0.0,0.0,0.0,0.0,0.0,0.0,0,0,76.84490297868153,-163.6185626600091,0.0,0.0,0.0,0.0,0.0,0.0,0.0,0.0,0.0,0.0,0.0,0.0,0.0,0.0,0.0,0.0,0.0,0.0,0.0,0.0,0.0,0.0,0.0,0.0,0.0,0.0,0.0,0.0,0.0
1784671584.2552276,314751.1488687,0,0,8,0,0,51.875003,0.128,76.4315966326588,-174.8001479562716,-164.30263862395043,76.4315966326588,-179.76838561634293,-174.8001479562716,0.0,0.0,0.0,0.0,0.0,0.0,0.0,-76.4315966326588,0.0,0.0,174.8001479562716,0.0,0.0,0.0,0.0,0.0,0.0,0.0,0.0,0,0,76.4315966326588,-174.8001479562716,0.0,0.0,0.0,0.0,0.0,0.0,0.0,0.0,0.0,0.0,0.0,0.0,0.0,0.0,0.0,0.0,0.0,0.0,0.0,0.0,0.0,0.0,0.0,0.0,0.0,0.0,0.0,0.0,0.0
1784671584.255365,314751.1490055,0,0,8,0,0,51.877481,0.212,75.99245228327266,-186.37075067338264,-165.83847026428103,75.99245228327266,-191.59836163743304,-186.37075067338264,0.0,0.0,0.0,0.0,0.0,0.0,0.0,-75.99245228327266,0.0,0.0,186.37075067338264,0.0,0.0,0.0,0.0,0.0,0.0,0.0,0.0,0,0,75.99245228327266,-186.37075067338264,0.0,0.0,0.0,0.0,0.0,0.0,0.0,0.0,0.0,0.0,0.0,0.0,0.0,0.0,0.0,0.0,0.0,0.0,0.0,0.0,0.0,0.0,0.0,0.0,0.0,0.0,0.0,0.0,0.0
1784671584.266652,314751.1602889,0,0,8,0,0,51.880004,0.328,75.5223984236826,-198.3402177141558,-167.7608631499943,75.5223984236826,-203.7345870377673,-198.3402177141558,0.0,0.0,0.0,0.0,0.0,0.0,0.0,-75.5223984236826,0.0,0.0,198.3402177141558,0.0,0.0,0.0,0.0,0.0,0.0,0.0,0.0,0,0,75.5223984236826,-198.3402177141558,0.0,0.0,0.0,0.0,0.0,0.0,0.0,0.0,0.0,0.0,0.0,0.0,0.0,0.0,0.0,0.0,0.0,0.0,0.0,0.0,0.0,0.0,0.0,0.0,0.0,0.0,0.0,0.0,0.0
1784671584.2668617,314751.1605026,0,0,8,0,0,51.882502,0.424,75.02492654513435,-210.63454266920272,-166.01989582384084,75.02492654513435,-216.0720620301763,-210.63454266920272,0.0,0.0,0.0,0.0,0.0,0.0,0.0,-75.02492654513435,0.0,0.0,210.63454266920272,0.0,0.0,0.0,0.0,0.0,0.0,0.0,0.0,0,0,75.02492654513435,-210.63454266920272,0.0,0.0,0.0,0.0,0.0,0.0,0.0,0.0,0.0,0.0,0.0,0.0,0.0,0.0,0.0,0.0,0.0,0.0,0.0,0.0,0.0,0.0,0.0,0.0,0.0,0.0,0.0,0.0,0.0
1784671584.2670586,314751.1606999,0,0,8,0,0,51.885002,0.523,74.50054401519526,-222.13719240265388,-164.57515301353615,74.50054401519525,-227.09703968296736,-222.13719240265388,0.0,0.0,0.0,0.0,0.0,0.0,0.0,-74.50054401519526,0.0,0.0,222.13719240265388,0.0,0.0,0.0,0.0,0.0,0.0,0.0,0.0,0,0,74.50054401519526,-222.13719240265388,0.0,0.0,0.0,0.0,0.0,0.0,0.0,0.0,0.0,0.0,0.0,0.0,0.0,0.0,0.0,0.0,0.0,0.0,0.0,0.0,0.0,0.0,0.0,0.0,0.0,0.0,0.0,0.0,0.0
1784671584.267192,314751.1608331,0,0,8,0,0,51.887503,0.624,73.94402195711706,-234.85613823750356,-166.47299687067206,73.94402195711706,-238.47201662632324,-234.8561382375035,0.0,0.0,0.0,0.0,0.0,0.0,0.0,-73.94402195711706,0.0,0.0,234.85613823750356,0.0,0.0,0.0,0.0,0.0,0.0,0.0,0.0,0,0,73.94402195711706,-234.85613823750356,0.0,0.0,0.0,0.0,0.0,0.0,0.0,0.0,0.0,0.0,0.0,0.0,0.0,0.0,0.0,0.0,0.0,0.0,0.0,0.0,0.0,0.0,0.0,0.0,0.0,0.0,0.0,0.0,0.0
1784671584.2676146,314751.1612533,0,0,8,0,0,51.89006,0.785,73.36015684311407,-249.0702311206844,-165.7358027822331,73.36015684311407,-257.0044790617291,-249.0702311206844,0.0,0.0,0.0,0.0,0.0,0.0,0.0,-73.36015684311407,0.0,0.0,249.0702311206844,0.0,0.0,0.0,0.0,0.0,0.0,0.0,0.0,0,0,73.36015684311407,-249.0702311206844,0.0,0.0,0.0,0.0,0.0,0.0,0.0,0.0,0.0,0.0,0.0,0.0,0.0,0.0,0.0,0.0,0.0,0.0,0.0,0.0,0.0,0.0,0.0,0.0,0.0,0.0,0.0,0.0,0.0
1784671584.2685146,314751.1621543,0,0,8,0,0,51.892503,0.83,72.73965888649947,-262.978285332531,-168.05877204461385,72.73965888649947,-268.8257051005551,-262.978285332531,0.0,0.0,0.0,0.0,0.0,0.0,0.0,-72.73965888649947,0.0,0.0,262.978285332531,0.0,0.0,0.0,0.0,0.0,0.0,0.0,0.0,0,0,72.73965888649947,-262.978285332531,0.0,0.0,0.0,0.0,0.0,0.0,0.0,0.0,0.0,0.0,0.0,0.0,0.0,0.0,0.0,0.0,0.0,0.0,0.0,0.0,0.0,0.0,0.0,0.0,0.0,0.0,0.0,0.0,0.0
1784671584.2708104,314751.1644476,0,0,8,0,0,51.895002,0.928,72.08917804722512,-274.65684261940123,-164.51418975776963,72.08917804722512,-279.63193319674315,-274.65684261940123,0.0,0.0,0.0,0.0,0.0,0.0,0.0,-72.08917804722512,0.0,0.0,274.65684261940123,0.0,0.0,0.0,0.0,0.0,0.0,0.0,0.0,0,0,72.08917804722512,-274.65684261940123,0.0,0.0,0.0,0.0,0.0,0.0,0.0,0.0,0.0,0.0,0.0,0.0,0.0,0.0,0.0,0.0,0.0,0.0,0.0,0.0,0.0,0.0,0.0,0.0,0.0,0.0,0.0,0.0,0.0
1784671584.2737577,314751.1673948,0,0,8,0,0,51.897504,1.027,71.41549626373133,-283.0913196209955,-167.7394567269613,71.41549626373133,-286.2906696997383,-283.0913196209955,0.0,0.0,0.0,0.0,0.0,0.0,0.0,-71.41549626373133,0.0,0.0,283.0913196209955,0.0,0.0,0.0,0.0,0.0,0.0,0.0,0.0,0,0,71.41549626373133,-283.0913196209955,0.0,0.0,0.0,0.0,0.0,0.0,0.0,0.0,0.0,0.0,0.0,0.0,0.0,0.0,0.0,0.0,0.0,0.0,0.0,0.0,0.0,0.0,0.0,0.0,0.0,0.0,0.0,0.0,0.0
1784671584.2759192,314751.1695573,0,0,8,0,0,51.900003,1.129,70.73355139357483,-285.8875494224068,-171.09448007069952,70.73355139357483,-286.68441890162376,-285.8875494224068,0.0,0.0,0.0,0.0,0.0,0.0,0.0,-70.73355139357483,0.0,0.0,285.8875494224068,0.0,0.0,0.0,0.0,0.0,0.0,0.0,0.0,0,0,70.73355139357483,-285.8875494224068,0.0,0.0,0.0,0.0,0.0,0.0,0.0,0.0,0.0,0.0,0.0,0.0,0.0,0.0,0.0,0.0,0.0,0.0,0.0,0.0,0.0,0.0,0.0,0.0,0.0,0.0,0.0,0.0,0.0
1784671584.27822,314751.1718606,0,0,8,0,0,51.902504,1.222,70.04614552800658,-286.5089082246851,-170.7498415767078,70.04614552800658,-286.68441890162376,-286.5089082246851,0.0,0.0,0.0,0.0,0.0,0.0,0.0,-70.04614552800658,0.0,0.0,286.5089082246851,0.0,0.0,0.0,0.0,0.0,0.0,0.0,0.0,0,0,70.04614552800658,-286.5089082246851,0.0,0.0,0.0,0.0,0.0,0.0,0.0,0.0,0.0,0.0,0.0,0.0,0.0,0.0,0.0,0.0,0.0,0.0,0.0,0.0,0.0,0.0,0.0,0.0,0.0,0.0,0.0,0.0,0.0
1784671584.2812028,314751.1748414,0,0,8,0,0,51.905002,0.115,69.01394941509697,-286.6661972310785,-170.56991890313233,69.01394941509697,-286.68441890162376,-286.6661972310785,0.0,0.0,0.0,0.0,0.0,0.0,0.0,-69.01394941509697,0.0,0.0,286.6661972310785,0.0,0.0,0.0,0.0,0.0,0.0,0.0,0.0,0,0,69.01394941509697,-286.6661972310785,0.0,0.0,0.0,0.0,0.0,0.0,0.0,0.0,0.0,0.0,0.0,0.0,0.0,0.0,0.0,0.0,0.0,0.0,0.0,0.0,0.0,0.0,0.0,0.0,0.0,0.0,0.0,0.0,0.0
1784671584.2908762,314751.1845134,0,0,8,0,0,51.907495,0.207,68.32563526381077,-286.68038788429567,-173.26859073330294,68.32563526381077,-286.68441890162376,-286.68038788429567,0.0,0.0,0.0,0.0,0.0,0.0,0.0,-68.32563526381077,0.0,0.0,286.68038788429567,0.0,0.0,0.0,0.0,0.0,0.0,0.0,0.0,0,0,68.32563526381077,-286.68038788429567,0.0,0.0,0.0,0.0,0.0,0.0,0.0,0.0,0.0,0.0,0.0,0.0,0.0,0.0,0.0,0.0,0.0,0.0,0.0,0.0,0.0,0.0,0.0,0.0,0.0,0.0,0.0,0.0,0.0
1784671584.2920318,314751.1856701,0,0,8,0,0,51.910003,0.314,67.63730932339925,-286.68352715568534,-168.71090952321205,67.63730932339925,-286.68441890162376,-286.68352715568534,0.0,0.0,0.0,0.0,0.0,0.0,0.0,-67.63730932339925,0.0,0.0,286.68352715568534,0.0,0.0,0.0,0.0,0.0,0.0,0.0,0.0,0,0,67.63730932339925,-286.68352715568534,0.0,0.0,0.0,0.0,0.0,0.0,0.0,0.0,0.0,0.0,0.0,0.0,0.0,0.0,0.0,0.0,0.0,0.0,0.0,0.0,0.0,0.0,0.0,0.0,0.0,0.0,0.0,0.0,0.0
1784671584.2922652,314751.1859058,0,0,8,0,0,51.912504,0.413,66.9486940893557,-286.6842217525507,-172.6023172903184,66.9486940893557,-286.68441890162376,-286.6842217525507,0.0,0.0,0.0,0.0,0.0,0.0,0.0,-66.9486940893557,0.0,0.0,286.6842217525507,0.0,0.0,0.0,0.0,0.0,0.0,0.0,0.0,0,0,66.9486940893557,-286.6842217525507,0.0,0.0,0.0,0.0,0.0,0.0,0.0,0.0,0.0,0.0,0.0,0.0,0.0,0.0,0.0,0.0,0.0,0.0,0.0,0.0,0.0,0.0,0.0,0.0,0.0,0.0,0.0,0.0,0.0
1784671584.2924335,314751.186075,0,0,8,0,0,51.915002,0.5109999999999999,66.26065164764789,-286.6843752606845,-170.85010517456865,66.26065164764789,-286.68441890162376,-286.6843752606845,0.0,0.0,0.0,0.0,0.0,0.0,0.0,-66.26065164764789,0.0,0.0,286.6843752606845,0.0,0.0,0.0,0.0,0.0,0.0,0.0,0.0,0,0,66.26065164764789,-286.6843752606845,0.0,0.0,0.0,0.0,0.0,0.0,0.0,0.0,0.0,0.0,0.0,0.0,0.0,0.0,0.0,0.0,0.0,0.0,0.0,0.0,0.0,0.0,0.0,0.0,0.0,0.0,0.0,0.0,0.0
1784671584.2932076,314751.1868465,0,0,8,0,0,51.917502,0.617,65.57432918496731,-286.68440920477343,-173.2610027666601,65.57432918496731,-286.68441890162376,-286.68440920477343,0.0,0.0,0.0,0.0,0.0,0.0,0.0,-65.57432918496731,0.0,0.0,286.68440920477343,0.0,0.0,0.0,0.0,0.0,0.0,0.0,0.0,0,0,65.57432918496731,-286.68440920477343,0.0,0.0,0.0,0.0,0.0,0.0,0.0,0.0,0.0,0.0,0.0,0.0,0.0,0.0,0.0,0.0,0.0,0.0,0.0,0.0,0.0,0.0,0.0,0.0,0.0,0.0,0.0,0.0,0.0
1784671584.295982,314751.1896203,0,0,8,0,0,51.920005,0.722,64.88685995648339,-286.6844167524289,-170.44057237917986,64.88685995648339,-286.68441890162376,-286.6844167524289,0.0,0.0,0.0,0.0,0.0,0.0,0.0,-64.88685995648339,0.0,0.0,286.6844167524289,0.0,0.0,0.0,0.0,0.0,0.0,0.0,0.0,0,0,64.88685995648339,-286.6844167524289,0.0,0.0,0.0,0.0,0.0,0.0,0.0,0.0,0.0,0.0,0.0,0.0,0.0,0.0,0.0,0.0,0.0,0.0,0.0,0.0,0.0,0.0,0.0,0.0,0.0,0.0,0.0,0.0,0.0
1784671584.2983167,314751.1919552,0,0,8,0,0,51.922503,0.815,64.19738393080783,-286.68441842737,-172.67634273310244,64.19738393080782,-286.68441890162376,-286.68441842737,0.0,0.0,0.0,0.0,0.0,0.0,0.0,-64.19738393080783,0.0,0.0,286.68441842737,0.0,0.0,0.0,0.0,0.0,0.0,0.0,0.0,0,0,64.19738393080783,-286.68441842737,0.0,0.0,0.0,0.0,0.0,0.0,0.0,0.0,0.0,0.0,0.0,0.0,0.0,0.0,0.0,0.0,0.0,0.0,0.0,0.0,0.0,0.0,0.0,0.0,0.0,0.0,0.0,0.0,0.0
1784671584.3016808,314751.1953198,0,0,8,0,0,51.925002,0.916,63.50991469467521,-286.68441879651084,-176.9036393084633,63.50991469467521,-286.68441890162376,-286.68441879651084,0.0,0.0,0.0,0.0,0.0,0.0,0.0,-63.50991469467521,0.0,0.0,286.68441879651084,0.0,0.0,0.0,0.0,0.0,0.0,0.0,0.0,0,0,63.50991469467521,-286.68441879651084,0.0,0.0,0.0,0.0,0.0,0.0,0.0,0.0,0.0,0.0,0.0,0.0,0.0,0.0,0.0,0.0,0.0,0.0,0.0,0.0,0.0,0.0,0.0,0.0,0.0,0.0,0.0,0.0,0.0
1784671584.3033714,314751.1970096,0,0,8,0,0,51.927503,1.015,62.82129872056067,-286.68441887838515,-173.4696794843788,62.82129872056067,-286.68441890162376,-286.68441887838515,0.0,0.0,0.0,0.0,0.0,0.0,0.0,-62.82129872056067,0.0,0.0,286.68441887838515,0.0,0.0,0.0,0.0,0.0,0.0,0.0,0.0,0,0,62.82129872056067,-286.68441887838515,0.0,0.0,0.0,0.0,0.0,0.0,0.0,0.0,0.0,0.0,0.0,0.0,0.0,0.0,0.0,0.0,0.0,0.0,0.0,0.0,0.0,0.0,0.0,0.0,0.0,0.0,0.0,0.0,0.0
1784671584.305771,314751.1994118,0,0,8,0,0,51.930003,1.113,62.13268274637824,-286.6844188964861,-174.8848742721271,62.13268274637824,-286.68441890162376,-286.6844188964861,0.0,0.0,0.0,0.0,0.0,0.0,0.0,-62.13268274637824,0.0,0.0,286.6844188964861,0.0,0.0,0.0,0.0,0.0,0.0,0.0,0.0,0,0,62.13268274637824,-286.6844188964861,0.0,0.0,0.0,0.0,0.0,0.0,0.0,0.0,0.0,0.0,0.0,0.0,0.0,0.0,0.0,0.0,0.0,0.0,0.0,0.0,0.0,0.0,0.0,0.0,0.0,0.0,0.0,0.0,0.0
1784671584.3083854,314751.2020222,0,0,8,0,0,51.932504,1.215,61.44492682543752,-286.6844189004857,-171.4862651722184,61.44492682543752,-286.68441890162376,-286.6844189004857,0.0,0.0,0.0,0.0,0.0,0.0,0.0,-61.44492682543752,0.0,0.0,286.6844189004857,0.0,0.0,0.0,0.0,0.0,0.0,0.0,0.0,0,0,61.44492682543752,-286.6844189004857,0.0,0.0,0.0,0.0,0.0,0.0,0.0,0.0,0.0,0.0,0.0,0.0,0.0,0.0,0.0,0.0,0.0,0.0,0.0,0.0,0.0,0.0,0.0,0.0,0.0,0.0,0.0,0.0,0.0
1784671584.3108275,314751.2044658,0,0,8,0,0,51.935001,0.102,60.40999607320373,-286.684418901506,-174.31444389489397,60.40999607320373,-286.68441890162376,-286.684418901506,0.0,0.0,0.0,0.0,0.0,0.0,0.0,-60.40999607320373,0.0,0.0,286.684418901506,0.0,0.0,0.0,0.0,0.0,0.0,0.0,0.0,0,0,60.40999607320373,-286.684418901506,0.0,0.0,0.0,0.0,0.0,0.0,0.0,0.0,0.0,0.0,0.0,0.0,0.0,0.0,0.0,0.0,0.0,0.0,0.0,0.0,0.0,0.0,0.0,0.0,0.0,0.0,0.0,0.0,0.0
1784671584.313486,314751.207124,0,0,8,0,0,51.937505,0.211,59.72338688993444,-286.6844189015976,-172.3275759894891,59.72338688993443,-286.68441890162376,-286.68441890159755,0.0,0.0,0.0,0.0,0.0,0.0,0.0,-59.72338688993444,0.0,0.0,286.6844189015976,0.0,0.0,0.0,0.0,0.0,0.0,0.0,0.0,0,0,59.72338688993444,-286.6844189015976,0.0,0.0,0.0,0.0,0.0,0.0,0.0,0.0,0.0,0.0,0.0,0.0,0.0,0.0,0.0,0.0,0.0,0.0,0.0,0.0,0.0,0.0,0.0,0.0,0.0,0.0,0.0,0.0,0.0
1784671584.3159606,314751.2095982,0,0,8,0,0,51.940003,0.313,59.03649102224615,-286.684418901618,-175.02304119180522,59.03649102224616,-286.68441890162376,-286.684418901618,0.0,0.0,0.0,0.0,0.0,0.0,0.0,-59.03649102224615,0.0,0.0,286.684418901618,0.0,0.0,0.0,0.0,0.0,0.0,0.0,0.0,0,0,59.03649102224615,-286.684418901618,0.0,0.0,0.0,0.0,0.0,0.0,0.0,0.0,0.0,0.0,0.0,0.0,0.0,0.0,0.0,0.0,0.0,0.0,0.0,0.0,0.0,0.0,0.0,0.0,0.0,0.0,0.0,0.0,0.0
1784671584.3184414,314751.2120776,0,0,8,0,0,51.942502,0.399,58.34472151943656,-286.68441890162245,-175.57219462289564,58.34472151943655,-286.68441890162376,-286.68441890162245,0.0,0.0,0.0,0.0,0.0,0.0,0.0,-58.34472151943656,0.0,0.0,286.68441890162245,0.0,0.0,0.0,0.0,0.0,0.0,0.0,0.0,0,0,58.34472151943656,-286.68441890162245,0.0,0.0,0.0,0.0,0.0,0.0,0.0,0.0,0.0,0.0,0.0,0.0,0.0,0.0,0.0,0.0,0.0,0.0,0.0,0.0,0.0,0.0,0.0,0.0,0.0,0.0,0.0,0.0,0.0
1784671584.3209996,314751.2146372,0,0,8,0,0,51.945002,0.508,57.65925907384277,-286.6844189016234,-175.0172199546782,57.65925907384277,-286.68441890162376,-286.6844189016234,0.0,0.0,0.0,0.0,0.0,0.0,0.0,-57.65925907384277,0.0,0.0,286.6844189016234,0.0,0.0,0.0,0.0,0.0,0.0,0.0,0.0,0,0,57.65925907384277,-286.6844189016234,0.0,0.0,0.0,0.0,0.0,0.0,0.0,0.0,0.0,0.0,0.0,0.0,0.0,0.0,0.0,0.0,0.0,0.0,0.0,0.0,0.0,0.0,0.0,0.0,0.0,0.0,0.0,0.0,0.0
1784671584.3237586,314751.2173967,0,0,8,0,0,51.947502,0.607,56.97092978405996,-286.6844189016237,-174.60214090553234,56.97092978405997,-286.68441890162376,-286.6844189016237,0.0,0.0,0.0,0.0,0.0,0.0,0.0,-56.97092978405996,0.0,0.0,286.6844189016237,0.0,0.0,0.0,0.0,0.0,0.0,0.0,0.0,0,0,56.97092978405996,-286.6844189016237,0.0,0.0,0.0,0.0,0.0,0.0,0.0,0.0,0.0,0.0,0.0,0.0,0.0,0.0,0.0,0.0,0.0,0.0,0.0,0.0,0.0,0.0,0.0,0.0,0.0,0.0,0.0,0.0,0.0
1784671584.326084,314751.2197188,0,0,8,0,0,51.950013,0.717,56.28260049427717,-286.6844189016237,-174.18600465913448,56.28260049427717,-286.68441890162376,-286.68441890162376,0.0,0.0,0.0,0.0,0.0,0.0,0.0,-56.28260049427717,0.0,0.0,286.6844189016237,0.0,0.0,0.0,0.0,0.0,0.0,0.0,0.0,0,0,56.28260049427717,-286.6844189016237,0.0,0.0,0.0,0.0,0.0,0.0,0.0,0.0,0.0,0.0,0.0,0.0,0.0,0.0,0.0,0.0,0.0,0.0,0.0,0.0,0.0,0.0,0.0,0.0,0.0,0.0,0.0,0.0,0.0
1784671584.3284009,314751.2220387,0,0,8,0,0,51.952503,0.7969999999999999,55.59169104472426,-286.6844189016237,-172.8220666952296,55.59169104472426,-286.68441890162376,-286.68441890162376,0.0,0.0,0.0,0.0,0.0,0.0,0.0,-55.59169104472426,0.0,0.0,286.6844189016237,0.0,0.0,0.0,0.0,0.0,0.0,0.0,0.0,0,0,55.59169104472426,-286.6844189016237,0.0,0.0,0.0,0.0,0.0,0.0,0.0,0.0,0.0,0.0,0.0,0.0,0.0,0.0,0.0,0.0,0.0,0.0,0.0,0.0,0.0,0.0,0.0,0.0,0.0,0.0,0.0,0.0,0.0
1784671584.330875,314751.2245126,0,0,8,0,0,51.954966,0.867,54.90565523029268,-286.6844189016237,-174.90509092436477,54.90565523029267,-286.68441890162376,-286.68441890162376,0.0,0.0,0.0,0.0,0.0,0.0,0.0,-54.90565523029268,0.0,0.0,286.6844189016237,0.0,0.0,0.0,0.0,0.0,0.0,0.0,0.0,0,0,54.90565523029268,-286.6844189016237,0.0,0.0,0.0,0.0,0.0,0.0,0.0,0.0,0.0,0.0,0.0,0.0,0.0,0.0,0.0,0.0,0.0,0.0,0.0,0.0,0.0,0.0,0.0,0.0,0.0,0.0,0.0,0.0,0.0
1784671584.3334482,314751.2270863,0,0,8,0,0,51.957503,1.003,54.21732594050988,-286.6844189016237,-175.26123231987916,54.21732594050988,-286.68441890162376,-286.68441890162376,0.0,0.0,0.0,0.0,0.0,0.0,0.0,-54.21732594050988,0.0,0.0,286.6844189016237,0.0,0.0,0.0,0.0,0.0,0.0,0.0,0.0,0,0,54.21732594050988,-286.6844189016237,0.0,0.0,0.0,0.0,0.0,0.0,0.0,0.0,0.0,0.0,0.0,0.0,0.0,0.0,0.0,0.0,0.0,0.0,0.0,0.0,0.0,0.0,0.0,0.0,0.0,0.0,0.0,0.0,0.0
1784671584.3357122,314751.2293513,0,0,8,0,0,51.960004,1.105,53.529570019564886,-286.6844189016237,-176.1277581055124,53.529570019564886,-286.68441890162376,-286.68441890162376,0.0,0.0,0.0,0.0,0.0,0.0,0.0,-53.529570019564886,0.0,0.0,286.6844189016237,0.0,0.0,0.0,0.0,0.0,0.0,0.0,0.0,0,0,53.529570019564886,-286.6844189016237,0.0,0.0,0.0,0.0,0.0,0.0,0.0,0.0,0.0,0.0,0.0,0.0,0.0,0.0,0.0,0.0,0.0,0.0,0.0,0.0,0.0,0.0,0.0,0.0,0.0,0.0,0.0,0.0,0.0
1784671584.338561,314751.2322009,0,0,8,0,0,51.962503,1.202,52.84095404536318,-286.6844189016237,-175.86494964080558,52.84095404536318,-286.68441890162376,-286.68441890162376,0.0,0.0,0.0,0.0,0.0,0.0,0.0,-52.84095404536318,0.0,0.0,286.6844189016237,0.0,0.0,0.0,0.0,0.0,0.0,0.0,0.0,0,0,52.84095404536318,-286.6844189016237,0.0,0.0,0.0,0.0,0.0,0.0,0.0,0.0,0.0,0.0,0.0,0.0,0.0,0.0,0.0,0.0,0.0,0.0,0.0,0.0,0.0,0.0,0.0,0.0,0.0,0.0,0.0,0.0,0.0
1784671584.3495524,314751.2431904,0,0,8,0,0,51.965009,0.095,51.80516323987161,-286.6844189016237,-175.91709509135976,51.80516323987162,-286.68441890162376,-286.68441890162376,0.0,0.0,0.0,0.0,0.0,0.0,0.0,-51.80516323987161,0.0,0.0,286.6844189016237,0.0,0.0,0.0,0.0,0.0,0.0,0.0,0.0,0,0,51.80516323987161,-286.6844189016237,0.0,0.0,0.0,0.0,0.0,0.0,0.0,0.0,0.0,0.0,0.0,0.0,0.0,0.0,0.0,0.0,0.0,0.0,0.0,0.0,0.0,0.0,0.0,0.0,0.0,0.0,0.0,0.0,0.0
1784671584.3500018,314751.2436424,0,0,8,0,0,51.967526,0.214,51.117694003345534,-286.6844189016237,-175.004094541621,51.11769400334553,-286.68441890162376,-286.68441890162376,0.0,0.0,0.0,0.0,0.0,0.0,0.0,-51.117694003345534,0.0,0.0,286.6844189016237,0.0,0.0,0.0,0.0,0.0,0.0,0.0,0.0,0,0,51.117694003345534,-286.6844189016237,0.0,0.0,0.0,0.0,0.0,0.0,0.0,0.0,0.0,0.0,0.0,0.0,0.0,0.0,0.0,0.0,0.0,0.0,0.0,0.0,0.0,0.0,0.0,0.0,0.0,0.0,0.0,0.0,0.0
1784671584.35008,314751.2437217,0,0,8,0,0,51.970002,0.289,50.429364713562734,-286.6844189016237,-177.8053914400146,50.429364713562734,-286.68441890162376,-286.68441890162376,0.0,0.0,0.0,0.0,0.0,0.0,0.0,-50.429364713562734,0.0,0.0,286.6844189016237,0.0,0.0,0.0,0.0,0.0,0.0,0.0,0.0,0,0,50.429364713562734,-286.6844189016237,0.0,0.0,0.0,0.0,0.0,0.0,0.0,0.0,0.0,0.0,0.0,0.0,0.0,0.0,0.0,0.0,0.0,0.0,0.0,0.0,0.0,0.0,0.0,0.0,0.0,0.0,0.0,0.0,0.0
1784671584.3505082,314751.2441468,0,0,8,0,0,51.972502,0.389,49.74132210819884,-286.6844189016237,-178.05342719836565,49.74132210819884,-286.68441890162376,-286.68441890162376,0.0,0.0,0.0,0.0,0.0,0.0,0.0,-49.74132210819884,0.0,0.0,286.6844189016237,0.0,0.0,0.0,0.0,0.0,0.0,0.0,0.0,0,0,49.74132210819884,-286.6844189016237,0.0,0.0,0.0,0.0,0.0,0.0,0.0,0.0,0.0,0.0,0.0,0.0,0.0,0.0,0.0,0.0,0.0,0.0,0.0,0.0,0.0,0.0,0.0,0.0,0.0,0.0,0.0,0.0,0.0
1784671584.3509145,314751.2445541,0,0,8,0,0,51.975002,0.4889999999999999,49.05327950283493,-286.6844189016237,-174.25986345461436,49.05327950283493,-286.68441890162376,-286.68441890162376,0.0,0.0,0.0,0.0,0.0,0.0,0.0,-49.05327950283493,0.0,0.0,286.6844189016237,0.0,0.0,0.0,0.0,0.0,0.0,0.0,0.0,0,0,49.05327950283493,-286.6844189016237,0.0,0.0,0.0,0.0,0.0,0.0,0.0,0.0,0.0,0.0,0.0,0.0,0.0,0.0,0.0,0.0,0.0,0.0,0.0,0.0,0.0,0.0,0.0,0.0,0.0,0.0,0.0,0.0,0.0
1784671584.3535788,314751.2472184,0,0,8,0,0,51.977504,0.596,48.36667031956555,-286.6844189016237,-179.0988839697257,48.36667031956554,-286.68441890162376,-286.68441890162376,0.0,0.0,0.0,0.0,0.0,0.0,0.0,-48.36667031956555,0.0,0.0,286.6844189016237,0.0,0.0,0.0,0.0,0.0,0.0,0.0,0.0,0,0,48.36667031956555,-286.6844189016237,0.0,0.0,0.0,0.0,0.0,0.0,0.0,0.0,0.0,0.0,0.0,0.0,0.0,0.0,0.0,0.0,0.0,0.0,0.0,0.0,0.0,0.0,0.0,0.0,0.0,0.0,0.0,0.0,0.0
1784671584.3558772,314751.2495178,0,0,8,0,0,51.98002,0.713,47.67891439862056,-286.6844189016237,-176.34547103636683,47.67891439862055,-286.68441890162376,-286.68441890162376,0.0,0.0,0.0,0.0,0.0,0.0,0.0,-47.67891439862056,0.0,0.0,286.6844189016237,0.0,0.0,0.0,0.0,0.0,0.0,0.0,0.0,0,0,47.67891439862056,-286.6844189016237,0.0,0.0,0.0,0.0,0.0,0.0,0.0,0.0,0.0,0.0,0.0,0.0,0.0,0.0,0.0,0.0,0.0,0.0,0.0,0.0,0.0,0.0,0.0,0.0,0.0,0.0,0.0,0.0,0.0
1784671584.3655038,314751.2591417,0,0,8,0,0,51.982503,0.791,46.989438371162144,-286.6844189016237,-176.19043891904948,46.989438371162144,-286.68441890162376,-286.68441890162376,0.0,0.0,0.0,0.0,0.0,0.0,0.0,-46.989438371162144,0.0,0.0,286.6844189016237,0.0,0.0,0.0,0.0,0.0,0.0,0.0,0.0,0,0,46.989438371162144,-286.6844189016237,0.0,0.0,0.0,0.0,0.0,0.0,0.0,0.0,0.0,0.0,0.0,0.0,0.0,0.0,0.0,0.0,0.0,0.0,0.0,0.0,0.0,0.0,0.0,0.0,0.0,0.0,0.0,0.0,0.0
1784671584.3666198,314751.2602596,0,0,8,0,0,51.985003,0.893,46.301969134636046,-286.6844189016237,-179.01216219894349,46.301969134636046,-286.68441890162376,-286.68441890162376,0.0,0.0,0.0,0.0,0.0,0.0,0.0,-46.301969134636046,0.0,0.0,286.6844189016237,0.0,0.0,0.0,0.0,0.0,0.0,0.0,0.0,0,0,46.301969134636046,-286.6844189016237,0.0,0.0,0.0,0.0,0.0,0.0,0.0,0.0,0.0,0.0,0.0,0.0,0.0,0.0,0.0,0.0,0.0,0.0,0.0,0.0,0.0,0.0,0.0,0.0,0.0,0.0,0.0,0.0,0.0
1784671584.3669045,314751.2605443,0,0,8,0,0,51.987503,0.992,45.61363984485325,-286.6844189016237,-178.05835701853036,45.61363984485325,-286.68441890162376,-286.68441890162376,0.0,0.0,0.0,0.0,0.0,0.0,0.0,-45.61363984485325,0.0,0.0,286.6844189016237,0.0,0.0,0.0,0.0,0.0,0.0,0.0,0.0,0,0,45.61363984485325,-286.6844189016237,0.0,0.0,0.0,0.0,0.0,0.0,0.0,0.0,0.0,0.0,0.0,0.0,0.0,0.0,0.0,0.0,0.0,0.0,0.0,0.0,0.0,0.0,0.0,0.0,0.0,0.0,0.0,0.0,0.0
1784671584.3671422,314751.2607829,0,0,8,0,0,51.990003,1.087,44.92416381739484,-286.6844189016237,-178.72305551082752,44.92416381739485,-286.68441890162376,-286.68441890162376,0.0,0.0,0.0,0.0,0.0,0.0,0.0,-44.92416381739484,0.0,0.0,286.6844189016237,0.0,0.0,0.0,0.0,0.0,0.0,0.0,0.0,0,0,44.92416381739484,-286.6844189016237,0.0,0.0,0.0,0.0,0.0,0.0,0.0,0.0,0.0,0.0,0.0,0.0,0.0,0.0,0.0,0.0,0.0,0.0,0.0,0.0,0.0,0.0,0.0,0.0,0.0,0.0,0.0,0.0,0.0
1784671584.3682673,314751.2619061,0,0,8,0,0,51.992504,1.1900000000000002,44.23669458086875,-286.6844189016237,-176.2270088306618,44.23669458086875,-286.68441890162376,-286.68441890162376,0.0,0.0,0.0,0.0,0.0,0.0,0.0,-44.23669458086875,0.0,0.0,286.6844189016237,0.0,0.0,0.0,0.0,0.0,0.0,0.0,0.0,0,0,44.23669458086875,-286.6844189016237,0.0,0.0,0.0,0.0,0.0,0.0,0.0,0.0,0.0,0.0,0.0,0.0,0.0,0.0,0.0,0.0,0.0,0.0,0.0,0.0,0.0,0.0,0.0,0.0,0.0,0.0,0.0,0.0,0.0
1784671584.3708768,314751.2645149,0,0,8,0,0,51.995002,0.079,43.20205051305279,-286.6844189016237,179.8080431494146,43.20205051305279,-286.68441890162376,-286.68441890162376,0.0,0.0,0.0,0.0,0.0,0.0,0.0,-43.20205051305279,0.0,0.0,286.6844189016237,0.0,0.0,0.0,0.0,0.0,0.0,0.0,0.0,0,0,43.20205051305279,-286.6844189016237,0.0,0.0,0.0,0.0,0.0,0.0,0.0,0.0,0.0,0.0,0.0,0.0,0.0,0.0,0.0,0.0,0.0,0.0,0.0,0.0,0.0,0.0,0.0,0.0,0.0,0.0,0.0,0.0,0.0
1784671584.3735783,314751.2672154,0,0,8,0,0,51.997522,0.205,42.5157280142023,-286.6844189016237,-178.4284838329336,42.5157280142023,-286.68441890162376,-286.68441890162376,0.0,0.0,0.0,0.0,0.0,0.0,0.0,-42.5157280142023,0.0,0.0,286.6844189016237,0.0,0.0,0.0,0.0,0.0,0.0,0.0,0.0,0,0,42.5157280142023,-286.6844189016237,0.0,0.0,0.0,0.0,0.0,0.0,0.0,0.0,0.0,0.0,0.0,0.0,0.0,0.0,0.0,0.0,0.0,0.0,0.0,0.0,0.0,0.0,0.0,0.0,0.0,0.0,0.0,0.0,0.0
1784671584.3764582,314751.2700957,0,0,8,0,0,52.000003,0.2779999999999999,41.82539193348719,-286.6844189016237,178.77556196965023,41.82539193348719,-286.68441890162376,-286.68441890162376,0.0,0.0,0.0,0.0,0.0,0.0,0.0,-41.82539193348719,0.0,0.0,286.6844189016237,0.0,0.0,0.0,0.0,0.0,0.0,0.0,0.0,0,0,41.82539193348719,-286.6844189016237,0.0,0.0,0.0,0.0,0.0,0.0,0.0,0.0,0.0,0.0,0.0,0.0,0.0,0.0,0.0,0.0,0.0,0.0,0.0,0.0,0.0,0.0,0.0,0.0,0.0,0.0,0.0,0.0,0.0
1784671584.378862,314751.2725001,0,0,8,0,0,52.002502,0.373,41.13620259044769,-286.6844189016237,179.1781161603666,41.13620259044769,-286.68441890162376,-286.68441890162376,0.0,0.0,0.0,0.0,0.0,0.0,0.0,-41.13620259044769,0.0,0.0,286.6844189016237,0.0,0.0,0.0,0.0,0.0,0.0,0.0,0.0,0,0,41.13620259044769,-286.6844189016237,0.0,0.0,0.0,0.0,0.0,0.0,0.0,0.0,0.0,0.0,0.0,0.0,0.0,0.0,0.0,0.0,0.0,0.0,0.0,0.0,0.0,0.0,0.0,0.0,0.0,0.0,0.0,0.0,0.0
1784671584.3809323,314751.27457,0,0,8,0,0,52.005003,0.474,40.4481599850838,-286.6844189016237,-178.71500426113565,40.4481599850838,-286.68441890162376,-286.68441890162376,0.0,0.0,0.0,0.0,0.0,0.0,0.0,-40.4481599850838,0.0,0.0,286.6844189016237,0.0,0.0,0.0,0.0,0.0,0.0,0.0,0.0,0,0,40.4481599850838,-286.6844189016237,0.0,0.0,0.0,0.0,0.0,0.0,0.0,0.0,0.0,0.0,0.0,0.0,0.0,0.0,0.0,0.0,0.0,0.0,0.0,0.0,0.0,0.0,0.0,0.0,0.0,0.0,0.0,0.0,0.0
1784671584.3835108,314751.277148,0,0,8,0,0,52.007502,0.588,39.76441764600343,-286.6844189016237,-176.9495975733511,39.76441764600343,-286.68441890162376,-286.68441890162376,0.0,0.0,0.0,0.0,0.0,0.0,0.0,-39.76441764600343,0.0,0.0,286.6844189016237,0.0,0.0,0.0,0.0,0.0,0.0,0.0,0.0,0,0,39.76441764600343,-286.6844189016237,0.0,0.0,0.0,0.0,0.0,0.0,0.0,0.0,0.0,0.0,0.0,0.0,0.0,0.0,0.0,0.0,0.0,0.0,0.0,0.0,0.0,0.0,0.0,0.0,0.0,0.0,0.0,0.0,0.0
1784671584.3954768,314751.2891139,0,0,8,0,0,52.010027,0.707,39.07465493412612,-286.6844189016237,-178.7652184160914,39.07465493412612,-286.68441890162376,-286.68441890162376,0.0,0.0,0.0,0.0,0.0,0.0,0.0,-39.07465493412612,0.0,0.0,286.6844189016237,0.0,0.0,0.0,0.0,0.0,0.0,0.0,0.0,0,0,39.07465493412612,-286.6844189016237,0.0,0.0,0.0,0.0,0.0,0.0,0.0,0.0,0.0,0.0,0.0,0.0,0.0,0.0,0.0,0.0,0.0,0.0,0.0,0.0,0.0,0.0,0.0,0.0,0.0,0.0,0.0,0.0,0.0
1784671584.395614,314751.2892551,0,0,8,0,0,52.012504,0.781,38.38575227550552,-286.6844189016237,178.48850187738296,38.38575227550551,-286.68441890162376,-286.68441890162376,0.0,0.0,0.0,0.0,0.0,0.0,0.0,-38.38575227550552,0.0,0.0,286.6844189016237,0.0,0.0,0.0,0.0,0.0,0.0,0.0,0.0,0,0,38.38575227550552,-286.6844189016237,0.0,0.0,0.0,0.0,0.0,0.0,0.0,0.0,0.0,0.0,0.0,0.0,0.0,0.0,0.0,0.0,0.0,0.0,0.0,0.0,0.0,0.0,0.0,0.0,0.0,0.0,0.0,0.0,0.0
1784671584.4104874,314751.3041251,0,0,8,0,0,52.015003,0.869,37.6945561415337,-286.6844189016237,-178.42935559756648,37.6945561415337,-286.68441890162376,-286.68441890162376,0.0,0.0,0.0,0.0,0.0,0.0,0.0,-37.6945561415337,0.0,0.0,286.6844189016237,0.0,0.0,0.0,0.0,0.0,0.0,0.0,0.0,0,0,37.6945561415337,-286.6844189016237,0.0,0.0,0.0,0.0,0.0,0.0,0.0,0.0,0.0,0.0,0.0,0.0,0.0,0.0,0.0,0.0,0.0,0.0,0.0,0.0,0.0,0.0,0.0,0.0,0.0,0.0,0.0,0.0,0.0
1784671584.4108045,314751.3044439,0,0,8,0,0,52.017505,0.978,37.00852032710212,-286.6844189016237,-179.57210244229904,37.00852032710212,-286.68441890162376,-286.68441890162376,0.0,0.0,0.0,0.0,0.0,0.0,0.0,-37.00852032710212,0.0,0.0,286.6844189016237,0.0,0.0,0.0,0.0,0.0,0.0,0.0,0.0,0,0,37.00852032710212,-286.6844189016237,0.0,0.0,0.0,0.0,0.0,0.0,0.0,0.0,0.0,0.0,0.0,0.0,0.0,0.0,0.0,0.0,0.0,0.0,0.0,0.0,0.0,0.0,0.0,0.0,0.0,0.0,0.0,0.0,0.0
1784671584.411058,314751.3046986,0,0,8,0,0,52.020003,1.078,36.32105109057602,-286.6844189016237,176.5816753035328,36.32105109057602,-286.68441890162376,-286.68441890162376,0.0,0.0,0.0,0.0,0.0,0.0,0.0,-36.32105109057602,0.0,0.0,286.6844189016237,0.0,0.0,0.0,0.0,0.0,0.0,0.0,0.0,0,0,36.32105109057602,-286.6844189016237,0.0,0.0,0.0,0.0,0.0,0.0,0.0,0.0,0.0,0.0,0.0,0.0,0.0,0.0,0.0,0.0,0.0,0.0,0.0,0.0,0.0,0.0,0.0,0.0,0.0,0.0,0.0,0.0,0.0
1784671584.4113424,314751.3049825,0,0,8,0,0,52.022503,1.164,35.628994903347504,-286.6844189016237,178.94088416310325,35.628994903347504,-286.68441890162376,-286.68441890162376,0.0,0.0,0.0,0.0,0.0,0.0,0.0,-35.628994903347504,0.0,0.0,286.6844189016237,0.0,0.0,0.0,0.0,0.0,0.0,0.0,0.0,0,0,35.628994903347504,-286.6844189016237,0.0,0.0,0.0,0.0,0.0,0.0,0.0,0.0,0.0,0.0,0.0,0.0,0.0,0.0,0.0,0.0,0.0,0.0,0.0,0.0,0.0,0.0,0.0,0.0,0.0,0.0,0.0,0.0,0.0
1784671584.411676,314751.305316,0,0,8,0,0,52.025004,0.067,34.59750436413946,-286.6844189016237,-174.79245904110616,34.59750436413946,-286.68441890162376,-286.68441890162376,0.0,0.0,0.0,0.0,0.0,0.0,0.0,-34.59750436413946,0.0,0.0,286.6844189016237,0.0,0.0,0.0,0.0,0.0,0.0,0.0,0.0,0,0,34.59750436413946,-286.6844189016237,0.0,0.0,0.0,0.0,0.0,0.0,0.0,0.0,0.0,0.0,0.0,0.0,0.0,0.0,0.0,0.0,0.0,0.0,0.0,0.0,0.0,0.0,0.0,0.0,0.0,0.0,0.0,0.0,0.0
1784671584.4120152,314751.3056553,0,0,8,0,0,52.027503,0.1679999999999999,33.91003512761336,-286.6844189016237,176.7395800289298,33.91003512761336,-286.68441890162376,-286.68441890162376,0.0,0.0,0.0,0.0,0.0,0.0,0.0,-33.91003512761336,0.0,0.0,286.6844189016237,0.0,0.0,0.0,0.0,0.0,0.0,0.0,0.0,0,0,33.91003512761336,-286.6844189016237,0.0,0.0,0.0,0.0,0.0,0.0,0.0,0.0,0.0,0.0,0.0,0.0,0.0,0.0,0.0,0.0,0.0,0.0,0.0,0.0,0.0,0.0,0.0,0.0,0.0,0.0,0.0,0.0,0.0
1784671584.4123745,314751.3060133,0,0,8,0,0,52.030003,0.268,33.221992522249465,-286.6844189016237,178.21996622621845,33.221992522249465,-286.68441890162376,-286.68441890162376,0.0,0.0,0.0,0.0,0.0,0.0,0.0,-33.221992522249465,0.0,0.0,286.6844189016237,0.0,0.0,0.0,0.0,0.0,0.0,0.0,0.0,0,0,33.221992522249465,-286.6844189016237,0.0,0.0,0.0,0.0,0.0,0.0,0.0,0.0,0.0,0.0,0.0,0.0,0.0,0.0,0.0,0.0,0.0,0.0,0.0,0.0,0.0,0.0,0.0,0.0,0.0,0.0,0.0,0.0,0.0
1784671584.4126382,314751.3062785,0,0,8,0,0,52.032503,0.365,32.53308986362887,-286.6844189016237,177.06851119717774,32.53308986362887,-286.68441890162376,-286.68441890162376,0.0,0.0,0.0,0.0,0.0,0.0,0.0,-32.53308986362887,0.0,0.0,286.6844189016237,0.0,0.0,0.0,0.0,0.0,0.0,0.0,0.0,0,0,32.53308986362887,-286.6844189016237,0.0,0.0,0.0,0.0,0.0,0.0,0.0,0.0,0.0,0.0,0.0,0.0,0.0,0.0,0.0,0.0,0.0,0.0,0.0,0.0,0.0,0.0,0.0,0.0,0.0,0.0,0.0,0.0,0.0
1784671584.4137986,314751.3074371,0,0,8,0,0,52.035003,0.4629999999999999,31.844473889427167,-286.6844189016237,-178.2029287060378,31.844473889427167,-286.68441890162376,-286.68441890162376,0.0,0.0,0.0,0.0,0.0,0.0,0.0,-31.844473889427167,0.0,0.0,286.6844189016237,0.0,0.0,0.0,0.0,0.0,0.0,0.0,0.0,0,0,31.844473889427167,-286.6844189016237,0.0,0.0,0.0,0.0,0.0,0.0,0.0,0.0,0.0,0.0,0.0,0.0,0.0,0.0,0.0,0.0,0.0,0.0,0.0,0.0,0.0,0.0,0.0,0.0,0.0,0.0,0.0,0.0,0.0
1784671584.4140224,314751.3076631,0,0,8,0,0,52.037504,0.5720000000000001,31.158724759414483,-286.6844189016237,179.05052679977564,31.158724759414483,-286.68441890162376,-286.68441890162376,0.0,0.0,0.0,0.0,0.0,0.0,0.0,-31.158724759414483,0.0,0.0,286.6844189016237,0.0,0.0,0.0,0.0,0.0,0.0,0.0,0.0,0,0,31.158724759414483,-286.6844189016237,0.0,0.0,0.0,0.0,0.0,0.0,0.0,0.0,0.0,0.0,0.0,0.0,0.0,0.0,0.0,0.0,0.0,0.0,0.0,0.0,0.0,0.0,0.0,0.0,0.0,0.0,0.0,0.0,0.0
1784671584.4157724,314751.3094119,0,0,8,0,0,52.040002,0.67,30.470682154050586,-286.6844189016237,173.82998174950637,30.470682154050586,-286.68441890162376,-286.68441890162376,0.0,0.0,0.0,0.0,0.0,0.0,0.0,-30.470682154050586,0.0,0.0,286.6844189016237,0.0,0.0,0.0,0.0,0.0,0.0,0.0,0.0,0,0,30.470682154050586,-286.6844189016237,0.0,0.0,0.0,0.0,0.0,0.0,0.0,0.0,0.0,0.0,0.0,0.0,0.0,0.0,0.0,0.0,0.0,0.0,0.0,0.0,0.0,0.0,0.0,0.0,0.0,0.0,0.0,0.0,0.0
1784671584.4188788,314751.3125168,0,0,8,0,0,52.042503,0.766,29.78120612659218,-286.6844189016237,178.54901108149645,29.781206126592178,-286.68441890162376,-286.68441890162376,0.0,0.0,0.0,0.0,0.0,0.0,0.0,-29.78120612659218,0.0,0.0,286.6844189016237,0.0,0.0,0.0,0.0,0.0,0.0,0.0,0.0,0,0,29.78120612659218,-286.6844189016237,0.0,0.0,0.0,0.0,0.0,0.0,0.0,0.0,0.0,0.0,0.0,0.0,0.0,0.0,0.0,0.0,0.0,0.0,0.0,0.0,0.0,0.0,0.0,0.0,0.0,0.0,0.0,0.0,0.0
1784671584.4212644,314751.3149027,0,0,8,0,0,52.045003,0.869,29.094023574484986,-286.6844189016237,178.55749679480255,29.094023574484986,-286.68441890162376,-286.68441890162376,0.0,0.0,0.0,0.0,0.0,0.0,0.0,-29.094023574484986,0.0,0.0,286.6844189016237,0.0,0.0,0.0,0.0,0.0,0.0,0.0,0.0,0,0,29.094023574484986,-286.6844189016237,0.0,0.0,0.0,0.0,0.0,0.0,0.0,0.0,0.0,0.0,0.0,0.0,0.0,0.0,0.0,0.0,0.0,0.0,0.0,0.0,0.0,0.0,0.0,0.0,0.0,0.0,0.0,0.0,0.0
1784671584.4246206,314751.3182581,0,0,8,0,0,52.047503,0.966,28.405120915864384,-286.6844189016237,-178.18587820388038,28.405120915864384,-286.68441890162376,-286.68441890162376,0.0,0.0,0.0,0.0,0.0,0.0,0.0,-28.405120915864384,0.0,0.0,286.6844189016237,0.0,0.0,0.0,0.0,0.0,0.0,0.0,0.0,0,0,28.405120915864384,-286.6844189016237,0.0,0.0,0.0,0.0,0.0,0.0,0.0,0.0,0.0,0.0,0.0,0.0,0.0,0.0,0.0,0.0,0.0,0.0,0.0,0.0,0.0,0.0,0.0,0.0,0.0,0.0,0.0,0.0,0.0
1784671584.4258397,314751.3194784,0,0,8,0,0,52.050004,1.066,27.71717258932265,-286.3656212103538,179.27947368457805,27.71717258932265,-286.0806701253995,-286.3656212103538,0.0,0.0,0.0,0.0,0.0,0.0,0.0,-27.71717258932265,0.0,0.0,286.3656212103538,0.0,0.0,0.0,0.0,0.0,0.0,0.0,0.0,0,0,27.71717258932265,-286.3656212103538,0.0,0.0,0.0,0.0,0.0,0.0,0.0,0.0,0.0,0.0,0.0,0.0,0.0,0.0,0.0,0.0,0.0,0.0,0.0,0.0,0.0,0.0,0.0,0.0,0.0,0.0,0.0,0.0,0.0
1784671584.4283848,314751.3220223,0,0,8,0,0,52.052502,1.168,27.03536854854324,-282.8519422431618,173.23121227250925,27.03536854854324,-279.7894328774973,-282.8519422431618,0.0,0.0,0.0,0.0,0.0,0.0,0.0,-27.03536854854324,0.0,0.0,282.8519422431618,0.0,0.0,0.0,0.0,0.0,0.0,0.0,0.0,0,0,27.03536854854324,-282.8519422431618,0.0,0.0,0.0,0.0,0.0,0.0,0.0,0.0,0.0,0.0,0.0,0.0,0.0,0.0,0.0,0.0,0.0,0.0,0.0,0.0,0.0,0.0,0.0,0.0,0.0,0.0,0.0,0.0,0.0
1784671584.4308443,314751.3244831,0,0,8,0,0,52.055002,0.058,26.03642186956333,-273.63269870459374,179.62254128541534,26.036421869563338,-269.6657033979106,-273.63269870459374,0.0,0.0,0.0,0.0,0.0,0.0,0.0,-26.03642186956333,0.0,0.0,273.63269870459374,0.0,0.0,0.0,0.0,0.0,0.0,0.0,0.0,0,0,26.03642186956333,-273.63269870459374,0.0,0.0,0.0,0.0,0.0,0.0,0.0,0.0,0.0,0.0,0.0,0.0,0.0,0.0,0.0,0.0,0.0,0.0,0.0,0.0,0.0,0.0,0.0,0.0,0.0,0.0,0.0,0.0,0.0
1784671584.4336555,314751.327293,0,0,8,0,0,52.057503,0.153,25.410639587267333,-257.56147222772285,170.16190588274628,25.410639587267333,-251.42199037722065,-257.56147222772285,0.0,0.0,0.0,0.0,0.0,0.0,0.0,-25.410639587267333,0.0,0.0,257.56147222772285,0.0,0.0,0.0,0.0,0.0,0.0,0.0,0.0,0,0,25.410639587267333,-257.56147222772285,0.0,0.0,0.0,0.0,0.0,0.0,0.0,0.0,0.0,0.0,0.0,0.0,0.0,0.0,0.0,0.0,0.0,0.0,0.0,0.0,0.0,0.0,0.0,0.0,0.0,0.0,0.0,0.0,0.0
1784671584.4355948,314751.3292355,0,0,8,0,0,52.060003,0.255,24.813824356266547,-247.54796051238208,168.83503385806475,24.81382435626655,-243.51200641045628,-247.54796051238208,0.0,0.0,0.0,0.0,0.0,0.0,0.0,-24.813824356266547,0.0,0.0,247.54796051238208,0.0,0.0,0.0,0.0,0.0,0.0,0.0,0.0,0,0,24.813824356266547,-247.54796051238208,0.0,0.0,0.0,0.0,0.0,0.0,0.0,0.0,0.0,0.0,0.0,0.0,0.0,0.0,0.0,0.0,0.0,0.0,0.0,0.0,0.0,0.0,0.0,0.0,0.0,0.0,0.0,0.0,0.0
1784671584.4381874,314751.3318252,0,0,8,0,0,52.062504,0.353,24.23958154915805,-237.05529737467324,-179.38941090028396,24.239581549158046,-231.962029821818,-237.0552973746732,0.0,0.0,0.0,0.0,0.0,0.0,0.0,-24.23958154915805,0.0,0.0,237.05529737467324,0.0,0.0,0.0,0.0,0.0,0.0,0.0,0.0,0,0,24.23958154915805,-237.05529737467324,0.0,0.0,0.0,0.0,0.0,0.0,0.0,0.0,0.0,0.0,0.0,0.0,0.0,0.0,0.0,0.0,0.0,0.0,0.0,0.0,0.0,0.0,0.0,0.0,0.0,0.0,0.0,0.0,0.0
1784671584.4408646,314751.3345021,0,0,8,0,0,52.065002,0.451,23.69716416822956,-223.50212166005056,176.3910081228003,23.69716416822956,-217.37580938753015,-223.50212166005056,0.0,0.0,0.0,0.0,0.0,0.0,0.0,-23.69716416822956,0.0,0.0,223.50212166005056,0.0,0.0,0.0,0.0,0.0,0.0,0.0,0.0,0,0,23.69716416822956,-223.50212166005056,0.0,0.0,0.0,0.0,0.0,0.0,0.0,0.0,0.0,0.0,0.0,0.0,0.0,0.0,0.0,0.0,0.0,0.0,0.0,0.0,0.0,0.0,0.0,0.0,0.0,0.0,0.0,0.0,0.0
1784671584.4562151,314751.3498517,0,0,8,0,0,52.067502,0.545,23.18320355723763,-211.90695001834837,167.74480866471393,23.183203557237636,-207.2083299966229,-211.90695001834837,0.0,0.0,0.0,0.0,0.0,0.0,0.0,-23.18320355723763,0.0,0.0,211.90695001834837,0.0,0.0,0.0,0.0,0.0,0.0,0.0,0.0,0,0,23.18320355723763,-211.90695001834837,0.0,0.0,0.0,0.0,0.0,0.0,0.0,0.0,0.0,0.0,0.0,0.0,0.0,0.0,0.0,0.0,0.0,0.0,0.0,0.0,0.0,0.0,0.0,0.0,0.0,0.0,0.0,0.0,0.0
1784671584.4570334,314751.3506718,0,0,8,0,0,52.070004,0.656,22.69969556019748,-199.18988694269285,173.26609909902996,22.69969556019748,-192.04461073290312,-199.18988694269285,0.0,0.0,0.0,0.0,0.0,0.0,0.0,-22.69969556019748,0.0,0.0,199.18988694269285,0.0,0.0,0.0,0.0,0.0,0.0,0.0,0.0,0,0,22.69969556019748,-199.18988694269285,0.0,0.0,0.0,0.0,0.0,0.0,0.0,0.0,0.0,0.0,0.0,0.0,0.0,0.0,0.0,0.0,0.0,0.0,0.0,0.0,0.0,0.0,0.0,0.0,0.0,0.0,0.0,0.0,0.0
1784671584.457282,314751.350923,0,0,8,0,0,52.072504,0.758,22.2442209324362,-186.27251156953565,-179.463965613216,22.2442209324362,-178.02713914578308,-186.27251156953565,0.0,0.0,0.0,0.0,0.0,0.0,0.0,-22.2442209324362,0.0,0.0,186.27251156953565,0.0,0.0,0.0,0.0,0.0,0.0,0.0,0.0,0,0,22.2442209324362,-186.27251156953565,0.0,0.0,0.0,0.0,0.0,0.0,0.0,0.0,0.0,0.0,0.0,0.0,0.0,0.0,0.0,0.0,0.0,0.0,0.0,0.0,0.0,0.0,0.0,0.0,0.0,0.0,0.0,0.0,0.0
1784671584.4574058,314751.3510469,0,0,8,0,0,52.075003,0.857,21.819722720631187,-173.69584084514315,176.8799208610012,21.819722720631187,-166.35466280544716,-173.69584084514315,0.0,0.0,0.0,0.0,0.0,0.0,0.0,-21.819722720631187,0.0,0.0,173.69584084514315,0.0,0.0,0.0,0.0,0.0,0.0,0.0,0.0,0,0,21.819722720631187,-173.69584084514315,0.0,0.0,0.0,0.0,0.0,0.0,0.0,0.0,0.0,0.0,0.0,0.0,0.0,0.0,0.0,0.0,0.0,0.0,0.0,0.0,0.0,0.0,0.0,0.0,0.0,0.0,0.0,0.0,0.0
1784671584.457529,314751.3511701,0,0,8,0,0,52.077503,0.953,21.421989147061744,-162.94878872889973,172.10203713894424,21.421989147061744,-156.83468210208474,-162.94878872889973,0.0,0.0,0.0,0.0,0.0,0.0,0.0,-21.421989147061744,0.0,0.0,162.94878872889973,0.0,0.0,0.0,0.0,0.0,0.0,0.0,0.0,0,0,21.421989147061744,-162.94878872889973,0.0,0.0,0.0,0.0,0.0,0.0,0.0,0.0,0.0,0.0,0.0,0.0,0.0,0.0,0.0,0.0,0.0,0.0,0.0,0.0,0.0,0.0,0.0,0.0,0.0,0.0,0.0,0.0,0.0
1784671584.457912,314751.3515517,0,0,8,0,0,52.080003,1.054,21.05396518307718,-151.55506524848923,174.6425021120915,21.053965183077175,-146.57095290627214,-151.55506524848923,0.0,0.0,0.0,0.0,0.0,0.0,0.0,-21.05396518307718,0.0,0.0,151.55506524848923,0.0,0.0,0.0,0.0,0.0,0.0,0.0,0.0,0,0,21.05396518307718,-151.55506524848923,0.0,0.0,0.0,0.0,0.0,0.0,0.0,0.0,0.0,0.0,0.0,0.0,0.0,0.0,0.0,0.0,0.0,0.0,0.0,0.0,0.0,0.0,0.0,0.0,0.0,0.0,0.0,0.0,0.0
1784671584.4580777,314751.3517189,0,0,8,0,0,52.082504,1.152,20.71293708210441,-139.90836438699398,178.2792023313441,20.71293708210441,-134.66222704480495,-139.90836438699398,0.0,0.0,0.0,0.0,0.0,0.0,0.0,-20.71293708210441,0.0,0.0,139.90836438699398,0.0,0.0,0.0,0.0,0.0,0.0,0.0,0.0,0,0,20.71293708210441,-139.90836438699398,0.0,0.0,0.0,0.0,0.0,0.0,0.0,0.0,0.0,0.0,0.0,0.0,0.0,0.0,0.0,0.0,0.0,0.0,0.0,0.0,0.0,0.0,0.0,0.0,0.0,0.0,0.0,0.0,0.0
1784671584.468409,314751.362046,0,0,8,0,0,52.085004,0.043,20.254602202542124,-122.08670963616235,173.06575969275036,20.25460220254212,-116.9872628712828,-122.08670963616235,0.0,0.0,0.0,0.0,0.0,0.0,0.0,-20.254602202542124,0.0,0.0,122.08670963616235,0.0,0.0,0.0,0.0,0.0,0.0,0.0,0.0,0,0,20.254602202542124,-122.08670963616235,0.0,0.0,0.0,0.0,0.0,0.0,0.0,0.0,0.0,0.0,0.0,0.0,0.0,0.0,0.0,0.0,0.0,0.0,0.0,0.0,0.0,0.0,0.0,0.0,0.0,0.0,0.0,0.0,0.0
1784671584.468751,314751.36239,0,0,8,0,0,52.087503,0.144,19.98303762161852,-110.88881465131476,172.77072404213092,19.983037621618514,-105.86603541358645,-110.88881465131476,0.0,0.0,0.0,0.0,0.0,0.0,0.0,-19.98303762161852,0.0,0.0,110.88881465131476,0.0,0.0,0.0,0.0,0.0,0.0,0.0,0.0,0,0,19.98303762161852,-110.88881465131476,0.0,0.0,0.0,0.0,0.0,0.0,0.0,0.0,0.0,0.0,0.0,0.0,0.0,0.0,0.0,0.0,0.0,0.0,0.0,0.0,0.0,0.0,0.0,0.0,0.0,0.0,0.0,0.0,0.0
1784671584.4690516,314751.3626919,0,0,8,0,0,52.089968,0.208,19.73720730473793,-99.51999216771364,173.98105897003126,19.73720730473793,-94.43855857664587,-99.51999216771364,0.0,0.0,0.0,0.0,0.0,0.0,0.0,-19.73720730473793,0.0,0.0,99.51999216771364,0.0,0.0,0.0,0.0,0.0,0.0,0.0,0.0,0,0,19.73720730473793,-99.51999216771364,0.0,0.0,0.0,0.0,0.0,0.0,0.0,0.0,0.0,0.0,0.0,0.0,0.0,0.0,0.0,0.0,0.0,0.0,0.0,0.0,0.0,0.0,0.0,0.0,0.0,0.0,0.0,0.0,0.0
1784671584.4692533,314751.362893,0,0,8,0,0,52.092504,0.34,19.52586575582582,-85.69499231224854,172.50414236027015,19.52586575582582,-81.77733424046441,-85.69499231224853,0.0,0.0,0.0,0.0,0.0,0.0,0.0,-19.52586575582582,0.0,0.0,85.69499231224854,0.0,0.0,0.0,0.0,0.0,0.0,0.0,0.0,0,0,19.52586575582582,-85.69499231224854,0.0,0.0,0.0,0.0,0.0,0.0,0.0,0.0,0.0,0.0,0.0,0.0,0.0,0.0,0.0,0.0,0.0,0.0,0.0,0.0,0.0,0.0,0.0,0.0,0.0,0.0,0.0,0.0,0.0
1784671584.471203,314751.3648422,0,0,8,0,0,52.095012,0.451,19.34426783505749,-71.23419703423987,170.28653017725253,19.34426783505749,-63.17487194694554,-71.23419703423987,0.0,0.0,0.0,0.0,0.0,0.0,0.0,-19.34426783505749,0.0,0.0,71.23419703423987,0.0,0.0,0.0,0.0,0.0,0.0,0.0,0.0,0,0,19.34426783505749,-71.23419703423987,0.0,0.0,0.0,0.0,0.0,0.0,0.0,0.0,0.0,0.0,0.0,0.0,0.0,0.0,0.0,0.0,0.0,0.0,0.0,0.0,0.0,0.0,0.0,0.0,0.0,0.0,0.0,0.0,0.0
1784671584.4735322,314751.3671697,0,0,8,0,0,52.097696,0.718,19.198847285751214,-56.65859117583296,169.28393897205933,19.198847285751214,-50.49614764623583,-56.65859117583296,0.0,0.0,0.0,0.0,0.0,0.0,0.0,-19.198847285751214,0.0,0.0,56.65859117583296,0.0,0.0,0.0,0.0,0.0,0.0,0.0,0.0,0,0,19.198847285751214,-56.65859117583296,0.0,0.0,0.0,0.0,0.0,0.0,0.0,0.0,0.0,0.0,0.0,0.0,0.0,0.0,0.0,0.0,0.0,0.0,0.0,0.0,0.0,0.0,0.0,0.0,0.0,0.0,0.0,0.0,0.0
1784671584.4812813,314751.3749196,0,0,8,0,0,52.100009,0.6449999999999999,19.086718125632117,-43.84500268126686,169.10438262666517,19.086718125632117,-38.18492260061916,-43.845002681266855,0.0,0.0,0.0,0.0,0.0,0.0,0.0,-19.086718125632117,0.0,0.0,43.84500268126686,0.0,0.0,0.0,0.0,0.0,0.0,0.0,0.0,0,0,19.086718125632117,-43.84500268126686,0.0,0.0,0.0,0.0,0.0,0.0,0.0,0.0,0.0,0.0,0.0,0.0,0.0,0.0,0.0,0.0,0.0,0.0,0.0,0.0,0.0,0.0,0.0,0.0,0.0,0.0,0.0,0.0,0.0
1784671584.4814837,314751.375125,0,0,8,0,0,52.102507,0.747,19.004102557221863,-31.35042606703724,169.86539298132465,19.004102557221863,-25.716197874248326,-31.35042606703724,0.0,0.0,0.0,0.0,0.0,0.0,0.0,-19.004102557221863,0.0,0.0,31.35042606703724,0.0,0.0,0.0,0.0,0.0,0.0,0.0,0.0,0,0,19.004102557221863,-31.35042606703724,0.0,0.0,0.0,0.0,0.0,0.0,0.0,0.0,0.0,0.0,0.0,0.0,0.0,0.0,0.0,0.0,0.0,0.0,0.0,0.0,0.0,0.0,0.0,0.0,0.0,0.0,0.0,0.0,0.0
1784671584.4816213,314751.3752625,0,0,8,0,0,52.105005,0.8450000000000001,18.950874052951303,-19.17776495744453,172.19326086114086,18.950874052951303,-13.833721959573532,-19.17776495744453,0.0,0.0,0.0,0.0,0.0,0.0,0.0,-18.950874052951303,0.0,0.0,19.17776495744453,0.0,0.0,0.0,0.0,0.0,0.0,0.0,0.0,0,0,18.950874052951303,-19.17776495744453,0.0,0.0,0.0,0.0,0.0,0.0,0.0,0.0,0.0,0.0,0.0,0.0,0.0,0.0,0.0,0.0,0.0,0.0,0.0,0.0,0.0,0.0,0.0,0.0,0.0,0.0,0.0,0.0,0.0
1784671584.4840758,314751.3777169,0,0,8,0,0,52.107505,0.944,18.92599252511372,-7.531312020184099,173.22882811776475,18.92599252511372,-2.484994963010046,-7.531312020184099,0.0,0.0,0.0,0.0,0.0,0.0,0.0,-18.92599252511372,0.0,0.0,7.531312020184099,0.0,0.0,0.0,0.0,0.0,0.0,0.0,0.0,0,0,18.92599252511372,-7.531312020184099,0.0,0.0,0.0,0.0,0.0,0.0,0.0,0.0,0.0,0.0,0.0,0.0,0.0,0.0,0.0,0.0,0.0,0.0,0.0,0.0,0.0,0.0,0.0,0.0,0.0,0.0,0.0,0.0,0.0
1784671584.485939,314751.3795783,0,0,8,0,0,52.110003,1.042,18.92816584389823,3.665323614218954,172.75019781281412,18.92816584389823,8.583732601101604,3.665323614218954,0.0,0.0,0.0,0.0,0.0,0.0,0.0,-18.92816584389823,0.0,0.0,-3.665323614218954,0.0,0.0,0.0,0.0,0.0,0.0,0.0,0.0,0,0,18.92816584389823,3.665323614218954,0.0,0.0,0.0,0.0,0.0,0.0,0.0,0.0,0.0,0.0,0.0,0.0,0.0,0.0,0.0,0.0,0.0,0.0,0.0,0.0,0.0,0.0,0.0,0.0,0.0,0.0,0.0,0.0,0.0
1784671584.488738,314751.3823778,0,0,8,0,0,52.112504,1.144,18.959161411355925,16.85352094071506,170.99510207060737,18.95916141135593,23.86120163425491,16.85352094071506,0.0,0.0,0.0,0.0,0.0,0.0,0.0,-18.959161411355925,0.0,0.0,-16.85352094071506,0.0,0.0,0.0,0.0,0.0,0.0,0.0,0.0,0,0,18.959161411355925,16.85352094071506,0.0,0.0,0.0,0.0,0.0,0.0,0.0,0.0,0.0,0.0,0.0,0.0,0.0,0.0,0.0,0.0,0.0,0.0,0.0,0.0,0.0,0.0,0.0,0.0,0.0,0.0,0.0,0.0,0.0
1784671584.4908986,314751.3845371,0,0,8,0,0,52.115005,0.036,19.05362205842244,30.595812755261868,167.51313754389778,19.05362205842244,33.442432213466184,30.595812755261864,0.0,0.0,0.0,0.0,0.0,0.0,0.0,-19.05362205842244,0.0,0.0,-30.595812755261868,0.0,0.0,0.0,0.0,0.0,0.0,0.0,0.0,0,0,19.05362205842244,30.595812755261868,0.0,0.0,0.0,0.0,0.0,0.0,0.0,0.0,0.0,0.0,0.0,0.0,0.0,0.0,0.0,0.0,0.0,0.0,0.0,0.0,0.0,0.0,0.0,0.0,0.0,0.0,0.0,0.0,0.0
1784671584.4933486,314751.3869872,0,0,8,0,0,52.117503,0.136,19.1485330734582,42.19622104360588,166.6530248770957,19.1485330734582,46.84740504209784,42.19622104360588,0.0,0.0,0.0,0.0,0.0,0.0,0.0,-19.1485330734582,0.0,0.0,-42.19622104360588,0.0,0.0,0.0,0.0,0.0,0.0,0.0,0.0,0,0,19.1485330734582,42.19622104360588,0.0,0.0,0.0,0.0,0.0,0.0,0.0,0.0,0.0,0.0,0.0,0.0,0.0,0.0,0.0,0.0,0.0,0.0,0.0,0.0,0.0,0.0,0.0,0.0,0.0,0.0,0.0,0.0,0.0
1784671584.4958282,314751.3894664,0,0,8,0,0,52.119978,0.206,19.26719128468404,51.62968155929046,164.38665026298722,19.267191284684035,55.68488712885892,51.62968155929046,0.0,0.0,0.0,0.0,0.0,0.0,0.0,-19.26719128468404,0.0,0.0,-51.62968155929046,0.0,0.0,0.0,0.0,0.0,0.0,0.0,0.0,0,0,19.26719128468404,51.62968155929046,0.0,0.0,0.0,0.0,0.0,0.0,0.0,0.0,0.0,0.0,0.0,0.0,0.0,0.0,0.0,0.0,0.0,0.0,0.0,0.0,0.0,0.0,0.0,0.0,0.0,0.0,0.0,0.0,0.0
1784671584.505288,314751.3989265,0,0,8,0,0,52.122503,0.317,19.40792578947065,60.47499372047753,163.31625549029607,19.40792578947065,64.29486967675288,60.47499372047753,0.0,0.0,0.0,0.0,0.0,0.0,0.0,-19.40792578947065,0.0,0.0,-60.47499372047753,0.0,0.0,0.0,0.0,0.0,0.0,0.0,0.0,0,0,19.40792578947065,60.47499372047753,0.0,0.0,0.0,0.0,0.0,0.0,0.0,0.0,0.0,0.0,0.0,0.0,0.0,0.0,0.0,0.0,0.0,0.0,0.0,0.0,0.0,0.0,0.0,0.0,0.0,0.0,0.0,0.0,0.0
1784671584.5097735,314751.4034115,0,0,8,0,0,52.125004,0.429,19.56798323831169,69.1249128737277,162.1733218200202,19.56798323831169,72.91360220691097,69.1249128737277,0.0,0.0,0.0,0.0,0.0,0.0,0.0,-19.56798323831169,0.0,0.0,-69.1249128737277,0.0,0.0,0.0,0.0,0.0,0.0,0.0,0.0,0,0,19.56798323831169,69.1249128737277,0.0,0.0,0.0,0.0,0.0,0.0,0.0,0.0,0.0,0.0,0.0,0.0,0.0,0.0,0.0,0.0,0.0,0.0,0.0,0.0,0.0,0.0,0.0,0.0,0.0,0.0,0.0,0.0,0.0
1784671584.510203,314751.403842,0,0,8,0,0,52.127501,0.636,19.740263382284127,77.30965298630332,160.84096385011742,19.740263382284127,81.24358532235308,77.3096529863033,0.0,0.0,0.0,0.0,0.0,0.0,0.0,-19.740263382284127,0.0,0.0,-77.30965298630332,0.0,0.0,0.0,0.0,0.0,0.0,0.0,0.0,0,0,19.740263382284127,77.30965298630332,0.0,0.0,0.0,0.0,0.0,0.0,0.0,0.0,0.0,0.0,0.0,0.0,0.0,0.0,0.0,0.0,0.0,0.0,0.0,0.0,0.0,0.0,0.0,0.0,0.0,0.0,0.0,0.0,0.0
1784671584.5104318,314751.4040723,0,0,8,0,0,52.13002,0.752,19.941161458164554,85.70628071927463,160.07266446794546,19.941161458164554,89.48606861515401,85.70628071927462,0.0,0.0,0.0,0.0,0.0,0.0,0.0,-19.941161458164554,0.0,0.0,-85.70628071927463,0.0,0.0,0.0,0.0,0.0,0.0,0.0,0.0,0,0,19.941161458164554,85.70628071927463,0.0,0.0,0.0,0.0,0.0,0.0,0.0,0.0,0.0,0.0,0.0,0.0,0.0,0.0,0.0,0.0,0.0,0.0,0.0,0.0,0.0,0.0,0.0,0.0,0.0,0.0,0.0,0.0,0.0
1784671584.5107286,314751.4043688,0,0,8,0,0,52.1325,0.8350000000000001,20.161626485754496,94.09287965303386,159.32384637667468,20.161626485754496,97.86855162418084,94.09287965303383,0.0,0.0,0.0,0.0,0.0,0.0,0.0,-20.161626485754496,0.0,0.0,-94.09287965303386,0.0,0.0,0.0,0.0,0.0,0.0,0.0,0.0,0,0,20.161626485754496,94.09287965303386,0.0,0.0,0.0,0.0,0.0,0.0,0.0,0.0,0.0,0.0,0.0,0.0,0.0,0.0,0.0,0.0,0.0,0.0,0.0,0.0,0.0,0.0,0.0,0.0,0.0,0.0,0.0,0.0,0.0
1784671584.5117216,314751.4053606,0,0,8,0,0,52.135,0.934,20.405555904661867,104.81112618469228,158.76884768238415,20.405555904661867,110.53852594262644,104.81112618469228,0.0,0.0,0.0,0.0,0.0,0.0,0.0,-20.405555904661867,0.0,0.0,-104.81112618469228,0.0,0.0,0.0,0.0,0.0,0.0,0.0,0.0,0,0,20.405555904661867,104.81112618469228,0.0,0.0,0.0,0.0,0.0,0.0,0.0,0.0,0.0,0.0,0.0,0.0,0.0,0.0,0.0,0.0,0.0,0.0,0.0,0.0,0.0,0.0,0.0,0.0,0.0,0.0,0.0,0.0,0.0
1784671584.5133266,314751.4069658,0,0,8,0,0,52.1375,1.03,20.672136105711846,113.9502130817245,158.43106299462332,20.672136105711846,119.38475801165166,113.9502130817245,0.0,0.0,0.0,0.0,0.0,0.0,0.0,-20.672136105711846,0.0,0.0,-113.9502130817245,0.0,0.0,0.0,0.0,0.0,0.0,0.0,0.0,0,0,20.672136105711846,113.9502130817245,0.0,0.0,0.0,0.0,0.0,0.0,0.0,0.0,0.0,0.0,0.0,0.0,0.0,0.0,0.0,0.0,0.0,0.0,0.0,0.0,0.0,0.0,0.0,0.0,0.0,0.0,0.0,0.0,0.0
1784671584.515897,314751.4095365,0,0,8,0,0,52.14,1.132,20.959612544413773,122.96529295519768,158.3330231870935,20.95961254441377,128.4672396018081,122.96529295519768,0.0,0.0,0.0,0.0,0.0,0.0,0.0,-20.959612544413773,0.0,0.0,-122.96529295519768,0.0,0.0,0.0,0.0,0.0,0.0,0.0,0.0,0,0,20.959612544413773,122.96529295519768,0.0,0.0,0.0,0.0,0.0,0.0,0.0,0.0,0.0,0.0,0.0,0.0,0.0,0.0,0.0,0.0,0.0,0.0,0.0,0.0,0.0,0.0,0.0,0.0,0.0,0.0,0.0,0.0,0.0
1784671584.518385,314751.4120258,0,0,8,0,0,52.142501,0.025,21.435285750859848,137.5005275421515,157.00818628995992,21.435285750859848,142.23971168553277,137.5005275421515,0.0,0.0,0.0,0.0,0.0,0.0,0.0,-21.435285750859848,0.0,0.0,-137.5005275421515,0.0,0.0,0.0,0.0,0.0,0.0,0.0,0.0,0,0,21.435285750859848,137.5005275421515,0.0,0.0,0.0,0.0,0.0,0.0,0.0,0.0,0.0,0.0,0.0,0.0,0.0,0.0,0.0,0.0,0.0,0.0,0.0,0.0,0.0,0.0,0.0,0.0,0.0,0.0,0.0,0.0,0.0
1784671584.5207813,314751.4144223,0,0,8,0,0,52.145,0.122,21.783171876088808,147.24912735188548,158.7254740741198,21.783171876088808,151.53219285002808,147.24912735188548,0.0,0.0,0.0,0.0,0.0,0.0,0.0,-21.783171876088808,0.0,0.0,-147.24912735188548,0.0,0.0,0.0,0.0,0.0,0.0,0.0,0.0,0,0,21.783171876088808,147.24912735188548,0.0,0.0,0.0,0.0,0.0,0.0,0.0,0.0,0.0,0.0,0.0,0.0,0.0,0.0,0.0,0.0,0.0,0.0,0.0,0.0,0.0,0.0,0.0,0.0,0.0,0.0,0.0,0.0,0.0
1784671584.5235426,314751.4171835,0,0,8,0,0,52.147502,0.223,22.15449701863725,157.18278616514846,160.42913471139283,22.15449701863725,161.66467231187892,157.18278616514846,0.0,0.0,0.0,0.0,0.0,0.0,0.0,-22.15449701863725,0.0,0.0,-157.18278616514846,0.0,0.0,0.0,0.0,0.0,0.0,0.0,0.0,0,0,22.15449701863725,157.18278616514846,0.0,0.0,0.0,0.0,0.0,0.0,0.0,0.0,0.0,0.0,0.0,0.0,0.0,0.0,0.0,0.0,0.0,0.0,0.0,0.0,0.0,0.0,0.0,0.0,0.0,0.0,0.0,0.0,0.0
1784671584.527564,314751.4212031,0,0,8,0,0,52.149987,0.306,22.550386924698483,167.33618873617775,158.6144305631323,22.550386924698486,171.79715177372972,167.33618873617775,0.0,0.0,0.0,0.0,0.0,0.0,0.0,-22.550386924698483,0.0,0.0,-167.33618873617775,0.0,0.0,0.0,0.0,0.0,0.0,0.0,0.0,0,0,22.550386924698483,167.33618873617775,0.0,0.0,0.0,0.0,0.0,0.0,0.0,0.0,0.0,0.0,0.0,0.0,0.0,0.0,0.0,0.0,0.0,0.0,0.0,0.0,0.0,0.0,0.0,0.0,0.0,0.0,0.0,0.0,0.0
1784671584.5293188,314751.4229598,0,0,8,0,0,52.152501,0.42,22.968151353885347,176.2419066339928,159.361960859636,22.968151353885347,180.09213496011537,176.2419066339928,0.0,0.0,0.0,0.0,0.0,0.0,0.0,-22.968151353885347,0.0,0.0,-176.2419066339928,0.0,0.0,0.0,0.0,0.0,0.0,0.0,0.0,0,0,22.968151353885347,176.2419066339928,0.0,0.0,0.0,0.0,0.0,0.0,0.0,0.0,0.0,0.0,0.0,0.0,0.0,0.0,0.0,0.0,0.0,0.0,0.0,0.0,0.0,0.0,0.0,0.0,0.0,0.0,0.0,0.0,0.0
1784671584.530893,314751.4245315,0,0,8,0,0,52.154999,0.518,23.407320052732462,185.36893098857584,166.64980862892986,23.407320052732462,189.6033656812137,185.36893098857584,0.0,0.0,0.0,0.0,0.0,0.0,0.0,-23.407320052732462,0.0,0.0,-185.36893098857584,0.0,0.0,0.0,0.0,0.0,0.0,0.0,0.0,0,0,23.407320052732462,185.36893098857584,0.0,0.0,0.0,0.0,0.0,0.0,0.0,0.0,0.0,0.0,0.0,0.0,0.0,0.0,0.0,0.0,0.0,0.0,0.0,0.0,0.0,0.0,0.0,0.0,0.0,0.0,0.0,0.0,0.0
1784671584.5350378,314751.428677,0,0,8,0,0,52.1575,0.616,23.871672353708338,195.79506188856277,161.565051177078,23.87167235370833,200.33084393702467,195.79506188856277,0.0,0.0,0.0,0.0,0.0,0.0,0.0,-23.871672353708338,0.0,0.0,-195.79506188856277,0.0,0.0,0.0,0.0,0.0,0.0,0.0,0.0,0,0,23.871672353708338,195.79506188856277,0.0,0.0,0.0,0.0,0.0,0.0,0.0,0.0,0.0,0.0,0.0,0.0,0.0,0.0,0.0,0.0,0.0,0.0,0.0,0.0,0.0,0.0,0.0,0.0,0.0,0.0,0.0,0.0,0.0
1784671584.5358367,314751.4294762,0,0,8,0,0,52.160001,0.718,24.35975328351431,204.90509151310016,162.51787729518392,24.35975328351431,207.49707941133883,204.90509151310013,0.0,0.0,0.0,0.0,0.0,0.0,0.0,-24.35975328351431,0.0,0.0,-204.90509151310016,0.0,0.0,0.0,0.0,0.0,0.0,0.0,0.0,0,0,24.35975328351431,204.90509151310016,0.0,0.0,0.0,0.0,0.0,0.0,0.0,0.0,0.0,0.0,0.0,0.0,0.0,0.0,0.0,0.0,0.0,0.0,0.0,0.0,0.0,0.0,0.0,0.0,0.0,0.0,0.0,0.0,0.0
1784671584.5384831,314751.4321214,0,0,8,0,0,52.1625,0.823,24.86378447225437,213.2338413579441,164.8451655227373,24.863784472254363,218.04955802186743,213.2338413579441,0.0,0.0,0.0,0.0,0.0,0.0,0.0,-24.86378447225437,0.0,0.0,-213.2338413579441,0.0,0.0,0.0,0.0,0.0,0.0,0.0,0.0,0,0,24.86378447225437,213.2338413579441,0.0,0.0,0.0,0.0,0.0,0.0,0.0,0.0,0.0,0.0,0.0,0.0,0.0,0.0,0.0,0.0,0.0,0.0,0.0,0.0,0.0,0.0,0.0,0.0,0.0,0.0,0.0,0.0,0.0
1784671584.5409665,314751.4346032,0,0,8,0,0,52.165,0.922,25.392010317819544,222.01344077416044,164.90865910457404,25.392010317819544,225.5920427335388,222.01344077416047,0.0,0.0,0.0,0.0,0.0,0.0,0.0,-25.392010317819544,0.0,0.0,-222.01344077416044,0.0,0.0,0.0,0.0,0.0,0.0,0.0,0.0,0,0,25.392010317819544,222.01344077416044,0.0,0.0,0.0,0.0,0.0,0.0,0.0,0.0,0.0,0.0,0.0,0.0,0.0,0.0,0.0,0.0,0.0,0.0,0.0,0.0,0.0,0.0,0.0,0.0,0.0,0.0,0.0,0.0,0.0
1784671584.5434656,314751.4371032,0,0,8,0,0,52.167501,1.021,25.937900758840712,228.89547212507412,162.87230962991808,25.937900758840712,231.79578015879972,228.89547212507412,0.0,0.0,0.0,0.0,0.0,0.0,0.0,-25.937900758840712,0.0,0.0,-228.89547212507412,0.0,0.0,0.0,0.0,0.0,0.0,0.0,0.0,0,0,25.937900758840712,228.89547212507412,0.0,0.0,0.0,0.0,0.0,0.0,0.0,0.0,0.0,0.0,0.0,0.0,0.0,0.0,0.0,0.0,0.0,0.0,0.0,0.0,0.0,0.0,0.0,0.0,0.0,0.0,0.0,0.0,0.0
1784671584.5549517,314751.4485882,0,0,8,0,0,52.170001,1.12,26.500475763649465,236.2940261568918,168.03289762341504,26.500475763649465,239.81951389499767,236.2940261568918,0.0,0.0,0.0,0.0,0.0,0.0,0.0,-26.500475763649465,0.0,0.0,-236.2940261568918,0.0,0.0,0.0,0.0,0.0,0.0,0.0,0.0,0,0,26.500475763649465,236.2940261568918,0.0,0.0,0.0,0.0,0.0,0.0,0.0,0.0,0.0,0.0,0.0,0.0,0.0,0.0,0.0,0.0,0.0,0.0,0.0,0.0,0.0,0.0,0.0,0.0,0.0,0.0,0.0,0.0,0.0
1784671584.5552168,314751.4488574,0,0,8,0,0,52.172501,1.221,27.08219469344889,244.50183753028205,162.94495186626023,27.082194693448887,248.0969971168551,244.50183753028205,0.0,0.0,0.0,0.0,0.0,0.0,0.0,-27.08219469344889,0.0,0.0,-244.50183753028205,0.0,0.0,0.0,0.0,0.0,0.0,0.0,0.0,0,0,27.08219469344889,244.50183753028205,0.0,0.0,0.0,0.0,0.0,0.0,0.0,0.0,0.0,0.0,0.0,0.0,0.0,0.0,0.0,0.0,0.0,0.0,0.0,0.0,0.0,0.0,0.0,0.0,0.0,0.0,0.0,0.0,0.0
1784671584.5554209,314751.4490621,0,0,8,0,0,52.175001,0.112,27.98820144525553,254.0563548318525,159.80756602066904,27.98820144525553,256.6982296824849,254.0563548318525,0.0,0.0,0.0,0.0,0.0,0.0,0.0,-27.98820144525553,0.0,0.0,-254.0563548318525,0.0,0.0,0.0,0.0,0.0,0.0,0.0,0.0,0,0,27.98820144525553,254.0563548318525,0.0,0.0,0.0,0.0,0.0,0.0,0.0,0.0,0.0,0.0,0.0,0.0,0.0,0.0,0.0,0.0,0.0,0.0,0.0,0.0,0.0,0.0,0.0,0.0,0.0,0.0,0.0,0.0,0.0
1784671584.555586,314751.4492271,0,0,8,0,0,52.1775,0.206,28.612028243456415,261.3465067519361,163.21185742595983,28.612028243456415,264.81821322358815,261.3465067519361,0.0,0.0,0.0,0.0,0.0,0.0,0.0,-28.612028243456415,0.0,0.0,-261.3465067519361,0.0,0.0,0.0,0.0,0.0,0.0,0.0,0.0,0,0,28.612028243456415,261.3465067519361,0.0,0.0,0.0,0.0,0.0,0.0,0.0,0.0,0.0,0.0,0.0,0.0,0.0,0.0,0.0,0.0,0.0,0.0,0.0,0.0,0.0,0.0,0.0,0.0,0.0,0.0,0.0,0.0,0.0
1784671584.55585,314751.4494892,0,0,8,0,0,52.179999,0.309,29.25667724413753,270.52239090018554,164.44315616383756,29.25667724413753,273.1394463567662,270.52239090018554,0.0,0.0,0.0,0.0,0.0,0.0,0.0,-29.25667724413753,0.0,0.0,-270.52239090018554,0.0,0.0,0.0,0.0,0.0,0.0,0.0,0.0,0,0,29.25667724413753,270.52239090018554,0.0,0.0,0.0,0.0,0.0,0.0,0.0,0.0,0.0,0.0,0.0,0.0,0.0,0.0,0.0,0.0,0.0,0.0,0.0,0.0,0.0,0.0,0.0,0.0,0.0,0.0,0.0,0.0,0.0
1784671584.5585716,314751.4522079,0,0,8,0,0,52.1825,0.408,29.925812916281995,279.54676788732826,162.36798578580687,29.925812916282,282.1081781774891,279.5467678873282,0.0,0.0,0.0,0.0,0.0,0.0,0.0,-29.925812916281995,0.0,0.0,-279.54676788732826,0.0,0.0,0.0,0.0,0.0,0.0,0.0,0.0,0,0,29.925812916281995,279.54676788732826,0.0,0.0,0.0,0.0,0.0,0.0,0.0,0.0,0.0,0.0,0.0,0.0,0.0,0.0,0.0,0.0,0.0,0.0,0.0,0.0,0.0,0.0,0.0,0.0,0.0,0.0,0.0,0.0,0.0
1784671584.562848,314751.4564856,0,0,8,0,0,52.185,0.514,30.60846934734443,285.09846006274324,161.95311244486692,30.60846934734443,286.68441890162376,285.09846006274324,0.0,0.0,0.0,0.0,0.0,0.0,0.0,-30.60846934734443,0.0,0.0,-285.09846006274324,0.0,0.0,0.0,0.0,0.0,0.0,0.0,0.0,0,0,30.60846934734443,285.09846006274324,0.0,0.0,0.0,0.0,0.0,0.0,0.0,0.0,0.0,0.0,0.0,0.0,0.0,0.0,0.0,0.0,0.0,0.0,0.0,0.0,0.0,0.0,0.0,0.0,0.0,0.0,0.0,0.0,0.0
1784671584.5705714,314751.4642102,0,0,8,0,0,52.1875,0.605,31.300046680331832,286.3353305283938,168.55694166785307,31.300046680331832,286.68441890162376,286.3353305283938,0.0,0.0,0.0,0.0,0.0,0.0,0.0,-31.300046680331832,0.0,0.0,-286.3353305283938,0.0,0.0,0.0,0.0,0.0,0.0,0.0,0.0,0,0,31.300046680331832,286.3353305283938,0.0,0.0,0.0,0.0,0.0,0.0,0.0,0.0,0.0,0.0,0.0,0.0,0.0,0.0,0.0,0.0,0.0,0.0,0.0,0.0,0.0,0.0,0.0,0.0,0.0,0.0,0.0,0.0,0.0
1784671584.5707912,314751.4644322,0,0,8,0,0,52.19,0.709,31.98891066834601,286.6069502074217,160.8489810303832,31.98891066834601,286.68441890162376,286.6069502074217,0.0,0.0,0.0,0.0,0.0,0.0,0.0,-31.98891066834601,0.0,0.0,-286.6069502074217,0.0,0.0,0.0,0.0,0.0,0.0,0.0,0.0,0,0,31.98891066834601,286.6069502074217,0.0,0.0,0.0,0.0,0.0,0.0,0.0,0.0,0.0,0.0,0.0,0.0,0.0,0.0,0.0,0.0,0.0,0.0,0.0,0.0,0.0,0.0,0.0,0.0,0.0,0.0,0.0,0.0,0.0
1784671584.5709636,314751.4646049,0,0,8,0,0,52.192536,0.8490000000000001,32.6779999971631,286.6672272703876,168.67127535035723,32.6779999971631,286.68441890162376,286.6672272703876,0.0,0.0,0.0,0.0,0.0,0.0,0.0,-32.6779999971631,0.0,0.0,-286.6672272703876,0.0,0.0,0.0,0.0,0.0,0.0,0.0,0.0,0,0,32.6779999971631,286.6672272703876,0.0,0.0,0.0,0.0,0.0,0.0,0.0,0.0,0.0,0.0,0.0,0.0,0.0,0.0,0.0,0.0,0.0,0.0,0.0,0.0,0.0,0.0,0.0,0.0,0.0,0.0,0.0,0.0,0.0
1784671584.571125,314751.4647662,0,0,8,0,0,52.195,0.909,33.369440370902964,286.6806229127051,165.3784710302932,33.369440370902964,286.68441890162376,286.6806229127051,0.0,0.0,0.0,0.0,0.0,0.0,0.0,-33.369440370902964,0.0,0.0,-286.6806229127051,0.0,0.0,0.0,0.0,0.0,0.0,0.0,0.0,0,0,33.369440370902964,286.6806229127051,0.0,0.0,0.0,0.0,0.0,0.0,0.0,0.0,0.0,0.0,0.0,0.0,0.0,0.0,0.0,0.0,0.0,0.0,0.0,0.0,0.0,0.0,0.0,0.0,0.0,0.0,0.0,0.0,0.0
1784671584.573427,314751.4670639,0,0,8,0,0,52.1975,1.007,34.06031660024855,286.6835796763864,164.87660496345458,34.06031660024855,286.68441890162376,286.6835796763864,0.0,0.0,0.0,0.0,0.0,0.0,0.0,-34.06031660024855,0.0,0.0,-286.6835796763864,0.0,0.0,0.0,0.0,0.0,0.0,0.0,0.0,0,0,34.06031660024855,286.6835796763864,0.0,0.0,0.0,0.0,0.0,0.0,0.0,0.0,0.0,0.0,0.0,0.0,0.0,0.0,0.0,0.0,0.0,0.0,0.0,0.0,0.0,0.0,0.0,0.0,0.0,0.0,0.0,0.0,0.0
1784671584.5764198,314751.470058,0,0,8,0,0,52.200001,1.108,34.750620030055,286.6842331306379,165.603961663846,34.75062003005499,286.68441890162376,286.6842331306379,0.0,0.0,0.0,0.0,0.0,0.0,0.0,-34.750620030055,0.0,0.0,-286.6842331306379,0.0,0.0,0.0,0.0,0.0,0.0,0.0,0.0,0,0,34.750620030055,286.6842331306379,0.0,0.0,0.0,0.0,0.0,0.0,0.0,0.0,0.0,0.0,0.0,0.0,0.0,0.0,0.0,0.0,0.0,0.0,0.0,0.0,0.0,0.0,0.0,0.0,0.0,0.0,0.0,0.0,0.0
1784671584.578431,314751.4720684,0,0,8,0,0,52.2025,1.204,35.441786881573705,286.6843778567797,158.40808905819986,35.441786881573705,286.68441890162376,286.68437785677963,0.0,0.0,0.0,0.0,0.0,0.0,0.0,-35.441786881573705,0.0,0.0,-286.6843778567797,0.0,0.0,0.0,0.0,0.0,0.0,0.0,0.0,0,0,35.441786881573705,286.6843778567797,0.0,0.0,0.0,0.0,0.0,0.0,0.0,0.0,0.0,0.0,0.0,0.0,0.0,0.0,0.0,0.0,0.0,0.0,0.0,0.0,0.0,0.0,0.0,0.0,0.0,0.0,0.0,0.0,0.0
1784671584.5812726,314751.474911,0,0,8,0,0,52.205,0.097,36.47925641679473,286.68441464566405,166.01376863747743,36.47925641679473,286.68441890162376,286.68441464566405,0.0,0.0,0.0,0.0,0.0,0.0,0.0,-36.47925641679473,0.0,0.0,-286.68441464566405,0.0,0.0,0.0,0.0,0.0,0.0,0.0,0.0,0,0,36.47925641679473,286.68441464566405,0.0,0.0,0.0,0.0,0.0,0.0,0.0,0.0,0.0,0.0,0.0,0.0,0.0,0.0,0.0,0.0,0.0,0.0,0.0,0.0,0.0,0.0,0.0,0.0,0.0,0.0,0.0,0.0,0.0
1784671584.583442,314751.4770798,0,0,8,0,0,52.2075,0.1979999999999999,37.16927291246957,286.684417958932,167.32183772940238,37.16927291246957,286.68441890162376,286.684417958932,0.0,0.0,0.0,0.0,0.0,0.0,0.0,-37.16927291246957,0.0,0.0,-286.684417958932,0.0,0.0,0.0,0.0,0.0,0.0,0.0,0.0,0,0,37.16927291246957,286.684417958932,0.0,0.0,0.0,0.0,0.0,0.0,0.0,0.0,0.0,0.0,0.0,0.0,0.0,0.0,0.0,0.0,0.0,0.0,0.0,0.0,0.0,0.0,0.0,0.0,0.0,0.0,0.0,0.0,0.0
1784671584.585957,314751.4795953,0,0,8,0,0,52.210011,0.305,37.86072754360839,286.6844186934732,164.34357929696188,37.86072754360839,286.68441890162376,286.6844186934732,0.0,0.0,0.0,0.0,0.0,0.0,0.0,-37.86072754360839,0.0,0.0,-286.6844186934732,0.0,0.0,0.0,0.0,0.0,0.0,0.0,0.0,0,0,37.86072754360839,286.6844186934732,0.0,0.0,0.0,0.0,0.0,0.0,0.0,0.0,0.0,0.0,0.0,0.0,0.0,0.0,0.0,0.0,0.0,0.0,0.0,0.0,0.0,0.0,0.0,0.0,0.0,0.0,0.0,0.0,0.0
1784671584.5883243,314751.4819624,0,0,8,0,0,52.2125,0.397,38.55016878955488,286.68441885546054,167.68583403836004,38.55016878955488,286.68441890162376,286.68441885546054,0.0,0.0,0.0,0.0,0.0,0.0,0.0,-38.55016878955488,0.0,0.0,-286.68441885546054,0.0,0.0,0.0,0.0,0.0,0.0,0.0,0.0,0,0,38.55016878955488,286.68441885546054,0.0,0.0,0.0,0.0,0.0,0.0,0.0,0.0,0.0,0.0,0.0,0.0,0.0,0.0,0.0,0.0,0.0,0.0,0.0,0.0,0.0,0.0,0.0,0.0,0.0,0.0,0.0,0.0,0.0
1784671584.5910568,314751.4846948,0,0,8,0,0,52.215,0.495,39.24104816835767,286.68441889141786,169.5182066285407,39.24104816835766,286.68441890162376,286.68441889141786,0.0,0.0,0.0,0.0,0.0,0.0,0.0,-39.24104816835767,0.0,0.0,-286.68441889141786,0.0,0.0,0.0,0.0,0.0,0.0,0.0,0.0,0,0,39.24104816835767,286.68441889141786,0.0,0.0,0.0,0.0,0.0,0.0,0.0,0.0,0.0,0.0,0.0,0.0,0.0,0.0,0.0,0.0,0.0,0.0,0.0,0.0,0.0,0.0,0.0,0.0,0.0,0.0,0.0,0.0,0.0
1784671584.593743,314751.4873805,0,0,8,0,0,52.217499,0.598,39.93020178793592,286.6844188993589,167.16814519142503,39.93020178793592,286.68441890162376,286.6844188993589,0.0,0.0,0.0,0.0,0.0,0.0,0.0,-39.93020178793592,0.0,0.0,-286.6844188993589,0.0,0.0,0.0,0.0,0.0,0.0,0.0,0.0,0,0,39.93020178793592,286.6844188993589,0.0,0.0,0.0,0.0,0.0,0.0,0.0,0.0,0.0,0.0,0.0,0.0,0.0,0.0,0.0,0.0,0.0,0.0,0.0,0.0,0.0,0.0,0.0,0.0,0.0,0.0,0.0,0.0,0.0
1784671584.5959322,314751.489569,0,0,8,0,0,52.220001,0.694,40.62223167292677,286.6844189011243,168.4313066017513,40.62223167292677,286.68441890162376,286.6844189011243,0.0,0.0,0.0,0.0,0.0,0.0,0.0,-40.62223167292677,0.0,0.0,-286.6844189011243,0.0,0.0,0.0,0.0,0.0,0.0,0.0,0.0,0,0,40.62223167292677,286.6844189011243,0.0,0.0,0.0,0.0,0.0,0.0,0.0,0.0,0.0,0.0,0.0,0.0,0.0,0.0,0.0,0.0,0.0,0.0,0.0,0.0,0.0,0.0,0.0,0.0,0.0,0.0,0.0,0.0,0.0
1784671584.5983994,314751.4920375,0,0,8,0,0,52.222536,0.825,41.313686304851856,286.6844189015135,163.87545794987687,41.313686304851856,286.68441890162376,286.6844189015135,0.0,0.0,0.0,0.0,0.0,0.0,0.0,-41.313686304851856,0.0,0.0,-286.6844189015135,0.0,0.0,0.0,0.0,0.0,0.0,0.0,0.0,0,0,41.313686304851856,286.6844189015135,0.0,0.0,0.0,0.0,0.0,0.0,0.0,0.0,0.0,0.0,0.0,0.0,0.0,0.0,0.0,0.0,0.0,0.0,0.0,0.0,0.0,0.0,0.0,0.0,0.0,0.0,0.0,0.0,0.0
1784671584.6008346,314751.4944724,0,0,8,0,0,52.225004,0.894,42.00370280406243,286.6844189015993,169.95080975005712,42.00370280406243,286.68441890162376,286.6844189015993,0.0,0.0,0.0,0.0,0.0,0.0,0.0,-42.00370280406243,0.0,0.0,-286.6844189015993,0.0,0.0,0.0,0.0,0.0,0.0,0.0,0.0,0,0,42.00370280406243,286.6844189015993,0.0,0.0,0.0,0.0,0.0,0.0,0.0,0.0,0.0,0.0,0.0,0.0,0.0,0.0,0.0,0.0,0.0,0.0,0.0,0.0,0.0,0.0,0.0,0.0,0.0,0.0,0.0,0.0,0.0
1784671584.6034367,314751.4970735,0,0,8,0,0,52.227503,0.896,42.72190670362748,286.68441890161864,169.64075056348008,42.72190670362748,286.68441890162376,286.68441890161864,0.0,0.0,0.0,0.0,0.0,0.0,0.0,-42.72190670362748,0.0,0.0,-286.68441890161864,0.0,0.0,0.0,0.0,0.0,0.0,0.0,0.0,0,0,42.72190670362748,286.68441890161864,0.0,0.0,0.0,0.0,0.0,0.0,0.0,0.0,0.0,0.0,0.0,0.0,0.0,0.0,0.0,0.0,0.0,0.0,0.0,0.0,0.0,0.0,0.0,0.0,0.0,0.0,0.0,0.0,0.0
1784671584.6059232,314751.4995616,0,0,8,0,0,52.230002,0.99,43.41364896208156,286.6844189016226,167.2424118295477,43.41364896208156,286.68441890162376,286.6844189016226,0.0,0.0,0.0,0.0,0.0,0.0,0.0,-43.41364896208156,0.0,0.0,-286.6844189016226,0.0,0.0,0.0,0.0,0.0,0.0,0.0,0.0,0,0,43.41364896208156,286.6844189016226,0.0,0.0,0.0,0.0,0.0,0.0,0.0,0.0,0.0,0.0,0.0,0.0,0.0,0.0,0.0,0.0,0.0,0.0,0.0,0.0,0.0,0.0,0.0,0.0,0.0,0.0,0.0,0.0,0.0
1784671584.6193583,314751.5129969,0,0,8,0,0,52.232505,1.0970000000000002,44.10280258166503,286.6844189016235,170.25638934886206,44.10280258166503,286.68441890162376,286.6844189016235,0.0,0.0,0.0,0.0,0.0,0.0,0.0,-44.10280258166503,0.0,0.0,-286.6844189016235,0.0,0.0,0.0,0.0,0.0,0.0,0.0,0.0,0,0,44.10280258166503,286.6844189016235,0.0,0.0,0.0,0.0,0.0,0.0,0.0,0.0,0.0,0.0,0.0,0.0,0.0,0.0,0.0,0.0,0.0,0.0,0.0,0.0,0.0,0.0,0.0,0.0,0.0,0.0,0.0,0.0,0.0
1784671584.6196194,314751.5132601,0,0,8,0,0,52.235002,1.191,44.79170524028564,286.6844189016237,171.17109870956773,44.79170524028564,286.68441890162376,286.6844189016237,0.0,0.0,0.0,0.0,0.0,0.0,0.0,-44.79170524028564,0.0,0.0,-286.6844189016237,0.0,0.0,0.0,0.0,0.0,0.0,0.0,0.0,0,0,44.79170524028564,286.6844189016237,0.0,0.0,0.0,0.0,0.0,0.0,0.0,0.0,0.0,0.0,0.0,0.0,0.0,0.0,0.0,0.0,0.0,0.0,0.0,0.0,0.0,0.0,0.0,0.0,0.0,0.0,0.0,0.0,0.0
1784671584.6199057,314751.5135465,0,0,8,0,0,52.237502,0.079,45.82720936135831,286.6844189016237,171.97898019053102,45.82720936135831,286.68441890162376,286.68441890162376,0.0,0.0,0.0,0.0,0.0,0.0,0.0,-45.82720936135831,0.0,0.0,-286.6844189016237,0.0,0.0,0.0,0.0,0.0,0.0,0.0,0.0,0,0,45.82720936135831,286.6844189016237,0.0,0.0,0.0,0.0,0.0,0.0,0.0,0.0,0.0,0.0,0.0,0.0,0.0,0.0,0.0,0.0,0.0,0.0,0.0,0.0,0.0,0.0,0.0,0.0,0.0,0.0,0.0,0.0,0.0
1784671584.6201274,314751.5137677,0,0,8,0,0,52.240026,0.215,46.51181175369538,286.6844189016237,166.93113033670107,46.51181175369538,286.68441890162376,286.68441890162376,0.0,0.0,0.0,0.0,0.0,0.0,0.0,-46.51181175369538,0.0,0.0,-286.6844189016237,0.0,0.0,0.0,0.0,0.0,0.0,0.0,0.0,0,0,46.51181175369538,286.6844189016237,0.0,0.0,0.0,0.0,0.0,0.0,0.0,0.0,0.0,0.0,0.0,0.0,0.0,0.0,0.0,0.0,0.0,0.0,0.0,0.0,0.0,0.0,0.0,0.0,0.0,0.0,0.0,0.0,0.0
1784671584.6202614,314751.5139019,0,0,8,0,0,52.242503,0.282,47.202721203248295,286.6844189016237,172.64002247419157,47.202721203248295,286.68441890162376,286.68441890162376,0.0,0.0,0.0,0.0,0.0,0.0,0.0,-47.202721203248295,0.0,0.0,-286.6844189016237,0.0,0.0,0.0,0.0,0.0,0.0,0.0,0.0,0,0,47.202721203248295,286.6844189016237,0.0,0.0,0.0,0.0,0.0,0.0,0.0,0.0,0.0,0.0,0.0,0.0,0.0,0.0,0.0,0.0,0.0,0.0,0.0,0.0,0.0,0.0,0.0,0.0,0.0,0.0,0.0,0.0,0.0
1784671584.6209054,314751.5145453,0,0,8,0,0,52.245005,0.381,47.891623861868894,286.6844189016237,174.3981198943713,47.891623861868894,286.68441890162376,286.68441890162376,0.0,0.0,0.0,0.0,0.0,0.0,0.0,-47.891623861868894,0.0,0.0,-286.6844189016237,0.0,0.0,0.0,0.0,0.0,0.0,0.0,0.0,0,0,47.891623861868894,286.6844189016237,0.0,0.0,0.0,0.0,0.0,0.0,0.0,0.0,0.0,0.0,0.0,0.0,0.0,0.0,0.0,0.0,0.0,0.0,0.0,0.0,0.0,0.0,0.0,0.0,0.0,0.0,0.0,0.0,0.0
1784671584.6235216,314751.5171596,0,0,8,0,0,52.247502,0.478,48.579666467232784,286.6844189016237,168.6993237979509,48.579666467232784,286.68441890162376,286.68441890162376,0.0,0.0,0.0,0.0,0.0,0.0,0.0,-48.579666467232784,0.0,0.0,-286.6844189016237,0.0,0.0,0.0,0.0,0.0,0.0,0.0,0.0,0,0,48.579666467232784,286.6844189016237,0.0,0.0,0.0,0.0,0.0,0.0,0.0,0.0,0.0,0.0,0.0,0.0,0.0,0.0,0.0,0.0,0.0,0.0,0.0,0.0,0.0,0.0,0.0,0.0,0.0,0.0,0.0,0.0,0.0
1784671584.6259718,314751.5196098,0,0,8,0,0,52.250002,0.587,49.26512891282657,286.6844189016237,172.82084165964142,49.26512891282656,286.68441890162376,286.68441890162376,0.0,0.0,0.0,0.0,0.0,0.0,0.0,-49.26512891282657,0.0,0.0,-286.6844189016237,0.0,0.0,0.0,0.0,0.0,0.0,0.0,0.0,0,0,49.26512891282657,286.6844189016237,0.0,0.0,0.0,0.0,0.0,0.0,0.0,0.0,0.0,0.0,0.0,0.0,0.0,0.0,0.0,0.0,0.0,0.0,0.0,0.0,0.0,0.0,0.0,0.0,0.0,0.0,0.0,0.0,0.0
1784671584.6284573,314751.522095,0,0,8,0,0,52.252521,0.705,49.95345820260936,286.6844189016237,173.16698664944516,49.95345820260936,286.68441890162376,286.68441890162376,0.0,0.0,0.0,0.0,0.0,0.0,0.0,-49.95345820260936,0.0,0.0,-286.6844189016237,0.0,0.0,0.0,0.0,0.0,0.0,0.0,0.0,0,0,49.95345820260936,286.6844189016237,0.0,0.0,0.0,0.0,0.0,0.0,0.0,0.0,0.0,0.0,0.0,0.0,0.0,0.0,0.0,0.0,0.0,0.0,0.0,0.0,0.0,0.0,0.0,0.0,0.0,0.0,0.0,0.0,0.0
1784671584.6309483,314751.5245861,0,0,8,0,0,52.255003,0.785,50.64207417681106,286.6844189016237,172.89510567181554,50.64207417681106,286.68441890162376,286.68441890162376,0.0,0.0,0.0,0.0,0.0,0.0,0.0,-50.64207417681106,0.0,0.0,-286.6844189016237,0.0,0.0,0.0,0.0,0.0,0.0,0.0,0.0,0,0,50.64207417681106,286.6844189016237,0.0,0.0,0.0,0.0,0.0,0.0,0.0,0.0,0.0,0.0,0.0,0.0,0.0,0.0,0.0,0.0,0.0,0.0,0.0,0.0,0.0,0.0,0.0,0.0,0.0,0.0,0.0,0.0,0.0
1784671584.6351366,314751.5287739,0,0,8,0,0,52.257504,0.882,51.33126351985057,286.6844189016237,170.10897403477716,51.33126351985057,286.68441890162376,286.68441890162376,0.0,0.0,0.0,0.0,0.0,0.0,0.0,-51.33126351985057,0.0,0.0,-286.6844189016237,0.0,0.0,0.0,0.0,0.0,0.0,0.0,0.0,0,0,51.33126351985057,286.6844189016237,0.0,0.0,0.0,0.0,0.0,0.0,0.0,0.0,0.0,0.0,0.0,0.0,0.0,0.0,0.0,0.0,0.0,0.0,0.0,0.0,0.0,0.0,0.0,0.0,0.0,0.0,0.0,0.0,0.0
1784671584.635887,314751.5295264,0,0,8,0,0,52.260002,0.982,52.01873275637667,286.6844189016237,172.57156606798517,52.01873275637666,286.68441890162376,286.68441890162376,0.0,0.0,0.0,0.0,0.0,0.0,0.0,-52.01873275637667,0.0,0.0,-286.6844189016237,0.0,0.0,0.0,0.0,0.0,0.0,0.0,0.0,0,0,52.01873275637667,286.6844189016237,0.0,0.0,0.0,0.0,0.0,0.0,0.0,0.0,0.0,0.0,0.0,0.0,0.0,0.0,0.0,0.0,0.0,0.0,0.0,0.0,0.0,0.0,0.0,0.0,0.0,0.0,0.0,0.0,0.0
1784671584.6384428,314751.5320806,0,0,8,0,0,52.262502,1.08,52.70734873057836,286.6844189016237,174.83938894405097,52.70734873057837,286.68441890162376,286.68441890162376,0.0,0.0,0.0,0.0,0.0,0.0,0.0,-52.70734873057836,0.0,0.0,-286.6844189016237,0.0,0.0,0.0,0.0,0.0,0.0,0.0,0.0,0,0,52.70734873057836,286.6844189016237,0.0,0.0,0.0,0.0,0.0,0.0,0.0,0.0,0.0,0.0,0.0,0.0,0.0,0.0,0.0,0.0,0.0,0.0,0.0,0.0,0.0,0.0,0.0,0.0,0.0,0.0,0.0,0.0,0.0
1784671584.6415095,314751.5351473,0,0,8,0,0,52.265005,1.183,53.39539133594226,286.6844189016237,173.2504017501216,53.39539133594226,286.68441890162376,286.68441890162376,0.0,0.0,0.0,0.0,0.0,0.0,0.0,-53.39539133594226,0.0,0.0,-286.6844189016237,0.0,0.0,0.0,0.0,0.0,0.0,0.0,0.0,0,0,53.39539133594226,286.6844189016237,0.0,0.0,0.0,0.0,0.0,0.0,0.0,0.0,0.0,0.0,0.0,0.0,0.0,0.0,0.0,0.0,0.0,0.0,0.0,0.0,0.0,0.0,0.0,0.0,0.0,0.0,0.0,0.0,0.0
1784671584.643757,314751.5373947,0,0,8,0,0,52.267502,0.071,54.43003540375821,286.6844189016237,173.25814230963323,54.43003540375821,286.68441890162376,286.68441890162376,0.0,0.0,0.0,0.0,0.0,0.0,0.0,-54.43003540375821,0.0,0.0,-286.6844189016237,0.0,0.0,0.0,0.0,0.0,0.0,0.0,0.0,0,0,54.43003540375821,286.6844189016237,0.0,0.0,0.0,0.0,0.0,0.0,0.0,0.0,0.0,0.0,0.0,0.0,0.0,0.0,0.0,0.0,0.0,0.0,0.0,0.0,0.0,0.0,0.0,0.0,0.0,0.0,0.0,0.0,0.0
1784671584.646351,314751.539989,0,0,8,0,0,52.270002,0.171,55.11807800912212,286.6844189016237,172.6395287498129,55.11807800912212,286.68441890162376,286.68441890162376,0.0,0.0,0.0,0.0,0.0,0.0,0.0,-55.11807800912212,0.0,0.0,-286.6844189016237,0.0,0.0,0.0,0.0,0.0,0.0,0.0,0.0,0,0,55.11807800912212,286.6844189016237,0.0,0.0,0.0,0.0,0.0,0.0,0.0,0.0,0.0,0.0,0.0,0.0,0.0,0.0,0.0,0.0,0.0,0.0,0.0,0.0,0.0,0.0,0.0,0.0,0.0,0.0,0.0,0.0,0.0
1784671584.6699915,314751.5636285,0,0,8,0,0,52.272503,0.2689999999999999,55.80698066774272,286.6844189016237,173.36559831445666,55.80698066774272,286.68441890162376,286.68441890162376,0.0,0.0,0.0,0.0,0.0,0.0,0.0,-55.80698066774272,0.0,0.0,-286.6844189016237,0.0,0.0,0.0,0.0,0.0,0.0,0.0,0.0,0,0,55.80698066774272,286.6844189016237,0.0,0.0,0.0,0.0,0.0,0.0,0.0,0.0,0.0,0.0,0.0,0.0,0.0,0.0,0.0,0.0,0.0,0.0,0.0,0.0,0.0,0.0,0.0,0.0,0.0,0.0,0.0,0.0,0.0
1784671584.670135,314751.5637764,0,0,8,0,0,52.275002,0.369,56.49473658868771,286.6844189016237,172.50339535765715,56.49473658868771,286.68441890162376,286.68441890162376,0.0,0.0,0.0,0.0,0.0,0.0,0.0,-56.49473658868771,0.0,0.0,-286.6844189016237,0.0,0.0,0.0,0.0,0.0,0.0,0.0,0.0,0,0,56.49473658868771,286.6844189016237,0.0,0.0,0.0,0.0,0.0,0.0,0.0,0.0,0.0,0.0,0.0,0.0,0.0,0.0,0.0,0.0,0.0,0.0,0.0,0.0,0.0,0.0,0.0,0.0,0.0,0.0,0.0,0.0,0.0
1784671584.6704445,314751.564084,0,0,8,0,0,52.277492,0.462,57.1819191407949,286.6844189016237,174.21060254922372,57.1819191407949,286.68441890162376,286.68441890162376,0.0,0.0,0.0,0.0,0.0,0.0,0.0,-57.1819191407949,0.0,0.0,-286.6844189016237,0.0,0.0,0.0,0.0,0.0,0.0,0.0,0.0,0,0,57.1819191407949,286.6844189016237,0.0,0.0,0.0,0.0,0.0,0.0,0.0,0.0,0.0,0.0,0.0,0.0,0.0,0.0,0.0,0.0,0.0,0.0,0.0,0.0,0.0,0.0,0.0,0.0,0.0,0.0,0.0,0.0,0.0
1784671584.6707113,314751.5643513,0,0,8,0,0,52.280003,0.5670000000000001,57.87168185267222,286.6844189016237,172.68938214735263,57.87168185267221,286.68441890162376,286.68441890162376,0.0,0.0,0.0,0.0,0.0,0.0,0.0,-57.87168185267222,0.0,0.0,-286.6844189016237,0.0,0.0,0.0,0.0,0.0,0.0,0.0,0.0,0,0,57.87168185267222,286.6844189016237,0.0,0.0,0.0,0.0,0.0,0.0,0.0,0.0,0.0,0.0,0.0,0.0,0.0,0.0,0.0,0.0,0.0,0.0,0.0,0.0,0.0,0.0,0.0,0.0,0.0,0.0,0.0,0.0,0.0
1784671584.6709,314751.5645399,0,0,8,0,0,52.282502,0.673,58.5577176671038,286.6844189016237,174.3516046682117,58.5577176671038,286.68441890162376,286.68441890162376,0.0,0.0,0.0,0.0,0.0,0.0,0.0,-58.5577176671038,0.0,0.0,-286.6844189016237,0.0,0.0,0.0,0.0,0.0,0.0,0.0,0.0,0,0,58.5577176671038,286.6844189016237,0.0,0.0,0.0,0.0,0.0,0.0,0.0,0.0,0.0,0.0,0.0,0.0,0.0,0.0,0.0,0.0,0.0,0.0,0.0,0.0,0.0,0.0,0.0,0.0,0.0,0.0,0.0,0.0,0.0
1784671584.6767645,314751.570402,0,0,8,0,0,52.285003,0.764,59.24862711665672,286.6844189016237,174.99603052225885,59.24862711665672,286.68441890162376,286.68441890162376,0.0,0.0,0.0,0.0,0.0,0.0,0.0,-59.24862711665672,0.0,0.0,-286.6844189016237,0.0,0.0,0.0,0.0,0.0,0.0,0.0,0.0,0,0,59.24862711665672,286.6844189016237,0.0,0.0,0.0,0.0,0.0,0.0,0.0,0.0,0.0,0.0,0.0,0.0,0.0,0.0,0.0,0.0,0.0,0.0,0.0,0.0,0.0,0.0,0.0,0.0,0.0,0.0,0.0,0.0,0.0
1784671584.677092,314751.5707315,0,0,8,0,0,52.287509,0.878,59.93437624666941,286.6844189016237,172.7273709956211,59.93437624666941,286.68441890162376,286.68441890162376,0.0,0.0,0.0,0.0,0.0,0.0,0.0,-59.93437624666941,0.0,0.0,-286.6844189016237,0.0,0.0,0.0,0.0,0.0,0.0,0.0,0.0,0,0,59.93437624666941,286.6844189016237,0.0,0.0,0.0,0.0,0.0,0.0,0.0,0.0,0.0,0.0,0.0,0.0,0.0,0.0,0.0,0.0,0.0,0.0,0.0,0.0,0.0,0.0,0.0,0.0,0.0,0.0,0.0,0.0,0.0
1784671584.677328,314751.5709691,0,0,8,0,0,52.290005,0.969,60.623852274127806,286.6844189016237,173.2781316756705,60.623852274127806,286.68441890162376,286.68441890162376,0.0,0.0,0.0,0.0,0.0,0.0,0.0,-60.623852274127806,0.0,0.0,-286.6844189016237,0.0,0.0,0.0,0.0,0.0,0.0,0.0,0.0,0,0,60.623852274127806,286.6844189016237,0.0,0.0,0.0,0.0,0.0,0.0,0.0,0.0,0.0,0.0,0.0,0.0,0.0,0.0,0.0,0.0,0.0,0.0,0.0,0.0,0.0,0.0,0.0,0.0,0.0,0.0,0.0,0.0,0.0
1784671584.677609,314751.5712485,0,0,8,0,0,52.292503,1.07,61.311034826234994,286.6844189016237,173.2327278808734,61.311034826235,286.68441890162376,286.68441890162376,0.0,0.0,0.0,0.0,0.0,0.0,0.0,-61.311034826234994,0.0,0.0,-286.6844189016237,0.0,0.0,0.0,0.0,0.0,0.0,0.0,0.0,0,0,61.311034826234994,286.6844189016237,0.0,0.0,0.0,0.0,0.0,0.0,0.0,0.0,0.0,0.0,0.0,0.0,0.0,0.0,0.0,0.0,0.0,0.0,0.0,0.0,0.0,0.0,0.0,0.0,0.0,0.0,0.0,0.0,0.0
1784671584.6779108,314751.5715492,0,0,8,0,0,52.295002,1.167,61.9996508004367,286.6844189016237,175.81174329191776,61.9996508004367,286.68441890162376,286.68441890162376,0.0,0.0,0.0,0.0,0.0,0.0,0.0,-61.9996508004367,0.0,0.0,-286.6844189016237,0.0,0.0,0.0,0.0,0.0,0.0,0.0,0.0,0,0,61.9996508004367,286.6844189016237,0.0,0.0,0.0,0.0,0.0,0.0,0.0,0.0,0.0,0.0,0.0,0.0,0.0,0.0,0.0,0.0,0.0,0.0,0.0,0.0,0.0,0.0,0.0,0.0,0.0,0.0,0.0,0.0,0.0
1784671584.6782022,314751.5718423,0,0,8,0,0,52.297503,0.067,63.03200139290146,286.6844189016237,176.88313308347878,63.03200139290146,286.68441890162376,286.68441890162376,0.0,0.0,0.0,0.0,0.0,0.0,0.0,-63.03200139290146,0.0,0.0,-286.6844189016237,0.0,0.0,0.0,0.0,0.0,0.0,0.0,0.0,0,0,63.03200139290146,286.6844189016237,0.0,0.0,0.0,0.0,0.0,0.0,0.0,0.0,0.0,0.0,0.0,0.0,0.0,0.0,0.0,0.0,0.0,0.0,0.0,0.0,0.0,0.0,0.0,0.0,0.0,0.0,0.0,0.0,0.0
1784671584.678481,314751.5721203,0,0,8,0,0,52.300004,0.159,63.722624158035465,286.6844189016237,174.30592218365803,63.722624158035465,286.68441890162376,286.68441890162376,0.0,0.0,0.0,0.0,0.0,0.0,0.0,-63.722624158035465,0.0,0.0,-286.6844189016237,0.0,0.0,0.0,0.0,0.0,0.0,0.0,0.0,0,0,63.722624158035465,286.6844189016237,0.0,0.0,0.0,0.0,0.0,0.0,0.0,0.0,0.0,0.0,0.0,0.0,0.0,0.0,0.0,0.0,0.0,0.0,0.0,0.0,0.0,0.0,0.0,0.0,0.0,0.0,0.0,0.0,0.0
1784671584.6785746,314751.572216,0,0,8,0,0,52.3025,0.264,64.40808660362924,286.6844189016237,176.24229143589127,64.40808660362924,286.68441890162376,286.68441890162376,0.0,0.0,0.0,0.0,0.0,0.0,0.0,-64.40808660362924,0.0,0.0,-286.6844189016237,0.0,0.0,0.0,0.0,0.0,0.0,0.0,0.0,0,0,64.40808660362924,286.6844189016237,0.0,0.0,0.0,0.0,0.0,0.0,0.0,0.0,0.0,0.0,0.0,0.0,0.0,0.0,0.0,0.0,0.0,0.0,0.0,0.0,0.0,0.0,0.0,0.0,0.0,0.0,0.0,0.0,0.0
1784671584.681411,314751.5750492,0,0,8,0,0,52.305003,0.36,65.09813599992545,286.6844189016237,171.7787228979576,65.09813599992545,286.68441890162376,286.68441890162376,0.0,0.0,0.0,0.0,0.0,0.0,0.0,-65.09813599992545,0.0,0.0,-286.6844189016237,0.0,0.0,0.0,0.0,0.0,0.0,0.0,0.0,0,0,65.09813599992545,286.6844189016237,0.0,0.0,0.0,0.0,0.0,0.0,0.0,0.0,0.0,0.0,0.0,0.0,0.0,0.0,0.0,0.0,0.0,0.0,0.0,0.0,0.0,0.0,0.0,0.0,0.0,0.0,0.0,0.0,0.0
1784671584.6839583,314751.5775955,0,0,8,0,0,52.307502,0.455,65.78732534296496,286.6844189016237,177.5628862162889,65.78732534296496,286.68441890162376,286.68441890162376,0.0,0.0,0.0,0.0,0.0,0.0,0.0,-65.78732534296496,0.0,0.0,-286.6844189016237,0.0,0.0,0.0,0.0,0.0,0.0,0.0,0.0,0,0,65.78732534296496,286.6844189016237,0.0,0.0,0.0,0.0,0.0,0.0,0.0,0.0,0.0,0.0,0.0,0.0,0.0,0.0,0.0,0.0,0.0,0.0,0.0,0.0,0.0,0.0,0.0,0.0,0.0,0.0,0.0,0.0,0.0
1784671584.6859722,314751.5796099,0,0,8,0,0,52.310003,0.562,66.47364784181545,286.6844189016237,174.75156619196275,66.47364784181543,286.68441890162376,286.68441890162376,0.0,0.0,0.0,0.0,0.0,0.0,0.0,-66.47364784181545,0.0,0.0,-286.6844189016237,0.0,0.0,0.0,0.0,0.0,0.0,0.0,0.0,0,0,66.47364784181545,286.6844189016237,0.0,0.0,0.0,0.0,0.0,0.0,0.0,0.0,0.0,0.0,0.0,0.0,0.0,0.0,0.0,0.0,0.0,0.0,0.0,0.0,0.0,0.0,0.0,0.0,0.0,0.0,0.0,0.0,0.0
1784671584.6885042,314751.5821426,0,0,8,0,0,52.312502,0.662,67.16140376276043,286.6844189016237,177.99744693588545,67.16140376276043,286.68441890162376,286.68441890162376,0.0,0.0,0.0,0.0,0.0,0.0,0.0,-67.16140376276043,0.0,0.0,-286.6844189016237,0.0,0.0,0.0,0.0,0.0,0.0,0.0,0.0,0,0,67.16140376276043,286.6844189016237,0.0,0.0,0.0,0.0,0.0,0.0,0.0,0.0,0.0,0.0,0.0,0.0,0.0,0.0,0.0,0.0,0.0,0.0,0.0,0.0,0.0,0.0,0.0,0.0,0.0,0.0,0.0,0.0,0.0
1784671584.6912043,314751.5848425,0,0,8,0,0,52.315003,0.761,67.85001973696214,286.6844189016237,173.0262206054537,67.85001973696212,286.68441890162376,286.68441890162376,0.0,0.0,0.0,0.0,0.0,0.0,0.0,-67.85001973696214,0.0,0.0,-286.6844189016237,0.0,0.0,0.0,0.0,0.0,0.0,0.0,0.0,0,0,67.85001973696214,286.6844189016237,0.0,0.0,0.0,0.0,0.0,0.0,0.0,0.0,0.0,0.0,0.0,0.0,0.0,0.0,0.0,0.0,0.0,0.0,0.0,0.0,0.0,0.0,0.0,0.0,0.0,0.0,0.0,0.0,0.0
1784671584.694158,314751.5877959,0,0,8,0,0,52.317503,0.857,68.53920908000163,286.6844189016237,178.8280619927916,68.53920908000163,286.68441890162376,286.68441890162376,0.0,0.0,0.0,0.0,0.0,0.0,0.0,-68.53920908000163,0.0,0.0,-286.6844189016237,0.0,0.0,0.0,0.0,0.0,0.0,0.0,0.0,0,0,68.53920908000163,286.6844189016237,0.0,0.0,0.0,0.0,0.0,0.0,0.0,0.0,0.0,0.0,0.0,0.0,0.0,0.0,0.0,0.0,0.0,0.0,0.0,0.0,0.0,0.0,0.0,0.0,0.0,0.0,0.0,0.0,0.0
1784671584.6961136,314751.5897511,0,0,8,0,0,52.320003,0.959,69.22667831652772,286.6844189016237,175.8243097530982,69.22667831652772,286.68441890162376,286.68441890162376,0.0,0.0,0.0,0.0,0.0,0.0,0.0,-69.22667831652772,0.0,0.0,-286.6844189016237,0.0,0.0,0.0,0.0,0.0,0.0,0.0,0.0,0,0,69.22667831652772,286.6844189016237,0.0,0.0,0.0,0.0,0.0,0.0,0.0,0.0,0.0,0.0,0.0,0.0,0.0,0.0,0.0,0.0,0.0,0.0,0.0,0.0,0.0,0.0,0.0,0.0,0.0,0.0,0.0,0.0,0.0
1784671584.698504,314751.5921406,0,0,8,0,0,52.322503,1.0579999999999998,69.91500760631051,286.6844189016237,175.57082111656354,69.91500760631051,286.68441890162376,286.68441890162376,0.0,0.0,0.0,0.0,0.0,0.0,0.0,-69.91500760631051,0.0,0.0,-286.6844189016237,0.0,0.0,0.0,0.0,0.0,0.0,0.0,0.0,0,0,69.91500760631051,286.6844189016237,0.0,0.0,0.0,0.0,0.0,0.0,0.0,0.0,0.0,0.0,0.0,0.0,0.0,0.0,0.0,0.0,0.0,0.0,0.0,0.0,0.0,0.0,0.0,0.0,0.0,0.0,0.0,0.0,0.0
1784671584.7009375,314751.5945743,0,0,8,0,0,52.325004,1.158,70.60333689609331,286.6844189016237,177.54934266750928,70.60333689609331,286.68441890162376,286.68441890162376,0.0,0.0,0.0,0.0,0.0,0.0,0.0,-70.60333689609331,0.0,0.0,-286.6844189016237,0.0,0.0,0.0,0.0,0.0,0.0,0.0,0.0,0,0,70.60333689609331,286.6844189016237,0.0,0.0,0.0,0.0,0.0,0.0,0.0,0.0,0.0,0.0,0.0,0.0,0.0,0.0,0.0,0.0,0.0,0.0,0.0,0.0,0.0,0.0,0.0,0.0,0.0,0.0,0.0,0.0,0.0
1784671584.703558,314751.5971951,0,0,8,0,0,52.327502,0.063,71.63339401320685,286.6844189016237,175.55893220758688,71.63339401320685,286.68441890162376,286.68441890162376,0.0,0.0,0.0,0.0,0.0,0.0,0.0,-71.63339401320685,0.0,0.0,-286.6844189016237,0.0,0.0,0.0,0.0,0.0,0.0,0.0,0.0,0,0,71.63339401320685,286.6844189016237,0.0,0.0,0.0,0.0,0.0,0.0,0.0,0.0,0.0,0.0,0.0,0.0,0.0,0.0,0.0,0.0,0.0,0.0,0.0,0.0,0.0,0.0,0.0,0.0,0.0,0.0,0.0,0.0,0.0
1784671584.7061725,314751.5998088,0,0,8,0,0,52.330004,0.147,72.32659693811098,286.6844189016237,176.17865669548678,72.32659693811098,286.68441890162376,286.68441890162376,0.0,0.0,0.0,0.0,0.0,0.0,0.0,-72.32659693811098,0.0,0.0,-286.6844189016237,0.0,0.0,0.0,0.0,0.0,0.0,0.0,0.0,0,0,72.32659693811098,286.6844189016237,0.0,0.0,0.0,0.0,0.0,0.0,0.0,0.0,0.0,0.0,0.0,0.0,0.0,0.0,0.0,0.0,0.0,0.0,0.0,0.0,0.0,0.0,0.0,0.0,0.0,0.0,0.0,0.0,0.0
1784671584.708456,314751.6020937,0,0,8,0,0,52.332503,0.245,73.01492622789378,286.6844189016237,176.1458178116222,73.01492622789378,286.68441890162376,286.68441890162376,0.0,0.0,0.0,0.0,0.0,0.0,0.0,-73.01492622789378,0.0,0.0,-286.6844189016237,0.0,0.0,0.0,0.0,0.0,0.0,0.0,0.0,0,0,73.01492622789378,286.6844189016237,0.0,0.0,0.0,0.0,0.0,0.0,0.0,0.0,0.0,0.0,0.0,0.0,0.0,0.0,0.0,0.0,0.0,0.0,0.0,0.0,0.0,0.0,0.0,0.0,0.0,0.0,0.0,0.0,0.0
1784671584.711012,314751.6046502,0,0,8,0,0,52.335002,0.3409999999999999,73.70382888651439,286.6844189016237,-179.74420269504722,73.70382888651439,286.68441890162376,286.68441890162376,0.0,0.0,0.0,0.0,0.0,0.0,0.0,-73.70382888651439,0.0,0.0,-286.6844189016237,0.0,0.0,0.0,0.0,0.0,0.0,0.0,0.0,0,0,73.70382888651439,286.6844189016237,0.0,0.0,0.0,0.0,0.0,0.0,0.0,0.0,0.0,0.0,0.0,0.0,0.0,0.0,0.0,0.0,0.0,0.0,0.0,0.0,0.0,0.0,0.0,0.0,0.0,0.0,0.0,0.0,0.0
1784671584.7136104,314751.6072461,0,0,8,0,0,52.337502,0.44,74.39215817629719,286.6844189016237,177.26078773389105,74.39215817629717,286.68441890162376,286.68441890162376,0.0,0.0,0.0,0.0,0.0,0.0,0.0,-74.39215817629719,0.0,0.0,-286.6844189016237,0.0,0.0,0.0,0.0,0.0,0.0,0.0,0.0,0,0,74.39215817629719,286.6844189016237,0.0,0.0,0.0,0.0,0.0,0.0,0.0,0.0,0.0,0.0,0.0,0.0,0.0,0.0,0.0,0.0,0.0,0.0,0.0,0.0,0.0,0.0,0.0,0.0,0.0,0.0,0.0,0.0,0.0
1784671584.7276754,314751.621313,0,0,8,0,0,52.340003,0.54,75.08121572563255,285.4717918909126,175.56241431893045,75.08121572563255,284.4531734242732,285.4717918909126,0.0,0.0,0.0,0.0,0.0,0.0,0.0,-75.08121572563255,0.0,0.0,-285.4717918909126,0.0,0.0,0.0,0.0,0.0,0.0,0.0,0.0,0,0,75.08121572563255,285.4717918909126,0.0,0.0,0.0,0.0,0.0,0.0,0.0,0.0,0.0,0.0,0.0,0.0,0.0,0.0,0.0,0.0,0.0,0.0,0.0,0.0,0.0,0.0,0.0,0.0,0.0,0.0,0.0,0.0,0.0
1784671584.727923,314751.6215638,0,0,8,0,0,52.342502,0.648,75.75052301376948,275.60299057784783,179.84536980818447,75.75052301376948,269.52570368168466,275.60299057784783,0.0,0.0,0.0,0.0,0.0,0.0,0.0,-75.75052301376948,0.0,0.0,-275.60299057784783,0.0,0.0,0.0,0.0,0.0,0.0,0.0,0.0,0,0,75.75052301376948,275.60299057784783,0.0,0.0,0.0,0.0,0.0,0.0,0.0,0.0,0.0,0.0,0.0,0.0,0.0,0.0,0.0,0.0,0.0,0.0,0.0,0.0,0.0,0.0,0.0,0.0,0.0,0.0,0.0,0.0,0.0
1784671584.7281165,314751.6217567,0,0,8,0,0,52.345004,0.75,76.39779544924752,265.0855929595601,177.67350831925364,76.39779544924752,258.5444759402142,265.0855929595601,0.0,0.0,0.0,0.0,0.0,0.0,0.0,-76.39779544924752,0.0,0.0,-265.0855929595601,0.0,0.0,0.0,0.0,0.0,0.0,0.0,0.0,0,0,76.39779544924752,265.0855929595601,0.0,0.0,0.0,0.0,0.0,0.0,0.0,0.0,0.0,0.0,0.0,0.0,0.0,0.0,0.0,0.0,0.0,0.0,0.0,0.0,0.0,0.0,0.0,0.0,0.0,0.0,0.0,0.0,0.0
1784671584.7282972,314751.6219383,0,0,8,0,0,52.347503,0.848,77.01864195654888,253.60123629835428,174.22761780493252,77.01864195654888,246.40825053988,253.6012362983543,0.0,0.0,0.0,0.0,0.0,0.0,0.0,-77.01864195654888,0.0,0.0,-253.60123629835428,0.0,0.0,0.0,0.0,0.0,0.0,0.0,0.0,0,0,77.01864195654888,253.60123629835428,0.0,0.0,0.0,0.0,0.0,0.0,0.0,0.0,0.0,0.0,0.0,0.0,0.0,0.0,0.0,0.0,0.0,0.0,0.0,0.0,0.0,0.0,0.0,0.0,0.0,0.0,0.0,0.0,0.0
1784671584.728469,314751.6221101,0,0,8,0,0,52.350003,0.936,77.61778901521308,245.1373948195612,-179.37399026585118,77.61778901521306,241.0357614297104,245.13739481956117,0.0,0.0,0.0,0.0,0.0,0.0,0.0,-77.61778901521308,0.0,0.0,-245.1373948195612,0.0,0.0,0.0,0.0,0.0,0.0,0.0,0.0,0,0,77.61778901521308,245.1373948195612,0.0,0.0,0.0,0.0,0.0,0.0,0.0,0.0,0.0,0.0,0.0,0.0,0.0,0.0,0.0,0.0,0.0,0.0,0.0,0.0,0.0,0.0,0.0,0.0,0.0,0.0,0.0,0.0,0.0
1784671584.7286408,314751.6222817,0,0,8,0,0,52.352502,1.045,78.18017243351895,231.0982251960665,179.60324934562243,78.18017243351895,225.2507934252381,231.09822519606644,0.0,0.0,0.0,0.0,0.0,0.0,0.0,-78.18017243351895,0.0,0.0,-231.0982251960665,0.0,0.0,0.0,0.0,0.0,0.0,0.0,0.0,0,0,78.18017243351895,231.0982251960665,0.0,0.0,0.0,0.0,0.0,0.0,0.0,0.0,0.0,0.0,0.0,0.0,0.0,0.0,0.0,0.0,0.0,0.0,0.0,0.0,0.0,0.0,0.0,0.0,0.0,0.0,0.0,0.0,0.0
1784671584.7307491,314751.6243882,0,0,8,0,0,52.355003,1.144,78.71444969189044,218.35635794703492,176.98919640296432,78.71444969189044,212.78206869886725,218.35635794703492,0.0,0.0,0.0,0.0,0.0,0.0,0.0,-78.71444969189044,0.0,0.0,-218.35635794703492,0.0,0.0,0.0,0.0,0.0,0.0,0.0,0.0,0,0,78.71444969189044,218.35635794703492,0.0,0.0,0.0,0.0,0.0,0.0,0.0,0.0,0.0,0.0,0.0,0.0,0.0,0.0,0.0,0.0,0.0,0.0,0.0,0.0,0.0,0.0,0.0,0.0,0.0,0.0,0.0,0.0,0.0
1784671584.733254,314751.6268943,0,0,8,0,0,52.357502,0.031,79.46185315258154,199.946090122252,-178.9160053664897,79.46185315258154,194.66085542987497,199.946090122252,0.0,0.0,0.0,0.0,0.0,0.0,0.0,-79.46185315258154,0.0,0.0,-199.946090122252,0.0,0.0,0.0,0.0,0.0,0.0,0.0,0.0,0,0,79.46185315258154,199.946090122252,0.0,0.0,0.0,0.0,0.0,0.0,0.0,0.0,0.0,0.0,0.0,0.0,0.0,0.0,0.0,0.0,0.0,0.0,0.0,0.0,0.0,0.0,0.0,0.0,0.0,0.0,0.0,0.0,0.0
1784671584.7358332,314751.6294723,0,0,8,0,0,52.36,0.1379999999999999,79.92174534835021,188.58886514525307,-176.932409320171,79.92174534835021,183.55712793670685,188.58886514525307,0.0,0.0,0.0,0.0,0.0,0.0,0.0,-79.92174534835021,0.0,0.0,-188.58886514525307,0.0,0.0,0.0,0.0,0.0,0.0,0.0,0.0,0,0,79.92174534835021,188.58886514525307,0.0,0.0,0.0,0.0,0.0,0.0,0.0,0.0,0.0,0.0,0.0,0.0,0.0,0.0,0.0,0.0,0.0,0.0,0.0,0.0,0.0,0.0,0.0,0.0,0.0,0.0,0.0,0.0,0.0
1784671584.738277,314751.6319176,0,0,8,0,0,52.362476,0.209,80.35712459435129,177.20043326859434,179.20905890426113,80.3571245943513,172.0859011884457,177.20043326859434,0.0,0.0,0.0,0.0,0.0,0.0,0.0,-80.35712459435129,0.0,0.0,-177.20043326859434,0.0,0.0,0.0,0.0,0.0,0.0,0.0,0.0,0,0,80.35712459435129,177.20043326859434,0.0,0.0,0.0,0.0,0.0,0.0,0.0,0.0,0.0,0.0,0.0,0.0,0.0,0.0,0.0,0.0,0.0,0.0,0.0,0.0,0.0,0.0,0.0,0.0,0.0,0.0,0.0,0.0,0.0
1784671584.7409449,314751.6345817,0,0,8,0,0,52.365002,0.3289999999999999,80.75585429407576,162.41032289324653,176.45881881859054,80.75585429407576,158.2259292820798,162.41032289324653,0.0,0.0,0.0,0.0,0.0,0.0,0.0,-80.75585429407576,0.0,0.0,-162.41032289324653,0.0,0.0,0.0,0.0,0.0,0.0,0.0,0.0,0,0,80.75585429407576,162.41032289324653,0.0,0.0,0.0,0.0,0.0,0.0,0.0,0.0,0.0,0.0,0.0,0.0,0.0,0.0,0.0,0.0,0.0,0.0,0.0,0.0,0.0,0.0,0.0,0.0,0.0,0.0,0.0,0.0,0.0
1784671584.7437294,314751.6373675,0,0,8,0,0,52.367503,0.43,81.12572176331797,149.94490064873608,177.73136063215318,81.12572176331797,144.21720767722385,149.94490064873608,0.0,0.0,0.0,0.0,0.0,0.0,0.0,-81.12572176331797,0.0,0.0,-149.94490064873608,0.0,0.0,0.0,0.0,0.0,0.0,0.0,0.0,0,0,81.12572176331797,149.94490064873608,0.0,0.0,0.0,0.0,0.0,0.0,0.0,0.0,0.0,0.0,0.0,0.0,0.0,0.0,0.0,0.0,0.0,0.0,0.0,0.0,0.0,0.0,0.0,0.0,0.0,0.0,0.0,0.0,0.0
1784671584.745857,314751.6394949,0,0,8,0,0,52.370003,0.5379999999999999,81.45914219491421,133.4430755030818,178.0287450179125,81.45914219491421,124.49474765389763,133.4430755030818,0.0,0.0,0.0,0.0,0.0,0.0,0.0,-81.45914219491421,0.0,0.0,-133.4430755030818,0.0,0.0,0.0,0.0,0.0,0.0,0.0,0.0,0,0,81.45914219491421,133.4430755030818,0.0,0.0,0.0,0.0,0.0,0.0,0.0,0.0,0.0,0.0,0.0,0.0,0.0,0.0,0.0,0.0,0.0,0.0,0.0,0.0,0.0,0.0,0.0,0.0,0.0,0.0,0.0,0.0,0.0
1784671584.748393,314751.6420315,0,0,8,0,0,52.372503,0.629,81.7592803904891,119.51381650501337,177.41946024999712,81.7592803904891,111.36102427545372,119.51381650501337,0.0,0.0,0.0,0.0,0.0,0.0,0.0,-81.7592803904891,0.0,0.0,-119.51381650501337,0.0,0.0,0.0,0.0,0.0,0.0,0.0,0.0,0,0,81.7592803904891,119.51381650501337,0.0,0.0,0.0,0.0,0.0,0.0,0.0,0.0,0.0,0.0,0.0,0.0,0.0,0.0,0.0,0.0,0.0,0.0,0.0,0.0,0.0,0.0,0.0,0.0,0.0,0.0,0.0,0.0,0.0
1784671584.759095,314751.6527313,0,0,8,0,0,52.375028,0.76,82.01832899032593,104.6817939094576,177.59198004807303,82.01832899032593,98.3760505954998,104.6817939094576,0.0,0.0,0.0,0.0,0.0,0.0,0.0,-82.01832899032593,0.0,0.0,-104.6817939094576,0.0,0.0,0.0,0.0,0.0,0.0,0.0,0.0,0,0,82.01832899032593,104.6817939094576,0.0,0.0,0.0,0.0,0.0,0.0,0.0,0.0,0.0,0.0,0.0,0.0,0.0,0.0,0.0,0.0,0.0,0.0,0.0,0.0,0.0,0.0,0.0,0.0,0.0,0.0,0.0,0.0,0.0
1784671584.7594075,314751.6530474,0,0,8,0,0,52.377503,0.833,82.24508098987025,91.00372482007892,177.5687392182604,82.24508098987025,84.96232778460403,91.00372482007892,0.0,0.0,0.0,0.0,0.0,0.0,0.0,-82.24508098987025,0.0,0.0,-91.00372482007892,0.0,0.0,0.0,0.0,0.0,0.0,0.0,0.0,0,0,82.24508098987025,91.00372482007892,0.0,0.0,0.0,0.0,0.0,0.0,0.0,0.0,0.0,0.0,0.0,0.0,0.0,0.0,0.0,0.0,0.0,0.0,0.0,0.0,0.0,0.0,0.0,0.0,0.0,0.0,0.0,0.0,0.0
1784671584.7596395,314751.6532808,0,0,8,0,0,52.380003,0.933,82.44007714408639,77.96967687177927,178.14294462196992,82.44007714408639,72.1348537854043,77.96967687177927,0.0,0.0,0.0,0.0,0.0,0.0,0.0,-82.44007714408639,0.0,0.0,-77.96967687177927,0.0,0.0,0.0,0.0,0.0,0.0,0.0,0.0,0,0,82.44007714408639,77.96967687177927,0.0,0.0,0.0,0.0,0.0,0.0,0.0,0.0,0.0,0.0,0.0,0.0,0.0,0.0,0.0,0.0,0.0,0.0,0.0,0.0,0.0,0.0,0.0,0.0,0.0,0.0,0.0,0.0,0.0
1784671584.759874,314751.6535137,0,0,8,0,0,52.382503,1.032,82.6037414391388,64.94350092903153,178.51861335333174,82.6037414391388,59.20237999903511,64.94350092903154,0.0,0.0,0.0,0.0,0.0,0.0,0.0,-82.6037414391388,0.0,0.0,-64.94350092903153,0.0,0.0,0.0,0.0,0.0,0.0,0.0,0.0,0,0,82.6037414391388,64.94350092903153,0.0,0.0,0.0,0.0,0.0,0.0,0.0,0.0,0.0,0.0,0.0,0.0,0.0,0.0,0.0,0.0,0.0,0.0,0.0,0.0,0.0,0.0,0.0,0.0,0.0,0.0,0.0,0.0,0.0
1784671584.7607973,314751.654436,0,0,8,0,0,52.385004,1.134,82.73163616423393,48.13780605933909,178.34636777754494,82.73163616423395,38.91992111080523,48.13780605933909,0.0,0.0,0.0,0.0,0.0,0.0,0.0,-82.73163616423393,0.0,0.0,-48.13780605933909,0.0,0.0,0.0,0.0,0.0,0.0,0.0,0.0,0,0,82.73163616423393,48.13780605933909,0.0,0.0,0.0,0.0,0.0,0.0,0.0,0.0,0.0,0.0,0.0,0.0,0.0,0.0,0.0,0.0,0.0,0.0,0.0,0.0,0.0,0.0,0.0,0.0,0.0,0.0,0.0,0.0,0.0
1784671584.7633376,314751.6569764,0,0,8,0,0,52.387504,1.233,82.82426036461173,33.85591577352218,178.9868492831616,82.82426036461175,25.444948424060613,33.85591577352218,0.0,0.0,0.0,0.0,0.0,0.0,0.0,-82.82426036461173,0.0,0.0,-33.85591577352218,0.0,0.0,0.0,0.0,0.0,0.0,0.0,0.0,0,0,82.82426036461173,33.85591577352218,0.0,0.0,0.0,0.0,0.0,0.0,0.0,0.0,0.0,0.0,0.0,0.0,0.0,0.0,0.0,0.0,0.0,0.0,0.0,0.0,0.0,0.0,0.0,0.0,0.0,0.0,0.0,0.0,0.0
1784671584.7754865,314751.6691231,0,0,8,0,0,52.390004,0.122,82.90274717712249,15.706170804365383,-178.75346573181233,82.90274717712249,11.829976021090078,15.706170804365383,0.0,0.0,0.0,0.0,0.0,0.0,0.0,-82.90274717712249,0.0,0.0,-15.706170804365383,0.0,0.0,0.0,0.0,0.0,0.0,0.0,0.0,0,0,82.90274717712249,15.706170804365383,0.0,0.0,0.0,0.0,0.0,0.0,0.0,0.0,0.0,0.0,0.0,0.0,0.0,0.0,0.0,0.0,0.0,0.0,0.0,0.0,0.0,0.0,0.0,0.0,0.0,0.0,0.0,0.0,0.0
1784671584.7757635,314751.6694045,0,0,8,0,0,52.392566,0.284,82.90936209998848,-1.1364734918383648,-176.98677460199264,82.90936209998848,-8.03248371846205,-1.136473491838365,0.0,0.0,0.0,0.0,0.0,0.0,0.0,-82.90936209998848,0.0,0.0,1.1364734918383648,0.0,0.0,0.0,0.0,0.0,0.0,0.0,0.0,0,0,82.90936209998848,-1.1364734918383648,0.0,0.0,0.0,0.0,0.0,0.0,0.0,0.0,0.0,0.0,0.0,0.0,0.0,0.0,0.0,0.0,0.0,0.0,0.0,0.0,0.0,0.0,0.0,0.0,0.0,0.0,0.0,0.0,0.0
1784671584.776048,314751.6696879,0,0,8,0,0,52.395023,0.3409999999999999,82.88203453833854,-14.743478123603117,-175.60352763995684,82.88203453833853,-20.71120801917176,-14.743478123603117,0.0,0.0,0.0,0.0,0.0,0.0,0.0,-82.88203453833854,0.0,0.0,14.743478123603117,0.0,0.0,0.0,0.0,0.0,0.0,0.0,0.0,0,0,82.88203453833854,-14.743478123603117,0.0,0.0,0.0,0.0,0.0,0.0,0.0,0.0,0.0,0.0,0.0,0.0,0.0,0.0,0.0,0.0,0.0,0.0,0.0,0.0,0.0,0.0,0.0,0.0,0.0,0.0,0.0,0.0,0.0
1784671584.7762594,314751.6699002,0,0,8,0,0,52.397502,0.425,82.82430325770895,-27.19041396099908,-174.830994672026,82.82430325770895,-32.698683721016,-27.19041396099908,0.0,0.0,0.0,0.0,0.0,0.0,0.0,-82.82430325770895,0.0,0.0,27.19041396099908,0.0,0.0,0.0,0.0,0.0,0.0,0.0,0.0,0,0,82.82430325770895,-27.19041396099908,0.0,0.0,0.0,0.0,0.0,0.0,0.0,0.0,0.0,0.0,0.0,0.0,0.0,0.0,0.0,0.0,0.0,0.0,0.0,0.0,0.0,0.0,0.0,0.0,0.0,0.0,0.0,0.0,0.0
1784671584.776401,314751.6700418,0,0,8,0,0,52.400003,0.527,82.73714406466253,-39.39506008647433,-174.29022533855866,82.73714406466253,-44.86115906814263,-39.39506008647432,0.0,0.0,0.0,0.0,0.0,0.0,0.0,-82.73714406466253,0.0,0.0,39.39506008647433,0.0,0.0,0.0,0.0,0.0,0.0,0.0,0.0,0,0,82.73714406466253,-39.39506008647433,0.0,0.0,0.0,0.0,0.0,0.0,0.0,0.0,0.0,0.0,0.0,0.0,0.0,0.0,0.0,0.0,0.0,0.0,0.0,0.0,0.0,0.0,0.0,0.0,0.0,0.0,0.0,0.0,0.0
1784671584.7789853,314751.6726242,0,0,8,0,0,52.402503,0.627,82.62045359484907,-51.67256777242753,-173.18707557170808,82.62045359484908,-57.13738418470282,-51.67256777242753,0.0,0.0,0.0,0.0,0.0,0.0,0.0,-82.62045359484907,0.0,0.0,51.67256777242753,0.0,0.0,0.0,0.0,0.0,0.0,0.0,0.0,0,0,82.62045359484907,-51.67256777242753,0.0,0.0,0.0,0.0,0.0,0.0,0.0,0.0,0.0,0.0,0.0,0.0,0.0,0.0,0.0,0.0,0.0,0.0,0.0,0.0,0.0,0.0,0.0,0.0,0.0,0.0,0.0,0.0,0.0
1784671584.781443,314751.6750819,0,0,8,0,0,52.405001,0.722,82.4713386498364,-66.53507291055624,-171.85031170922937,82.4713386498364,-74.5148489612449,-66.53507291055624,0.0,0.0,0.0,0.0,0.0,0.0,0.0,-82.4713386498364,0.0,0.0,66.53507291055624,0.0,0.0,0.0,0.0,0.0,0.0,0.0,0.0,0,0,82.4713386498364,-66.53507291055624,0.0,0.0,0.0,0.0,0.0,0.0,0.0,0.0,0.0,0.0,0.0,0.0,0.0,0.0,0.0,0.0,0.0,0.0,0.0,0.0,0.0,0.0,0.0,0.0,0.0,0.0,0.0,0.0,0.0
1784671584.7834327,314751.6770735,0,0,8,0,0,52.407503,0.824,82.29194635836683,-78.780547293897,-170.84598026179054,82.29194635836683,-85.97732572724195,-78.780547293897,0.0,0.0,0.0,0.0,0.0,0.0,0.0,-82.29194635836683,0.0,0.0,78.780547293897,0.0,0.0,0.0,0.0,0.0,0.0,0.0,0.0,0,0,82.29194635836683,-78.780547293897,0.0,0.0,0.0,0.0,0.0,0.0,0.0,0.0,0.0,0.0,0.0,0.0,0.0,0.0,0.0,0.0,0.0,0.0,0.0,0.0,0.0,0.0,0.0,0.0,0.0,0.0,0.0,0.0,0.0
1784671584.786782,314751.6804217,0,0,8,0,0,52.410004,0.921,82.08395112490587,-90.47191600183044,-169.94249349121233,82.08395112490587,-97.4923023868237,-90.47191600183044,0.0,0.0,0.0,0.0,0.0,0.0,0.0,-82.08395112490587,0.0,0.0,90.47191600183044,0.0,0.0,0.0,0.0,0.0,0.0,0.0,0.0,0,0,82.08395112490587,-90.47191600183044,0.0,0.0,0.0,0.0,0.0,0.0,0.0,0.0,0.0,0.0,0.0,0.0,0.0,0.0,0.0,0.0,0.0,0.0,0.0,0.0,0.0,0.0,0.0,0.0,0.0,0.0,0.0,0.0,0.0
1784671584.7893534,314751.6829943,0,0,8,0,0,52.412503,1.0219999999999998,81.84886778439915,-101.9094566349002,-168.64110158878145,81.84886778439915,-108.82352941885895,-101.9094566349002,0.0,0.0,0.0,0.0,0.0,0.0,0.0,-81.84886778439915,0.0,0.0,101.9094566349002,0.0,0.0,0.0,0.0,0.0,0.0,0.0,0.0,0,0,81.84886778439915,-101.9094566349002,0.0,0.0,0.0,0.0,0.0,0.0,0.0,0.0,0.0,0.0,0.0,0.0,0.0,0.0,0.0,0.0,0.0,0.0,0.0,0.0,0.0,0.0,0.0,0.0,0.0,0.0,0.0,0.0,0.0
1784671584.7915716,314751.6852093,0,0,8,0,0,52.415003,1.121,81.58666311634059,-112.8675074692603,-167.31527085339016,81.58666311634059,-119.38475801165166,-112.86750746926032,0.0,0.0,0.0,0.0,0.0,0.0,0.0,-81.58666311634059,0.0,0.0,112.8675074692603,0.0,0.0,0.0,0.0,0.0,0.0,0.0,0.0,0,0,81.58666311634059,-112.8675074692603,0.0,0.0,0.0,0.0,0.0,0.0,0.0,0.0,0.0,0.0,0.0,0.0,0.0,0.0,0.0,0.0,0.0,0.0,0.0,0.0,0.0,0.0,0.0,0.0,0.0,0.0,0.0,0.0,0.0
1784671584.7935326,314751.6871703,0,0,8,0,0,52.417503,1.219,81.29352262633984,-124.950694986897,-166.7141708700173,81.29352262633984,-130.12973623199085,-124.950694986897,0.0,0.0,0.0,0.0,0.0,0.0,0.0,-81.29352262633984,0.0,0.0,124.950694986897,0.0,0.0,0.0,0.0,0.0,0.0,0.0,0.0,0,0,81.29352262633984,-124.950694986897,0.0,0.0,0.0,0.0,0.0,0.0,0.0,0.0,0.0,0.0,0.0,0.0,0.0,0.0,0.0,0.0,0.0,0.0,0.0,0.0,0.0,0.0,0.0,0.0,0.0,0.0,0.0,0.0,0.0
1784671584.8052278,314751.6988662,0,0,8,0,0,52.420004,0.112,80.80456101764491,-141.14670774593324,-166.5814260962814,80.80456101764491,-145.80095446702956,-141.14670774593327,0.0,0.0,0.0,0.0,0.0,0.0,0.0,-80.80456101764491,0.0,0.0,141.14670774593324,0.0,0.0,0.0,0.0,0.0,0.0,0.0,0.0,0,0,80.80456101764491,-141.14670774593324,0.0,0.0,0.0,0.0,0.0,0.0,0.0,0.0,0.0,0.0,0.0,0.0,0.0,0.0,0.0,0.0,0.0,0.0,0.0,0.0,0.0,0.0,0.0,0.0,0.0,0.0,0.0,0.0,0.0
1784671584.8054469,314751.6990854,0,0,8,0,0,52.422499,0.203,80.44872037430618,-151.61001183486093,-167.17813784334268,80.44872037430618,-156.2921832017093,-151.61001183486093,0.0,0.0,0.0,0.0,0.0,0.0,0.0,-80.44872037430618,0.0,0.0,151.61001183486093,0.0,0.0,0.0,0.0,0.0,0.0,0.0,0.0,0,0,80.44872037430618,-151.61001183486093,0.0,0.0,0.0,0.0,0.0,0.0,0.0,0.0,0.0,0.0,0.0,0.0,0.0,0.0,0.0,0.0,0.0,0.0,0.0,0.0,0.0,0.0,0.0,0.0,0.0,0.0,0.0,0.0,0.0
1784671584.8056197,314751.6992606,0,0,8,0,0,52.425003,0.311,80.06877095273389,-162.14143473814832,-167.42939496859188,80.06877095273389,-166.79216191865314,-162.14143473814832,0.0,0.0,0.0,0.0,0.0,0.0,0.0,-80.06877095273389,0.0,0.0,162.14143473814832,0.0,0.0,0.0,0.0,0.0,0.0,0.0,0.0,0,0,80.06877095273389,-162.14143473814832,0.0,0.0,0.0,0.0,0.0,0.0,0.0,0.0,0.0,0.0,0.0,0.0,0.0,0.0,0.0,0.0,0.0,0.0,0.0,0.0,0.0,0.0,0.0,0.0,0.0,0.0,0.0,0.0,0.0
1784671584.805751,314751.6993925,0,0,8,0,0,52.427503,0.409,79.65732347036939,-174.16068718440448,-166.9038726230975,79.65732347036939,-177.57214006804884,-174.16068718440445,0.0,0.0,0.0,0.0,0.0,0.0,0.0,-79.65732347036939,0.0,0.0,174.16068718440448,0.0,0.0,0.0,0.0,0.0,0.0,0.0,0.0,0,0,79.65732347036939,-174.16068718440448,0.0,0.0,0.0,0.0,0.0,0.0,0.0,0.0,0.0,0.0,0.0,0.0,0.0,0.0,0.0,0.0,0.0,0.0,0.0,0.0,0.0,0.0,0.0,0.0,0.0,0.0,0.0,0.0,0.0
1784671584.805881,314751.6995223,0,0,8,0,0,52.430002,0.512,79.22192818761532,-186.65093610397105,-168.24781608836463,79.22192818761532,-193.785857203463,-186.65093610397105,0.0,0.0,0.0,0.0,0.0,0.0,0.0,-79.22192818761532,0.0,0.0,186.65093610397105,0.0,0.0,0.0,0.0,0.0,0.0,0.0,0.0,0,0,79.22192818761532,-186.65093610397105,0.0,0.0,0.0,0.0,0.0,0.0,0.0,0.0,0.0,0.0,0.0,0.0,0.0,0.0,0.0,0.0,0.0,0.0,0.0,0.0,0.0,0.0,0.0,0.0,0.0,0.0,0.0,0.0,0.0
1784671584.808332,314751.7019703,0,0,8,0,0,52.432502,0.603,78.76003266439551,-194.94134298454307,-165.71954940322297,78.76003266439551,-198.95709672155783,-194.94134298454307,0.0,0.0,0.0,0.0,0.0,0.0,0.0,-78.76003266439551,0.0,0.0,194.94134298454307,0.0,0.0,0.0,0.0,0.0,0.0,0.0,0.0,0,0,78.76003266439551,-194.94134298454307,0.0,0.0,0.0,0.0,0.0,0.0,0.0,0.0,0.0,0.0,0.0,0.0,0.0,0.0,0.0,0.0,0.0,0.0,0.0,0.0,0.0,0.0,0.0,0.0,0.0,0.0,0.0,0.0,0.0
1784671584.8117363,314751.7053753,0,0,8,0,0,52.435008,0.718,78.27674968827141,-206.62581264087245,-166.18491659412535,78.27674968827141,-212.9920682732061,-206.62581264087245,0.0,0.0,0.0,0.0,0.0,0.0,0.0,-78.27674968827141,0.0,0.0,206.62581264087245,0.0,0.0,0.0,0.0,0.0,0.0,0.0,0.0,0,0,78.27674968827141,-206.62581264087245,0.0,0.0,0.0,0.0,0.0,0.0,0.0,0.0,0.0,0.0,0.0,0.0,0.0,0.0,0.0,0.0,0.0,0.0,0.0,0.0,0.0,0.0,0.0,0.0,0.0,0.0,0.0,0.0,0.0
1784671584.8207617,314751.7143992,0,0,8,0,0,52.437503,0.808,77.76064733241773,-218.38767929919632,-168.96997539741764,77.76064733241773,-223.43079711430116,-218.38767929919632,0.0,0.0,0.0,0.0,0.0,0.0,0.0,-77.76064733241773,0.0,0.0,218.38767929919632,0.0,0.0,0.0,0.0,0.0,0.0,0.0,0.0,0,0,77.76064733241773,-218.38767929919632,0.0,0.0,0.0,0.0,0.0,0.0,0.0,0.0,0.0,0.0,0.0,0.0,0.0,0.0,0.0,0.0,0.0,0.0,0.0,0.0,0.0,0.0,0.0,0.0,0.0,0.0,0.0,0.0,0.0
1784671584.821074,314751.7147138,0,0,8,0,0,52.440004,0.91,77.21781654624002,-230.2283942202133,-173.58819736312694,77.21781654624,-235.59327246142777,-230.2283942202133,0.0,0.0,0.0,0.0,0.0,0.0,0.0,-77.21781654624002,0.0,0.0,230.2283942202133,0.0,0.0,0.0,0.0,0.0,0.0,0.0,0.0,0,0,77.21781654624002,-230.2283942202133,0.0,0.0,0.0,0.0,0.0,0.0,0.0,0.0,0.0,0.0,0.0,0.0,0.0,0.0,0.0,0.0,0.0,0.0,0.0,0.0,0.0,0.0,0.0,0.0,0.0,0.0,0.0,0.0,0.0
1784671584.821257,314751.7148983,0,0,8,0,0,52.442502,1.009,76.64624724413306,-242.1425597437675,-168.833822953202,76.64624724413306,-247.3969985357255,-242.1425597437675,0.0,0.0,0.0,0.0,0.0,0.0,0.0,-76.64624724413306,0.0,0.0,242.1425597437675,0.0,0.0,0.0,0.0,0.0,0.0,0.0,0.0,0,0,76.64624724413306,-242.1425597437675,0.0,0.0,0.0,0.0,0.0,0.0,0.0,0.0,0.0,0.0,0.0,0.0,0.0,0.0,0.0,0.0,0.0,0.0,0.0,0.0,0.0,0.0,0.0,0.0,0.0,0.0,0.0,0.0,0.0
1784671584.821408,314751.7150492,0,0,8,0,0,52.445003,1.11,76.04935429513526,-251.90983062687775,-164.5691136092854,76.04935429513526,-255.9369812255065,-251.90983062687772,0.0,0.0,0.0,0.0,0.0,0.0,0.0,-76.04935429513526,0.0,0.0,251.90983062687775,0.0,0.0,0.0,0.0,0.0,0.0,0.0,0.0,0,0,76.04935429513526,-251.90983062687775,0.0,0.0,0.0,0.0,0.0,0.0,0.0,0.0,0.0,0.0,0.0,0.0,0.0,0.0,0.0,0.0,0.0,0.0,0.0,0.0,0.0,0.0,0.0,0.0,0.0,0.0,0.0,0.0,0.0
1784671584.8235085,314751.7171474,0,0,8,0,0,52.447505,1.211,75.42596753896439,-264.7789738306276,-173.8585772337283,75.42596753896439,-272.2644481303542,-264.7789738306276,0.0,0.0,0.0,0.0,0.0,0.0,0.0,-75.42596753896439,0.0,0.0,264.7789738306276,0.0,0.0,0.0,0.0,0.0,0.0,0.0,0.0,0,0,75.42596753896439,-264.7789738306276,0.0,0.0,0.0,0.0,0.0,0.0,0.0,0.0,0.0,0.0,0.0,0.0,0.0,0.0,0.0,0.0,0.0,0.0,0.0,0.0,0.0,0.0,0.0,0.0,0.0,0.0,0.0,0.0,0.0
1784671584.8317325,314751.725371,0,0,8,0,0,52.450004,0.097,74.43592251435224,-279.85830642191905,-167.9528766545004,74.43592251435226,-283.00067636842925,-279.85830642191905,0.0,0.0,0.0,0.0,0.0,0.0,0.0,-74.43592251435224,0.0,0.0,279.85830642191905,0.0,0.0,0.0,0.0,0.0,0.0,0.0,0.0,0,0,74.43592251435224,-279.85830642191905,0.0,0.0,0.0,0.0,0.0,0.0,0.0,0.0,0.0,0.0,0.0,0.0,0.0,0.0,0.0,0.0,0.0,0.0,0.0,0.0,0.0,0.0,0.0,0.0,0.0,0.0,0.0,0.0,0.0
1784671584.8359046,314751.7295425,0,0,8,0,0,52.452512,0.209,73.75694934570154,-285.1695875270166,-171.0313517613775,73.75694934570154,-286.68441890162376,-285.1695875270166,0.0,0.0,0.0,0.0,0.0,0.0,0.0,-73.75694934570154,0.0,0.0,285.1695875270166,0.0,0.0,0.0,0.0,0.0,0.0,0.0,0.0,0,0,73.75694934570154,-285.1695875270166,0.0,0.0,0.0,0.0,0.0,0.0,0.0,0.0,0.0,0.0,0.0,0.0,0.0,0.0,0.0,0.0,0.0,0.0,0.0,0.0,0.0,0.0,0.0,0.0,0.0,0.0,0.0,0.0,0.0
1784671584.83613,314751.7297708,0,0,8,0,0,52.455002,0.295,73.07128405021041,-286.34993737205497,-170.5955369432386,73.07128405021041,-286.68441890162376,-286.34993737205497,0.0,0.0,0.0,0.0,0.0,0.0,0.0,-73.07128405021041,0.0,0.0,286.34993737205497,0.0,0.0,0.0,0.0,0.0,0.0,0.0,0.0,0,0,73.07128405021041,-286.34993737205497,0.0,0.0,0.0,0.0,0.0,0.0,0.0,0.0,0.0,0.0,0.0,0.0,0.0,0.0,0.0,0.0,0.0,0.0,0.0,0.0,0.0,0.0,0.0,0.0,0.0,0.0,0.0,0.0,0.0
1784671584.836293,314751.7299339,0,0,8,0,0,52.457504,0.404,72.38665837272461,-286.6100516695277,-171.90483534558214,72.38665837272461,-286.68441890162376,-286.6100516695277,0.0,0.0,0.0,0.0,0.0,0.0,0.0,-72.38665837272461,0.0,0.0,286.6100516695277,0.0,0.0,0.0,0.0,0.0,0.0,0.0,0.0,0,0,72.38665837272461,-286.6100516695277,0.0,0.0,0.0,0.0,0.0,0.0,0.0,0.0,0.0,0.0,0.0,0.0,0.0,0.0,0.0,0.0,0.0,0.0,0.0,0.0,0.0,0.0,0.0,0.0,0.0,0.0,0.0,0.0,0.0
1784671584.836516,314751.7301556,0,0,8,0,0,52.460004,0.495,71.69609730564619,-286.6680497907505,-173.5312910621486,71.69609730564619,-286.68441890162376,-286.6680497907505,0.0,0.0,0.0,0.0,0.0,0.0,0.0,-71.69609730564619,0.0,0.0,286.6680497907505,0.0,0.0,0.0,0.0,0.0,0.0,0.0,0.0,0,0,71.69609730564619,-286.6680497907505,0.0,0.0,0.0,0.0,0.0,0.0,0.0,0.0,0.0,0.0,0.0,0.0,0.0,0.0,0.0,0.0,0.0,0.0,0.0,0.0,0.0,0.0,0.0,0.0,0.0,0.0,0.0,0.0,0.0
1784671584.8389015,314751.7325424,0,0,8,0,0,52.462503,0.603,71.01064843835343,-286.6807748852652,-171.5268571058053,71.01064843835343,-286.68441890162376,-286.6807748852651,0.0,0.0,0.0,0.0,0.0,0.0,0.0,-71.01064843835343,0.0,0.0,286.6807748852652,0.0,0.0,0.0,0.0,0.0,0.0,0.0,0.0,0,0,71.01064843835343,-286.6807748852652,0.0,0.0,0.0,0.0,0.0,0.0,0.0,0.0,0.0,0.0,0.0,0.0,0.0,0.0,0.0,0.0,0.0,0.0,0.0,0.0,0.0,0.0,0.0,0.0,0.0,0.0,0.0,0.0,0.0
1784671584.8415823,314751.7352202,0,0,8,0,0,52.465018,0.709,70.32002869993127,-286.6836168103516,-174.1385592003113,70.32002869993127,-286.68441890162376,-286.6836168103516,0.0,0.0,0.0,0.0,0.0,0.0,0.0,-70.32002869993127,0.0,0.0,286.6836168103516,0.0,0.0,0.0,0.0,0.0,0.0,0.0,0.0,0,0,70.32002869993127,-286.6836168103516,0.0,0.0,0.0,0.0,0.0,0.0,0.0,0.0,0.0,0.0,0.0,0.0,0.0,0.0,0.0,0.0,0.0,0.0,0.0,0.0,0.0,0.0,0.0,0.0,0.0,0.0,0.0,0.0,0.0
1784671584.8439648,314751.7376027,0,0,8,0,0,52.467503,0.8,69.63370686559297,-286.6842406800015,-168.67071430587453,69.63370686559296,-286.68441890162376,-286.6842406800015,0.0,0.0,0.0,0.0,0.0,0.0,0.0,-69.63370686559297,0.0,0.0,286.6842406800015,0.0,0.0,0.0,0.0,0.0,0.0,0.0,0.0,0,0,69.63370686559297,-286.6842406800015,0.0,0.0,0.0,0.0,0.0,0.0,0.0,0.0,0.0,0.0,0.0,0.0,0.0,0.0,0.0,0.0,0.0,0.0,0.0,0.0,0.0,0.0,0.0,0.0,0.0,0.0,0.0,0.0,0.0
1784671584.8468952,314751.7405334,0,0,8,0,0,52.470003,0.897,68.94480435485069,-286.6843795247606,-176.00334724209503,68.94480435485069,-286.68441890162376,-286.6843795247606,0.0,0.0,0.0,0.0,0.0,0.0,0.0,-68.94480435485069,0.0,0.0,286.6843795247606,0.0,0.0,0.0,0.0,0.0,0.0,0.0,0.0,0,0,68.94480435485069,-286.6843795247606,0.0,0.0,0.0,0.0,0.0,0.0,0.0,0.0,0.0,0.0,0.0,0.0,0.0,0.0,0.0,0.0,0.0,0.0,0.0,0.0,0.0,0.0,0.0,0.0,0.0,0.0,0.0,0.0,0.0
1784671584.8491223,314751.7427615,0,0,8,0,0,52.472504,0.999,68.25704846656971,-286.6844101796788,-170.5484747647092,68.25704846656971,-286.68441890162376,-286.6844101796788,0.0,0.0,0.0,0.0,0.0,0.0,0.0,-68.25704846656971,0.0,0.0,286.6844101796788,0.0,0.0,0.0,0.0,0.0,0.0,0.0,0.0,0,0,68.25704846656971,-286.6844101796788,0.0,0.0,0.0,0.0,0.0,0.0,0.0,0.0,0.0,0.0,0.0,0.0,0.0,0.0,0.0,0.0,0.0,0.0,0.0,0.0,0.0,0.0,0.0,0.0,0.0,0.0,0.0,0.0,0.0
1784671584.8518567,314751.745495,0,0,8,0,0,52.475002,1.096,67.568719184022,-286.6844169721458,-175.28059488898066,67.568719184022,-286.68441890162376,-286.6844169721458,0.0,0.0,0.0,0.0,0.0,0.0,0.0,-67.568719184022,0.0,0.0,286.6844169721458,0.0,0.0,0.0,0.0,0.0,0.0,0.0,0.0,0,0,67.568719184022,-286.6844169721458,0.0,0.0,0.0,0.0,0.0,0.0,0.0,0.0,0.0,0.0,0.0,0.0,0.0,0.0,0.0,0.0,0.0,0.0,0.0,0.0,0.0,0.0,0.0,0.0,0.0,0.0,0.0,0.0,0.0
1784671584.876975,314751.7706137,0,0,8,0,0,52.477503,1.194,66.87981652699352,-286.68441847531864,-169.8131439128572,66.87981652699352,-286.68441890162376,-286.68441847531864,0.0,0.0,0.0,0.0,0.0,0.0,0.0,-66.87981652699352,0.0,0.0,286.68441847531864,0.0,0.0,0.0,0.0,0.0,0.0,0.0,0.0,0,0,66.87981652699352,-286.68441847531864,0.0,0.0,0.0,0.0,0.0,0.0,0.0,0.0,0.0,0.0,0.0,0.0,0.0,0.0,0.0,0.0,0.0,0.0,0.0,0.0,0.0,0.0,0.0,0.0,0.0,0.0,0.0,0.0,0.0
1784671584.877258,314751.7708974,0,0,8,0,0,52.480003,0.087,65.84574582842211,-286.6844188574199,-175.1394163657438,65.84574582842211,-286.68441890162376,-286.6844188574199,0.0,0.0,0.0,0.0,0.0,0.0,0.0,-65.84574582842211,0.0,0.0,286.6844188574199,0.0,0.0,0.0,0.0,0.0,0.0,0.0,0.0,0,0,65.84574582842211,-286.6844188574199,0.0,0.0,0.0,0.0,0.0,0.0,0.0,0.0,0.0,0.0,0.0,0.0,0.0,0.0,0.0,0.0,0.0,0.0,0.0,0.0,0.0,0.0,0.0,0.0,0.0,0.0,0.0,0.0,0.0
1784671584.877449,314751.7710897,0,0,8,0,0,52.482519,0.211,65.15999669844608,-286.68441889178945,-173.6440515212029,65.15999669844608,-286.68441890162376,-286.68441889178945,0.0,0.0,0.0,0.0,0.0,0.0,0.0,-65.15999669844608,0.0,0.0,286.68441889178945,0.0,0.0,0.0,0.0,0.0,0.0,0.0,0.0,0,0,65.15999669844608,-286.68441889178945,0.0,0.0,0.0,0.0,0.0,0.0,0.0,0.0,0.0,0.0,0.0,0.0,0.0,0.0,0.0,0.0,0.0,0.0,0.0,0.0,0.0,0.0,0.0,0.0,0.0,0.0,0.0,0.0,0.0
1784671584.8775954,314751.7712364,0,0,8,0,0,52.485005,0.285,64.46851388006353,-286.68441889946314,-172.7133395623363,64.46851388006353,-286.68441890162376,-286.68441889946314,0.0,0.0,0.0,0.0,0.0,0.0,0.0,-64.46851388006353,0.0,0.0,286.68441889946314,0.0,0.0,0.0,0.0,0.0,0.0,0.0,0.0,0,0,64.46851388006353,-286.68441889946314,0.0,0.0,0.0,0.0,0.0,0.0,0.0,0.0,0.0,0.0,0.0,0.0,0.0,0.0,0.0,0.0,0.0,0.0,0.0,0.0,0.0,0.0,0.0,0.0,0.0,0.0,0.0,0.0,0.0
1784671584.8777652,314751.7714062,0,0,8,0,0,52.487502,0.384,63.78104464353922,-286.6844189011449,-173.08908522466325,63.78104464353922,-286.68441890162376,-286.68441890114485,0.0,0.0,0.0,0.0,0.0,0.0,0.0,-63.78104464353922,0.0,0.0,286.6844189011449,0.0,0.0,0.0,0.0,0.0,0.0,0.0,0.0,0,0,63.78104464353922,-286.6844189011449,0.0,0.0,0.0,0.0,0.0,0.0,0.0,0.0,0.0,0.0,0.0,0.0,0.0,0.0,0.0,0.0,0.0,0.0,0.0,0.0,0.0,0.0,0.0,0.0,0.0,0.0,0.0,0.0,0.0
1784671584.8780708,314751.7717117,0,0,8,0,0,52.490001,0.478,63.0915686160812,-286.6844189015181,-174.2669794353278,63.0915686160812,-286.68441890162376,-286.6844189015181,0.0,0.0,0.0,0.0,0.0,0.0,0.0,-63.0915686160812,0.0,0.0,286.6844189015181,0.0,0.0,0.0,0.0,0.0,0.0,0.0,0.0,0,0,63.0915686160812,-286.6844189015181,0.0,0.0,0.0,0.0,0.0,0.0,0.0,0.0,0.0,0.0,0.0,0.0,0.0,0.0,0.0,0.0,0.0,0.0,0.0,0.0,0.0,0.0,0.0,0.0,0.0,0.0,0.0,0.0,0.0
1784671584.884144,314751.7777822,0,0,8,0,0,52.492503,0.5810000000000001,62.403812695136295,-286.68441890160034,-172.69487069593697,62.40381269513629,-286.68441890162376,-286.68441890160034,0.0,0.0,0.0,0.0,0.0,0.0,0.0,-62.403812695136295,0.0,0.0,286.68441890160034,0.0,0.0,0.0,0.0,0.0,0.0,0.0,0.0,0,0,62.403812695136295,-286.68441890160034,0.0,0.0,0.0,0.0,0.0,0.0,0.0,0.0,0.0,0.0,0.0,0.0,0.0,0.0,0.0,0.0,0.0,0.0,0.0,0.0,0.0,0.0,0.0,0.0,0.0,0.0,0.0,0.0,0.0
1784671584.8872778,314751.7809162,0,0,8,0,0,52.495018,0.705,61.71835024954252,-286.68441890161847,-175.17253420086783,61.718350249542524,-286.68441890162376,-286.68441890161847,0.0,0.0,0.0,0.0,0.0,0.0,0.0,-61.71835024954252,0.0,0.0,286.68441890161847,0.0,0.0,0.0,0.0,0.0,0.0,0.0,0.0,0,0,61.71835024954252,-286.68441890161847,0.0,0.0,0.0,0.0,0.0,0.0,0.0,0.0,0.0,0.0,0.0,0.0,0.0,0.0,0.0,0.0,0.0,0.0,0.0,0.0,0.0,0.0,0.0,0.0,0.0,0.0,0.0,0.0,0.0
1784671584.8874612,314751.7811023,0,0,8,0,0,52.497502,0.784,61.02887422208412,-286.68441890162256,-174.70745444268312,61.02887422208412,-286.68441890162376,-286.68441890162256,0.0,0.0,0.0,0.0,0.0,0.0,0.0,-61.02887422208412,0.0,0.0,286.68441890162256,0.0,0.0,0.0,0.0,0.0,0.0,0.0,0.0,0,0,61.02887422208412,-286.68441890162256,0.0,0.0,0.0,0.0,0.0,0.0,0.0,0.0,0.0,0.0,0.0,0.0,0.0,0.0,0.0,0.0,0.0,0.0,0.0,0.0,0.0,0.0,0.0,0.0,0.0,0.0,0.0,0.0,0.0
1784671584.8875966,314751.7812378,0,0,8,0,0,52.500003,0.887,60.34140498555802,-286.6844189016235,-176.16418898587062,60.34140498555803,-286.68441890162376,-286.6844189016235,0.0,0.0,0.0,0.0,0.0,0.0,0.0,-60.34140498555802,0.0,0.0,286.6844189016235,0.0,0.0,0.0,0.0,0.0,0.0,0.0,0.0,0,0,60.34140498555802,-286.6844189016235,0.0,0.0,0.0,0.0,0.0,0.0,0.0,0.0,0.0,0.0,0.0,0.0,0.0,0.0,0.0,0.0,0.0,0.0,0.0,0.0,0.0,0.0,0.0,0.0,0.0,0.0,0.0,0.0,0.0
1784671584.8877234,314751.7813647,0,0,8,0,0,52.502502,0.984,59.652789011356326,-286.6844189016237,-173.55046529615774,59.652789011356326,-286.68441890162376,-286.6844189016237,0.0,0.0,0.0,0.0,0.0,0.0,0.0,-59.652789011356326,0.0,0.0,286.6844189016237,0.0,0.0,0.0,0.0,0.0,0.0,0.0,0.0,0,0,59.652789011356326,-286.6844189016237,0.0,0.0,0.0,0.0,0.0,0.0,0.0,0.0,0.0,0.0,0.0,0.0,0.0,0.0,0.0,0.0,0.0,0.0,0.0,0.0,0.0,0.0,0.0,0.0,0.0,0.0,0.0,0.0,0.0
1784671584.8878517,314751.781493,0,0,8,0,0,52.505004,1.0790000000000002,58.96273961506012,-286.6844189016237,-175.87381638942074,58.96273961506012,-286.68441890162376,-286.68441890162376,0.0,0.0,0.0,0.0,0.0,0.0,0.0,-58.96273961506012,0.0,0.0,286.6844189016237,0.0,0.0,0.0,0.0,0.0,0.0,0.0,0.0,0,0,58.96273961506012,-286.6844189016237,0.0,0.0,0.0,0.0,0.0,0.0,0.0,0.0,0.0,0.0,0.0,0.0,0.0,0.0,0.0,0.0,0.0,0.0,0.0,0.0,0.0,0.0,0.0,0.0,0.0,0.0,0.0,0.0,0.0
1784671584.8880117,314751.7816524,0,0,8,0,0,52.507503,1.184,58.27641711620964,-286.6844189016237,-175.2178625982407,58.27641711620964,-286.68441890162376,-286.68441890162376,0.0,0.0,0.0,0.0,0.0,0.0,0.0,-58.27641711620964,0.0,0.0,286.6844189016237,0.0,0.0,0.0,0.0,0.0,0.0,0.0,0.0,0,0,58.27641711620964,-286.6844189016237,0.0,0.0,0.0,0.0,0.0,0.0,0.0,0.0,0.0,0.0,0.0,0.0,0.0,0.0,0.0,0.0,0.0,0.0,0.0,0.0,0.0,0.0,0.0,0.0,0.0,0.0,0.0,0.0,0.0
1784671584.888146,314751.7817872,0,0,8,0,0,52.510003,0.074,57.24148636397479,-286.6844189016237,-174.81360115690893,57.24148636397479,-286.68441890162376,-286.68441890162376,0.0,0.0,0.0,0.0,0.0,0.0,0.0,-57.24148636397479,0.0,0.0,286.6844189016237,0.0,0.0,0.0,0.0,0.0,0.0,0.0,0.0,0,0,57.24148636397479,-286.6844189016237,0.0,0.0,0.0,0.0,0.0,0.0,0.0,0.0,0.0,0.0,0.0,0.0,0.0,0.0,0.0,0.0,0.0,0.0,0.0,0.0,0.0,0.0,0.0,0.0,0.0,0.0,0.0,0.0,0.0
1784671584.888752,314751.782393,0,0,8,0,0,52.512533,0.205,56.55373044302978,-286.6844189016237,-174.60732521957422,56.553730443029785,-286.68441890162376,-286.68441890162376,0.0,0.0,0.0,0.0,0.0,0.0,0.0,-56.55373044302978,0.0,0.0,286.6844189016237,0.0,0.0,0.0,0.0,0.0,0.0,0.0,0.0,0,0,56.55373044302978,-286.6844189016237,0.0,0.0,0.0,0.0,0.0,0.0,0.0,0.0,0.0,0.0,0.0,0.0,0.0,0.0,0.0,0.0,0.0,0.0,0.0,0.0,0.0,0.0,0.0,0.0,0.0,0.0,0.0,0.0,0.0
1784671584.8909996,314751.7846348,0,0,8,0,0,52.515002,0.273,55.865401153246985,-286.6844189016237,-175.40046434800212,55.865401153246985,-286.68441890162376,-286.68441890162376,0.0,0.0,0.0,0.0,0.0,0.0,0.0,-55.865401153246985,0.0,0.0,286.6844189016237,0.0,0.0,0.0,0.0,0.0,0.0,0.0,0.0,0,0,55.865401153246985,-286.6844189016237,0.0,0.0,0.0,0.0,0.0,0.0,0.0,0.0,0.0,0.0,0.0,0.0,0.0,0.0,0.0,0.0,0.0,0.0,0.0,0.0,0.0,0.0,0.0,0.0,0.0,0.0,0.0,0.0,0.0
1784671584.8939798,314751.7876184,0,0,8,0,0,52.517504,0.368,55.175351756950775,-286.6844189016237,-173.46420610256413,55.17535175695078,-286.68441890162376,-286.68441890162376,0.0,0.0,0.0,0.0,0.0,0.0,0.0,-55.175351756950775,0.0,0.0,286.6844189016237,0.0,0.0,0.0,0.0,0.0,0.0,0.0,0.0,0,0,55.175351756950775,-286.6844189016237,0.0,0.0,0.0,0.0,0.0,0.0,0.0,0.0,0.0,0.0,0.0,0.0,0.0,0.0,0.0,0.0,0.0,0.0,0.0,0.0,0.0,0.0,0.0,0.0,0.0,0.0,0.0,0.0,0.0
1784671584.895857,314751.7894954,0,0,8,0,0,52.520002,0.47,54.48845588926248,-286.6844189016237,-176.50387711705656,54.48845588926248,-286.68441890162376,-286.68441890162376,0.0,0.0,0.0,0.0,0.0,0.0,0.0,-54.48845588926248,0.0,0.0,286.6844189016237,0.0,0.0,0.0,0.0,0.0,0.0,0.0,0.0,0,0,54.48845588926248,-286.6844189016237,0.0,0.0,0.0,0.0,0.0,0.0,0.0,0.0,0.0,0.0,0.0,0.0,0.0,0.0,0.0,0.0,0.0,0.0,0.0,0.0,0.0,0.0,0.0,0.0,0.0,0.0,0.0,0.0,0.0
1784671584.899155,314751.7927922,0,0,8,0,0,52.522502,0.569,53.80012659947969,-286.6844189016237,-175.51141182637906,53.80012659947969,-286.68441890162376,-286.68441890162376,0.0,0.0,0.0,0.0,0.0,0.0,0.0,-53.80012659947969,0.0,0.0,286.6844189016237,0.0,0.0,0.0,0.0,0.0,0.0,0.0,0.0,0,0,53.80012659947969,-286.6844189016237,0.0,0.0,0.0,0.0,0.0,0.0,0.0,0.0,0.0,0.0,0.0,0.0,0.0,0.0,0.0,0.0,0.0,0.0,0.0,0.0,0.0,0.0,0.0,0.0,0.0,0.0,0.0,0.0,0.0
1784671584.9013572,314751.7949956,0,0,8,0,0,52.525003,0.678,53.114377469467,-286.6844189016237,-175.95283049881917,53.114377469467,-286.68441890162376,-286.68441890162376,0.0,0.0,0.0,0.0,0.0,0.0,0.0,-53.114377469467,0.0,0.0,286.6844189016237,0.0,0.0,0.0,0.0,0.0,0.0,0.0,0.0,0,0,53.114377469467,-286.6844189016237,0.0,0.0,0.0,0.0,0.0,0.0,0.0,0.0,0.0,0.0,0.0,0.0,0.0,0.0,0.0,0.0,0.0,0.0,0.0,0.0,0.0,0.0,0.0,0.0,0.0,0.0,0.0,0.0,0.0
1784671584.9033928,314751.79703,0,0,8,0,0,52.527502,0.775,52.425761495265306,-286.6844189016237,-178.2739753872446,52.425761495265306,-286.68441890162376,-286.68441890162376,0.0,0.0,0.0,0.0,0.0,0.0,0.0,-52.425761495265306,0.0,0.0,286.6844189016237,0.0,0.0,0.0,0.0,0.0,0.0,0.0,0.0,0,0,52.425761495265306,-286.6844189016237,0.0,0.0,0.0,0.0,0.0,0.0,0.0,0.0,0.0,0.0,0.0,0.0,0.0,0.0,0.0,0.0,0.0,0.0,0.0,0.0,0.0,0.0,0.0,0.0,0.0,0.0,0.0,0.0,0.0
1784671584.9065647,314751.8001984,0,0,8,0,0,52.530003,0.8720000000000001,51.7365721522258,-286.6844189016237,-177.2634968444336,51.7365721522258,-286.68441890162376,-286.68441890162376,0.0,0.0,0.0,0.0,0.0,0.0,0.0,-51.7365721522258,0.0,0.0,286.6844189016237,0.0,0.0,0.0,0.0,0.0,0.0,0.0,0.0,0,0,51.7365721522258,-286.6844189016237,0.0,0.0,0.0,0.0,0.0,0.0,0.0,0.0,0.0,0.0,0.0,0.0,0.0,0.0,0.0,0.0,0.0,0.0,0.0,0.0,0.0,0.0,0.0,0.0,0.0,0.0,0.0,0.0,0.0
1784671584.9086206,314751.8022593,0,0,8,0,0,52.532503,0.974,51.0491029156997,-286.6844189016237,-173.9058370029108,51.0491029156997,-286.68441890162376,-286.68441890162376,0.0,0.0,0.0,0.0,0.0,0.0,0.0,-51.0491029156997,0.0,0.0,286.6844189016237,0.0,0.0,0.0,0.0,0.0,0.0,0.0,0.0,0,0,51.0491029156997,-286.6844189016237,0.0,0.0,0.0,0.0,0.0,0.0,0.0,0.0,0.0,0.0,0.0,0.0,0.0,0.0,0.0,0.0,0.0,0.0,0.0,0.0,0.0,0.0,0.0,0.0,0.0,0.0,0.0,0.0,0.0
1784671584.9115624,314751.8052009,0,0,8,0,0,52.535002,1.073,50.3610603103358,-286.6844189016237,-177.6685408510447,50.3610603103358,-286.68441890162376,-286.68441890162376,0.0,0.0,0.0,0.0,0.0,0.0,0.0,-50.3610603103358,0.0,0.0,286.6844189016237,0.0,0.0,0.0,0.0,0.0,0.0,0.0,0.0,0,0,50.3610603103358,-286.6844189016237,0.0,0.0,0.0,0.0,0.0,0.0,0.0,0.0,0.0,0.0,0.0,0.0,0.0,0.0,0.0,0.0,0.0,0.0,0.0,0.0,0.0,0.0,0.0,0.0,0.0,0.0,0.0,0.0,0.0
1784671584.9149797,314751.808618,0,0,8,0,0,52.537505,1.173,49.6721576517152,-286.6844189016237,-177.00979348310307,49.6721576517152,-286.68441890162376,-286.68441890162376,0.0,0.0,0.0,0.0,0.0,0.0,0.0,-49.6721576517152,0.0,0.0,286.6844189016237,0.0,0.0,0.0,0.0,0.0,0.0,0.0,0.0,0,0,49.6721576517152,-286.6844189016237,0.0,0.0,0.0,0.0,0.0,0.0,0.0,0.0,0.0,0.0,0.0,0.0,0.0,0.0,0.0,0.0,0.0,0.0,0.0,0.0,0.0,0.0,0.0,0.0,0.0,0.0,0.0,0.0,0.0
1784671584.916152,314751.8097931,0,0,8,0,0,52.540003,0.063,48.63780026831815,-286.6844189016237,-178.17171432295416,48.63780026831815,-286.68441890162376,-286.68441890162376,0.0,0.0,0.0,0.0,0.0,0.0,0.0,-48.63780026831815,0.0,0.0,286.6844189016237,0.0,0.0,0.0,0.0,0.0,0.0,0.0,0.0,0,0,48.63780026831815,-286.6844189016237,0.0,0.0,0.0,0.0,0.0,0.0,0.0,0.0,0.0,0.0,0.0,0.0,0.0,0.0,0.0,0.0,0.0,0.0,0.0,0.0,0.0,0.0,0.0,0.0,0.0,0.0,0.0,0.0,0.0
1784671584.918707,314751.8123476,0,0,8,0,0,52.542502,0.162,47.94975766295424,-286.6844189016237,-179.2901485507713,47.94975766295425,-286.68441890162376,-286.68441890162376,0.0,0.0,0.0,0.0,0.0,0.0,0.0,-47.94975766295424,0.0,0.0,286.6844189016237,0.0,0.0,0.0,0.0,0.0,0.0,0.0,0.0,0,0,47.94975766295424,-286.6844189016237,0.0,0.0,0.0,0.0,0.0,0.0,0.0,0.0,0.0,0.0,0.0,0.0,0.0,0.0,0.0,0.0,0.0,0.0,0.0,0.0,0.0,0.0,0.0,0.0,0.0,0.0,0.0,0.0,0.0
1784671584.9210837,314751.8147231,0,0,8,0,0,52.545004,0.255,47.25913489782023,-286.6844189016237,-179.70746391575258,47.25913489782024,-286.68441890162376,-286.68441890162376,0.0,0.0,0.0,0.0,0.0,0.0,0.0,-47.25913489782023,0.0,0.0,286.6844189016237,0.0,0.0,0.0,0.0,0.0,0.0,0.0,0.0,0,0,47.25913489782023,-286.6844189016237,0.0,0.0,0.0,0.0,0.0,0.0,0.0,0.0,0.0,0.0,0.0,0.0,0.0,0.0,0.0,0.0,0.0,0.0,0.0,0.0,0.0,0.0,0.0,0.0,0.0,0.0,0.0,0.0,0.0
1784671584.9239483,314751.8175869,0,0,8,0,0,52.547503,0.352,46.57051892361853,-286.6844189016237,-173.80586538393231,46.570518923618536,-286.68441890162376,-286.68441890162376,0.0,0.0,0.0,0.0,0.0,0.0,0.0,-46.57051892361853,0.0,0.0,286.6844189016237,0.0,0.0,0.0,0.0,0.0,0.0,0.0,0.0,0,0,46.57051892361853,-286.6844189016237,0.0,0.0,0.0,0.0,0.0,0.0,0.0,0.0,0.0,0.0,0.0,0.0,0.0,0.0,0.0,0.0,0.0,0.0,0.0,0.0,0.0,0.0,0.0,0.0,0.0,0.0,0.0,0.0,0.0
1784671584.929655,314751.8232917,0,0,8,0,0,52.550003,0.456,45.88362305593025,-286.6844189016237,-178.49548874609877,45.88362305593025,-286.68441890162376,-286.68441890162376,0.0,0.0,0.0,0.0,0.0,0.0,0.0,-45.88362305593025,0.0,0.0,286.6844189016237,0.0,0.0,0.0,0.0,0.0,0.0,0.0,0.0,0,0,45.88362305593025,-286.6844189016237,0.0,0.0,0.0,0.0,0.0,0.0,0.0,0.0,0.0,0.0,0.0,0.0,0.0,0.0,0.0,0.0,0.0,0.0,0.0,0.0,0.0,0.0,0.0,0.0,0.0,0.0,0.0,0.0,0.0
1784671584.9300494,314751.8236882,0,0,8,0,0,52.552502,0.5569999999999999,45.19615381940416,-286.6844189016237,-177.5792233133817,45.19615381940416,-286.68441890162376,-286.68441890162376,0.0,0.0,0.0,0.0,0.0,0.0,0.0,-45.19615381940416,0.0,0.0,286.6844189016237,0.0,0.0,0.0,0.0,0.0,0.0,0.0,0.0,0,0,45.19615381940416,-286.6844189016237,0.0,0.0,0.0,0.0,0.0,0.0,0.0,0.0,0.0,0.0,0.0,0.0,0.0,0.0,0.0,0.0,0.0,0.0,0.0,0.0,0.0,0.0,0.0,0.0,0.0,0.0,0.0,0.0,0.0
1784671584.9309793,314751.8246183,0,0,8,0,0,52.555003,0.665,44.51011800497257,-286.6844189016237,-179.93092018456048,44.51011800497257,-286.68441890162376,-286.68441890162376,0.0,0.0,0.0,0.0,0.0,0.0,0.0,-44.51011800497257,0.0,0.0,286.6844189016237,0.0,0.0,0.0,0.0,0.0,0.0,0.0,0.0,0,0,44.51011800497257,-286.6844189016237,0.0,0.0,0.0,0.0,0.0,0.0,0.0,0.0,0.0,0.0,0.0,0.0,0.0,0.0,0.0,0.0,0.0,0.0,0.0,0.0,0.0,0.0,0.0,0.0,0.0,0.0,0.0,0.0,0.0
1784671584.9449024,314751.8385404,0,0,8,0,0,52.557503,0.761,43.82092866193307,-286.6844189016237,-177.11212153272038,43.82092866193307,-286.68441890162376,-286.68441890162376,0.0,0.0,0.0,0.0,0.0,0.0,0.0,-43.82092866193307,0.0,0.0,286.6844189016237,0.0,0.0,0.0,0.0,0.0,0.0,0.0,0.0,0,0,43.82092866193307,-286.6844189016237,0.0,0.0,0.0,0.0,0.0,0.0,0.0,0.0,0.0,0.0,0.0,0.0,0.0,0.0,0.0,0.0,0.0,0.0,0.0,0.0,0.0,0.0,0.0,0.0,0.0,0.0,0.0,0.0,0.0
1784671584.9450998,314751.838741,0,0,8,0,0,52.560002,0.862,43.133459425406976,-286.6844189016237,177.58861601939643,43.13345942540697,-286.68441890162376,-286.68441890162376,0.0,0.0,0.0,0.0,0.0,0.0,0.0,-43.133459425406976,0.0,0.0,286.6844189016237,0.0,0.0,0.0,0.0,0.0,0.0,0.0,0.0,0,0,43.133459425406976,-286.6844189016237,0.0,0.0,0.0,0.0,0.0,0.0,0.0,0.0,0.0,0.0,0.0,0.0,0.0,0.0,0.0,0.0,0.0,0.0,0.0,0.0,0.0,0.0,0.0,0.0,0.0,0.0,0.0,0.0,0.0
1784671584.9455872,314751.8392259,0,0,8,0,0,52.562502,0.96,42.44484345120527,-286.6844189016237,-179.39347322890663,42.44484345120527,-286.68441890162376,-286.68441890162376,0.0,0.0,0.0,0.0,0.0,0.0,0.0,-42.44484345120527,0.0,0.0,286.6844189016237,0.0,0.0,0.0,0.0,0.0,0.0,0.0,0.0,0,0,42.44484345120527,-286.6844189016237,0.0,0.0,0.0,0.0,0.0,0.0,0.0,0.0,0.0,0.0,0.0,0.0,0.0,0.0,0.0,0.0,0.0,0.0,0.0,0.0,0.0,0.0,0.0,0.0,0.0,0.0,0.0,0.0,0.0
1784671584.945773,314751.8394138,0,0,8,0,0,52.565005,1.062,41.75651416142247,-286.6844189016237,-175.27212156850445,41.75651416142247,-286.68441890162376,-286.68441890162376,0.0,0.0,0.0,0.0,0.0,0.0,0.0,-41.75651416142247,0.0,0.0,286.6844189016237,0.0,0.0,0.0,0.0,0.0,0.0,0.0,0.0,0,0,41.75651416142247,-286.6844189016237,0.0,0.0,0.0,0.0,0.0,0.0,0.0,0.0,0.0,0.0,0.0,0.0,0.0,0.0,0.0,0.0,0.0,0.0,0.0,0.0,0.0,0.0,0.0,0.0,0.0,0.0,0.0,0.0,0.0
1784671584.9459152,314751.8395564,0,0,8,0,0,52.567503,1.159,41.06818487163968,-286.6844189016237,-178.64716298954403,41.06818487163968,-286.68441890162376,-286.68441890162376,0.0,0.0,0.0,0.0,0.0,0.0,0.0,-41.06818487163968,0.0,0.0,286.6844189016237,0.0,0.0,0.0,0.0,0.0,0.0,0.0,0.0,0,0,41.06818487163968,-286.6844189016237,0.0,0.0,0.0,0.0,0.0,0.0,0.0,0.0,0.0,0.0,0.0,0.0,0.0,0.0,0.0,0.0,0.0,0.0,0.0,0.0,0.0,0.0,0.0,0.0,0.0,0.0,0.0,0.0,0.0
1784671584.9469116,314751.8405504,0,0,8,0,0,52.570003,0.051,40.03382748824262,-286.6844189016237,-179.4348662207012,40.03382748824262,-286.68441890162376,-286.68441890162376,0.0,0.0,0.0,0.0,0.0,0.0,0.0,-40.03382748824262,0.0,0.0,286.6844189016237,0.0,0.0,0.0,0.0,0.0,0.0,0.0,0.0,0,0,40.03382748824262,-286.6844189016237,0.0,0.0,0.0,0.0,0.0,0.0,0.0,0.0,0.0,0.0,0.0,0.0,0.0,0.0,0.0,0.0,0.0,0.0,0.0,0.0,0.0,0.0,0.0,0.0,0.0,0.0,0.0,0.0,0.0
1784671584.948271,314751.8419102,0,0,8,0,0,52.572504,0.151,39.34549819845982,-286.6844189016237,177.44786715238362,39.34549819845982,-286.68441890162376,-286.68441890162376,0.0,0.0,0.0,0.0,0.0,0.0,0.0,-39.34549819845982,0.0,0.0,286.6844189016237,0.0,0.0,0.0,0.0,0.0,0.0,0.0,0.0,0,0,39.34549819845982,-286.6844189016237,0.0,0.0,0.0,0.0,0.0,0.0,0.0,0.0,0.0,0.0,0.0,0.0,0.0,0.0,0.0,0.0,0.0,0.0,0.0,0.0,0.0,0.0,0.0,0.0,0.0,0.0,0.0,0.0,0.0
1784671584.950708,314751.8443488,0,0,8,0,0,52.575003,0.25,38.65745559309593,-286.6844189016237,177.59316059006193,38.65745559309593,-286.68441890162376,-286.68441890162376,0.0,0.0,0.0,0.0,0.0,0.0,0.0,-38.65745559309593,0.0,0.0,286.6844189016237,0.0,0.0,0.0,0.0,0.0,0.0,0.0,0.0,0,0,38.65745559309593,-286.6844189016237,0.0,0.0,0.0,0.0,0.0,0.0,0.0,0.0,0.0,0.0,0.0,0.0,0.0,0.0,0.0,0.0,0.0,0.0,0.0,0.0,0.0,0.0,0.0,0.0,0.0,0.0,0.0,0.0,0.0
1784671584.9532793,314751.8469203,0,0,8,0,0,52.577503,0.353,37.97027304098874,-286.6844189016237,175.0429001852013,37.97027304098874,-286.68441890162376,-286.68441890162376,0.0,0.0,0.0,0.0,0.0,0.0,0.0,-37.97027304098874,0.0,0.0,286.6844189016237,0.0,0.0,0.0,0.0,0.0,0.0,0.0,0.0,0,0,37.97027304098874,-286.6844189016237,0.0,0.0,0.0,0.0,0.0,0.0,0.0,0.0,0.0,0.0,0.0,0.0,0.0,0.0,0.0,0.0,0.0,0.0,0.0,0.0,0.0,0.0,0.0,0.0,0.0,0.0,0.0,0.0,0.0
1784671584.963356,314751.8569928,0,0,8,0,0,52.580003,0.446,37.28022364469253,-286.6844189016237,178.8843000217222,37.28022364469253,-286.68441890162376,-286.68441890162376,0.0,0.0,0.0,0.0,0.0,0.0,0.0,-37.28022364469253,0.0,0.0,286.6844189016237,0.0,0.0,0.0,0.0,0.0,0.0,0.0,0.0,0,0,37.28022364469253,-286.6844189016237,0.0,0.0,0.0,0.0,0.0,0.0,0.0,0.0,0.0,0.0,0.0,0.0,0.0,0.0,0.0,0.0,0.0,0.0,0.0,0.0,0.0,0.0,0.0,0.0,0.0,0.0,0.0,0.0,0.0
1784671584.9661431,314751.8597817,0,0,8,0,0,52.582503,0.545,36.59189435490973,-286.6844189016237,-179.71586418874452,36.59189435490973,-286.68441890162376,-286.68441890162376,0.0,0.0,0.0,0.0,0.0,0.0,0.0,-36.59189435490973,0.0,0.0,286.6844189016237,0.0,0.0,0.0,0.0,0.0,0.0,0.0,0.0,0,0,36.59189435490973,-286.6844189016237,0.0,0.0,0.0,0.0,0.0,0.0,0.0,0.0,0.0,0.0,0.0,0.0,0.0,0.0,0.0,0.0,0.0,0.0,0.0,0.0,0.0,0.0,0.0,0.0,0.0,0.0,0.0,0.0,0.0
1784671584.9663546,314751.8599954,0,0,8,0,0,52.585006,0.656,35.90614522489705,-286.6844189016237,-175.2777129958886,35.90614522489705,-286.68441890162376,-286.68441890162376,0.0,0.0,0.0,0.0,0.0,0.0,0.0,-35.90614522489705,0.0,0.0,286.6844189016237,0.0,0.0,0.0,0.0,0.0,0.0,0.0,0.0,0,0,35.90614522489705,-286.6844189016237,0.0,0.0,0.0,0.0,0.0,0.0,0.0,0.0,0.0,0.0,0.0,0.0,0.0,0.0,0.0,0.0,0.0,0.0,0.0,0.0,0.0,0.0,0.0,0.0,0.0,0.0,0.0,0.0,0.0
1784671584.966496,314751.8601374,0,0,8,0,0,52.587504,0.752,35.21752925069535,-286.6844189016237,177.09642466408215,35.21752925069535,-286.68441890162376,-286.68441890162376,0.0,0.0,0.0,0.0,0.0,0.0,0.0,-35.21752925069535,0.0,0.0,286.6844189016237,0.0,0.0,0.0,0.0,0.0,0.0,0.0,0.0,0,0,35.21752925069535,-286.6844189016237,0.0,0.0,0.0,0.0,0.0,0.0,0.0,0.0,0.0,0.0,0.0,0.0,0.0,0.0,0.0,0.0,0.0,0.0,0.0,0.0,0.0,0.0,0.0,0.0,0.0,0.0,0.0,0.0,0.0
1784671584.9666357,314751.8602769,0,0,8,0,0,52.590002,0.8450000000000001,34.528053223236945,-286.6844189016237,177.2579397166434,34.528053223236945,-286.68441890162376,-286.68441890162376,0.0,0.0,0.0,0.0,0.0,0.0,0.0,-34.528053223236945,0.0,0.0,286.6844189016237,0.0,0.0,0.0,0.0,0.0,0.0,0.0,0.0,0,0,34.528053223236945,-286.6844189016237,0.0,0.0,0.0,0.0,0.0,0.0,0.0,0.0,0.0,0.0,0.0,0.0,0.0,0.0,0.0,0.0,0.0,0.0,0.0,0.0,0.0,0.0,0.0,0.0,0.0,0.0,0.0,0.0,0.0
1784671584.9699678,314751.8636064,0,0,8,0,0,52.592503,0.949,33.84087067112976,-286.6844189016237,177.76154647409683,33.84087067112975,-286.68441890162376,-286.68441890162376,0.0,0.0,0.0,0.0,0.0,0.0,0.0,-33.84087067112976,0.0,0.0,286.6844189016237,0.0,0.0,0.0,0.0,0.0,0.0,0.0,0.0,0,0,33.84087067112976,-286.6844189016237,0.0,0.0,0.0,0.0,0.0,0.0,0.0,0.0,0.0,0.0,0.0,0.0,0.0,0.0,0.0,0.0,0.0,0.0,0.0,0.0,0.0,0.0,0.0,0.0,0.0,0.0,0.0,0.0,0.0
1784671584.9708486,314751.8644896,0,0,8,0,0,52.595003,1.05,33.15311475018476,-286.6844189016237,177.428729359266,33.15311475018476,-286.68441890162376,-286.68441890162376,0.0,0.0,0.0,0.0,0.0,0.0,0.0,-33.15311475018476,0.0,0.0,286.6844189016237,0.0,0.0,0.0,0.0,0.0,0.0,0.0,0.0,0,0,33.15311475018476,-286.6844189016237,0.0,0.0,0.0,0.0,0.0,0.0,0.0,0.0,0.0,0.0,0.0,0.0,0.0,0.0,0.0,0.0,0.0,0.0,0.0,0.0,0.0,0.0,0.0,0.0,0.0,0.0,0.0,0.0,0.0
1784671584.9888313,314751.8824684,0,0,8,0,0,52.597504,1.149,32.46449877598305,-286.6844189016237,177.59523709405005,32.46449877598306,-286.68441890162376,-286.68441890162376,0.0,0.0,0.0,0.0,0.0,0.0,0.0,-32.46449877598305,0.0,0.0,286.6844189016237,0.0,0.0,0.0,0.0,0.0,0.0,0.0,0.0,0,0,32.46449877598305,-286.6844189016237,0.0,0.0,0.0,0.0,0.0,0.0,0.0,0.0,0.0,0.0,0.0,0.0,0.0,0.0,0.0,0.0,0.0,0.0,0.0,0.0,0.0,0.0,0.0,0.0,0.0,0.0,0.0,0.0,0.0
1784671584.989323,314751.882962,0,0,8,0,0,52.600002,0.038,31.429854708167092,-286.6844189016237,172.4598095158885,31.429854708167092,-286.68441890162376,-286.68441890162376,0.0,0.0,0.0,0.0,0.0,0.0,0.0,-31.429854708167092,0.0,0.0,286.6844189016237,0.0,0.0,0.0,0.0,0.0,0.0,0.0,0.0,0,0,31.429854708167092,-286.6844189016237,0.0,0.0,0.0,0.0,0.0,0.0,0.0,0.0,0.0,0.0,0.0,0.0,0.0,0.0,0.0,0.0,0.0,0.0,0.0,0.0,0.0,0.0,0.0,0.0,0.0,0.0,0.0,0.0,0.0
1784671584.9896178,314751.8832572,0,0,8,0,0,52.602503,0.1379999999999999,30.741542121156517,-286.6705115142673,-179.74418977890974,30.741542121156517,-286.6581689548314,-286.6705115142673,0.0,0.0,0.0,0.0,0.0,0.0,0.0,-30.741542121156517,0.0,0.0,286.6705115142673,0.0,0.0,0.0,0.0,0.0,0.0,0.0,0.0,0,0,30.741542121156517,-286.6705115142673,0.0,0.0,0.0,0.0,0.0,0.0,0.0,0.0,0.0,0.0,0.0,0.0,0.0,0.0,0.0,0.0,0.0,0.0,0.0,0.0,0.0,0.0,0.0,0.0,0.0,0.0,0.0,0.0,0.0
1784671584.9898262,314751.8834672,0,0,8,0,0,52.604972,0.203,30.058907899329743,-282.4015254281249,177.590421683882,30.058907899329743,-279.64943316127136,-282.4015254281249,0.0,0.0,0.0,0.0,0.0,0.0,0.0,-30.058907899329743,0.0,0.0,282.4015254281249,0.0,0.0,0.0,0.0,0.0,0.0,0.0,0.0,0,0,30.058907899329743,-282.4015254281249,0.0,0.0,0.0,0.0,0.0,0.0,0.0,0.0,0.0,0.0,0.0,0.0,0.0,0.0,0.0,0.0,0.0,0.0,0.0,0.0,0.0,0.0,0.0,0.0,0.0,0.0,0.0,0.0,0.0
1784671584.9898963,314751.883538,0,0,8,0,0,52.607502,0.335,29.395062469422463,-274.8613319697393,178.0630422037263,29.395062469422463,-271.36319995714985,-274.8613319697393,0.0,0.0,0.0,0.0,0.0,0.0,0.0,-29.395062469422463,0.0,0.0,274.8613319697393,0.0,0.0,0.0,0.0,0.0,0.0,0.0,0.0,0,0,29.395062469422463,-274.8613319697393,0.0,0.0,0.0,0.0,0.0,0.0,0.0,0.0,0.0,0.0,0.0,0.0,0.0,0.0,0.0,0.0,0.0,0.0,0.0,0.0,0.0,0.0,0.0,0.0,0.0,0.0,0.0,0.0,0.0
1784671584.989981,314751.8836217,0,0,8,0,0,52.610009,0.448,28.75667295261944,-264.9567671031283,-177.52139492658134,28.75667295261944,-260.22447253492527,-264.95676710312824,0.0,0.0,0.0,0.0,0.0,0.0,0.0,-28.75667295261944,0.0,0.0,264.9567671031283,0.0,0.0,0.0,0.0,0.0,0.0,0.0,0.0,0,0,28.75667295261944,-264.9567671031283,0.0,0.0,0.0,0.0,0.0,0.0,0.0,0.0,0.0,0.0,0.0,0.0,0.0,0.0,0.0,0.0,0.0,0.0,0.0,0.0,0.0,0.0,0.0,0.0,0.0,0.0,0.0,0.0,0.0
1784671584.9900618,314751.8837023,0,0,8,0,0,52.612504,0.5339999999999999,28.1413704611556,-253.4693815098463,177.30124321579507,28.1413704611556,-248.3507466025146,-253.4693815098463,0.0,0.0,0.0,0.0,0.0,0.0,0.0,-28.1413704611556,0.0,0.0,253.4693815098463,0.0,0.0,0.0,0.0,0.0,0.0,0.0,0.0,0,0,28.1413704611556,-253.4693815098463,0.0,0.0,0.0,0.0,0.0,0.0,0.0,0.0,0.0,0.0,0.0,0.0,0.0,0.0,0.0,0.0,0.0,0.0,0.0,0.0,0.0,0.0,0.0,0.0,0.0,0.0,0.0,0.0,0.0
1784671584.9917085,314751.885348,0,0,8,0,0,52.615002,0.641,27.55893646212496,-240.8893198592856,173.21633527936575,27.55893646212496,-234.3507749799228,-240.8893198592856,0.0,0.0,0.0,0.0,0.0,0.0,0.0,-27.55893646212496,0.0,0.0,240.8893198592856,0.0,0.0,0.0,0.0,0.0,0.0,0.0,0.0,0,0,27.55893646212496,-240.8893198592856,0.0,0.0,0.0,0.0,0.0,0.0,0.0,0.0,0.0,0.0,0.0,0.0,0.0,0.0,0.0,0.0,0.0,0.0,0.0,0.0,0.0,0.0,0.0,0.0,0.0,0.0,0.0,0.0,0.0
1784671584.9934003,314751.8870397,0,0,8,0,0,52.617541,0.7739999999999999,26.998576609224127,-230.22084439646616,173.40534856483828,26.998576609224127,-223.78079640486595,-230.22084439646616,0.0,0.0,0.0,0.0,0.0,0.0,0.0,-26.998576609224127,0.0,0.0,230.22084439646616,0.0,0.0,0.0,0.0,0.0,0.0,0.0,0.0,0,0,26.998576609224127,-230.22084439646616,0.0,0.0,0.0,0.0,0.0,0.0,0.0,0.0,0.0,0.0,0.0,0.0,0.0,0.0,0.0,0.0,0.0,0.0,0.0,0.0,0.0,0.0,0.0,0.0,0.0,0.0,0.0,0.0,0.0
1784671584.9963694,314751.8900064,0,0,8,0,0,52.620003,0.838,26.46652962028011,-218.7662416689124,176.24900694899756,26.46652962028011,-211.5395712173622,-218.7662416689124,0.0,0.0,0.0,0.0,0.0,0.0,0.0,-26.46652962028011,0.0,0.0,218.7662416689124,0.0,0.0,0.0,0.0,0.0,0.0,0.0,0.0,0,0,26.46652962028011,-218.7662416689124,0.0,0.0,0.0,0.0,0.0,0.0,0.0,0.0,0.0,0.0,0.0,0.0,0.0,0.0,0.0,0.0,0.0,0.0,0.0,0.0,0.0,0.0,0.0,0.0,0.0,0.0,0.0,0.0,0.0
1784671584.9989238,314751.8925625,0,0,8,0,0,52.622504,0.938,25.9622954724779,-206.9367444869484,175.32711677024733,25.962295472477905,-199.78834503664925,-206.9367444869484,0.0,0.0,0.0,0.0,0.0,0.0,0.0,-25.9622954724779,0.0,0.0,206.9367444869484,0.0,0.0,0.0,0.0,0.0,0.0,0.0,0.0,0,0,25.9622954724779,-206.9367444869484,0.0,0.0,0.0,0.0,0.0,0.0,0.0,0.0,0.0,0.0,0.0,0.0,0.0,0.0,0.0,0.0,0.0,0.0,0.0,0.0,0.0,0.0,0.0,0.0,0.0,0.0,0.0,0.0,0.0
1784671585.000818,314751.8944588,0,0,8,0,0,52.625003,1.036,25.490488487407596,-194.55692003531348,172.5109411986657,25.490488487407596,-189.41086607140303,-194.55692003531348,0.0,0.0,0.0,0.0,0.0,0.0,0.0,-25.490488487407596,0.0,0.0,194.55692003531348,0.0,0.0,0.0,0.0,0.0,0.0,0.0,0.0,0,0,25.490488487407596,-194.55692003531348,0.0,0.0,0.0,0.0,0.0,0.0,0.0,0.0,0.0,0.0,0.0,0.0,0.0,0.0,0.0,0.0,0.0,0.0,0.0,0.0,0.0,0.0,0.0,0.0,0.0,0.0,0.0,0.0,0.0
1784671585.0037796,314751.8974192,0,0,8,0,0,52.627502,1.135,25.044724792765685,-184.09451256869005,174.35523602701747,25.044724792765685,-179.4883861838911,-184.09451256869005,0.0,0.0,0.0,0.0,0.0,0.0,0.0,-25.044724792765685,0.0,0.0,184.09451256869005,0.0,0.0,0.0,0.0,0.0,0.0,0.0,0.0,0,0,25.044724792765685,-184.09451256869005,0.0,0.0,0.0,0.0,0.0,0.0,0.0,0.0,0.0,0.0,0.0,0.0,0.0,0.0,0.0,0.0,0.0,0.0,0.0,0.0,0.0,0.0,0.0,0.0,0.0,0.0,0.0,0.0,0.0
1784671585.0062044,314751.8998423,0,0,8,0,0,52.630004,0.027,24.424810710820896,-166.54052143500442,179.48045553428284,24.424810710820896,-161.02592360659816,-166.54052143500442,0.0,0.0,0.0,0.0,0.0,0.0,0.0,-24.424810710820896,0.0,0.0,166.54052143500442,0.0,0.0,0.0,0.0,0.0,0.0,0.0,0.0,0,0,24.424810710820896,-166.54052143500442,0.0,0.0,0.0,0.0,0.0,0.0,0.0,0.0,0.0,0.0,0.0,0.0,0.0,0.0,0.0,0.0,0.0,0.0,0.0,0.0,0.0,0.0,0.0,0.0,0.0,0.0,0.0,0.0,0.0
1784671585.0084598,314751.9020998,0,0,8,0,0,52.632503,0.126,24.05062821356048,-153.59028727071464,176.061414868076,24.050628213560472,-147.80470040551302,-153.59028727071464,0.0,0.0,0.0,0.0,0.0,0.0,0.0,-24.05062821356048,0.0,0.0,153.59028727071464,0.0,0.0,0.0,0.0,0.0,0.0,0.0,0.0,0,0,24.05062821356048,-153.59028727071464,0.0,0.0,0.0,0.0,0.0,0.0,0.0,0.0,0.0,0.0,0.0,0.0,0.0,0.0,0.0,0.0,0.0,0.0,0.0,0.0,0.0,0.0,0.0,0.0,0.0,0.0,0.0,0.0,0.0
1784671585.0109377,314751.9045761,0,0,8,0,0,52.635091,0.323,23.71041447552444,-139.022372065216,171.15947177495934,23.71041447552444,-131.50348344745768,-139.022372065216,0.0,0.0,0.0,0.0,0.0,0.0,0.0,-23.71041447552444,0.0,0.0,139.022372065216,0.0,0.0,0.0,0.0,0.0,0.0,0.0,0.0,0,0,23.71041447552444,-139.022372065216,0.0,0.0,0.0,0.0,0.0,0.0,0.0,0.0,0.0,0.0,0.0,0.0,0.0,0.0,0.0,0.0,0.0,0.0,0.0,0.0,0.0,0.0,0.0,0.0,0.0,0.0,0.0,0.0,0.0
1784671585.0134504,314751.9070892,0,0,8,0,0,52.637502,0.32,23.39212915969092,-130.55115777380084,172.52594369940056,23.39212915969092,-126.59474339728644,-130.55115777380084,0.0,0.0,0.0,0.0,0.0,0.0,0.0,-23.39212915969092,0.0,0.0,130.55115777380084,0.0,0.0,0.0,0.0,0.0,0.0,0.0,0.0,0,0,23.39212915969092,-130.55115777380084,0.0,0.0,0.0,0.0,0.0,0.0,0.0,0.0,0.0,0.0,0.0,0.0,0.0,0.0,0.0,0.0,0.0,0.0,0.0,0.0,0.0,0.0,0.0,0.0,0.0,0.0,0.0,0.0,0.0
1784671585.01591,314751.9095487,0,0,8,0,0,52.640002,0.422,23.099248882224423,-120.48373292637729,177.4453206629288,23.099248882224423,-115.86726514147549,-120.48373292637729,0.0,0.0,0.0,0.0,0.0,0.0,0.0,-23.099248882224423,0.0,0.0,120.48373292637729,0.0,0.0,0.0,0.0,0.0,0.0,0.0,0.0,0,0,23.099248882224423,-120.48373292637729,0.0,0.0,0.0,0.0,0.0,0.0,0.0,0.0,0.0,0.0,0.0,0.0,0.0,0.0,0.0,0.0,0.0,0.0,0.0,0.0,0.0,0.0,0.0,0.0,0.0,0.0,0.0,0.0,0.0
1784671585.0217657,314751.9154023,0,0,8,0,0,52.642503,0.5289999999999999,22.83762141511389,-105.73443267498452,177.51078380894015,22.83762141511389,-97.7023019611626,-105.73443267498452,0.0,0.0,0.0,0.0,0.0,0.0,0.0,-22.83762141511389,0.0,0.0,105.73443267498452,0.0,0.0,0.0,0.0,0.0,0.0,0.0,0.0,0,0,22.83762141511389,-105.73443267498452,0.0,0.0,0.0,0.0,0.0,0.0,0.0,0.0,0.0,0.0,0.0,0.0,0.0,0.0,0.0,0.0,0.0,0.0,0.0,0.0,0.0,0.0,0.0,0.0,0.0,0.0,0.0,0.0,0.0
1784671585.021983,314751.9156242,0,0,8,0,0,52.645005,0.631,22.60554705317518,-93.7580757503306,176.05223289223258,22.60554705317518,-86.8348239891257,-93.7580757503306,0.0,0.0,0.0,0.0,0.0,0.0,0.0,-22.60554705317518,0.0,0.0,93.7580757503306,0.0,0.0,0.0,0.0,0.0,0.0,0.0,0.0,0,0,22.60554705317518,-93.7580757503306,0.0,0.0,0.0,0.0,0.0,0.0,0.0,0.0,0.0,0.0,0.0,0.0,0.0,0.0,0.0,0.0,0.0,0.0,0.0,0.0,0.0,0.0,0.0,0.0,0.0,0.0,0.0,0.0,0.0
1784671585.023186,314751.9168263,0,0,8,0,0,52.647503,0.717,22.404330118382667,-81.42349476763984,176.06877371014312,22.404330118382667,-76.22109550274828,-81.42349476763984,0.0,0.0,0.0,0.0,0.0,0.0,0.0,-22.404330118382667,0.0,0.0,81.42349476763984,0.0,0.0,0.0,0.0,0.0,0.0,0.0,0.0,0,0,22.404330118382667,-81.42349476763984,0.0,0.0,0.0,0.0,0.0,0.0,0.0,0.0,0.0,0.0,0.0,0.0,0.0,0.0,0.0,0.0,0.0,0.0,0.0,0.0,0.0,0.0,0.0,0.0,0.0,0.0,0.0,0.0,0.0
1784671585.0259123,314751.9195525,0,0,8,0,0,52.650003,0.8260000000000001,22.231111813072083,-70.05036987735002,176.04588486786915,22.231111813072083,-64.92486839976951,-70.05036987735004,0.0,0.0,0.0,0.0,0.0,0.0,0.0,-22.231111813072083,0.0,0.0,70.05036987735002,0.0,0.0,0.0,0.0,0.0,0.0,0.0,0.0,0,0,22.231111813072083,-70.05036987735002,0.0,0.0,0.0,0.0,0.0,0.0,0.0,0.0,0.0,0.0,0.0,0.0,0.0,0.0,0.0,0.0,0.0,0.0,0.0,0.0,0.0,0.0,0.0,0.0,0.0,0.0,0.0,0.0,0.0
1784671585.0284832,314751.922122,0,0,8,0,0,52.652503,0.926,22.08397124185394,-58.40978880923147,173.32539999928218,22.08397124185394,-53.24364207716948,-58.40978880923147,0.0,0.0,0.0,0.0,0.0,0.0,0.0,-22.08397124185394,0.0,0.0,58.40978880923147,0.0,0.0,0.0,0.0,0.0,0.0,0.0,0.0,0,0,22.08397124185394,-58.40978880923147,0.0,0.0,0.0,0.0,0.0,0.0,0.0,0.0,0.0,0.0,0.0,0.0,0.0,0.0,0.0,0.0,0.0,0.0,0.0,0.0,0.0,0.0,0.0,0.0,0.0,0.0,0.0,0.0,0.0
1784671585.030927,314751.924565,0,0,8,0,0,52.655004,1.026,21.96436270138866,-46.96444589344746,170.36146881186417,21.964362701388666,-41.88616509834187,-46.96444589344746,0.0,0.0,0.0,0.0,0.0,0.0,0.0,-21.96436270138866,0.0,0.0,46.96444589344746,0.0,0.0,0.0,0.0,0.0,0.0,0.0,0.0,0,0,21.96436270138866,-46.96444589344746,0.0,0.0,0.0,0.0,0.0,0.0,0.0,0.0,0.0,0.0,0.0,0.0,0.0,0.0,0.0,0.0,0.0,0.0,0.0,0.0,0.0,0.0,0.0,0.0,0.0,0.0,0.0,0.0,0.0
1784671585.0339634,314751.9276019,0,0,8,0,0,52.657503,1.124,21.875143800231942,-32.93495747433322,169.1672526304177,21.875143800231942,-25.40994849500413,-32.93495747433321,0.0,0.0,0.0,0.0,0.0,0.0,0.0,-21.875143800231942,0.0,0.0,32.93495747433322,0.0,0.0,0.0,0.0,0.0,0.0,0.0,0.0,0,0,21.875143800231942,-32.93495747433322,0.0,0.0,0.0,0.0,0.0,0.0,0.0,0.0,0.0,0.0,0.0,0.0,0.0,0.0,0.0,0.0,0.0,0.0,0.0,0.0,0.0,0.0,0.0,0.0,0.0,0.0,0.0,0.0,0.0
1784671585.0364246,314751.9300613,0,0,8,0,0,52.660003,1.213,21.811248387713583,-24.05136246087282,169.03187755404232,21.811248387713583,-19.71371004106209,-24.05136246087282,0.0,0.0,0.0,0.0,0.0,0.0,0.0,-21.811248387713583,0.0,0.0,24.05136246087282,0.0,0.0,0.0,0.0,0.0,0.0,0.0,0.0,0,0,21.811248387713583,-24.05136246087282,0.0,0.0,0.0,0.0,0.0,0.0,0.0,0.0,0.0,0.0,0.0,0.0,0.0,0.0,0.0,0.0,0.0,0.0,0.0,0.0,0.0,0.0,0.0,0.0,0.0,0.0,0.0,0.0,0.0
1784671585.0389242,314751.9325637,0,0,8,0,0,52.662504,0.115,21.76884073820613,-6.356811301146251,168.92260775613107,21.76884073820613,-2.852494218103081,-6.35681130114625,0.0,0.0,0.0,0.0,0.0,0.0,0.0,-21.76884073820613,0.0,0.0,6.356811301146251,0.0,0.0,0.0,0.0,0.0,0.0,0.0,0.0,0,0,21.76884073820613,-6.356811301146251,0.0,0.0,0.0,0.0,0.0,0.0,0.0,0.0,0.0,0.0,0.0,0.0,0.0,0.0,0.0,0.0,0.0,0.0,0.0,0.0,0.0,0.0,0.0,0.0,0.0,0.0,0.0,0.0,0.0
1784671585.040924,314751.9345617,0,0,8,0,0,52.664998,0.206,21.77453376961695,6.352947075201084,169.3586282640682,21.77453376961695,13.431222775424017,6.352947075201084,0.0,0.0,0.0,0.0,0.0,0.0,0.0,-21.77453376961695,0.0,0.0,-6.352947075201084,0.0,0.0,0.0,0.0,0.0,0.0,0.0,0.0,0,0,21.77453376961695,6.352947075201084,0.0,0.0,0.0,0.0,0.0,0.0,0.0,0.0,0.0,0.0,0.0,0.0,0.0,0.0,0.0,0.0,0.0,0.0,0.0,0.0,0.0,0.0,0.0,0.0,0.0,0.0,0.0,0.0,0.0
1784671585.0515182,314751.9451559,0,0,8,0,0,52.667504,0.313,21.812001043553398,18.5156083274446,169.0503821161761,21.8120010435534,23.651202059916034,18.5156083274446,0.0,0.0,0.0,0.0,0.0,0.0,0.0,-21.812001043553398,0.0,0.0,-18.5156083274446,0.0,0.0,0.0,0.0,0.0,0.0,0.0,0.0,0,0,21.812001043553398,18.5156083274446,0.0,0.0,0.0,0.0,0.0,0.0,0.0,0.0,0.0,0.0,0.0,0.0,0.0,0.0,0.0,0.0,0.0,0.0,0.0,0.0,0.0,0.0,0.0,0.0,0.0,0.0,0.0,0.0,0.0
1784671585.052288,314751.9459272,0,0,8,0,0,52.670002,0.408,21.875572443776587,29.0210157223867,168.4096580339456,21.875572443776587,33.57368194742798,29.0210157223867,0.0,0.0,0.0,0.0,0.0,0.0,0.0,-21.875572443776587,0.0,0.0,-29.0210157223867,0.0,0.0,0.0,0.0,0.0,0.0,0.0,0.0,0,0,21.875572443776587,29.0210157223867,0.0,0.0,0.0,0.0,0.0,0.0,0.0,0.0,0.0,0.0,0.0,0.0,0.0,0.0,0.0,0.0,0.0,0.0,0.0,0.0,0.0,0.0,0.0,0.0,0.0,0.0,0.0,0.0,0.0
1784671585.052696,314751.9463362,0,0,8,0,0,52.672503,0.518,21.9624280811406,38.79867865377881,166.92873056913015,21.9624280811406,43.22491238475221,38.79867865377881,0.0,0.0,0.0,0.0,0.0,0.0,0.0,-21.9624280811406,0.0,0.0,-38.79867865377881,0.0,0.0,0.0,0.0,0.0,0.0,0.0,0.0,0,0,21.9624280811406,38.79867865377881,0.0,0.0,0.0,0.0,0.0,0.0,0.0,0.0,0.0,0.0,0.0,0.0,0.0,0.0,0.0,0.0,0.0,0.0,0.0,0.0,0.0,0.0,0.0,0.0,0.0,0.0,0.0,0.0,0.0
1784671585.0536,314751.9472411,0,0,8,0,0,52.675004,0.619,22.072129114261337,48.02612391194116,165.61753098545586,22.072129114261337,52.17614424094685,48.02612391194116,0.0,0.0,0.0,0.0,0.0,0.0,0.0,-22.072129114261337,0.0,0.0,-48.02612391194116,0.0,0.0,0.0,0.0,0.0,0.0,0.0,0.0,0,0,22.072129114261337,48.02612391194116,0.0,0.0,0.0,0.0,0.0,0.0,0.0,0.0,0.0,0.0,0.0,0.0,0.0,0.0,0.0,0.0,0.0,0.0,0.0,0.0,0.0,0.0,0.0,0.0,0.0,0.0,0.0,0.0,0.0
1784671585.0551214,314751.9487624,0,0,8,0,0,52.677503,0.712,22.206793023506588,59.43167949472465,164.78243786642977,22.206793023506588,65.57236708731438,59.43167949472465,0.0,0.0,0.0,0.0,0.0,0.0,0.0,-22.206793023506588,0.0,0.0,-59.43167949472465,0.0,0.0,0.0,0.0,0.0,0.0,0.0,0.0,0,0,22.206793023506588,59.43167949472465,0.0,0.0,0.0,0.0,0.0,0.0,0.0,0.0,0.0,0.0,0.0,0.0,0.0,0.0,0.0,0.0,0.0,0.0,0.0,0.0,0.0,0.0,0.0,0.0,0.0,0.0,0.0,0.0,0.0
1784671585.0558293,314751.9494703,0,0,8,0,0,52.68,0.8069999999999999,22.361883880717336,66.44707392110513,163.34381754612454,22.361883880717336,69.78110855635605,66.44707392110513,0.0,0.0,0.0,0.0,0.0,0.0,0.0,-22.361883880717336,0.0,0.0,-66.44707392110513,0.0,0.0,0.0,0.0,0.0,0.0,0.0,0.0,0,0,22.361883880717336,66.44707392110513,0.0,0.0,0.0,0.0,0.0,0.0,0.0,0.0,0.0,0.0,0.0,0.0,0.0,0.0,0.0,0.0,0.0,0.0,0.0,0.0,0.0,0.0,0.0,0.0,0.0,0.0,0.0,0.0,0.0
1784671585.065432,314751.9590707,0,0,8,0,0,52.682504,0.903,22.53688538258705,74.84410150147082,162.26054463981365,22.53688538258706,78.67109053670185,74.84410150147083,0.0,0.0,0.0,0.0,0.0,0.0,0.0,-22.53688538258705,0.0,0.0,-74.84410150147082,0.0,0.0,0.0,0.0,0.0,0.0,0.0,0.0,0,0,22.53688538258705,74.84410150147082,0.0,0.0,0.0,0.0,0.0,0.0,0.0,0.0,0.0,0.0,0.0,0.0,0.0,0.0,0.0,0.0,0.0,0.0,0.0,0.0,0.0,0.0,0.0,0.0,0.0,0.0,0.0,0.0,0.0
1784671585.0656817,314751.9593228,0,0,8,0,0,52.685003,1.012,22.735001855861587,86.45214120926428,162.2097646890947,22.735001855861583,92.81981185778368,86.45214120926427,0.0,0.0,0.0,0.0,0.0,0.0,0.0,-22.735001855861587,0.0,0.0,-86.45214120926428,0.0,0.0,0.0,0.0,0.0,0.0,0.0,0.0,0,0,22.735001855861587,86.45214120926428,0.0,0.0,0.0,0.0,0.0,0.0,0.0,0.0,0.0,0.0,0.0,0.0,0.0,0.0,0.0,0.0,0.0,0.0,0.0,0.0,0.0,0.0,0.0,0.0,0.0,0.0,0.0,0.0,0.0
1784671585.065823,314751.9594643,0,0,8,0,0,52.687503,1.113,22.95846892722489,96.51594376557134,161.50384628982016,22.95846892722489,102.52354218869264,96.51594376557134,0.0,0.0,0.0,0.0,0.0,0.0,0.0,-22.95846892722489,0.0,0.0,-96.51594376557134,0.0,0.0,0.0,0.0,0.0,0.0,0.0,0.0,0,0,22.95846892722489,96.51594376557134,0.0,0.0,0.0,0.0,0.0,0.0,0.0,0.0,0.0,0.0,0.0,0.0,0.0,0.0,0.0,0.0,0.0,0.0,0.0,0.0,0.0,0.0,0.0,0.0,0.0,0.0,0.0,0.0,0.0
1784671585.0662756,314751.9599146,0,0,8,0,0,52.690005,1.21,23.21037928763833,107.298198578618,158.72374195633654,23.21037928763833,111.8335233177162,107.298198578618,0.0,0.0,0.0,0.0,0.0,0.0,0.0,-23.21037928763833,0.0,0.0,-107.298198578618,0.0,0.0,0.0,0.0,0.0,0.0,0.0,0.0,0,0,23.21037928763833,107.298198578618,0.0,0.0,0.0,0.0,0.0,0.0,0.0,0.0,0.0,0.0,0.0,0.0,0.0,0.0,0.0,0.0,0.0,0.0,0.0,0.0,0.0,0.0,0.0,0.0,0.0,0.0,0.0,0.0,0.0
1784671585.0701773,314751.9638156,0,0,8,0,0,52.692503,0.1,23.63027068129788,120.73598453444876,160.3850878036087,23.63027068129788,124.57349749427472,120.73598453444876,0.0,0.0,0.0,0.0,0.0,0.0,0.0,-23.63027068129788,0.0,0.0,-120.73598453444876,0.0,0.0,0.0,0.0,0.0,0.0,0.0,0.0,0,0,23.63027068129788,120.73598453444876,0.0,0.0,0.0,0.0,0.0,0.0,0.0,0.0,0.0,0.0,0.0,0.0,0.0,0.0,0.0,0.0,0.0,0.0,0.0,0.0,0.0,0.0,0.0,0.0,0.0,0.0,0.0,0.0,0.0
1784671585.0716236,314751.9652624,0,0,8,0,0,52.695009,0.217,23.934281934788626,129.50061244625925,163.17184934193295,23.934281934788626,133.51597936820525,129.50061244625925,0.0,0.0,0.0,0.0,0.0,0.0,0.0,-23.934281934788626,0.0,0.0,-129.50061244625925,0.0,0.0,0.0,0.0,0.0,0.0,0.0,0.0,0,0,23.934281934788626,129.50061244625925,0.0,0.0,0.0,0.0,0.0,0.0,0.0,0.0,0.0,0.0,0.0,0.0,0.0,0.0,0.0,0.0,0.0,0.0,0.0,0.0,0.0,0.0,0.0,0.0,0.0,0.0,0.0,0.0,0.0
1784671585.0734196,314751.9670454,0,0,8,0,0,52.697503,0.295,24.26358546333388,138.5215864683563,163.02047546659114,24.26358546333389,142.4234613130793,138.5215864683563,0.0,0.0,0.0,0.0,0.0,0.0,0.0,-24.26358546333388,0.0,0.0,-138.5215864683563,0.0,0.0,0.0,0.0,0.0,0.0,0.0,0.0,0,0,24.26358546333388,138.5215864683563,0.0,0.0,0.0,0.0,0.0,0.0,0.0,0.0,0.0,0.0,0.0,0.0,0.0,0.0,0.0,0.0,0.0,0.0,0.0,0.0,0.0,0.0,0.0,0.0,0.0,0.0,0.0,0.0,0.0
1784671585.082651,314751.9762881,0,0,8,0,0,52.700005,0.4,24.610588387889717,146.7873034584882,162.09480556181484,24.61058838788971,150.38594517342838,146.78730345848817,0.0,0.0,0.0,0.0,0.0,0.0,0.0,-24.610588387889717,0.0,0.0,-146.7873034584882,0.0,0.0,0.0,0.0,0.0,0.0,0.0,0.0,0,0,24.610588387889717,146.7873034584882,0.0,0.0,0.0,0.0,0.0,0.0,0.0,0.0,0.0,0.0,0.0,0.0,0.0,0.0,0.0,0.0,0.0,0.0,0.0,0.0,0.0,0.0,0.0,0.0,0.0,0.0,0.0,0.0,0.0
1784671585.083075,314751.976715,0,0,8,0,0,52.702503,0.505,24.978298040889563,156.63924388013112,161.2205162066071,24.978298040889563,161.97092169112312,156.63924388013112,0.0,0.0,0.0,0.0,0.0,0.0,0.0,-24.978298040889563,0.0,0.0,-156.63924388013112,0.0,0.0,0.0,0.0,0.0,0.0,0.0,0.0,0,0,24.978298040889563,156.63924388013112,0.0,0.0,0.0,0.0,0.0,0.0,0.0,0.0,0.0,0.0,0.0,0.0,0.0,0.0,0.0,0.0,0.0,0.0,0.0,0.0,0.0,0.0,0.0,0.0,0.0,0.0,0.0,0.0,0.0
1784671585.0834446,314751.9770833,0,0,8,0,0,52.705006,0.608,25.36769432208771,165.06842850852254,162.239980883334,25.36769432208771,170.09965521449047,165.06842850852254,0.0,0.0,0.0,0.0,0.0,0.0,0.0,-25.36769432208771,0.0,0.0,-165.06842850852254,0.0,0.0,0.0,0.0,0.0,0.0,0.0,0.0,0,0,25.36769432208771,165.06842850852254,0.0,0.0,0.0,0.0,0.0,0.0,0.0,0.0,0.0,0.0,0.0,0.0,0.0,0.0,0.0,0.0,0.0,0.0,0.0,0.0,0.0,0.0,0.0,0.0,0.0,0.0,0.0,0.0,0.0
1784671585.0837977,314751.9774374,0,0,8,0,0,52.707515,0.716,25.777073318816264,173.33873501547072,162.1421500768535,25.777073318816264,178.41213836540436,173.33873501547072,0.0,0.0,0.0,0.0,0.0,0.0,0.0,-25.777073318816264,0.0,0.0,-173.33873501547072,0.0,0.0,0.0,0.0,0.0,0.0,0.0,0.0,0,0,25.777073318816264,173.33873501547072,0.0,0.0,0.0,0.0,0.0,0.0,0.0,0.0,0.0,0.0,0.0,0.0,0.0,0.0,0.0,0.0,0.0,0.0,0.0,0.0,0.0,0.0,0.0,0.0,0.0,0.0,0.0,0.0,0.0
1784671585.086022,314751.9796624,0,0,8,0,0,52.710003,0.8,26.21095234426985,182.73077424091431,161.33271160929368,26.21095234426985,186.7421214808465,182.73077424091431,0.0,0.0,0.0,0.0,0.0,0.0,0.0,-26.21095234426985,0.0,0.0,-182.73077424091431,0.0,0.0,0.0,0.0,0.0,0.0,0.0,0.0,0,0,26.21095234426985,182.73077424091431,0.0,0.0,0.0,0.0,0.0,0.0,0.0,0.0,0.0,0.0,0.0,0.0,0.0,0.0,0.0,0.0,0.0,0.0,0.0,0.0,0.0,0.0,0.0,0.0,0.0,0.0,0.0,0.0,0.0
1784671585.0883477,314751.9819889,0,0,8,0,0,52.712504,0.901,26.664166249374077,190.760436820505,160.4965084477205,26.664166249374077,194.1796064053484,190.760436820505,0.0,0.0,0.0,0.0,0.0,0.0,0.0,-26.664166249374077,0.0,0.0,-190.760436820505,0.0,0.0,0.0,0.0,0.0,0.0,0.0,0.0,0,0,26.664166249374077,190.760436820505,0.0,0.0,0.0,0.0,0.0,0.0,0.0,0.0,0.0,0.0,0.0,0.0,0.0,0.0,0.0,0.0,0.0,0.0,0.0,0.0,0.0,0.0,0.0,0.0,0.0,0.0,0.0,0.0,0.0
1784671585.0912738,314751.9849098,0,0,8,0,0,52.715003,1.003,27.134954791110648,198.2381510743904,160.64194534752284,27.134954791110648,201.51209154268085,198.2381510743904,0.0,0.0,0.0,0.0,0.0,0.0,0.0,-27.134954791110648,0.0,0.0,-198.2381510743904,0.0,0.0,0.0,0.0,0.0,0.0,0.0,0.0,0,0,27.134954791110648,198.2381510743904,0.0,0.0,0.0,0.0,0.0,0.0,0.0,0.0,0.0,0.0,0.0,0.0,0.0,0.0,0.0,0.0,0.0,0.0,0.0,0.0,0.0,0.0,0.0,0.0,0.0,0.0,0.0,0.0,0.0
1784671585.093402,314751.98704,0,0,8,0,0,52.717505,1.102,27.624138908342317,205.31851642329545,161.1260463818214,27.624138908342317,208.4245775313356,205.3185164232954,0.0,0.0,0.0,0.0,0.0,0.0,0.0,-27.624138908342317,0.0,0.0,-205.31851642329545,0.0,0.0,0.0,0.0,0.0,0.0,0.0,0.0,0,0,27.624138908342317,205.31851642329545,0.0,0.0,0.0,0.0,0.0,0.0,0.0,0.0,0.0,0.0,0.0,0.0,0.0,0.0,0.0,0.0,0.0,0.0,0.0,0.0,0.0,0.0,0.0,0.0,0.0,0.0,0.0,0.0,0.0
1784671585.0958476,314751.9894858,0,0,8,0,0,52.720004,1.201,28.13139116469001,214.1055949754545,161.41740199750407,28.131391164690008,219.0995558935618,214.1055949754545,0.0,0.0,0.0,0.0,0.0,0.0,0.0,-28.13139116469001,0.0,0.0,-214.1055949754545,0.0,0.0,0.0,0.0,0.0,0.0,0.0,0.0,0,0,28.13139116469001,214.1055949754545,0.0,0.0,0.0,0.0,0.0,0.0,0.0,0.0,0.0,0.0,0.0,0.0,0.0,0.0,0.0,0.0,0.0,0.0,0.0,0.0,0.0,0.0,0.0,0.0,0.0,0.0,0.0,0.0,0.0
1784671585.1003036,314751.9939412,0,0,8,0,0,52.722504,0.09,28.93177977494365,225.5144110074714,167.08131054212322,28.93177977494365,227.9982878561717,225.5144110074714,0.0,0.0,0.0,0.0,0.0,0.0,0.0,-28.93177977494365,0.0,0.0,-225.5144110074714,0.0,0.0,0.0,0.0,0.0,0.0,0.0,0.0,0,0,28.93177977494365,225.5144110074714,0.0,0.0,0.0,0.0,0.0,0.0,0.0,0.0,0.0,0.0,0.0,0.0,0.0,0.0,0.0,0.0,0.0,0.0,0.0,0.0,0.0,0.0,0.0,0.0,0.0,0.0,0.0,0.0,0.0
1784671585.1008286,314751.9944685,0,0,8,0,0,52.725026,0.211,29.493310904292407,235.4624209975044,157.3211223459161,29.493310904292407,238.28826699877672,235.4624209975044,0.0,0.0,0.0,0.0,0.0,0.0,0.0,-29.493310904292407,0.0,0.0,-235.4624209975044,0.0,0.0,0.0,0.0,0.0,0.0,0.0,0.0,0,0,29.493310904292407,235.4624209975044,0.0,0.0,0.0,0.0,0.0,0.0,0.0,0.0,0.0,0.0,0.0,0.0,0.0,0.0,0.0,0.0,0.0,0.0,0.0,0.0,0.0,0.0,0.0,0.0,0.0,0.0,0.0,0.0,0.0
1784671585.1033475,314751.9969853,0,0,8,0,0,52.727502,0.285,30.075615345254207,244.3697215103788,161.06566017126212,30.075615345254207,247.81699768440328,244.3697215103788,0.0,0.0,0.0,0.0,0.0,0.0,0.0,-30.075615345254207,0.0,0.0,-244.3697215103788,0.0,0.0,0.0,0.0,0.0,0.0,0.0,0.0,0,0,30.075615345254207,244.3697215103788,0.0,0.0,0.0,0.0,0.0,0.0,0.0,0.0,0.0,0.0,0.0,0.0,0.0,0.0,0.0,0.0,0.0,0.0,0.0,0.0,0.0,0.0,0.0,0.0,0.0,0.0,0.0,0.0,0.0
1784671585.1063778,314752.0000175,0,0,8,0,0,52.730002,0.393,30.67753176488163,253.6061022128844,168.58957543003893,30.67753176488163,257.9669771107823,253.6061022128844,0.0,0.0,0.0,0.0,0.0,0.0,0.0,-30.67753176488163,0.0,0.0,-253.6061022128844,0.0,0.0,0.0,0.0,0.0,0.0,0.0,0.0,0,0,30.67753176488163,253.6061022128844,0.0,0.0,0.0,0.0,0.0,0.0,0.0,0.0,0.0,0.0,0.0,0.0,0.0,0.0,0.0,0.0,0.0,0.0,0.0,0.0,0.0,0.0,0.0,0.0,0.0,0.0,0.0,0.0,0.0
1784671585.1086004,314752.0022384,0,0,8,0,0,52.732504,0.4929999999999999,31.306885087761952,263.342992209869,162.54158921283954,31.306885087761952,267.39070800923946,263.342992209869,0.0,0.0,0.0,0.0,0.0,0.0,0.0,-31.306885087761952,0.0,0.0,-263.342992209869,0.0,0.0,0.0,0.0,0.0,0.0,0.0,0.0,0,0,31.306885087761952,263.342992209869,0.0,0.0,0.0,0.0,0.0,0.0,0.0,0.0,0.0,0.0,0.0,0.0,0.0,0.0,0.0,0.0,0.0,0.0,0.0,0.0,0.0,0.0,0.0,0.0,0.0,0.0,0.0,0.0,0.0
1784671585.110788,314752.0044294,0,0,8,0,0,52.735003,0.5950000000000001,31.952862665727707,270.1048574251228,165.0557313192383,31.952862665727704,272.8769468888426,270.1048574251229,0.0,0.0,0.0,0.0,0.0,0.0,0.0,-31.952862665727707,0.0,0.0,-270.1048574251228,0.0,0.0,0.0,0.0,0.0,0.0,0.0,0.0,0,0,31.952862665727707,270.1048574251228,0.0,0.0,0.0,0.0,0.0,0.0,0.0,0.0,0.0,0.0,0.0,0.0,0.0,0.0,0.0,0.0,0.0,0.0,0.0,0.0,0.0,0.0,0.0,0.0,0.0,0.0,0.0,0.0,0.0
1784671585.1134942,314752.0071334,0,0,8,0,0,52.737519,0.7060000000000001,32.6174177401821,277.26429246052146,168.19108634952346,32.6174177401821,280.61193121032454,277.26429246052146,0.0,0.0,0.0,0.0,0.0,0.0,0.0,-32.6174177401821,0.0,0.0,-277.26429246052146,0.0,0.0,0.0,0.0,0.0,0.0,0.0,0.0,0,0,32.6174177401821,277.26429246052146,0.0,0.0,0.0,0.0,0.0,0.0,0.0,0.0,0.0,0.0,0.0,0.0,0.0,0.0,0.0,0.0,0.0,0.0,0.0,0.0,0.0,0.0,0.0,0.0,0.0,0.0,0.0,0.0,0.0
1784671585.115868,314752.0095055,0,0,8,0,0,52.740002,0.7789999999999999,33.30005747449732,283.6942669571216,164.29687943972132,33.30005747449732,286.1419200012483,283.6942669571216,0.0,0.0,0.0,0.0,0.0,0.0,0.0,-33.30005747449732,0.0,0.0,-283.6942669571216,0.0,0.0,0.0,0.0,0.0,0.0,0.0,0.0,0,0,33.30005747449732,283.6942669571216,0.0,0.0,0.0,0.0,0.0,0.0,0.0,0.0,0.0,0.0,0.0,0.0,0.0,0.0,0.0,0.0,0.0,0.0,0.0,0.0,0.0,0.0,0.0,0.0,0.0,0.0,0.0,0.0,0.0
1784671585.118438,314752.0120763,0,0,8,0,0,52.742503,0.871,33.99035937424148,285.9981725855392,166.57786120222644,33.99035937424148,286.68441890162376,285.9981725855392,0.0,0.0,0.0,0.0,0.0,0.0,0.0,-33.99035937424148,0.0,0.0,-285.9981725855392,0.0,0.0,0.0,0.0,0.0,0.0,0.0,0.0,0,0,33.99035937424148,285.9981725855392,0.0,0.0,0.0,0.0,0.0,0.0,0.0,0.0,0.0,0.0,0.0,0.0,0.0,0.0,0.0,0.0,0.0,0.0,0.0,0.0,0.0,0.0,0.0,0.0,0.0,0.0,0.0,0.0,0.0
1784671585.1210198,314752.0146575,0,0,8,0,0,52.745004,0.99,34.674916450121486,286.53078355976754,167.96207321654518,34.674916450121486,286.68441890162376,286.53078355976754,0.0,0.0,0.0,0.0,0.0,0.0,0.0,-34.674916450121486,0.0,0.0,-286.53078355976754,0.0,0.0,0.0,0.0,0.0,0.0,0.0,0.0,0,0,34.674916450121486,286.53078355976754,0.0,0.0,0.0,0.0,0.0,0.0,0.0,0.0,0.0,0.0,0.0,0.0,0.0,0.0,0.0,0.0,0.0,0.0,0.0,0.0,0.0,0.0,0.0,0.0,0.0,0.0,0.0,0.0,0.0
1784671585.124892,314752.01853,0,0,8,0,0,52.747504,1.09,35.365093223595395,286.65041016637383,163.62904134980707,35.365093223595395,286.68441890162376,286.65041016637383,0.0,0.0,0.0,0.0,0.0,0.0,0.0,-35.365093223595395,0.0,0.0,-286.65041016637383,0.0,0.0,0.0,0.0,0.0,0.0,0.0,0.0,0,0,35.365093223595395,286.65041016637383,0.0,0.0,0.0,0.0,0.0,0.0,0.0,0.0,0.0,0.0,0.0,0.0,0.0,0.0,0.0,0.0,0.0,0.0,0.0,0.0,0.0,0.0,0.0,0.0,0.0,0.0,0.0,0.0,0.0
1784671585.1264246,314752.0200585,0,0,8,0,0,52.750003,1.185,36.05651964610195,286.67690962106894,161.4370263461452,36.05651964610195,286.68441890162376,286.67690962106894,0.0,0.0,0.0,0.0,0.0,0.0,0.0,-36.05651964610195,0.0,0.0,-286.67690962106894,0.0,0.0,0.0,0.0,0.0,0.0,0.0,0.0,0,0,36.05651964610195,286.67690962106894,0.0,0.0,0.0,0.0,0.0,0.0,0.0,0.0,0.0,0.0,0.0,0.0,0.0,0.0,0.0,0.0,0.0,0.0,0.0,0.0,0.0,0.0,0.0,0.0,0.0,0.0,0.0,0.0,0.0
1784671585.1284184,314752.0220556,0,0,8,0,0,52.752503,0.087,37.09139341962194,286.6836358451107,167.2262216952532,37.09139341962194,286.68441890162376,286.6836358451107,0.0,0.0,0.0,0.0,0.0,0.0,0.0,-37.09139341962194,0.0,0.0,-286.6836358451107,0.0,0.0,0.0,0.0,0.0,0.0,0.0,0.0,0,0,37.09139341962194,286.6836358451107,0.0,0.0,0.0,0.0,0.0,0.0,0.0,0.0,0.0,0.0,0.0,0.0,0.0,0.0,0.0,0.0,0.0,0.0,0.0,0.0,0.0,0.0,0.0,0.0,0.0,0.0,0.0,0.0,0.0
1784671585.1308043,314752.0244438,0,0,8,0,0,52.755033,0.209,37.783997908647166,286.6842464332556,164.46760651897117,37.783997908647166,286.68441890162376,286.6842464332556,0.0,0.0,0.0,0.0,0.0,0.0,0.0,-37.783997908647166,0.0,0.0,-286.6842464332556,0.0,0.0,0.0,0.0,0.0,0.0,0.0,0.0,0,0,37.783997908647166,286.6842464332556,0.0,0.0,0.0,0.0,0.0,0.0,0.0,0.0,0.0,0.0,0.0,0.0,0.0,0.0,0.0,0.0,0.0,0.0,0.0,0.0,0.0,0.0,0.0,0.0,0.0,0.0,0.0,0.0,0.0
1784671585.133366,314752.0270065,0,0,8,0,0,52.757503,0.281,38.47372663810171,286.68438067600226,168.52965797493644,38.47372663810171,286.68441890162376,286.68438067600226,0.0,0.0,0.0,0.0,0.0,0.0,0.0,-38.47372663810171,0.0,0.0,-286.68438067600226,0.0,0.0,0.0,0.0,0.0,0.0,0.0,0.0,0,0,38.47372663810171,286.68438067600226,0.0,0.0,0.0,0.0,0.0,0.0,0.0,0.0,0.0,0.0,0.0,0.0,0.0,0.0,0.0,0.0,0.0,0.0,0.0,0.0,0.0,0.0,0.0,0.0,0.0,0.0,0.0,0.0,0.0
1784671585.1356907,314752.0293317,0,0,8,0,0,52.760003,0.376,39.16546886484475,286.6844104665375,164.25122707912817,39.16546886484475,286.68441890162376,286.6844104665375,0.0,0.0,0.0,0.0,0.0,0.0,0.0,-39.16546886484475,0.0,0.0,-286.6844104665375,0.0,0.0,0.0,0.0,0.0,0.0,0.0,0.0,0,0,39.16546886484475,286.6844104665375,0.0,0.0,0.0,0.0,0.0,0.0,0.0,0.0,0.0,0.0,0.0,0.0,0.0,0.0,0.0,0.0,0.0,0.0,0.0,0.0,0.0,0.0,0.0,0.0,0.0,0.0,0.0,0.0,0.0
1784671585.1385791,314752.0322179,0,0,8,0,0,52.762502,0.467,39.858073995921615,286.68441704379416,170.70611289364044,39.858073995921615,286.68441890162376,286.68441704379416,0.0,0.0,0.0,0.0,0.0,0.0,0.0,-39.858073995921615,0.0,0.0,-286.68441704379416,0.0,0.0,0.0,0.0,0.0,0.0,0.0,0.0,0,0,39.858073995921615,286.68441704379416,0.0,0.0,0.0,0.0,0.0,0.0,0.0,0.0,0.0,0.0,0.0,0.0,0.0,0.0,0.0,0.0,0.0,0.0,0.0,0.0,0.0,0.0,0.0,0.0,0.0,0.0,0.0,0.0,0.0
1784671585.1410162,314752.0346531,0,0,8,0,0,52.765003,0.5820000000000001,40.5443513485447,286.68441848674087,166.54901198553696,40.5443513485447,286.68441890162376,286.68441848674087,0.0,0.0,0.0,0.0,0.0,0.0,0.0,-40.5443513485447,0.0,0.0,-286.68441848674087,0.0,0.0,0.0,0.0,0.0,0.0,0.0,0.0,0,0,40.5443513485447,286.68441848674087,0.0,0.0,0.0,0.0,0.0,0.0,0.0,0.0,0.0,0.0,0.0,0.0,0.0,0.0,0.0,0.0,0.0,0.0,0.0,0.0,0.0,0.0,0.0,0.0,0.0,0.0,0.0,0.0,0.0
1784671585.144441,314752.0380789,0,0,8,0,0,52.767528,0.6980000000000001,41.237244112368586,286.6844188103032,168.42513330154648,41.237244112368586,286.68441890162376,286.6844188103032,0.0,0.0,0.0,0.0,0.0,0.0,0.0,-41.237244112368586,0.0,0.0,-286.6844188103032,0.0,0.0,0.0,0.0,0.0,0.0,0.0,0.0,0,0,41.237244112368586,286.6844188103032,0.0,0.0,0.0,0.0,0.0,0.0,0.0,0.0,0.0,0.0,0.0,0.0,0.0,0.0,0.0,0.0,0.0,0.0,0.0,0.0,0.0,0.0,0.0,0.0,0.0,0.0,0.0,0.0,0.0
1784671585.1458144,314752.0394534,0,0,8,0,0,52.770003,0.775,41.92697298496954,286.68441888138364,163.20228085576284,41.92697298496954,286.68441890162376,286.6844188813836,0.0,0.0,0.0,0.0,0.0,0.0,0.0,-41.92697298496954,0.0,0.0,-286.68441888138364,0.0,0.0,0.0,0.0,0.0,0.0,0.0,0.0,0,0,41.92697298496954,286.68441888138364,0.0,0.0,0.0,0.0,0.0,0.0,0.0,0.0,0.0,0.0,0.0,0.0,0.0,0.0,0.0,0.0,0.0,0.0,0.0,0.0,0.0,0.0,0.0,0.0,0.0,0.0,0.0,0.0,0.0
1784671585.148465,314752.0421034,0,0,8,0,0,52.772503,0.877,42.61670185762328,286.68441889713773,164.80678530358583,42.61670185762328,286.68441890162376,286.68441889713773,0.0,0.0,0.0,0.0,0.0,0.0,0.0,-42.61670185762328,0.0,0.0,-286.68441889713773,0.0,0.0,0.0,0.0,0.0,0.0,0.0,0.0,0,0,42.61670185762328,286.68441889713773,0.0,0.0,0.0,0.0,0.0,0.0,0.0,0.0,0.0,0.0,0.0,0.0,0.0,0.0,0.0,0.0,0.0,0.0,0.0,0.0,0.0,0.0,0.0,0.0,0.0,0.0,0.0,0.0,0.0
1784671585.2331138,314752.1267511,0,0,8,0,0,52.775002,0.976,43.30700598336176,286.6844189006307,167.5811589063081,43.30700598336176,286.68441890162376,286.6844189006307,0.0,0.0,0.0,0.0,0.0,0.0,0.0,-43.30700598336176,0.0,0.0,-286.6844189006307,0.0,0.0,0.0,0.0,0.0,0.0,0.0,0.0,0,0,43.30700598336176,286.6844189006307,0.0,0.0,0.0,0.0,0.0,0.0,0.0,0.0,0.0,0.0,0.0,0.0,0.0,0.0,0.0,0.0,0.0,0.0,0.0,0.0,0.0,0.0,0.0,0.0,0.0,0.0,0.0,0.0,0.0
1784671585.233508,314752.1271478,0,0,8,0,0,52.777503,1.0759999999999998,43.99759773565097,286.68441890140406,170.46608214817311,43.99759773565097,286.68441890162376,286.68441890140406,0.0,0.0,0.0,0.0,0.0,0.0,0.0,-43.99759773565097,0.0,0.0,-286.68441890140406,0.0,0.0,0.0,0.0,0.0,0.0,0.0,0.0,0,0,43.99759773565097,286.68441890140406,0.0,0.0,0.0,0.0,0.0,0.0,0.0,0.0,0.0,0.0,0.0,0.0,0.0,0.0,0.0,0.0,0.0,0.0,0.0,0.0,0.0,0.0,0.0,0.0,0.0,0.0,0.0,0.0,0.0
1784671585.2338862,314752.1275254,0,0,8,0,0,52.780003,1.175,44.68818948774547,286.6844189015752,163.62805495714315,44.68818948774547,286.68441890162376,286.6844189015752,0.0,0.0,0.0,0.0,0.0,0.0,0.0,-44.68818948774547,0.0,0.0,-286.6844189015752,0.0,0.0,0.0,0.0,0.0,0.0,0.0,0.0,0,0,44.68818948774547,286.6844189015752,0.0,0.0,0.0,0.0,0.0,0.0,0.0,0.0,0.0,0.0,0.0,0.0,0.0,0.0,0.0,0.0,0.0,0.0,0.0,0.0,0.0,0.0,0.0,0.0,0.0,0.0,0.0,0.0,0.0
1784671585.2341886,314752.127829,0,0,8,0,0,52.782502,0.0649999999999999,45.72623431524711,286.6844189016187,171.4336553772311,45.72623431524711,286.68441890162376,286.6844189016187,0.0,0.0,0.0,0.0,0.0,0.0,0.0,-45.72623431524711,0.0,0.0,-286.6844189016187,0.0,0.0,0.0,0.0,0.0,0.0,0.0,0.0,0,0,45.72623431524711,286.6844189016187,0.0,0.0,0.0,0.0,0.0,0.0,0.0,0.0,0.0,0.0,0.0,0.0,0.0,0.0,0.0,0.0,0.0,0.0,0.0,0.0,0.0,0.0,0.0,0.0,0.0,0.0,0.0,0.0,0.0
1784671585.2344625,314752.1281032,0,0,8,0,0,52.785004,0.166,46.41682606754068,286.6844189016226,171.9132903140425,46.41682606754068,286.68441890162376,286.6844189016226,0.0,0.0,0.0,0.0,0.0,0.0,0.0,-46.41682606754068,0.0,0.0,-286.6844189016226,0.0,0.0,0.0,0.0,0.0,0.0,0.0,0.0,0,0,46.41682606754068,286.6844189016226,0.0,0.0,0.0,0.0,0.0,0.0,0.0,0.0,0.0,0.0,0.0,0.0,0.0,0.0,0.0,0.0,0.0,0.0,0.0,0.0,0.0,0.0,0.0,0.0,0.0,0.0,0.0,0.0,0.0
1784671585.2347136,314752.1283542,0,0,8,0,0,52.787502,0.265,47.10684256674365,286.6844189016235,164.09643520023175,47.10684256674365,286.68441890162376,286.6844189016235,0.0,0.0,0.0,0.0,0.0,0.0,0.0,-47.10684256674365,0.0,0.0,-286.6844189016235,0.0,0.0,0.0,0.0,0.0,0.0,0.0,0.0,0,0,47.10684256674365,286.6844189016235,0.0,0.0,0.0,0.0,0.0,0.0,0.0,0.0,0.0,0.0,0.0,0.0,0.0,0.0,0.0,0.0,0.0,0.0,0.0,0.0,0.0,0.0,0.0,0.0,0.0,0.0,0.0,0.0,0.0
1784671585.2349718,314752.1286123,0,0,8,0,0,52.790003,0.359,47.798027433847565,286.6844189016237,169.89897292368647,47.798027433847565,286.68441890162376,286.6844189016237,0.0,0.0,0.0,0.0,0.0,0.0,0.0,-47.798027433847565,0.0,0.0,-286.6844189016237,0.0,0.0,0.0,0.0,0.0,0.0,0.0,0.0,0,0,47.798027433847565,286.6844189016237,0.0,0.0,0.0,0.0,0.0,0.0,0.0,0.0,0.0,0.0,0.0,0.0,0.0,0.0,0.0,0.0,0.0,0.0,0.0,0.0,0.0,0.0,0.0,0.0,0.0,0.0,0.0,0.0,0.0
1784671585.2352197,314752.1288605,0,0,8,0,0,52.792503,0.46,48.48578335479256,286.6844189016237,171.09658607961256,48.48578335479256,286.68441890162376,286.68441890162376,0.0,0.0,0.0,0.0,0.0,0.0,0.0,-48.48578335479256,0.0,0.0,-286.6844189016237,0.0,0.0,0.0,0.0,0.0,0.0,0.0,0.0,0,0,48.48578335479256,286.6844189016237,0.0,0.0,0.0,0.0,0.0,0.0,0.0,0.0,0.0,0.0,0.0,0.0,0.0,0.0,0.0,0.0,0.0,0.0,0.0,0.0,0.0,0.0,0.0,0.0,0.0,0.0,0.0,0.0,0.0
1784671585.2354226,314752.1290631,0,0,8,0,0,52.795002,0.5599999999999999,49.173539275737554,286.6844189016237,173.90246302645977,49.173539275737554,286.68441890162376,286.68441890162376,0.0,0.0,0.0,0.0,0.0,0.0,0.0,-49.173539275737554,0.0,0.0,-286.6844189016237,0.0,0.0,0.0,0.0,0.0,0.0,0.0,0.0,0,0,49.173539275737554,286.6844189016237,0.0,0.0,0.0,0.0,0.0,0.0,0.0,0.0,0.0,0.0,0.0,0.0,0.0,0.0,0.0,0.0,0.0,0.0,0.0,0.0,0.0,0.0,0.0,0.0,0.0,0.0,0.0,0.0,0.0
1784671585.2355804,314752.1292214,0,0,8,0,0,52.797488,0.652,49.85986177458803,286.6844189016237,166.2184027643464,49.85986177458804,286.68441890162376,286.68441890162376,0.0,0.0,0.0,0.0,0.0,0.0,0.0,-49.85986177458803,0.0,0.0,-286.6844189016237,0.0,0.0,0.0,0.0,0.0,0.0,0.0,0.0,0,0,49.85986177458803,286.6844189016237,0.0,0.0,0.0,0.0,0.0,0.0,0.0,0.0,0.0,0.0,0.0,0.0,0.0,0.0,0.0,0.0,0.0,0.0,0.0,0.0,0.0,0.0,0.0,0.0,0.0,0.0,0.0,0.0,0.0
1784671585.2357156,314752.1293568,0,0,8,0,0,52.800003,0.767,50.54790437995194,286.6844189016237,172.3453309593338,50.54790437995194,286.68441890162376,286.68441890162376,0.0,0.0,0.0,0.0,0.0,0.0,0.0,-50.54790437995194,0.0,0.0,-286.6844189016237,0.0,0.0,0.0,0.0,0.0,0.0,0.0,0.0,0,0,50.54790437995194,286.6844189016237,0.0,0.0,0.0,0.0,0.0,0.0,0.0,0.0,0.0,0.0,0.0,0.0,0.0,0.0,0.0,0.0,0.0,0.0,0.0,0.0,0.0,0.0,0.0,0.0,0.0,0.0,0.0,0.0,0.0
1784671585.2358282,314752.1294698,0,0,8,0,0,52.802503,0.862,51.23738040741034,286.6844189016237,171.6264735332222,51.23738040741034,286.68441890162376,286.68441890162376,0.0,0.0,0.0,0.0,0.0,0.0,0.0,-51.23738040741034,0.0,0.0,-286.6844189016237,0.0,0.0,0.0,0.0,0.0,0.0,0.0,0.0,0,0,51.23738040741034,286.6844189016237,0.0,0.0,0.0,0.0,0.0,0.0,0.0,0.0,0.0,0.0,0.0,0.0,0.0,0.0,0.0,0.0,0.0,0.0,0.0,0.0,0.0,0.0,0.0,0.0,0.0,0.0,0.0,0.0,0.0
1784671585.2359369,314752.129578,0,0,8,0,0,52.805005,0.967,51.92456295951754,286.6844189016237,173.6927878888658,51.92456295951754,286.68441890162376,286.68441890162376,0.0,0.0,0.0,0.0,0.0,0.0,0.0,-51.92456295951754,0.0,0.0,-286.6844189016237,0.0,0.0,0.0,0.0,0.0,0.0,0.0,0.0,0,0,51.92456295951754,286.6844189016237,0.0,0.0,0.0,0.0,0.0,0.0,0.0,0.0,0.0,0.0,0.0,0.0,0.0,0.0,0.0,0.0,0.0,0.0,0.0,0.0,0.0,0.0,0.0,0.0,0.0,0.0,0.0,0.0,0.0
1784671585.236051,314752.1296925,0,0,8,0,0,52.807503,1.065,52.61260556488144,286.6844189016237,167.03934607626437,52.61260556488144,286.68441890162376,286.68441890162376,0.0,0.0,0.0,0.0,0.0,0.0,0.0,-52.61260556488144,0.0,0.0,-286.6844189016237,0.0,0.0,0.0,0.0,0.0,0.0,0.0,0.0,0,0,52.61260556488144,286.6844189016237,0.0,0.0,0.0,0.0,0.0,0.0,0.0,0.0,0.0,0.0,0.0,0.0,0.0,0.0,0.0,0.0,0.0,0.0,0.0,0.0,0.0,0.0,0.0,0.0,0.0,0.0,0.0,0.0,0.0
1784671585.2361612,314752.1298025,0,0,8,0,0,52.810003,1.154,53.30380169885325,286.6844189016237,172.0643338599128,53.30380169885325,286.68441890162376,286.68441890162376,0.0,0.0,0.0,0.0,0.0,0.0,0.0,-53.30380169885325,0.0,0.0,-286.6844189016237,0.0,0.0,0.0,0.0,0.0,0.0,0.0,0.0,0,0,53.30380169885325,286.6844189016237,0.0,0.0,0.0,0.0,0.0,0.0,0.0,0.0,0.0,0.0,0.0,0.0,0.0,0.0,0.0,0.0,0.0,0.0,0.0,0.0,0.0,0.0,0.0,0.0,0.0,0.0,0.0,0.0,0.0
1784671585.2362754,314752.1299167,0,0,8,0,0,52.812504,0.054,54.336152291318,286.6844189016237,174.41651407523224,54.336152291318,286.68441890162376,286.68441890162376,0.0,0.0,0.0,0.0,0.0,0.0,0.0,-54.336152291318,0.0,0.0,-286.6844189016237,0.0,0.0,0.0,0.0,0.0,0.0,0.0,0.0,0,0,54.336152291318,286.6844189016237,0.0,0.0,0.0,0.0,0.0,0.0,0.0,0.0,0.0,0.0,0.0,0.0,0.0,0.0,0.0,0.0,0.0,0.0,0.0,0.0,0.0,0.0,0.0,0.0,0.0,0.0,0.0,0.0,0.0
1784671585.2364256,314752.1300671,0,0,8,0,0,52.815002,0.151,55.0244815811008,286.6844189016237,170.24490473068622,55.0244815811008,286.68441890162376,286.68441890162376,0.0,0.0,0.0,0.0,0.0,0.0,0.0,-55.0244815811008,0.0,0.0,-286.6844189016237,0.0,0.0,0.0,0.0,0.0,0.0,0.0,0.0,0,0,55.0244815811008,286.6844189016237,0.0,0.0,0.0,0.0,0.0,0.0,0.0,0.0,0.0,0.0,0.0,0.0,0.0,0.0,0.0,0.0,0.0,0.0,0.0,0.0,0.0,0.0,0.0,0.0,0.0,0.0,0.0,0.0,0.0
1784671585.2365413,314752.1301826,0,0,8,0,0,52.817503,0.258,55.71080407995129,286.6844189016237,173.69893977480302,55.71080407995129,286.68441890162376,286.68441890162376,0.0,0.0,0.0,0.0,0.0,0.0,0.0,-55.71080407995129,0.0,0.0,-286.6844189016237,0.0,0.0,0.0,0.0,0.0,0.0,0.0,0.0,0,0,55.71080407995129,286.6844189016237,0.0,0.0,0.0,0.0,0.0,0.0,0.0,0.0,0.0,0.0,0.0,0.0,0.0,0.0,0.0,0.0,0.0,0.0,0.0,0.0,0.0,0.0,0.0,0.0,0.0,0.0,0.0,0.0,0.0
1784671585.2366605,314752.1303018,0,0,8,0,0,52.820002,0.35,56.4008534762475,286.6844189016237,172.61879912068704,56.4008534762475,286.68441890162376,286.68441890162376,0.0,0.0,0.0,0.0,0.0,0.0,0.0,-56.4008534762475,0.0,0.0,-286.6844189016237,0.0,0.0,0.0,0.0,0.0,0.0,0.0,0.0,0,0,56.4008534762475,286.6844189016237,0.0,0.0,0.0,0.0,0.0,0.0,0.0,0.0,0.0,0.0,0.0,0.0,0.0,0.0,0.0,0.0,0.0,0.0,0.0,0.0,0.0,0.0,0.0,0.0,0.0,0.0,0.0,0.0,0.0
1784671585.2368093,314752.1304505,0,0,8,0,0,52.822502,0.449,57.08918276603031,286.6844189016237,173.2437062380326,57.0891827660303,286.68441890162376,286.68441890162376,0.0,0.0,0.0,0.0,0.0,0.0,0.0,-57.08918276603031,0.0,0.0,-286.6844189016237,0.0,0.0,0.0,0.0,0.0,0.0,0.0,0.0,0,0,57.08918276603031,286.6844189016237,0.0,0.0,0.0,0.0,0.0,0.0,0.0,0.0,0.0,0.0,0.0,0.0,0.0,0.0,0.0,0.0,0.0,0.0,0.0,0.0,0.0,0.0,0.0,0.0,0.0,0.0,0.0,0.0,0.0
1784671585.236917,314752.1305583,0,0,8,0,0,52.825003,0.5479999999999999,57.777798740232,286.6844189016237,171.5107822209534,57.777798740232,286.68441890162376,286.68441890162376,0.0,0.0,0.0,0.0,0.0,0.0,0.0,-57.777798740232,0.0,0.0,-286.6844189016237,0.0,0.0,0.0,0.0,0.0,0.0,0.0,0.0,0,0,57.777798740232,286.6844189016237,0.0,0.0,0.0,0.0,0.0,0.0,0.0,0.0,0.0,0.0,0.0,0.0,0.0,0.0,0.0,0.0,0.0,0.0,0.0,0.0,0.0,0.0,0.0,0.0,0.0,0.0,0.0,0.0,0.0
1784671585.2370317,314752.1306728,0,0,8,0,0,52.827502,0.656,58.46326118582577,286.6844189016237,173.58477880192933,58.46326118582577,286.68441890162376,286.68441890162376,0.0,0.0,0.0,0.0,0.0,0.0,0.0,-58.46326118582577,0.0,0.0,-286.6844189016237,0.0,0.0,0.0,0.0,0.0,0.0,0.0,0.0,0,0,58.46326118582577,286.6844189016237,0.0,0.0,0.0,0.0,0.0,0.0,0.0,0.0,0.0,0.0,0.0,0.0,0.0,0.0,0.0,0.0,0.0,0.0,0.0,0.0,0.0,0.0,0.0,0.0,0.0,0.0,0.0,0.0,0.0
1784671585.237141,314752.1307821,0,0,8,0,0,52.830004,0.753,59.15273721328419,286.6844189016237,174.1100912578124,59.15273721328418,286.68441890162376,286.68441890162376,0.0,0.0,0.0,0.0,0.0,0.0,0.0,-59.15273721328419,0.0,0.0,-286.6844189016237,0.0,0.0,0.0,0.0,0.0,0.0,0.0,0.0,0,0,59.15273721328419,286.6844189016237,0.0,0.0,0.0,0.0,0.0,0.0,0.0,0.0,0.0,0.0,0.0,0.0,0.0,0.0,0.0,0.0,0.0,0.0,0.0,0.0,0.0,0.0,0.0,0.0,0.0,0.0,0.0,0.0,0.0
1784671585.2372527,314752.1308939,0,0,8,0,0,52.832503,0.8540000000000001,59.84020644981029,286.6844189016237,172.89776763524972,59.84020644981028,286.68441890162376,286.68441890162376,0.0,0.0,0.0,0.0,0.0,0.0,0.0,-59.84020644981029,0.0,0.0,-286.6844189016237,0.0,0.0,0.0,0.0,0.0,0.0,0.0,0.0,0,0,59.84020644981029,286.6844189016237,0.0,0.0,0.0,0.0,0.0,0.0,0.0,0.0,0.0,0.0,0.0,0.0,0.0,0.0,0.0,0.0,0.0,0.0,0.0,0.0,0.0,0.0,0.0,0.0,0.0,0.0,0.0,0.0,0.0
1784671585.237365,314752.1310064,0,0,8,0,0,52.835003,0.953,60.52853573959308,286.6844189016237,173.4749789839806,60.52853573959308,286.68441890162376,286.68441890162376,0.0,0.0,0.0,0.0,0.0,0.0,0.0,-60.52853573959308,0.0,0.0,-286.6844189016237,0.0,0.0,0.0,0.0,0.0,0.0,0.0,0.0,0,0,60.52853573959308,286.6844189016237,0.0,0.0,0.0,0.0,0.0,0.0,0.0,0.0,0.0,0.0,0.0,0.0,0.0,0.0,0.0,0.0,0.0,0.0,0.0,0.0,0.0,0.0,0.0,0.0,0.0,0.0,0.0,0.0,0.0
1784671585.2374742,314752.1311156,0,0,8,0,0,52.837505,1.053,61.21715171379478,286.6844189016237,173.5963959259795,61.21715171379478,286.68441890162376,286.68441890162376,0.0,0.0,0.0,0.0,0.0,0.0,0.0,-61.21715171379478,0.0,0.0,-286.6844189016237,0.0,0.0,0.0,0.0,0.0,0.0,0.0,0.0,0,0,61.21715171379478,286.6844189016237,0.0,0.0,0.0,0.0,0.0,0.0,0.0,0.0,0.0,0.0,0.0,0.0,0.0,0.0,0.0,0.0,0.0,0.0,0.0,0.0,0.0,0.0,0.0,0.0,0.0,0.0,0.0,0.0,0.0
1784671585.237613,314752.1312544,0,0,8,0,0,52.840002,1.15,61.90519431915867,286.6844189016237,173.4056228025654,61.90519431915867,286.68441890162376,286.68441890162376,0.0,0.0,0.0,0.0,0.0,0.0,0.0,-61.90519431915867,0.0,0.0,-286.6844189016237,0.0,0.0,0.0,0.0,0.0,0.0,0.0,0.0,0,0,61.90519431915867,286.6844189016237,0.0,0.0,0.0,0.0,0.0,0.0,0.0,0.0,0.0,0.0,0.0,0.0,0.0,0.0,0.0,0.0,0.0,0.0,0.0,0.0,0.0,0.0,0.0,0.0,0.0,0.0,0.0,0.0,0.0
1784671585.237731,314752.1313721,0,0,8,0,0,52.842503,0.0419999999999999,62.93983838697463,286.6844189016237,173.5410835910265,62.93983838697463,286.68441890162376,286.68441890162376,0.0,0.0,0.0,0.0,0.0,0.0,0.0,-62.93983838697463,0.0,0.0,-286.6844189016237,0.0,0.0,0.0,0.0,0.0,0.0,0.0,0.0,0,0,62.93983838697463,286.6844189016237,0.0,0.0,0.0,0.0,0.0,0.0,0.0,0.0,0.0,0.0,0.0,0.0,0.0,0.0,0.0,0.0,0.0,0.0,0.0,0.0,0.0,0.0,0.0,0.0,0.0,0.0,0.0,0.0,0.0
1784671585.2378674,314752.1315083,0,0,8,0,0,52.845003,0.1389999999999999,63.628741045595234,286.6844189016237,174.71918668429916,63.628741045595234,286.68441890162376,286.68441890162376,0.0,0.0,0.0,0.0,0.0,0.0,0.0,-63.628741045595234,0.0,0.0,-286.6844189016237,0.0,0.0,0.0,0.0,0.0,0.0,0.0,0.0,0,0,63.628741045595234,286.6844189016237,0.0,0.0,0.0,0.0,0.0,0.0,0.0,0.0,0.0,0.0,0.0,0.0,0.0,0.0,0.0,0.0,0.0,0.0,0.0,0.0,0.0,0.0,0.0,0.0,0.0,0.0,0.0,0.0,0.0
1784671585.2379282,314752.1315699,0,0,8,0,0,52.847469,0.206,64.31649696654021,286.6844189016237,172.98159377955477,64.31649696654021,286.68441890162376,286.68441890162376,0.0,0.0,0.0,0.0,0.0,0.0,0.0,-64.31649696654021,0.0,0.0,-286.6844189016237,0.0,0.0,0.0,0.0,0.0,0.0,0.0,0.0,0,0,64.31649696654021,286.6844189016237,0.0,0.0,0.0,0.0,0.0,0.0,0.0,0.0,0.0,0.0,0.0,0.0,0.0,0.0,0.0,0.0,0.0,0.0,0.0,0.0,0.0,0.0,0.0,0.0,0.0,0.0,0.0,0.0,0.0
1784671585.238059,314752.1317001,0,0,8,0,0,52.850003,0.3359999999999999,65.00568630957973,286.6844189016237,175.53388737156405,65.00568630957973,286.68441890162376,286.68441890162376,0.0,0.0,0.0,0.0,0.0,0.0,0.0,-65.00568630957973,0.0,0.0,-286.6844189016237,0.0,0.0,0.0,0.0,0.0,0.0,0.0,0.0,0,0,65.00568630957973,286.6844189016237,0.0,0.0,0.0,0.0,0.0,0.0,0.0,0.0,0.0,0.0,0.0,0.0,0.0,0.0,0.0,0.0,0.0,0.0,0.0,0.0,0.0,0.0,0.0,0.0,0.0,0.0,0.0,0.0,0.0
1784671585.238186,314752.1318276,0,0,8,0,0,52.852503,0.439,65.69286886168692,286.6844189016237,174.0452801370921,65.69286886168692,286.68441890162376,286.68441890162376,0.0,0.0,0.0,0.0,0.0,0.0,0.0,-65.69286886168692,0.0,0.0,-286.6844189016237,0.0,0.0,0.0,0.0,0.0,0.0,0.0,0.0,0,0,65.69286886168692,286.6844189016237,0.0,0.0,0.0,0.0,0.0,0.0,0.0,0.0,0.0,0.0,0.0,0.0,0.0,0.0,0.0,0.0,0.0,0.0,0.0,0.0,0.0,0.0,0.0,0.0,0.0,0.0,0.0,0.0,0.0
1784671585.2383013,314752.1319426,0,0,8,0,0,52.855003,0.536,66.38177152030751,286.6844189016237,175.33037148333074,66.38177152030751,286.68441890162376,286.68441890162376,0.0,0.0,0.0,0.0,0.0,0.0,0.0,-66.38177152030751,0.0,0.0,-286.6844189016237,0.0,0.0,0.0,0.0,0.0,0.0,0.0,0.0,0,0,66.38177152030751,286.6844189016237,0.0,0.0,0.0,0.0,0.0,0.0,0.0,0.0,0.0,0.0,0.0,0.0,0.0,0.0,0.0,0.0,0.0,0.0,0.0,0.0,0.0,0.0,0.0,0.0,0.0,0.0,0.0,0.0,0.0
1784671585.2384164,314752.1320576,0,0,8,0,0,52.857504,0.644,67.0678073347391,286.6844189016237,172.59755640493626,67.0678073347391,286.68441890162376,286.68441890162376,0.0,0.0,0.0,0.0,0.0,0.0,0.0,-67.0678073347391,0.0,0.0,-286.6844189016237,0.0,0.0,0.0,0.0,0.0,0.0,0.0,0.0,0,0,67.0678073347391,286.6844189016237,0.0,0.0,0.0,0.0,0.0,0.0,0.0,0.0,0.0,0.0,0.0,0.0,0.0,0.0,0.0,0.0,0.0,0.0,0.0,0.0,0.0,0.0,0.0,0.0,0.0,0.0,0.0,0.0,0.0
1784671585.2385623,314752.1322036,0,0,8,0,0,52.860005,0.745,67.755849940103,286.6844189016237,176.20559759930643,67.755849940103,286.68441890162376,286.68441890162376,0.0,0.0,0.0,0.0,0.0,0.0,0.0,-67.755849940103,0.0,0.0,-286.6844189016237,0.0,0.0,0.0,0.0,0.0,0.0,0.0,0.0,0,0,67.755849940103,286.6844189016237,0.0,0.0,0.0,0.0,0.0,0.0,0.0,0.0,0.0,0.0,0.0,0.0,0.0,0.0,0.0,0.0,0.0,0.0,0.0,0.0,0.0,0.0,0.0,0.0,0.0,0.0,0.0,0.0,0.0
1784671585.2386763,314752.1323176,0,0,8,0,0,52.862503,0.839,68.4450392831425,286.6844189016237,173.3491640440556,68.4450392831425,286.68441890162376,286.68441890162376,0.0,0.0,0.0,0.0,0.0,0.0,0.0,-68.4450392831425,0.0,0.0,-286.6844189016237,0.0,0.0,0.0,0.0,0.0,0.0,0.0,0.0,0,0,68.4450392831425,286.6844189016237,0.0,0.0,0.0,0.0,0.0,0.0,0.0,0.0,0.0,0.0,0.0,0.0,0.0,0.0,0.0,0.0,0.0,0.0,0.0,0.0,0.0,0.0,0.0,0.0,0.0,0.0,0.0,0.0,0.0
1784671585.2407522,314752.134392,0,0,8,0,0,52.865003,0.941,69.13250851966859,286.6844189016237,176.8618310561764,69.13250851966859,286.68441890162376,286.68441890162376,0.0,0.0,0.0,0.0,0.0,0.0,0.0,-69.13250851966859,0.0,0.0,-286.6844189016237,0.0,0.0,0.0,0.0,0.0,0.0,0.0,0.0,0,0,69.13250851966859,286.6844189016237,0.0,0.0,0.0,0.0,0.0,0.0,0.0,0.0,0.0,0.0,0.0,0.0,0.0,0.0,0.0,0.0,0.0,0.0,0.0,0.0,0.0,0.0,0.0,0.0,0.0,0.0,0.0,0.0,0.0
1784671585.2432528,314752.1368922,0,0,8,0,0,52.867503,1.041,69.82055112503248,286.6844189016237,173.95982645056364,69.8205511250325,286.68441890162376,286.68441890162376,0.0,0.0,0.0,0.0,0.0,0.0,0.0,-69.82055112503248,0.0,0.0,-286.6844189016237,0.0,0.0,0.0,0.0,0.0,0.0,0.0,0.0,0,0,69.82055112503248,286.6844189016237,0.0,0.0,0.0,0.0,0.0,0.0,0.0,0.0,0.0,0.0,0.0,0.0,0.0,0.0,0.0,0.0,0.0,0.0,0.0,0.0,0.0,0.0,0.0,0.0,0.0,0.0,0.0,0.0,0.0
1784671585.248135,314752.1417755,0,0,8,0,0,52.870001,1.135,70.509740468072,286.6844189016237,175.84420093900448,70.509740468072,286.68441890162376,286.68441890162376,0.0,0.0,0.0,0.0,0.0,0.0,0.0,-70.509740468072,0.0,0.0,-286.6844189016237,0.0,0.0,0.0,0.0,0.0,0.0,0.0,0.0,0,0,70.509740468072,286.6844189016237,0.0,0.0,0.0,0.0,0.0,0.0,0.0,0.0,0.0,0.0,0.0,0.0,0.0,0.0,0.0,0.0,0.0,0.0,0.0,0.0,0.0,0.0,0.0,0.0,0.0,0.0,0.0,0.0,0.0
1784671585.2502637,314752.1439034,0,0,8,0,0,52.872499,0.033,71.54180437611785,286.6844189016237,173.7484842464968,71.54180437611785,286.68441890162376,286.68441890162376,0.0,0.0,0.0,0.0,0.0,0.0,0.0,-71.54180437611785,0.0,0.0,-286.6844189016237,0.0,0.0,0.0,0.0,0.0,0.0,0.0,0.0,0,0,71.54180437611785,286.6844189016237,0.0,0.0,0.0,0.0,0.0,0.0,0.0,0.0,0.0,0.0,0.0,0.0,0.0,0.0,0.0,0.0,0.0,0.0,0.0,0.0,0.0,0.0,0.0,0.0,0.0,0.0,0.0,0.0,0.0
1784671585.2512074,314752.1448472,0,0,8,0,0,52.875002,0.128,72.23214045683297,286.6844189016237,176.93340680216605,72.23214045683297,286.68441890162376,286.68441890162376,0.0,0.0,0.0,0.0,0.0,0.0,0.0,-72.23214045683297,0.0,0.0,-286.6844189016237,0.0,0.0,0.0,0.0,0.0,0.0,0.0,0.0,0,0,72.23214045683297,286.6844189016237,0.0,0.0,0.0,0.0,0.0,0.0,0.0,0.0,0.0,0.0,0.0,0.0,0.0,0.0,0.0,0.0,0.0,0.0,0.0,0.0,0.0,0.0,0.0,0.0,0.0,0.0,0.0,0.0,0.0
1784671585.253369,314752.1470105,0,0,8,0,0,52.877484,0.214,72.91903632452126,286.6844189016237,175.24268390422117,72.91903632452126,286.68441890162376,286.68441890162376,0.0,0.0,0.0,0.0,0.0,0.0,0.0,-72.91903632452126,0.0,0.0,-286.6844189016237,0.0,0.0,0.0,0.0,0.0,0.0,0.0,0.0,0,0,72.91903632452126,286.6844189016237,0.0,0.0,0.0,0.0,0.0,0.0,0.0,0.0,0.0,0.0,0.0,0.0,0.0,0.0,0.0,0.0,0.0,0.0,0.0,0.0,0.0,0.0,0.0,0.0,0.0,0.0,0.0,0.0,0.0
1784671585.2559044,314752.1495452,0,0,8,0,0,52.880003,0.3269999999999999,73.60879903639858,286.6844189016237,176.5402359049701,73.60879903639857,286.68441890162376,286.68441890162376,0.0,0.0,0.0,0.0,0.0,0.0,0.0,-73.60879903639858,0.0,0.0,-286.6844189016237,0.0,0.0,0.0,0.0,0.0,0.0,0.0,0.0,0,0,73.60879903639858,286.6844189016237,0.0,0.0,0.0,0.0,0.0,0.0,0.0,0.0,0.0,0.0,0.0,0.0,0.0,0.0,0.0,0.0,0.0,0.0,0.0,0.0,0.0,0.0,0.0,0.0,0.0,0.0,0.0,0.0,0.0
1784671585.2688036,314752.1624422,0,0,8,0,0,52.882504,0.425,74.29770169501919,286.6844189016237,176.45291524501943,74.29770169501917,286.68441890162376,286.68441890162376,0.0,0.0,0.0,0.0,0.0,0.0,0.0,-74.29770169501919,0.0,0.0,-286.6844189016237,0.0,0.0,0.0,0.0,0.0,0.0,0.0,0.0,0,0,74.29770169501919,286.6844189016237,0.0,0.0,0.0,0.0,0.0,0.0,0.0,0.0,0.0,0.0,0.0,0.0,0.0,0.0,0.0,0.0,0.0,0.0,0.0,0.0,0.0,0.0,0.0,0.0,0.0,0.0,0.0,0.0,0.0
1784671585.2718558,314752.1654939,0,0,8,0,0,52.885002,0.523,74.98574430038308,286.6844189016237,173.96889613703812,74.98574430038306,286.68441890162376,286.68441890162376,0.0,0.0,0.0,0.0,0.0,0.0,0.0,-74.98574430038308,0.0,0.0,-286.6844189016237,0.0,0.0,0.0,0.0,0.0,0.0,0.0,0.0,0,0,74.98574430038308,286.6844189016237,0.0,0.0,0.0,0.0,0.0,0.0,0.0,0.0,0.0,0.0,0.0,0.0,0.0,0.0,0.0,0.0,0.0,0.0,0.0,0.0,0.0,0.0,0.0,0.0,0.0,0.0,0.0,0.0,0.0
1784671585.2719517,314752.1655932,0,0,8,0,0,52.887502,0.632,75.67120674597685,286.6844189016237,179.35434154536773,75.67120674597685,286.68441890162376,286.68441890162376,0.0,0.0,0.0,0.0,0.0,0.0,0.0,-75.67120674597685,0.0,0.0,-286.6844189016237,0.0,0.0,0.0,0.0,0.0,0.0,0.0,0.0,0,0,75.67120674597685,286.6844189016237,0.0,0.0,0.0,0.0,0.0,0.0,0.0,0.0,0.0,0.0,0.0,0.0,0.0,0.0,0.0,0.0,0.0,0.0,0.0,0.0,0.0,0.0,0.0,0.0,0.0,0.0,0.0,0.0,0.0
1784671585.2720256,314752.1656666,0,0,8,0,0,52.890004,0.728,76.3602140398287,285.1078453423788,177.73328567997584,76.36021403982872,283.6919249672948,285.1078453423788,0.0,0.0,0.0,0.0,0.0,0.0,0.0,-76.3602140398287,0.0,0.0,-285.1078453423788,0.0,0.0,0.0,0.0,0.0,0.0,0.0,0.0,0,0,76.3602140398287,285.1078453423788,0.0,0.0,0.0,0.0,0.0,0.0,0.0,0.0,0.0,0.0,0.0,0.0,0.0,0.0,0.0,0.0,0.0,0.0,0.0,0.0,0.0,0.0,0.0,0.0,0.0,0.0,0.0,0.0,0.0
1784671585.272081,314752.1657219,0,0,8,0,0,52.892503,0.829,77.03735503023509,278.4937814824437,174.97796099669245,77.03735503023509,273.2531961261997,278.4937814824437,0.0,0.0,0.0,0.0,0.0,0.0,0.0,-77.03735503023509,0.0,0.0,-278.4937814824437,0.0,0.0,0.0,0.0,0.0,0.0,0.0,0.0,0,0,77.03735503023509,278.4937814824437,0.0,0.0,0.0,0.0,0.0,0.0,0.0,0.0,0.0,0.0,0.0,0.0,0.0,0.0,0.0,0.0,0.0,0.0,0.0,0.0,0.0,0.0,0.0,0.0,0.0,0.0,0.0,0.0,0.0
1784671585.2760303,314752.1696667,0,0,8,0,0,52.895004,0.93,77.69383040767136,269.4335990573016,178.53321478329823,77.69383040767136,263.8119652632144,269.4335990573016,0.0,0.0,0.0,0.0,0.0,0.0,0.0,-77.69383040767136,0.0,0.0,-269.4335990573016,0.0,0.0,0.0,0.0,0.0,0.0,0.0,0.0,0,0,77.69383040767136,269.4335990573016,0.0,0.0,0.0,0.0,0.0,0.0,0.0,0.0,0.0,0.0,0.0,0.0,0.0,0.0,0.0,0.0,0.0,0.0,0.0,0.0,0.0,0.0,0.0,0.0,0.0,0.0,0.0,0.0,0.0
1784671585.2764926,314752.1701307,0,0,8,0,0,52.897503,1.027,78.3234332574735,258.4365079585533,177.02497590931662,78.3234332574735,253.56573603193,258.4365079585533,0.0,0.0,0.0,0.0,0.0,0.0,0.0,-78.3234332574735,0.0,0.0,-258.4365079585533,0.0,0.0,0.0,0.0,0.0,0.0,0.0,0.0,0,0,78.3234332574735,258.4365079585533,0.0,0.0,0.0,0.0,0.0,0.0,0.0,0.0,0.0,0.0,0.0,0.0,0.0,0.0,0.0,0.0,0.0,0.0,0.0,0.0,0.0,0.0,0.0,0.0,0.0,0.0,0.0,0.0,0.0
1784671585.276774,314752.1704153,0,0,8,0,0,52.900003,1.117,78.92825811382679,247.2297876659937,175.85903467523823,78.9282581138268,242.26950892895127,247.2297876659937,0.0,0.0,0.0,0.0,0.0,0.0,0.0,-78.92825811382679,0.0,0.0,-247.2297876659937,0.0,0.0,0.0,0.0,0.0,0.0,0.0,0.0,0,0,78.92825811382679,247.2297876659937,0.0,0.0,0.0,0.0,0.0,0.0,0.0,0.0,0.0,0.0,0.0,0.0,0.0,0.0,0.0,0.0,0.0,0.0,0.0,0.0,0.0,0.0,0.0,0.0,0.0,0.0,0.0,0.0,0.0
1784671585.2784178,314752.1720559,0,0,8,0,0,52.902503,1.222,79.5034350947674,236.61055528400445,179.5124310411031,79.5034350947674,231.97077980408216,236.6105552840044,0.0,0.0,0.0,0.0,0.0,0.0,0.0,-79.5034350947674,0.0,0.0,-236.61055528400445,0.0,0.0,0.0,0.0,0.0,0.0,0.0,0.0,0,0,79.5034350947674,236.61055528400445,0.0,0.0,0.0,0.0,0.0,0.0,0.0,0.0,0.0,0.0,0.0,0.0,0.0,0.0,0.0,0.0,0.0,0.0,0.0,0.0,0.0,0.0,0.0,0.0,0.0,0.0,0.0,0.0,0.0
1784671585.28732,314752.180958,0,0,8,0,0,52.905004,0.1169999999999999,80.32245524362457,220.8516923361965,177.19185640664057,80.32245524362457,216.0545620656481,220.8516923361965,0.0,0.0,0.0,0.0,0.0,0.0,0.0,-80.32245524362457,0.0,0.0,-220.8516923361965,0.0,0.0,0.0,0.0,0.0,0.0,0.0,0.0,0,0,80.32245524362457,220.8516923361965,0.0,0.0,0.0,0.0,0.0,0.0,0.0,0.0,0.0,0.0,0.0,0.0,0.0,0.0,0.0,0.0,0.0,0.0,0.0,0.0,0.0,0.0,0.0,0.0,0.0,0.0,0.0,0.0,0.0
1784671585.2875328,314752.1811725,0,0,8,0,0,52.907494,0.209,80.8341720359744,209.62500452889572,178.21475272455504,80.83417203597439,204.6008352819152,209.62500452889577,0.0,0.0,0.0,0.0,0.0,0.0,0.0,-80.8341720359744,0.0,0.0,-209.62500452889572,0.0,0.0,0.0,0.0,0.0,0.0,0.0,0.0,0,0,80.8341720359744,209.62500452889572,0.0,0.0,0.0,0.0,0.0,0.0,0.0,0.0,0.0,0.0,0.0,0.0,0.0,0.0,0.0,0.0,0.0,0.0,0.0,0.0,0.0,0.0,0.0,0.0,0.0,0.0,0.0,0.0,0.0
1784671585.287698,314752.181339,0,0,8,0,0,52.910002,0.311,81.31529672475028,197.00600455379944,-178.205862736543,81.31529672475028,193.4358579128982,197.00600455379944,0.0,0.0,0.0,0.0,0.0,0.0,0.0,-81.31529672475028,0.0,0.0,-197.00600455379944,0.0,0.0,0.0,0.0,0.0,0.0,0.0,0.0,0,0,81.31529672475028,197.00600455379944,0.0,0.0,0.0,0.0,0.0,0.0,0.0,0.0,0.0,0.0,0.0,0.0,0.0,0.0,0.0,0.0,0.0,0.0,0.0,0.0,0.0,0.0,0.0,0.0,0.0,0.0,0.0,0.0,0.0
1784671585.2887871,314752.1824272,0,0,8,0,0,52.912501,0.41,81.77357370061361,187.5706682851801,-179.46141224581262,81.77357370061361,183.2421285751985,187.5706682851801,0.0,0.0,0.0,0.0,0.0,0.0,0.0,-81.77357370061361,0.0,0.0,-187.5706682851801,0.0,0.0,0.0,0.0,0.0,0.0,0.0,0.0,0,0,81.77357370061361,187.5706682851801,0.0,0.0,0.0,0.0,0.0,0.0,0.0,0.0,0.0,0.0,0.0,0.0,0.0,0.0,0.0,0.0,0.0,0.0,0.0,0.0,0.0,0.0,0.0,0.0,0.0,0.0,0.0,0.0,0.0
1784671585.2908442,314752.1844823,0,0,8,0,0,52.915004,0.512,82.20689292160453,176.65222228860875,177.05655947740544,82.20689292160453,171.53465230580613,176.65222228860875,0.0,0.0,0.0,0.0,0.0,0.0,0.0,-82.20689292160453,0.0,0.0,-176.65222228860875,0.0,0.0,0.0,0.0,0.0,0.0,0.0,0.0,0,0,82.20689292160453,176.65222228860875,0.0,0.0,0.0,0.0,0.0,0.0,0.0,0.0,0.0,0.0,0.0,0.0,0.0,0.0,0.0,0.0,0.0,0.0,0.0,0.0,0.0,0.0,0.0,0.0,0.0,0.0,0.0,0.0,0.0
1784671585.293407,314752.1870444,0,0,8,0,0,52.917503,0.619,82.60470817716998,160.35553368873556,177.30589553198638,82.60470817716998,151.3659431870098,160.35553368873556,0.0,0.0,0.0,0.0,0.0,0.0,0.0,-82.60470817716998,0.0,0.0,-160.35553368873556,0.0,0.0,0.0,0.0,0.0,0.0,0.0,0.0,0,0,82.60470817716998,160.35553368873556,0.0,0.0,0.0,0.0,0.0,0.0,0.0,0.0,0.0,0.0,0.0,0.0,0.0,0.0,0.0,0.0,0.0,0.0,0.0,0.0,0.0,0.0,0.0,0.0,0.0,0.0,0.0,0.0,0.0
1784671585.2959273,314752.1895637,0,0,8,0,0,52.920002,0.723,82.96324610684354,145.24206799921137,180.0,82.96324610684354,138.9497183542237,145.24206799921137,0.0,0.0,0.0,0.0,0.0,0.0,0.0,-82.96324610684354,0.0,0.0,-145.24206799921137,0.0,0.0,0.0,0.0,0.0,0.0,0.0,0.0,0,0,82.96324610684354,145.24206799921137,0.0,0.0,0.0,0.0,0.0,0.0,0.0,0.0,0.0,0.0,0.0,0.0,0.0,0.0,0.0,0.0,0.0,0.0,0.0,0.0,0.0,0.0,0.0,0.0,0.0,0.0,0.0,0.0,0.0
1784671585.298519,314752.1921572,0,0,8,0,0,52.922501,0.816,83.29170798120374,132.40030547229406,179.03923919083252,83.29170798120374,126.76974304256883,132.40030547229406,0.0,0.0,0.0,0.0,0.0,0.0,0.0,-83.29170798120374,0.0,0.0,-132.40030547229406,0.0,0.0,0.0,0.0,0.0,0.0,0.0,0.0,0,0,83.29170798120374,132.40030547229406,0.0,0.0,0.0,0.0,0.0,0.0,0.0,0.0,0.0,0.0,0.0,0.0,0.0,0.0,0.0,0.0,0.0,0.0,0.0,0.0,0.0,0.0,0.0,0.0,0.0,0.0,0.0,0.0,0.0
1784671585.301422,314752.1950349,0,0,8,0,0,52.925002,0.906,83.59072932291198,119.94626130110548,178.22890778514207,83.59072932291198,114.40601810336744,119.94626130110548,0.0,0.0,0.0,0.0,0.0,0.0,0.0,-83.59072932291198,0.0,0.0,-119.94626130110548,0.0,0.0,0.0,0.0,0.0,0.0,0.0,0.0,0,0,83.59072932291198,119.94626130110548,0.0,0.0,0.0,0.0,0.0,0.0,0.0,0.0,0.0,0.0,0.0,0.0,0.0,0.0,0.0,0.0,0.0,0.0,0.0,0.0,0.0,0.0,0.0,0.0,0.0,0.0,0.0,0.0,0.0
1784671585.303268,314752.196906,0,0,8,0,0,52.927504,1.017,83.85802258587177,107.7930213409962,178.46282148178688,83.85802258587177,102.32229259661788,107.7930213409962,0.0,0.0,0.0,0.0,0.0,0.0,0.0,-83.85802258587177,0.0,0.0,-107.7930213409962,0.0,0.0,0.0,0.0,0.0,0.0,0.0,0.0,0,0,83.85802258587177,107.7930213409962,0.0,0.0,0.0,0.0,0.0,0.0,0.0,0.0,0.0,0.0,0.0,0.0,0.0,0.0,0.0,0.0,0.0,0.0,0.0,0.0,0.0,0.0,0.0,0.0,0.0,0.0,0.0,0.0,0.0
1784671585.3076334,314752.2012712,0,0,8,0,0,52.930003,1.111,84.0914820271943,92.41151957234815,178.2654974372434,84.09148202719429,84.13982945177676,92.41151957234815,0.0,0.0,0.0,0.0,0.0,0.0,0.0,-84.0914820271943,0.0,0.0,-92.41151957234815,0.0,0.0,0.0,0.0,0.0,0.0,0.0,0.0,0,0,84.0914820271943,92.41151957234815,0.0,0.0,0.0,0.0,0.0,0.0,0.0,0.0,0.0,0.0,0.0,0.0,0.0,0.0,0.0,0.0,0.0,0.0,0.0,0.0,0.0,0.0,0.0,0.0,0.0,0.0,0.0,0.0,0.0
1784671585.3092053,314752.2028435,0,0,8,0,0,52.932511,1.222,84.29431874124842,79.29084493113676,177.91203651406383,84.2943187412484,71.46110515106706,79.29084493113676,0.0,0.0,0.0,0.0,0.0,0.0,0.0,-84.29431874124842,0.0,0.0,-79.29084493113676,0.0,0.0,0.0,0.0,0.0,0.0,0.0,0.0,0,0,84.29431874124842,79.29084493113676,0.0,0.0,0.0,0.0,0.0,0.0,0.0,0.0,0.0,0.0,0.0,0.0,0.0,0.0,0.0,0.0,0.0,0.0,0.0,0.0,0.0,0.0,0.0,0.0,0.0,0.0,0.0,0.0,0.0
1784671585.310913,314752.2045513,0,0,8,0,0,52.935005,0.107,84.54374019988917,62.67060371000206,179.02736216421553,84.54374019988917,59.13238014092215,62.67060371000207,0.0,0.0,0.0,0.0,0.0,0.0,0.0,-84.54374019988917,0.0,0.0,-62.67060371000206,0.0,0.0,0.0,0.0,0.0,0.0,0.0,0.0,0,0,84.54374019988917,62.67060371000206,0.0,0.0,0.0,0.0,0.0,0.0,0.0,0.0,0.0,0.0,0.0,0.0,0.0,0.0,0.0,0.0,0.0,0.0,0.0,0.0,0.0,0.0,0.0,0.0,0.0,0.0,0.0,0.0,0.0
1784671585.314107,314752.2077424,0,0,8,0,0,52.937504,0.212,84.6728096995147,48.48781141733235,179.88500996269775,84.67280969951472,40.468667971554446,48.48781141733235,0.0,0.0,0.0,0.0,0.0,0.0,0.0,-84.6728096995147,0.0,0.0,-48.48781141733235,0.0,0.0,0.0,0.0,0.0,0.0,0.0,0.0,0,0,84.6728096995147,48.48781141733235,0.0,0.0,0.0,0.0,0.0,0.0,0.0,0.0,0.0,0.0,0.0,0.0,0.0,0.0,0.0,0.0,0.0,0.0,0.0,0.0,0.0,0.0,0.0,0.0,0.0,0.0,0.0,0.0,0.0
1784671585.316097,314752.2097352,0,0,8,0,0,52.940003,0.302,84.76555254914074,34.16870781271868,-179.76035229231042,84.76555254914074,28.19244285499425,34.16870781271868,0.0,0.0,0.0,0.0,0.0,0.0,0.0,-84.76555254914074,0.0,0.0,-34.16870781271868,0.0,0.0,0.0,0.0,0.0,0.0,0.0,0.0,0,0,84.76555254914074,34.16870781271868,0.0,0.0,0.0,0.0,0.0,0.0,0.0,0.0,0.0,0.0,0.0,0.0,0.0,0.0,0.0,0.0,0.0,0.0,0.0,0.0,0.0,0.0,0.0,0.0,0.0,0.0,0.0,0.0,0.0
1784671585.318347,314752.2119858,0,0,8,0,0,52.942503,0.4009999999999999,84.82632112099725,21.13649550887631,179.6386692036319,84.82632112099725,15.391218802586868,21.13649550887631,0.0,0.0,0.0,0.0,0.0,0.0,0.0,-84.82632112099725,0.0,0.0,-21.13649550887631,0.0,0.0,0.0,0.0,0.0,0.0,0.0,0.0,0,0,84.82632112099725,21.13649550887631,0.0,0.0,0.0,0.0,0.0,0.0,0.0,0.0,0.0,0.0,0.0,0.0,0.0,0.0,0.0,0.0,0.0,0.0,0.0,0.0,0.0,0.0,0.0,0.0,0.0,0.0,0.0,0.0,0.0
1784671585.3208048,314752.2144422,0,0,8,0,0,52.945003,0.499,84.85543743476182,8.546253248039061,-178.99563012932794,84.85543743476182,3.0362438456495986,8.546253248039061,0.0,0.0,0.0,0.0,0.0,0.0,0.0,-84.85543743476182,0.0,0.0,-8.546253248039061,0.0,0.0,0.0,0.0,0.0,0.0,0.0,0.0,0,0,84.85543743476182,8.546253248039061,0.0,0.0,0.0,0.0,0.0,0.0,0.0,0.0,0.0,0.0,0.0,0.0,0.0,0.0,0.0,0.0,0.0,0.0,0.0,0.0,0.0,0.0,0.0,0.0,0.0,0.0,0.0,0.0,0.0
1784671585.3254244,314752.2190624,0,0,8,0,0,52.947503,0.609,84.8545857287635,-3.2483486422567425,-177.80822292619646,84.8545857287635,-8.434982902611566,-3.248348642256742,0.0,0.0,0.0,0.0,0.0,0.0,0.0,-84.8545857287635,0.0,0.0,3.2483486422567425,0.0,0.0,0.0,0.0,0.0,0.0,0.0,0.0,0,0,84.8545857287635,-3.2483486422567425,0.0,0.0,0.0,0.0,0.0,0.0,0.0,0.0,0.0,0.0,0.0,0.0,0.0,0.0,0.0,0.0,0.0,0.0,0.0,0.0,0.0,0.0,0.0,0.0,0.0,0.0,0.0,0.0,0.0
1784671585.3296025,314752.2232398,0,0,8,0,0,52.950012,0.7110000000000001,84.82227248943363,-17.822390292798882,-178.0601562868619,84.82227248943363,-25.65494799839949,-17.822390292798882,0.0,0.0,0.0,0.0,0.0,0.0,0.0,-84.82227248943363,0.0,0.0,17.822390292798882,0.0,0.0,0.0,0.0,0.0,0.0,0.0,0.0,0,0,84.82227248943363,-17.822390292798882,0.0,0.0,0.0,0.0,0.0,0.0,0.0,0.0,0.0,0.0,0.0,0.0,0.0,0.0,0.0,0.0,0.0,0.0,0.0,0.0,0.0,0.0,0.0,0.0,0.0,0.0,0.0,0.0,0.0
1784671585.329831,314752.2234717,0,0,8,0,0,52.952504,0.8069999999999999,84.76032263912226,-29.80904686373027,-177.53013563634383,84.76032263912226,-36.88992522552942,-29.809046863730263,0.0,0.0,0.0,0.0,0.0,0.0,0.0,-84.76032263912226,0.0,0.0,29.80904686373027,0.0,0.0,0.0,0.0,0.0,0.0,0.0,0.0,0,0,84.76032263912226,-29.80904686373027,0.0,0.0,0.0,0.0,0.0,0.0,0.0,0.0,0.0,0.0,0.0,0.0,0.0,0.0,0.0,0.0,0.0,0.0,0.0,0.0,0.0,0.0,0.0,0.0,0.0,0.0,0.0,0.0,0.0
1784671585.330977,314752.2246133,0,0,8,0,0,52.955003,0.905,84.67072760327937,-41.10751652622362,-176.68131337037516,84.67072760327937,-47.86240298473575,-41.10751652622362,0.0,0.0,0.0,0.0,0.0,0.0,0.0,-84.67072760327937,0.0,0.0,41.10751652622362,0.0,0.0,0.0,0.0,0.0,0.0,0.0,0.0,0,0,84.67072760327937,-41.10751652622362,0.0,0.0,0.0,0.0,0.0,0.0,0.0,0.0,0.0,0.0,0.0,0.0,0.0,0.0,0.0,0.0,0.0,0.0,0.0,0.0,0.0,0.0,0.0,0.0,0.0,0.0,0.0,0.0,0.0
1784671585.3389316,314752.2325692,0,0,8,0,0,52.957503,1.003,84.55710894892081,-51.833253700644335,-175.41928701327868,84.55710894892081,-58.22238198545368,-51.83325370064434,0.0,0.0,0.0,0.0,0.0,0.0,0.0,-84.55710894892081,0.0,0.0,51.833253700644335,0.0,0.0,0.0,0.0,0.0,0.0,0.0,0.0,0,0,84.55710894892081,-51.833253700644335,0.0,0.0,0.0,0.0,0.0,0.0,0.0,0.0,0.0,0.0,0.0,0.0,0.0,0.0,0.0,0.0,0.0,0.0,0.0,0.0,0.0,0.0,0.0,0.0,0.0,0.0,0.0,0.0,0.0
1784671585.339045,314752.2326866,0,0,8,0,0,52.960004,1.104,84.41366312235183,-63.48699571297038,-174.53491856972664,84.41366312235182,-68.43361128768159,-63.48699571297038,0.0,0.0,0.0,0.0,0.0,0.0,0.0,-84.41366312235183,0.0,0.0,63.48699571297038,0.0,0.0,0.0,0.0,0.0,0.0,0.0,0.0,0,0,84.41366312235183,-63.48699571297038,0.0,0.0,0.0,0.0,0.0,0.0,0.0,0.0,0.0,0.0,0.0,0.0,0.0,0.0,0.0,0.0,0.0,0.0,0.0,0.0,0.0,0.0,0.0,0.0,0.0,0.0,0.0,0.0,0.0
1784671585.3391268,314752.2327683,0,0,8,0,0,52.962504,1.2,84.24433290737512,-73.95946288686024,-172.86635953102189,84.24433290737512,-78.62734062538125,-73.95946288686024,0.0,0.0,0.0,0.0,0.0,0.0,0.0,-84.24433290737512,0.0,0.0,73.95946288686024,0.0,0.0,0.0,0.0,0.0,0.0,0.0,0.0,0,0,84.24433290737512,-73.95946288686024,0.0,0.0,0.0,0.0,0.0,0.0,0.0,0.0,0.0,0.0,0.0,0.0,0.0,0.0,0.0,0.0,0.0,0.0,0.0,0.0,0.0,0.0,0.0,0.0,0.0,0.0,0.0,0.0,0.0
1784671585.3409042,314752.2345427,0,0,8,0,0,52.965004,0.093,83.94531718074828,-88.72938298158473,-171.99551225408743,83.94531718074828,-93.09106130797142,-88.72938298158473,0.0,0.0,0.0,0.0,0.0,0.0,0.0,-83.94531718074828,0.0,0.0,88.72938298158473,0.0,0.0,0.0,0.0,0.0,0.0,0.0,0.0,0,0,83.94531718074828,-88.72938298158473,0.0,0.0,0.0,0.0,0.0,0.0,0.0,0.0,0.0,0.0,0.0,0.0,0.0,0.0,0.0,0.0,0.0,0.0,0.0,0.0,0.0,0.0,0.0,0.0,0.0,0.0,0.0,0.0,0.0
1784671585.3433404,314752.2369782,0,0,8,0,0,52.967526,0.217,83.717830981772,-98.17618285464356,-171.4769848919661,83.717830981772,-102.38354247246671,-98.17618285464356,0.0,0.0,0.0,0.0,0.0,0.0,0.0,-83.717830981772,0.0,0.0,98.17618285464356,0.0,0.0,0.0,0.0,0.0,0.0,0.0,0.0,0,0,83.717830981772,-98.17618285464356,0.0,0.0,0.0,0.0,0.0,0.0,0.0,0.0,0.0,0.0,0.0,0.0,0.0,0.0,0.0,0.0,0.0,0.0,0.0,0.0,0.0,0.0,0.0,0.0,0.0,0.0,0.0,0.0,0.0
1784671585.3458598,314752.2394979,0,0,8,0,0,52.970002,0.284,83.46700081678784,-107.3835111943311,-171.18304854766978,83.46700081678784,-111.4835240271514,-107.3835111943311,0.0,0.0,0.0,0.0,0.0,0.0,0.0,-83.46700081678784,0.0,0.0,107.3835111943311,0.0,0.0,0.0,0.0,0.0,0.0,0.0,0.0,0,0,83.46700081678784,-107.3835111943311,0.0,0.0,0.0,0.0,0.0,0.0,0.0,0.0,0.0,0.0,0.0,0.0,0.0,0.0,0.0,0.0,0.0,0.0,0.0,0.0,0.0,0.0,0.0,0.0,0.0,0.0,0.0,0.0,0.0
1784671585.3483984,314752.2420373,0,0,8,0,0,52.972503,0.389,83.19568696570482,-116.41215082868192,-170.75132519149952,83.19568696570481,-120.39100597202544,-116.41215082868192,0.0,0.0,0.0,0.0,0.0,0.0,0.0,-83.19568696570482,0.0,0.0,116.41215082868192,0.0,0.0,0.0,0.0,0.0,0.0,0.0,0.0,0,0,83.19568696570482,-116.41215082868192,0.0,0.0,0.0,0.0,0.0,0.0,0.0,0.0,0.0,0.0,0.0,0.0,0.0,0.0,0.0,0.0,0.0,0.0,0.0,0.0,0.0,0.0,0.0,0.0,0.0,0.0,0.0,0.0,0.0
1784671585.3508575,314752.2444954,0,0,8,0,0,52.975002,0.497,82.90110652239885,-127.48793719571144,-169.998049136443,82.90110652239886,-133.47222945688463,-127.48793719571142,0.0,0.0,0.0,0.0,0.0,0.0,0.0,-82.90110652239885,0.0,0.0,127.48793719571144,0.0,0.0,0.0,0.0,0.0,0.0,0.0,0.0,0,0,82.90110652239885,-127.48793719571144,0.0,0.0,0.0,0.0,0.0,0.0,0.0,0.0,0.0,0.0,0.0,0.0,0.0,0.0,0.0,0.0,0.0,0.0,0.0,0.0,0.0,0.0,0.0,0.0,0.0,0.0,0.0,0.0,0.0
1784671585.3534582,314752.2470965,0,0,8,0,0,52.977502,0.594,82.58257868108359,-136.35897849017064,-169.7778313663639,82.58257868108359,-141.45221328176197,-136.35897849017064,0.0,0.0,0.0,0.0,0.0,0.0,0.0,-82.58257868108359,0.0,0.0,136.35897849017064,0.0,0.0,0.0,0.0,0.0,0.0,0.0,0.0,0,0,82.58257868108359,-136.35897849017064,0.0,0.0,0.0,0.0,0.0,0.0,0.0,0.0,0.0,0.0,0.0,0.0,0.0,0.0,0.0,0.0,0.0,0.0,0.0,0.0,0.0,0.0,0.0,0.0,0.0,0.0,0.0,0.0,0.0
1784671585.3559427,314752.2495808,0,0,8,0,0,52.98002,0.712,82.24428998152017,-144.77495946259242,-170.3328995653351,82.24428998152017,-149.91344613116593,-144.77495946259245,0.0,0.0,0.0,0.0,0.0,0.0,0.0,-82.24428998152017,0.0,0.0,144.77495946259242,0.0,0.0,0.0,0.0,0.0,0.0,0.0,0.0,0,0,82.24428998152017,-144.77495946259242,0.0,0.0,0.0,0.0,0.0,0.0,0.0,0.0,0.0,0.0,0.0,0.0,0.0,0.0,0.0,0.0,0.0,0.0,0.0,0.0,0.0,0.0,0.0,0.0,0.0,0.0,0.0,0.0,0.0
1784671585.3600063,314752.2536447,0,0,8,0,0,52.982503,0.791,81.88166089839865,-154.02306779585297,-170.92114529308404,81.88166089839864,-158.0071797254768,-154.02306779585294,0.0,0.0,0.0,0.0,0.0,0.0,0.0,-81.88166089839865,0.0,0.0,154.02306779585297,0.0,0.0,0.0,0.0,0.0,0.0,0.0,0.0,0,0,81.88166089839865,-154.02306779585297,0.0,0.0,0.0,0.0,0.0,0.0,0.0,0.0,0.0,0.0,0.0,0.0,0.0,0.0,0.0,0.0,0.0,0.0,0.0,0.0,0.0,0.0,0.0,0.0,0.0,0.0,0.0,0.0,0.0
1784671585.3609622,314752.2546002,0,0,8,0,0,52.985004,0.894,81.49953673013096,-162.33984293814186,-170.40854397219582,81.49953673013094,-165.98716355035413,-162.33984293814186,0.0,0.0,0.0,0.0,0.0,0.0,0.0,-81.49953673013096,0.0,0.0,162.33984293814186,0.0,0.0,0.0,0.0,0.0,0.0,0.0,0.0,0,0,81.49953673013096,-162.33984293814186,0.0,0.0,0.0,0.0,0.0,0.0,0.0,0.0,0.0,0.0,0.0,0.0,0.0,0.0,0.0,0.0,0.0,0.0,0.0,0.0,0.0,0.0,0.0,0.0,0.0,0.0,0.0,0.0,0.0
1784671585.363262,314752.2569008,0,0,8,0,0,52.987504,0.995,81.09792872474155,-170.32536023369622,-169.4017706930342,81.09792872474154,-173.8533976057979,-170.32536023369622,0.0,0.0,0.0,0.0,0.0,0.0,0.0,-81.09792872474155,0.0,0.0,170.32536023369622,0.0,0.0,0.0,0.0,0.0,0.0,0.0,0.0,0,0,81.09792872474155,-170.32536023369622,0.0,0.0,0.0,0.0,0.0,0.0,0.0,0.0,0.0,0.0,0.0,0.0,0.0,0.0,0.0,0.0,0.0,0.0,0.0,0.0,0.0,0.0,0.0,0.0,0.0,0.0,0.0,0.0,0.0
1784671585.376105,314752.269743,0,0,8,0,0,52.990003,1.089,80.67634560783573,-178.2339521019385,-171.13911313910188,80.67634560783574,-181.7808815370905,-178.23395210193848,0.0,0.0,0.0,0.0,0.0,0.0,0.0,-80.67634560783573,0.0,0.0,178.2339521019385,0.0,0.0,0.0,0.0,0.0,0.0,0.0,0.0,0,0,80.67634560783573,-178.2339521019385,0.0,0.0,0.0,0.0,0.0,0.0,0.0,0.0,0.0,0.0,0.0,0.0,0.0,0.0,0.0,0.0,0.0,0.0,0.0,0.0,0.0,0.0,0.0,0.0,0.0,0.0,0.0,0.0,0.0
1784671585.3763297,314752.2699707,0,0,8,0,0,52.992504,1.192,80.23345953125616,-189.02915114514195,-173.1570820663804,80.23345953125616,-195.1683544011939,-189.02915114514195,0.0,0.0,0.0,0.0,0.0,0.0,0.0,-80.23345953125616,0.0,0.0,189.02915114514195,0.0,0.0,0.0,0.0,0.0,0.0,0.0,0.0,0,0,80.23345953125616,-189.02915114514195,0.0,0.0,0.0,0.0,0.0,0.0,0.0,0.0,0.0,0.0,0.0,0.0,0.0,0.0,0.0,0.0,0.0,0.0,0.0,0.0,0.0,0.0,0.0,0.0,0.0,0.0,0.0,0.0,0.0
1784671585.3765109,314752.270152,0,0,8,0,0,52.995005,0.082,79.52602245755824,-200.45606023834276,-167.9498423153153,79.52602245755823,-202.77208898871413,-200.4560602383428,0.0,0.0,0.0,0.0,0.0,0.0,0.0,-79.52602245755824,0.0,0.0,200.45606023834276,0.0,0.0,0.0,0.0,0.0,0.0,0.0,0.0,0,0,79.52602245755824,-200.45606023834276,0.0,0.0,0.0,0.0,0.0,0.0,0.0,0.0,0.0,0.0,0.0,0.0,0.0,0.0,0.0,0.0,0.0,0.0,0.0,0.0,0.0,0.0,0.0,0.0,0.0,0.0,0.0,0.0,0.0
1784671585.3766766,314752.270318,0,0,8,0,0,52.997521,0.194,79.035551124348,-206.52419802237483,-171.25886559417685,79.03555112434799,-209.29082577548343,-206.5241980223748,0.0,0.0,0.0,0.0,0.0,0.0,0.0,-79.035551124348,0.0,0.0,206.52419802237483,0.0,0.0,0.0,0.0,0.0,0.0,0.0,0.0,0,0,79.035551124348,-206.52419802237483,0.0,0.0,0.0,0.0,0.0,0.0,0.0,0.0,0.0,0.0,0.0,0.0,0.0,0.0,0.0,0.0,0.0,0.0,0.0,0.0,0.0,0.0,0.0,0.0,0.0,0.0,0.0,0.0,0.0
1784671585.3768382,314752.2704792,0,0,8,0,0,53.000003,0.279,78.52630532276365,-216.8201000696396,-176.440805076551,78.52630532276363,-222.9320481252463,-216.8201000696396,0.0,0.0,0.0,0.0,0.0,0.0,0.0,-78.52630532276365,0.0,0.0,216.8201000696396,0.0,0.0,0.0,0.0,0.0,0.0,0.0,0.0,0,0,78.52630532276365,-216.8201000696396,0.0,0.0,0.0,0.0,0.0,0.0,0.0,0.0,0.0,0.0,0.0,0.0,0.0,0.0,0.0,0.0,0.0,0.0,0.0,0.0,0.0,0.0,0.0,0.0,0.0,0.0,0.0,0.0,0.0
1784671585.3783083,314752.2719468,0,0,8,0,0,53.002503,0.377,77.9866255628108,-228.2729966128992,-170.4156364178907,77.9866255628108,-232.9857777467201,-228.2729966128992,0.0,0.0,0.0,0.0,0.0,0.0,0.0,-77.9866255628108,0.0,0.0,228.2729966128992,0.0,0.0,0.0,0.0,0.0,0.0,0.0,0.0,0,0,77.9866255628108,-228.2729966128992,0.0,0.0,0.0,0.0,0.0,0.0,0.0,0.0,0.0,0.0,0.0,0.0,0.0,0.0,0.0,0.0,0.0,0.0,0.0,0.0,0.0,0.0,0.0,0.0,0.0,0.0,0.0,0.0,0.0
1784671585.381158,314752.2747959,0,0,8,0,0,53.005003,0.484,77.42869104472456,-235.84388111310687,-168.33329411352966,77.42869104472456,-238.97076561537804,-235.84388111310687,0.0,0.0,0.0,0.0,0.0,0.0,0.0,-77.42869104472456,0.0,0.0,235.84388111310687,0.0,0.0,0.0,0.0,0.0,0.0,0.0,0.0,0,0,77.42869104472456,-235.84388111310687,0.0,0.0,0.0,0.0,0.0,0.0,0.0,0.0,0.0,0.0,0.0,0.0,0.0,0.0,0.0,0.0,0.0,0.0,0.0,0.0,0.0,0.0,0.0,0.0,0.0,0.0,0.0,0.0,0.0
1784671585.3907702,314752.284407,0,0,8,0,0,53.007503,0.5770000000000001,76.85053046094154,-243.0661087756744,-175.1101365883376,76.85053046094154,-246.4695004157288,-243.0661087756744,0.0,0.0,0.0,0.0,0.0,0.0,0.0,-76.85053046094154,0.0,0.0,243.0661087756744,0.0,0.0,0.0,0.0,0.0,0.0,0.0,0.0,0,0,76.85053046094154,-243.0661087756744,0.0,0.0,0.0,0.0,0.0,0.0,0.0,0.0,0.0,0.0,0.0,0.0,0.0,0.0,0.0,0.0,0.0,0.0,0.0,0.0,0.0,0.0,0.0,0.0,0.0,0.0,0.0,0.0,0.0
1784671585.391019,314752.2846591,0,0,8,0,0,53.010025,0.704,76.2554606984681,-251.58011141263583,-174.3157169357933,76.2554606984681,-255.5257320590929,-251.5801114126359,0.0,0.0,0.0,0.0,0.0,0.0,0.0,-76.2554606984681,0.0,0.0,251.58011141263583,0.0,0.0,0.0,0.0,0.0,0.0,0.0,0.0,0,0,76.2554606984681,-251.58011141263583,0.0,0.0,0.0,0.0,0.0,0.0,0.0,0.0,0.0,0.0,0.0,0.0,0.0,0.0,0.0,0.0,0.0,0.0,0.0,0.0,0.0,0.0,0.0,0.0,0.0,0.0,0.0,0.0,0.0
1784671585.391275,314752.2849147,0,0,8,0,0,53.012503,0.782,75.63773549645292,-261.0066051640402,-171.81279973619408,75.6377354964529,-265.7807112726414,-261.0066051640402,0.0,0.0,0.0,0.0,0.0,0.0,0.0,-75.63773549645292,0.0,0.0,261.0066051640402,0.0,0.0,0.0,0.0,0.0,0.0,0.0,0.0,0,0,75.63773549645292,-261.0066051640402,0.0,0.0,0.0,0.0,0.0,0.0,0.0,0.0,0.0,0.0,0.0,0.0,0.0,0.0,0.0,0.0,0.0,0.0,0.0,0.0,0.0,0.0,0.0,0.0,0.0,0.0,0.0,0.0,0.0
1784671585.3913522,314752.2849937,0,0,8,0,0,53.015003,0.879,75.00143524891371,-267.9508437502973,-171.3923632571919,75.00143524891371,-271.888198892997,-267.9508437502972,0.0,0.0,0.0,0.0,0.0,0.0,0.0,-75.00143524891371,0.0,0.0,267.9508437502973,0.0,0.0,0.0,0.0,0.0,0.0,0.0,0.0,0,0,75.00143524891371,-267.9508437502973,0.0,0.0,0.0,0.0,0.0,0.0,0.0,0.0,0.0,0.0,0.0,0.0,0.0,0.0,0.0,0.0,0.0,0.0,0.0,0.0,0.0,0.0,0.0,0.0,0.0,0.0,0.0,0.0,0.0
1784671585.3945642,314752.2882016,0,0,8,0,0,53.017503,0.978,74.35079154477697,-273.8385637495488,-168.83949112683652,74.35079154477697,-277.2344380563743,-273.8385637495488,0.0,0.0,0.0,0.0,0.0,0.0,0.0,-74.35079154477697,0.0,0.0,273.8385637495488,0.0,0.0,0.0,0.0,0.0,0.0,0.0,0.0,0,0,74.35079154477697,-273.8385637495488,0.0,0.0,0.0,0.0,0.0,0.0,0.0,0.0,0.0,0.0,0.0,0.0,0.0,0.0,0.0,0.0,0.0,0.0,0.0,0.0,0.0,0.0,0.0,0.0,0.0,0.0,0.0,0.0,0.0
1784671585.3958244,314752.2894636,0,0,8,0,0,53.020003,1.08,73.68587426091938,-279.8930812590415,-172.40694992904065,73.68587426091938,-283.709424931823,-279.8930812590415,0.0,0.0,0.0,0.0,0.0,0.0,0.0,-73.68587426091938,0.0,0.0,279.8930812590415,0.0,0.0,0.0,0.0,0.0,0.0,0.0,0.0,0,0,73.68587426091938,-279.8930812590415,0.0,0.0,0.0,0.0,0.0,0.0,0.0,0.0,0.0,0.0,0.0,0.0,0.0,0.0,0.0,0.0,0.0,0.0,0.0,0.0,0.0,0.0,0.0,0.0,0.0,0.0,0.0,0.0,0.0
1784671585.3983965,314752.2920352,0,0,8,0,0,53.022502,1.175,73.0051732089265,-284.4181026429881,-176.4221379819722,73.0051732089265,-286.68441890162376,-284.4181026429881,0.0,0.0,0.0,0.0,0.0,0.0,0.0,-73.0051732089265,0.0,0.0,284.4181026429881,0.0,0.0,0.0,0.0,0.0,0.0,0.0,0.0,0,0,73.0051732089265,-284.4181026429881,0.0,0.0,0.0,0.0,0.0,0.0,0.0,0.0,0.0,0.0,0.0,0.0,0.0,0.0,0.0,0.0,0.0,0.0,0.0,0.0,0.0,0.0,0.0,0.0,0.0,0.0,0.0,0.0,0.0
1784671585.4007466,314752.294387,0,0,8,0,0,53.025004,0.068,71.9726927839036,-286.4497185921601,-170.97852545639066,71.9726927839036,-286.68441890162376,-286.4497185921601,0.0,0.0,0.0,0.0,0.0,0.0,0.0,-71.9726927839036,0.0,0.0,286.4497185921601,0.0,0.0,0.0,0.0,0.0,0.0,0.0,0.0,0,0,71.9726927839036,-286.4497185921601,0.0,0.0,0.0,0.0,0.0,0.0,0.0,0.0,0.0,0.0,0.0,0.0,0.0,0.0,0.0,0.0,0.0,0.0,0.0,0.0,0.0,0.0,0.0,0.0,0.0,0.0,0.0,0.0,0.0
1784671585.404017,314752.2976547,0,0,8,0,0,53.027504,0.1689999999999999,71.28513189863938,-286.63243296324526,-172.32058656684382,71.28513189863938,-286.68441890162376,-286.63243296324526,0.0,0.0,0.0,0.0,0.0,0.0,0.0,-71.28513189863938,0.0,0.0,286.63243296324526,0.0,0.0,0.0,0.0,0.0,0.0,0.0,0.0,0,0,71.28513189863938,-286.63243296324526,0.0,0.0,0.0,0.0,0.0,0.0,0.0,0.0,0.0,0.0,0.0,0.0,0.0,0.0,0.0,0.0,0.0,0.0,0.0,0.0,0.0,0.0,0.0,0.0,0.0,0.0,0.0,0.0,0.0
1784671585.4067192,314752.3003569,0,0,8,0,0,53.030003,0.264,70.59598576433524,-286.6729401743698,-173.093056245923,70.59598576433524,-286.68441890162376,-286.6729401743698,0.0,0.0,0.0,0.0,0.0,0.0,0.0,-70.59598576433524,0.0,0.0,286.6729401743698,0.0,0.0,0.0,0.0,0.0,0.0,0.0,0.0,0,0,70.59598576433524,-286.6729401743698,0.0,0.0,0.0,0.0,0.0,0.0,0.0,0.0,0.0,0.0,0.0,0.0,0.0,0.0,0.0,0.0,0.0,0.0,0.0,0.0,0.0,0.0,0.0,0.0,0.0,0.0,0.0,0.0,0.0
1784671585.4083526,314752.3019921,0,0,8,0,0,53.032503,0.365,69.90823937383549,-286.68187637234865,-173.2358570867841,69.90823937383549,-286.68441890162376,-286.68187637234865,0.0,0.0,0.0,0.0,0.0,0.0,0.0,-69.90823937383549,0.0,0.0,286.68187637234865,0.0,0.0,0.0,0.0,0.0,0.0,0.0,0.0,0,0,69.90823937383549,-286.68187637234865,0.0,0.0,0.0,0.0,0.0,0.0,0.0,0.0,0.0,0.0,0.0,0.0,0.0,0.0,0.0,0.0,0.0,0.0,0.0,0.0,0.0,0.0,0.0,0.0,0.0,0.0,0.0,0.0,0.0
1784671585.4111185,314752.3047563,0,0,8,0,0,53.035003,0.474,69.22277903756205,-286.6838528954221,-175.06696672125602,69.22277903756205,-286.68441890162376,-286.68385289542204,0.0,0.0,0.0,0.0,0.0,0.0,0.0,-69.22277903756205,0.0,0.0,286.6838528954221,0.0,0.0,0.0,0.0,0.0,0.0,0.0,0.0,0,0,69.22277903756205,-286.6838528954221,0.0,0.0,0.0,0.0,0.0,0.0,0.0,0.0,0.0,0.0,0.0,0.0,0.0,0.0,0.0,0.0,0.0,0.0,0.0,0.0,0.0,0.0,0.0,0.0,0.0,0.0,0.0,0.0,0.0
1784671585.4133425,314752.3069804,0,0,8,0,0,53.037502,0.5609999999999999,68.53129668872242,-286.684294551553,-172.71010767599063,68.53129668872242,-286.68441890162376,-286.684294551553,0.0,0.0,0.0,0.0,0.0,0.0,0.0,-68.53129668872242,0.0,0.0,286.684294551553,0.0,0.0,0.0,0.0,0.0,0.0,0.0,0.0,0,0,68.53129668872242,-286.684294551553,0.0,0.0,0.0,0.0,0.0,0.0,0.0,0.0,0.0,0.0,0.0,0.0,0.0,0.0,0.0,0.0,0.0,0.0,0.0,0.0,0.0,0.0,0.0,0.0,0.0,0.0,0.0,0.0,0.0
1784671585.4160292,314752.3096663,0,0,8,0,0,53.040004,0.674,67.84640771473762,-286.68439118457314,-173.44277179812988,67.84640771473762,-286.68441890162376,-286.68439118457314,0.0,0.0,0.0,0.0,0.0,0.0,0.0,-67.84640771473762,0.0,0.0,286.68439118457314,0.0,0.0,0.0,0.0,0.0,0.0,0.0,0.0,0,0,67.84640771473762,-286.68439118457314,0.0,0.0,0.0,0.0,0.0,0.0,0.0,0.0,0.0,0.0,0.0,0.0,0.0,0.0,0.0,0.0,0.0,0.0,0.0,0.0,0.0,0.0,0.0,0.0,0.0,0.0,0.0,0.0,0.0
1784671585.4183896,314752.3120264,0,0,8,0,0,53.042503,0.768,67.1569317102623,-286.6844127854194,-173.91213039022836,67.1569317102623,-286.68441890162376,-286.6844127854194,0.0,0.0,0.0,0.0,0.0,0.0,0.0,-67.1569317102623,0.0,0.0,286.6844127854194,0.0,0.0,0.0,0.0,0.0,0.0,0.0,0.0,0,0,67.1569317102623,-286.6844127854194,0.0,0.0,0.0,0.0,0.0,0.0,0.0,0.0,0.0,0.0,0.0,0.0,0.0,0.0,0.0,0.0,0.0,0.0,0.0,0.0,0.0,0.0,0.0,0.0,0.0,0.0,0.0,0.0,0.0
1784671585.4208255,314752.314465,0,0,8,0,0,53.045005,0.87,66.46888910997227,-286.6844175477401,-173.3170443216443,66.46888910997227,-286.68441890162376,-286.68441754774005,0.0,0.0,0.0,0.0,0.0,0.0,0.0,-66.46888910997227,0.0,0.0,286.6844175477401,0.0,0.0,0.0,0.0,0.0,0.0,0.0,0.0,0,0,66.46888910997227,-286.6844175477401,0.0,0.0,0.0,0.0,0.0,0.0,0.0,0.0,0.0,0.0,0.0,0.0,0.0,0.0,0.0,0.0,0.0,0.0,0.0,0.0,0.0,0.0,0.0,0.0,0.0,0.0,0.0,0.0,0.0
1784671585.4236352,314752.3172739,0,0,8,0,0,53.047503,0.968,65.78084650572974,-286.6844186019279,-174.94148050621203,65.78084650572974,-286.68441890162376,-286.6844186019279,0.0,0.0,0.0,0.0,0.0,0.0,0.0,-65.78084650572974,0.0,0.0,286.6844186019279,0.0,0.0,0.0,0.0,0.0,0.0,0.0,0.0,0,0,65.78084650572974,-286.6844186019279,0.0,0.0,0.0,0.0,0.0,0.0,0.0,0.0,0.0,0.0,0.0,0.0,0.0,0.0,0.0,0.0,0.0,0.0,0.0,0.0,0.0,0.0,0.0,0.0,0.0,0.0,0.0,0.0,0.0
1784671585.425835,314752.3194732,0,0,8,0,0,53.050003,1.064,65.09165716293892,-286.6844188354496,-171.987685466093,65.09165716293893,-286.68441890162376,-286.68441883544955,0.0,0.0,0.0,0.0,0.0,0.0,0.0,-65.09165716293892,0.0,0.0,286.6844188354496,0.0,0.0,0.0,0.0,0.0,0.0,0.0,0.0,0,0,65.09165716293892,-286.6844188354496,0.0,0.0,0.0,0.0,0.0,0.0,0.0,0.0,0.0,0.0,0.0,0.0,0.0,0.0,0.0,0.0,0.0,0.0,0.0,0.0,0.0,0.0,0.0,0.0,0.0,0.0,0.0,0.0,0.0
1784671585.4295158,314752.3231519,0,0,8,0,0,53.052504,1.166,64.40390124204876,-286.6844188869662,-178.3801268921943,64.40390124204876,-286.68441890162376,-286.6844188869662,0.0,0.0,0.0,0.0,0.0,0.0,0.0,-64.40390124204876,0.0,0.0,286.6844188869662,0.0,0.0,0.0,0.0,0.0,0.0,0.0,0.0,0,0,64.40390124204876,-286.6844188869662,0.0,0.0,0.0,0.0,0.0,0.0,0.0,0.0,0.0,0.0,0.0,0.0,0.0,0.0,0.0,0.0,0.0,0.0,0.0,0.0,0.0,0.0,0.0,0.0,0.0,0.0,0.0,0.0,0.0
1784671585.430693,314752.3243336,0,0,8,0,0,53.055003,0.056,63.369257174246776,-286.6844189001058,-176.45158440286983,63.36925717424678,-286.68441890162376,-286.6844189001058,0.0,0.0,0.0,0.0,0.0,0.0,0.0,-63.369257174246776,0.0,0.0,286.6844189001058,0.0,0.0,0.0,0.0,0.0,0.0,0.0,0.0,0,0,63.369257174246776,-286.6844189001058,0.0,0.0,0.0,0.0,0.0,0.0,0.0,0.0,0.0,0.0,0.0,0.0,0.0,0.0,0.0,0.0,0.0,0.0,0.0,0.0,0.0,0.0,0.0,0.0,0.0,0.0,0.0,0.0,0.0
1784671585.433488,314752.3271265,0,0,8,0,0,53.057504,0.164,62.68322135981645,-286.6844189012862,-175.75547484708056,62.68322135981645,-286.68441890162376,-286.6844189012862,0.0,0.0,0.0,0.0,0.0,0.0,0.0,-62.68322135981645,0.0,0.0,286.6844189012862,0.0,0.0,0.0,0.0,0.0,0.0,0.0,0.0,0,0,62.68322135981645,-286.6844189012862,0.0,0.0,0.0,0.0,0.0,0.0,0.0,0.0,0.0,0.0,0.0,0.0,0.0,0.0,0.0,0.0,0.0,0.0,0.0,0.0,0.0,0.0,0.0,0.0,0.0,0.0,0.0,0.0,0.0
1784671585.4358876,314752.3295251,0,0,8,0,0,53.060003,0.264,61.995465438871726,-286.684418901549,-176.92722378968628,61.99546543887173,-286.68441890162376,-286.684418901549,0.0,0.0,0.0,0.0,0.0,0.0,0.0,-61.995465438871726,0.0,0.0,286.684418901549,0.0,0.0,0.0,0.0,0.0,0.0,0.0,0.0,0,0,61.995465438871726,-286.684418901549,0.0,0.0,0.0,0.0,0.0,0.0,0.0,0.0,0.0,0.0,0.0,0.0,0.0,0.0,0.0,0.0,0.0,0.0,0.0,0.0,0.0,0.0,0.0,0.0,0.0,0.0,0.0,0.0,0.0
1784671585.4384494,314752.3320866,0,0,8,0,0,53.062503,0.352,61.303982620481065,-286.6844189016073,-173.23036209825605,61.303982620481065,-286.68441890162376,-286.6844189016073,0.0,0.0,0.0,0.0,0.0,0.0,0.0,-61.303982620481065,0.0,0.0,286.6844189016073,0.0,0.0,0.0,0.0,0.0,0.0,0.0,0.0,0,0,61.303982620481065,-286.6844189016073,0.0,0.0,0.0,0.0,0.0,0.0,0.0,0.0,0.0,0.0,0.0,0.0,0.0,0.0,0.0,0.0,0.0,0.0,0.0,0.0,0.0,0.0,0.0,0.0,0.0,0.0,0.0,0.0,0.0
1784671585.44097,314752.3346067,0,0,8,0,0,53.065004,0.46,60.61794680604949,-286.68441890162006,-173.12611650819846,60.61794680604949,-286.68441890162376,-286.68441890162006,0.0,0.0,0.0,0.0,0.0,0.0,0.0,-60.61794680604949,0.0,0.0,286.68441890162006,0.0,0.0,0.0,0.0,0.0,0.0,0.0,0.0,0,0,60.61794680604949,-286.68441890162006,0.0,0.0,0.0,0.0,0.0,0.0,0.0,0.0,0.0,0.0,0.0,0.0,0.0,0.0,0.0,0.0,0.0,0.0,0.0,0.0,0.0,0.0,0.0,0.0,0.0,0.0,0.0,0.0,0.0
1784671585.4434054,314752.3370435,0,0,8,0,0,53.067502,0.5519999999999999,59.92818409417219,-286.6844189016229,-173.7955217695746,59.92818409417219,-286.68441890162376,-286.6844189016229,0.0,0.0,0.0,0.0,0.0,0.0,0.0,-59.92818409417219,0.0,0.0,286.6844189016229,0.0,0.0,0.0,0.0,0.0,0.0,0.0,0.0,0,0,59.92818409417219,-286.6844189016229,0.0,0.0,0.0,0.0,0.0,0.0,0.0,0.0,0.0,0.0,0.0,0.0,0.0,0.0,0.0,0.0,0.0,0.0,0.0,0.0,0.0,0.0,0.0,0.0,0.0,0.0,0.0,0.0,0.0
1784671585.4458704,314752.3395087,0,0,8,0,0,53.070002,0.655,59.24100154206499,-286.6844189016236,-176.79275705162274,59.24100154206499,-286.68441890162376,-286.6844189016236,0.0,0.0,0.0,0.0,0.0,0.0,0.0,-59.24100154206499,0.0,0.0,286.6844189016236,0.0,0.0,0.0,0.0,0.0,0.0,0.0,0.0,0,0,59.24100154206499,-286.6844189016236,0.0,0.0,0.0,0.0,0.0,0.0,0.0,0.0,0.0,0.0,0.0,0.0,0.0,0.0,0.0,0.0,0.0,0.0,0.0,0.0,0.0,0.0,0.0,0.0,0.0,0.0,0.0,0.0,0.0
1784671585.4485052,314752.3421424,0,0,8,0,0,53.072504,0.759,58.55353230553891,-286.6844189016237,-176.62172327436943,58.55353230553891,-286.68441890162376,-286.6844189016237,0.0,0.0,0.0,0.0,0.0,0.0,0.0,-58.55353230553891,0.0,0.0,286.6844189016237,0.0,0.0,0.0,0.0,0.0,0.0,0.0,0.0,0,0,58.55353230553891,-286.6844189016237,0.0,0.0,0.0,0.0,0.0,0.0,0.0,0.0,0.0,0.0,0.0,0.0,0.0,0.0,0.0,0.0,0.0,0.0,0.0,0.0,0.0,0.0,0.0,0.0,0.0,0.0,0.0,0.0,0.0
1784671585.450825,314752.3444635,0,0,8,0,0,53.075003,0.8540000000000001,57.86434296249941,-286.6844189016237,-175.5436512166185,57.86434296249941,-286.68441890162376,-286.68441890162376,0.0,0.0,0.0,0.0,0.0,0.0,0.0,-57.86434296249941,0.0,0.0,286.6844189016237,0.0,0.0,0.0,0.0,0.0,0.0,0.0,0.0,0,0,57.86434296249941,-286.6844189016237,0.0,0.0,0.0,0.0,0.0,0.0,0.0,0.0,0.0,0.0,0.0,0.0,0.0,0.0,0.0,0.0,0.0,0.0,0.0,0.0,0.0,0.0,0.0,0.0,0.0,0.0,0.0,0.0,0.0
1784671585.4532993,314752.34694,0,0,8,0,0,53.077504,0.956,57.17658704155441,-286.6844189016237,-177.32348735334355,57.17658704155441,-286.68441890162376,-286.68441890162376,0.0,0.0,0.0,0.0,0.0,0.0,0.0,-57.17658704155441,0.0,0.0,286.6844189016237,0.0,0.0,0.0,0.0,0.0,0.0,0.0,0.0,0,0,57.17658704155441,-286.6844189016237,0.0,0.0,0.0,0.0,0.0,0.0,0.0,0.0,0.0,0.0,0.0,0.0,0.0,0.0,0.0,0.0,0.0,0.0,0.0,0.0,0.0,0.0,0.0,0.0,0.0,0.0,0.0,0.0,0.0
1784671585.4559605,314752.349599,0,0,8,0,0,53.080002,1.056,56.48911780502832,-286.6844189016237,-178.5411827997147,56.48911780502832,-286.68441890162376,-286.68441890162376,0.0,0.0,0.0,0.0,0.0,0.0,0.0,-56.48911780502832,0.0,0.0,286.6844189016237,0.0,0.0,0.0,0.0,0.0,0.0,0.0,0.0,0,0,56.48911780502832,-286.6844189016237,0.0,0.0,0.0,0.0,0.0,0.0,0.0,0.0,0.0,0.0,0.0,0.0,0.0,0.0,0.0,0.0,0.0,0.0,0.0,0.0,0.0,0.0,0.0,0.0,0.0,0.0,0.0,0.0,0.0
1784671585.458378,314752.3520159,0,0,8,0,0,53.082502,1.149,55.79906840873211,-286.6844189016237,-177.70938995736148,55.79906840873211,-286.68441890162376,-286.68441890162376,0.0,0.0,0.0,0.0,0.0,0.0,0.0,-55.79906840873211,0.0,0.0,286.6844189016237,0.0,0.0,0.0,0.0,0.0,0.0,0.0,0.0,0,0,55.79906840873211,-286.6844189016237,0.0,0.0,0.0,0.0,0.0,0.0,0.0,0.0,0.0,0.0,0.0,0.0,0.0,0.0,0.0,0.0,0.0,0.0,0.0,0.0,0.0,0.0,0.0,0.0,0.0,0.0,0.0,0.0,0.0
1784671585.4609752,314752.3546133,0,0,8,0,0,53.085006,0.047,54.76528439417285,-286.6844189016237,-176.19409127137448,54.76528439417285,-286.68441890162376,-286.68441890162376,0.0,0.0,0.0,0.0,0.0,0.0,0.0,-54.76528439417285,0.0,0.0,286.6844189016237,0.0,0.0,0.0,0.0,0.0,0.0,0.0,0.0,0,0,54.76528439417285,-286.6844189016237,0.0,0.0,0.0,0.0,0.0,0.0,0.0,0.0,0.0,0.0,0.0,0.0,0.0,0.0,0.0,0.0,0.0,0.0,0.0,0.0,0.0,0.0,0.0,0.0,0.0,0.0,0.0,0.0,0.0
1784671585.4634843,314752.3571226,0,0,8,0,0,53.087502,0.142,54.07695510439005,-286.6844189016237,-176.54935292907314,54.07695510439006,-286.68441890162376,-286.68441890162376,0.0,0.0,0.0,0.0,0.0,0.0,0.0,-54.07695510439005,0.0,0.0,286.6844189016237,0.0,0.0,0.0,0.0,0.0,0.0,0.0,0.0,0,0,54.07695510439005,-286.6844189016237,0.0,0.0,0.0,0.0,0.0,0.0,0.0,0.0,0.0,0.0,0.0,0.0,0.0,0.0,0.0,0.0,0.0,0.0,0.0,0.0,0.0,0.0,0.0,0.0,0.0,0.0,0.0,0.0,0.0
1784671585.4658785,314752.3595169,0,0,8,0,0,53.089967,0.209,53.38948586786396,-286.6844189016237,-178.65498868910532,53.38948586786396,-286.68441890162376,-286.68441890162376,0.0,0.0,0.0,0.0,0.0,0.0,0.0,-53.38948586786396,0.0,0.0,286.6844189016237,0.0,0.0,0.0,0.0,0.0,0.0,0.0,0.0,0,0,53.38948586786396,-286.6844189016237,0.0,0.0,0.0,0.0,0.0,0.0,0.0,0.0,0.0,0.0,0.0,0.0,0.0,0.0,0.0,0.0,0.0,0.0,0.0,0.0,0.0,0.0,0.0,0.0,0.0,0.0,0.0,0.0,0.0
1784671585.4837222,314752.3773606,0,0,8,0,0,53.092503,0.3429999999999999,52.70086989366226,-286.6844189016237,-175.18124114790453,52.70086989366226,-286.68441890162376,-286.68441890162376,0.0,0.0,0.0,0.0,0.0,0.0,0.0,-52.70086989366226,0.0,0.0,286.6844189016237,0.0,0.0,0.0,0.0,0.0,0.0,0.0,0.0,0,0,52.70086989366226,-286.6844189016237,0.0,0.0,0.0,0.0,0.0,0.0,0.0,0.0,0.0,0.0,0.0,0.0,0.0,0.0,0.0,0.0,0.0,0.0,0.0,0.0,0.0,0.0,0.0,0.0,0.0,0.0,0.0,0.0,0.0
1784671585.4915404,314752.3851779,0,0,8,0,0,53.095002,0.447,52.01426071039287,-286.6844189016237,-179.22131411904664,52.01426071039287,-286.68441890162376,-286.68441890162376,0.0,0.0,0.0,0.0,0.0,0.0,0.0,-52.01426071039287,0.0,0.0,286.6844189016237,0.0,0.0,0.0,0.0,0.0,0.0,0.0,0.0,0,0,52.01426071039287,-286.6844189016237,0.0,0.0,0.0,0.0,0.0,0.0,0.0,0.0,0.0,0.0,0.0,0.0,0.0,0.0,0.0,0.0,0.0,0.0,0.0,0.0,0.0,0.0,0.0,0.0,0.0,0.0,0.0,0.0,0.0
1784671585.4917774,314752.3854184,0,0,8,0,0,53.097503,0.539,51.32363794525886,-286.6844189016237,-178.68451355759936,51.32363794525886,-286.68441890162376,-286.68441890162376,0.0,0.0,0.0,0.0,0.0,0.0,0.0,-51.32363794525886,0.0,0.0,286.6844189016237,0.0,0.0,0.0,0.0,0.0,0.0,0.0,0.0,0,0,51.32363794525886,-286.6844189016237,0.0,0.0,0.0,0.0,0.0,0.0,0.0,0.0,0.0,0.0,0.0,0.0,0.0,0.0,0.0,0.0,0.0,0.0,0.0,0.0,0.0,0.0,0.0,0.0,0.0,0.0,0.0,0.0,0.0
1784671585.491997,314752.3856368,0,0,8,0,0,53.100002,0.6539999999999999,50.640182290597394,-286.6844189016237,-179.13760225395546,50.64018229059739,-286.68441890162376,-286.68441890162376,0.0,0.0,0.0,0.0,0.0,0.0,0.0,-50.640182290597394,0.0,0.0,286.6844189016237,0.0,0.0,0.0,0.0,0.0,0.0,0.0,0.0,0,0,50.640182290597394,-286.6844189016237,0.0,0.0,0.0,0.0,0.0,0.0,0.0,0.0,0.0,0.0,0.0,0.0,0.0,0.0,0.0,0.0,0.0,0.0,0.0,0.0,0.0,0.0,0.0,0.0,0.0,0.0,0.0,0.0,0.0
1784671585.492182,314752.385823,0,0,8,0,0,53.102503,0.7380000000000001,49.94726605011217,-286.6844189016237,-172.70420872836456,49.94726605011216,-286.68441890162376,-286.68441890162376,0.0,0.0,0.0,0.0,0.0,0.0,0.0,-49.94726605011217,0.0,0.0,286.6844189016237,0.0,0.0,0.0,0.0,0.0,0.0,0.0,0.0,0,0,49.94726605011217,-286.6844189016237,0.0,0.0,0.0,0.0,0.0,0.0,0.0,0.0,0.0,0.0,0.0,0.0,0.0,0.0,0.0,0.0,0.0,0.0,0.0,0.0,0.0,0.0,0.0,0.0,0.0,0.0,0.0,0.0,0.0
1784671585.4923944,314752.3860341,0,0,8,0,0,53.105003,0.8450000000000001,49.26123023568058,-286.6844189016237,-176.56249705476912,49.26123023568058,-286.68441890162376,-286.68441890162376,0.0,0.0,0.0,0.0,0.0,0.0,0.0,-49.26123023568058,0.0,0.0,286.6844189016237,0.0,0.0,0.0,0.0,0.0,0.0,0.0,0.0,0,0,49.26123023568058,-286.6844189016237,0.0,0.0,0.0,0.0,0.0,0.0,0.0,0.0,0.0,0.0,0.0,0.0,0.0,0.0,0.0,0.0,0.0,0.0,0.0,0.0,0.0,0.0,0.0,0.0,0.0,0.0,0.0,0.0,0.0
1784671585.4925525,314752.3861933,0,0,8,0,0,53.107502,0.944,48.57318763031669,-286.6844189016237,-177.29732912833077,48.57318763031668,-286.68441890162376,-286.68441890162376,0.0,0.0,0.0,0.0,0.0,0.0,0.0,-48.57318763031669,0.0,0.0,286.6844189016237,0.0,0.0,0.0,0.0,0.0,0.0,0.0,0.0,0,0,48.57318763031669,-286.6844189016237,0.0,0.0,0.0,0.0,0.0,0.0,0.0,0.0,0.0,0.0,0.0,0.0,0.0,0.0,0.0,0.0,0.0,0.0,0.0,0.0,0.0,0.0,0.0,0.0,0.0,0.0,0.0,0.0,0.0
1784671585.494382,314752.3880204,0,0,8,0,0,53.110004,1.043,47.88428497169608,-286.6844189016237,-179.9621909916877,47.88428497169608,-286.68441890162376,-286.68441890162376,0.0,0.0,0.0,0.0,0.0,0.0,0.0,-47.88428497169608,0.0,0.0,286.6844189016237,0.0,0.0,0.0,0.0,0.0,0.0,0.0,0.0,0,0,47.88428497169608,-286.6844189016237,0.0,0.0,0.0,0.0,0.0,0.0,0.0,0.0,0.0,0.0,0.0,0.0,0.0,0.0,0.0,0.0,0.0,0.0,0.0,0.0,0.0,0.0,0.0,0.0,0.0,0.0,0.0,0.0,0.0
1784671585.4946003,314752.3882411,0,0,8,0,0,53.112502,1.141,47.196242366332186,-286.6844189016237,-176.46325430296116,47.196242366332186,-286.68441890162376,-286.68441890162376,0.0,0.0,0.0,0.0,0.0,0.0,0.0,-47.196242366332186,0.0,0.0,286.6844189016237,0.0,0.0,0.0,0.0,0.0,0.0,0.0,0.0,0,0,47.196242366332186,-286.6844189016237,0.0,0.0,0.0,0.0,0.0,0.0,0.0,0.0,0.0,0.0,0.0,0.0,0.0,0.0,0.0,0.0,0.0,0.0,0.0,0.0,0.0,0.0,0.0,0.0,0.0,0.0,0.0,0.0,0.0
1784671585.494742,314752.3883834,0,0,8,0,0,53.115003,0.028,46.16016487642172,-286.6844189016237,179.9650513761894,46.16016487642172,-286.68441890162376,-286.68441890162376,0.0,0.0,0.0,0.0,0.0,0.0,0.0,-46.16016487642172,0.0,0.0,286.6844189016237,0.0,0.0,0.0,0.0,0.0,0.0,0.0,0.0,0,0,46.16016487642172,-286.6844189016237,0.0,0.0,0.0,0.0,0.0,0.0,0.0,0.0,0.0,0.0,0.0,0.0,0.0,0.0,0.0,0.0,0.0,0.0,0.0,0.0,0.0,0.0,0.0,0.0,0.0,0.0,0.0,0.0,0.0
1784671585.4948156,314752.3884564,0,0,8,0,0,53.117504,0.1299999999999999,45.47240895547672,-286.6844189016237,-178.06260446936443,45.47240895547672,-286.68441890162376,-286.68441890162376,0.0,0.0,0.0,0.0,0.0,0.0,0.0,-45.47240895547672,0.0,0.0,286.6844189016237,0.0,0.0,0.0,0.0,0.0,0.0,0.0,0.0,0,0,45.47240895547672,-286.6844189016237,0.0,0.0,0.0,0.0,0.0,0.0,0.0,0.0,0.0,0.0,0.0,0.0,0.0,0.0,0.0,0.0,0.0,0.0,0.0,0.0,0.0,0.0,0.0,0.0,0.0,0.0,0.0,0.0,0.0
1784671585.4955604,314752.3892004,0,0,8,0,0,53.11998,0.208,44.78493971895063,-286.6844189016237,-174.61335964770635,44.78493971895063,-286.68441890162376,-286.68441890162376,0.0,0.0,0.0,0.0,0.0,0.0,0.0,-44.78493971895063,0.0,0.0,286.6844189016237,0.0,0.0,0.0,0.0,0.0,0.0,0.0,0.0,0,0,44.78493971895063,-286.6844189016237,0.0,0.0,0.0,0.0,0.0,0.0,0.0,0.0,0.0,0.0,0.0,0.0,0.0,0.0,0.0,0.0,0.0,0.0,0.0,0.0,0.0,0.0,0.0,0.0,0.0,0.0,0.0,0.0,0.0
1784671585.4985433,314752.3921801,0,0,8,0,0,53.122503,0.3289999999999999,44.09632374474893,-286.6844189016237,-176.67220148571272,44.096323744748936,-286.68441890162376,-286.68441890162376,0.0,0.0,0.0,0.0,0.0,0.0,0.0,-44.09632374474893,0.0,0.0,286.6844189016237,0.0,0.0,0.0,0.0,0.0,0.0,0.0,0.0,0,0,44.09632374474893,-286.6844189016237,0.0,0.0,0.0,0.0,0.0,0.0,0.0,0.0,0.0,0.0,0.0,0.0,0.0,0.0,0.0,0.0,0.0,0.0,0.0,0.0,0.0,0.0,0.0,0.0,0.0,0.0,0.0,0.0,0.0
1784671585.501006,314752.3946456,0,0,8,0,0,53.125003,0.417,43.40484092635822,-286.6844189016237,-177.57893442195717,43.40484092635822,-286.68441890162376,-286.68441890162376,0.0,0.0,0.0,0.0,0.0,0.0,0.0,-43.40484092635822,0.0,0.0,286.6844189016237,0.0,0.0,0.0,0.0,0.0,0.0,0.0,0.0,0,0,43.40484092635822,-286.6844189016237,0.0,0.0,0.0,0.0,0.0,0.0,0.0,0.0,0.0,0.0,0.0,0.0,0.0,0.0,0.0,0.0,0.0,0.0,0.0,0.0,0.0,0.0,0.0,0.0,0.0,0.0,0.0,0.0,0.0
1784671585.5038085,314752.3974476,0,0,8,0,0,53.127502,0.527,42.719951849602246,-286.6844189016237,-179.19033103660024,42.71995184960224,-286.68441890162376,-286.68441890162376,0.0,0.0,0.0,0.0,0.0,0.0,0.0,-42.719951849602246,0.0,0.0,286.6844189016237,0.0,0.0,0.0,0.0,0.0,0.0,0.0,0.0,0,0,42.719951849602246,-286.6844189016237,0.0,0.0,0.0,0.0,0.0,0.0,0.0,0.0,0.0,0.0,0.0,0.0,0.0,0.0,0.0,0.0,0.0,0.0,0.0,0.0,0.0,0.0,0.0,0.0,0.0,0.0,0.0,0.0,0.0
1784671585.505932,314752.3995708,0,0,8,0,0,53.130003,0.632,42.03305598191395,-286.6844189016237,-178.00790642703356,42.03305598191395,-286.68441890162376,-286.68441890162376,0.0,0.0,0.0,0.0,0.0,0.0,0.0,-42.03305598191395,0.0,0.0,286.6844189016237,0.0,0.0,0.0,0.0,0.0,0.0,0.0,0.0,0,0,42.03305598191395,-286.6844189016237,0.0,0.0,0.0,0.0,0.0,0.0,0.0,0.0,0.0,0.0,0.0,0.0,0.0,0.0,0.0,0.0,0.0,0.0,0.0,0.0,0.0,0.0,0.0,0.0,0.0,0.0,0.0,0.0,0.0
1784671585.5092688,314752.4028142,0,0,8,0,0,53.132504,0.735,41.345586745387855,-286.6844189016237,179.6759323046893,41.345586745387855,-286.68441890162376,-286.68441890162376,0.0,0.0,0.0,0.0,0.0,0.0,0.0,-41.345586745387855,0.0,0.0,286.6844189016237,0.0,0.0,0.0,0.0,0.0,0.0,0.0,0.0,0,0,41.345586745387855,-286.6844189016237,0.0,0.0,0.0,0.0,0.0,0.0,0.0,0.0,0.0,0.0,0.0,0.0,0.0,0.0,0.0,0.0,0.0,0.0,0.0,0.0,0.0,0.0,0.0,0.0,0.0,0.0,0.0,0.0,0.0
1784671585.510934,314752.4045747,0,0,8,0,0,53.135003,0.832,40.65697077118615,-286.6844189016237,-179.48385913539158,40.65697077118615,-286.68441890162376,-286.68441890162376,0.0,0.0,0.0,0.0,0.0,0.0,0.0,-40.65697077118615,0.0,0.0,286.6844189016237,0.0,0.0,0.0,0.0,0.0,0.0,0.0,0.0,0,0,40.65697077118615,-286.6844189016237,0.0,0.0,0.0,0.0,0.0,0.0,0.0,0.0,0.0,0.0,0.0,0.0,0.0,0.0,0.0,0.0,0.0,0.0,0.0,0.0,0.0,0.0,0.0,0.0,0.0,0.0,0.0,0.0,0.0
1784671585.5134358,314752.4070737,0,0,8,0,0,53.137505,0.933,39.96864148140336,-286.6844189016237,-179.64362563334237,39.96864148140336,-286.68441890162376,-286.68441890162376,0.0,0.0,0.0,0.0,0.0,0.0,0.0,-39.96864148140336,0.0,0.0,286.6844189016237,0.0,0.0,0.0,0.0,0.0,0.0,0.0,0.0,0,0,39.96864148140336,-286.6844189016237,0.0,0.0,0.0,0.0,0.0,0.0,0.0,0.0,0.0,0.0,0.0,0.0,0.0,0.0,0.0,0.0,0.0,0.0,0.0,0.0,0.0,0.0,0.0,0.0,0.0,0.0,0.0,0.0,0.0
1784671585.5158436,314752.4094817,0,0,8,0,0,53.140002,1.031,39.280885560458366,-286.6844189016237,-178.39432470801106,39.280885560458366,-286.68441890162376,-286.68441890162376,0.0,0.0,0.0,0.0,0.0,0.0,0.0,-39.280885560458366,0.0,0.0,286.6844189016237,0.0,0.0,0.0,0.0,0.0,0.0,0.0,0.0,0,0,39.280885560458366,-286.6844189016237,0.0,0.0,0.0,0.0,0.0,0.0,0.0,0.0,0.0,0.0,0.0,0.0,0.0,0.0,0.0,0.0,0.0,0.0,0.0,0.0,0.0,0.0,0.0,0.0,0.0,0.0,0.0,0.0,0.0
1784671585.5182016,314752.4118427,0,0,8,0,0,53.142504,1.122,38.589689426486544,-286.6844189016237,-176.07009257060636,38.589689426486544,-286.68441890162376,-286.68441890162376,0.0,0.0,0.0,0.0,0.0,0.0,0.0,-38.589689426486544,0.0,0.0,286.6844189016237,0.0,0.0,0.0,0.0,0.0,0.0,0.0,0.0,0,0,38.589689426486544,-286.6844189016237,0.0,0.0,0.0,0.0,0.0,0.0,0.0,0.0,0.0,0.0,0.0,0.0,0.0,0.0,0.0,0.0,0.0,0.0,0.0,0.0,0.0,0.0,0.0,0.0,0.0,0.0,0.0,0.0,0.0
1784671585.5211642,314752.4148026,0,0,8,0,0,53.145004,1.23,37.90394029647386,-286.6844189016237,-177.2295597817176,37.90394029647386,-286.68441890162376,-286.68441890162376,0.0,0.0,0.0,0.0,0.0,0.0,0.0,-37.90394029647386,0.0,0.0,286.6844189016237,0.0,0.0,0.0,0.0,0.0,0.0,0.0,0.0,0,0,37.90394029647386,-286.6844189016237,0.0,0.0,0.0,0.0,0.0,0.0,0.0,0.0,0.0,0.0,0.0,0.0,0.0,0.0,0.0,0.0,0.0,0.0,0.0,0.0,0.0,0.0,0.0,0.0,0.0,0.0,0.0,0.0,0.0
1784671585.5235093,314752.4171469,0,0,8,0,0,53.147503,0.121,36.86958291307681,-286.6844189016237,178.5558267101241,36.86958291307681,-286.68441890162376,-286.68441890162376,0.0,0.0,0.0,0.0,0.0,0.0,0.0,-36.86958291307681,0.0,0.0,286.6844189016237,0.0,0.0,0.0,0.0,0.0,0.0,0.0,0.0,0,0,36.86958291307681,-286.6844189016237,0.0,0.0,0.0,0.0,0.0,0.0,0.0,0.0,0.0,0.0,0.0,0.0,0.0,0.0,0.0,0.0,0.0,0.0,0.0,0.0,0.0,0.0,0.0,0.0,0.0,0.0,0.0,0.0,0.0
1784671585.5258548,314752.4194945,0,0,8,0,0,53.149991,0.208,36.18125362329401,-286.6844189016237,179.3728227308955,36.18125362329401,-286.68441890162376,-286.68441890162376,0.0,0.0,0.0,0.0,0.0,0.0,0.0,-36.18125362329401,0.0,0.0,286.6844189016237,0.0,0.0,0.0,0.0,0.0,0.0,0.0,0.0,0,0,36.18125362329401,-286.6844189016237,0.0,0.0,0.0,0.0,0.0,0.0,0.0,0.0,0.0,0.0,0.0,0.0,0.0,0.0,0.0,0.0,0.0,0.0,0.0,0.0,0.0,0.0,0.0,0.0,0.0,0.0,0.0,0.0,0.0
1784671585.5285463,314752.4221844,0,0,8,0,0,53.152503,0.318,35.49263764909232,-286.6844189016237,-179.87363103968127,35.49263764909232,-286.68441890162376,-286.68441890162376,0.0,0.0,0.0,0.0,0.0,0.0,0.0,-35.49263764909232,0.0,0.0,286.6844189016237,0.0,0.0,0.0,0.0,0.0,0.0,0.0,0.0,0,0,35.49263764909232,-286.6844189016237,0.0,0.0,0.0,0.0,0.0,0.0,0.0,0.0,0.0,0.0,0.0,0.0,0.0,0.0,0.0,0.0,0.0,0.0,0.0,0.0,0.0,0.0,0.0,0.0,0.0,0.0,0.0,0.0,0.0
1784671585.5320406,314752.4256773,0,0,8,0,0,53.155002,0.414,34.803762751053576,-286.6612657891413,177.24181495176848,34.803762751053576,-286.6406689903032,-286.6612657891413,0.0,0.0,0.0,0.0,0.0,0.0,0.0,-34.803762751053576,0.0,0.0,286.6612657891413,0.0,0.0,0.0,0.0,0.0,0.0,0.0,0.0,0,0,34.803762751053576,-286.6612657891413,0.0,0.0,0.0,0.0,0.0,0.0,0.0,0.0,0.0,0.0,0.0,0.0,0.0,0.0,0.0,0.0,0.0,0.0,0.0,0.0,0.0,0.0,0.0,0.0,0.0,0.0,0.0,0.0,0.0
1784671585.5339377,314752.4275757,0,0,8,0,0,53.157502,0.516,34.11846780606144,-285.1111730318147,177.9735782032925,34.11846780606144,-283.92817448842595,-285.1111730318147,0.0,0.0,0.0,0.0,0.0,0.0,0.0,-34.11846780606144,0.0,0.0,285.1111730318147,0.0,0.0,0.0,0.0,0.0,0.0,0.0,0.0,0,0,34.11846780606144,-285.1111730318147,0.0,0.0,0.0,0.0,0.0,0.0,0.0,0.0,0.0,0.0,0.0,0.0,0.0,0.0,0.0,0.0,0.0,0.0,0.0,0.0,0.0,0.0,0.0,0.0,0.0,0.0,0.0,0.0,0.0
1784671585.5357928,314752.4294311,0,0,8,0,0,53.160003,0.624,33.44830605535636,-277.4731478222972,179.07261060606714,33.44830605535636,-272.85069694205026,-277.4731478222972,0.0,0.0,0.0,0.0,0.0,0.0,0.0,-33.44830605535636,0.0,0.0,277.4731478222972,0.0,0.0,0.0,0.0,0.0,0.0,0.0,0.0,0,0,33.44830605535636,-277.4731478222972,0.0,0.0,0.0,0.0,0.0,0.0,0.0,0.0,0.0,0.0,0.0,0.0,0.0,0.0,0.0,0.0,0.0,0.0,0.0,0.0,0.0,0.0,0.0,0.0,0.0,0.0,0.0,0.0,0.0
1784671585.5389185,314752.4325565,0,0,8,0,0,53.162502,0.721,32.79366952860171,-270.01853912582965,179.66438987963616,32.79366952860171,-265.5269617869819,-270.01853912582965,0.0,0.0,0.0,0.0,0.0,0.0,0.0,-32.79366952860171,0.0,0.0,270.01853912582965,0.0,0.0,0.0,0.0,0.0,0.0,0.0,0.0,0,0,32.79366952860171,-270.01853912582965,0.0,0.0,0.0,0.0,0.0,0.0,0.0,0.0,0.0,0.0,0.0,0.0,0.0,0.0,0.0,0.0,0.0,0.0,0.0,0.0,0.0,0.0,0.0,0.0,0.0,0.0,0.0,0.0,0.0
1784671585.5423114,314752.4359483,0,0,8,0,0,53.165002,0.82,32.15667536476016,-262.9485340999979,-179.97277679353746,32.156675364760154,-258.75447551455306,-262.9485340999979,0.0,0.0,0.0,0.0,0.0,0.0,0.0,-32.15667536476016,0.0,0.0,262.9485340999979,0.0,0.0,0.0,0.0,0.0,0.0,0.0,0.0,0,0,32.15667536476016,-262.9485340999979,0.0,0.0,0.0,0.0,0.0,0.0,0.0,0.0,0.0,0.0,0.0,0.0,0.0,0.0,0.0,0.0,0.0,0.0,0.0,0.0,0.0,0.0,0.0,0.0,0.0,0.0,0.0,0.0,0.0
1784671585.5467143,314752.4403518,0,0,8,0,0,53.167503,0.912,31.535339271658803,-256.9685067284743,-179.3950379273108,31.53533927165881,-255.2807325556975,-256.9685067284743,0.0,0.0,0.0,0.0,0.0,0.0,0.0,-31.535339271658803,0.0,0.0,256.9685067284743,0.0,0.0,0.0,0.0,0.0,0.0,0.0,0.0,0,0,31.535339271658803,-256.9685067284743,0.0,0.0,0.0,0.0,0.0,0.0,0.0,0.0,0.0,0.0,0.0,0.0,0.0,0.0,0.0,0.0,0.0,0.0,0.0,0.0,0.0,0.0,0.0,0.0,0.0,0.0,0.0,0.0,0.0
1784671585.5472302,314752.440868,0,0,8,0,0,53.170005,1.02,30.93762666371712,-247.36191206903135,-179.40169888207862,30.93762666371712,-243.24075696026856,-247.36191206903135,0.0,0.0,0.0,0.0,0.0,0.0,0.0,-30.93762666371712,0.0,0.0,247.36191206903135,0.0,0.0,0.0,0.0,0.0,0.0,0.0,0.0,0,0,30.93762666371712,-247.36191206903135,0.0,0.0,0.0,0.0,0.0,0.0,0.0,0.0,0.0,0.0,0.0,0.0,0.0,0.0,0.0,0.0,0.0,0.0,0.0,0.0,0.0,0.0,0.0,0.0,0.0,0.0,0.0,0.0,0.0
1784671585.548478,314752.4421178,0,0,8,0,0,53.172503,1.117,30.360030562719864,-238.3485491442249,178.43505402459368,30.360030562719864,-234.40327487350748,-238.3485491442249,0.0,0.0,0.0,0.0,0.0,0.0,0.0,-30.360030562719864,0.0,0.0,238.3485491442249,0.0,0.0,0.0,0.0,0.0,0.0,0.0,0.0,0,0,30.360030562719864,-238.3485491442249,0.0,0.0,0.0,0.0,0.0,0.0,0.0,0.0,0.0,0.0,0.0,0.0,0.0,0.0,0.0,0.0,0.0,0.0,0.0,0.0,0.0,0.0,0.0,0.0,0.0,0.0,0.0,0.0,0.0
1784671585.551026,314752.4446652,0,0,8,0,0,53.175004,1.218,29.80594406541526,-229.6375363228453,178.01114308930005,29.805944065415257,-225.76704237882117,-229.6375363228453,0.0,0.0,0.0,0.0,0.0,0.0,0.0,-29.80594406541526,0.0,0.0,229.6375363228453,0.0,0.0,0.0,0.0,0.0,0.0,0.0,0.0,0,0,29.80594406541526,-229.6375363228453,0.0,0.0,0.0,0.0,0.0,0.0,0.0,0.0,0.0,0.0,0.0,0.0,0.0,0.0,0.0,0.0,0.0,0.0,0.0,0.0,0.0,0.0,0.0,0.0,0.0,0.0,0.0,0.0,0.0
1784671585.5537095,314752.4473491,0,0,8,0,0,53.177503,0.105,29.01170370611964,-216.44161688060615,175.16006819154816,29.01170370611964,-212.6070690535849,-216.44161688060615,0.0,0.0,0.0,0.0,0.0,0.0,0.0,-29.01170370611964,0.0,0.0,216.44161688060615,0.0,0.0,0.0,0.0,0.0,0.0,0.0,0.0,0,0,29.01170370611964,-216.44161688060615,0.0,0.0,0.0,0.0,0.0,0.0,0.0,0.0,0.0,0.0,0.0,0.0,0.0,0.0,0.0,0.0,0.0,0.0,0.0,0.0,0.0,0.0,0.0,0.0,0.0,0.0,0.0,0.0,0.0
1784671585.559194,314752.4528309,0,0,8,0,0,53.180004,0.208,28.51065071847319,-207.6413880097456,175.5822421579066,28.51065071847319,-203.6558371973902,-207.6413880097456,0.0,0.0,0.0,0.0,0.0,0.0,0.0,-28.51065071847319,0.0,0.0,207.6413880097456,0.0,0.0,0.0,0.0,0.0,0.0,0.0,0.0,0,0,28.51065071847319,-207.6413880097456,0.0,0.0,0.0,0.0,0.0,0.0,0.0,0.0,0.0,0.0,0.0,0.0,0.0,0.0,0.0,0.0,0.0,0.0,0.0,0.0,0.0,0.0,0.0,0.0,0.0,0.0,0.0,0.0,0.0
1784671585.5596306,314752.4532704,0,0,8,0,0,53.182503,0.305,28.035925771498334,-196.8490671807752,177.3627973295165,28.035925771498334,-193.785857203463,-196.8490671807752,0.0,0.0,0.0,0.0,0.0,0.0,0.0,-28.035925771498334,0.0,0.0,196.8490671807752,0.0,0.0,0.0,0.0,0.0,0.0,0.0,0.0,0,0,28.035925771498334,-196.8490671807752,0.0,0.0,0.0,0.0,0.0,0.0,0.0,0.0,0.0,0.0,0.0,0.0,0.0,0.0,0.0,0.0,0.0,0.0,0.0,0.0,0.0,0.0,0.0,0.0,0.0,0.0,0.0,0.0,0.0
1784671585.5607998,314752.4544407,0,0,8,0,0,53.185002,0.4029999999999999,27.581147882030216,-188.08560063634832,176.27002404473896,27.58114788203022,-184.05587692576168,-188.08560063634832,0.0,0.0,0.0,0.0,0.0,0.0,0.0,-27.581147882030216,0.0,0.0,188.08560063634832,0.0,0.0,0.0,0.0,0.0,0.0,0.0,0.0,0,0,27.581147882030216,-188.08560063634832,0.0,0.0,0.0,0.0,0.0,0.0,0.0,0.0,0.0,0.0,0.0,0.0,0.0,0.0,0.0,0.0,0.0,0.0,0.0,0.0,0.0,0.0,0.0,0.0,0.0,0.0,0.0,0.0,0.0
1784671585.5633292,314752.456968,0,0,8,0,0,53.187502,0.502,27.151619908293515,-178.2625065382993,174.89888903941932,27.15161990829352,-175.4721443246601,-178.2625065382993,0.0,0.0,0.0,0.0,0.0,0.0,0.0,-27.151619908293515,0.0,0.0,178.2625065382993,0.0,0.0,0.0,0.0,0.0,0.0,0.0,0.0,0,0,27.151619908293515,-178.2625065382993,0.0,0.0,0.0,0.0,0.0,0.0,0.0,0.0,0.0,0.0,0.0,0.0,0.0,0.0,0.0,0.0,0.0,0.0,0.0,0.0,0.0,0.0,0.0,0.0,0.0,0.0,0.0,0.0,0.0
1784671585.5657935,314752.459433,0,0,8,0,0,53.190003,0.607,26.74794713951149,-166.6167829129975,176.89482171893377,26.74794713951149,-161.60342243603006,-166.6167829129975,0.0,0.0,0.0,0.0,0.0,0.0,0.0,-26.74794713951149,0.0,0.0,166.6167829129975,0.0,0.0,0.0,0.0,0.0,0.0,0.0,0.0,0,0,26.74794713951149,-166.6167829129975,0.0,0.0,0.0,0.0,0.0,0.0,0.0,0.0,0.0,0.0,0.0,0.0,0.0,0.0,0.0,0.0,0.0,0.0,0.0,0.0,0.0,0.0,0.0,0.0,0.0,0.0,0.0,0.0,0.0
1784671585.5683496,314752.4619878,0,0,8,0,0,53.192509,0.716,26.37136879673971,-155.14542256707296,179.00921881697113,26.37136879673971,-149.97469600701476,-155.14542256707296,0.0,0.0,0.0,0.0,0.0,0.0,0.0,-26.37136879673971,0.0,0.0,155.14542256707296,0.0,0.0,0.0,0.0,0.0,0.0,0.0,0.0,0,0,26.37136879673971,-155.14542256707296,0.0,0.0,0.0,0.0,0.0,0.0,0.0,0.0,0.0,0.0,0.0,0.0,0.0,0.0,0.0,0.0,0.0,0.0,0.0,0.0,0.0,0.0,0.0,0.0,0.0,0.0,0.0,0.0,0.0
1784671585.5835938,314752.4772321,0,0,8,0,0,53.195002,0.808,26.020345327881586,-144.60798499214715,173.63126814317445,26.020345327881586,-140.07846606629516,-144.60798499214718,0.0,0.0,0.0,0.0,0.0,0.0,0.0,-26.020345327881586,0.0,0.0,144.60798499214715,0.0,0.0,0.0,0.0,0.0,0.0,0.0,0.0,0,0,26.020345327881586,-144.60798499214715,0.0,0.0,0.0,0.0,0.0,0.0,0.0,0.0,0.0,0.0,0.0,0.0,0.0,0.0,0.0,0.0,0.0,0.0,0.0,0.0,0.0,0.0,0.0,0.0,0.0,0.0,0.0,0.0,0.0
1784671585.5838022,314752.4774431,0,0,8,0,0,53.197503,0.907,25.69055003992629,-136.196671961398,174.11803587701652,25.69055003992629,-132.55348131915207,-136.196671961398,0.0,0.0,0.0,0.0,0.0,0.0,0.0,-25.69055003992629,0.0,0.0,136.196671961398,0.0,0.0,0.0,0.0,0.0,0.0,0.0,0.0,0,0,25.69055003992629,-136.196671961398,0.0,0.0,0.0,0.0,0.0,0.0,0.0,0.0,0.0,0.0,0.0,0.0,0.0,0.0,0.0,0.0,0.0,0.0,0.0,0.0,0.0,0.0,0.0,0.0,0.0,0.0,0.0,0.0,0.0
1784671585.5839827,314752.4776239,0,0,8,0,0,53.200002,1.007,25.38120369896677,-127.69002977899449,179.9506678527082,25.38120369896677,-123.76849912597572,-127.69002977899446,0.0,0.0,0.0,0.0,0.0,0.0,0.0,-25.38120369896677,0.0,0.0,127.69002977899449,0.0,0.0,0.0,0.0,0.0,0.0,0.0,0.0,0,0,25.38120369896677,-127.69002977899449,0.0,0.0,0.0,0.0,0.0,0.0,0.0,0.0,0.0,0.0,0.0,0.0,0.0,0.0,0.0,0.0,0.0,0.0,0.0,0.0,0.0,0.0,0.0,0.0,0.0,0.0,0.0,0.0,0.0
1784671585.584118,314752.4777595,0,0,8,0,0,53.202503,1.103,25.09736357581081,-115.0037913417652,-177.59608345495695,25.09736357581081,-107.97478113923933,-115.0037913417652,0.0,0.0,0.0,0.0,0.0,0.0,0.0,-25.09736357581081,0.0,0.0,115.0037913417652,0.0,0.0,0.0,0.0,0.0,0.0,0.0,0.0,0,0,25.09736357581081,-115.0037913417652,0.0,0.0,0.0,0.0,0.0,0.0,0.0,0.0,0.0,0.0,0.0,0.0,0.0,0.0,0.0,0.0,0.0,0.0,0.0,0.0,0.0,0.0,0.0,0.0,0.0,0.0,0.0,0.0,0.0
1784671585.584245,314752.4778862,0,0,8,0,0,53.205002,1.204,24.840943696217398,-104.44401785474976,178.7805778936137,24.840943696217398,-98.33230068417922,-104.4440178547498,0.0,0.0,0.0,0.0,0.0,0.0,0.0,-24.840943696217398,0.0,0.0,104.44401785474976,0.0,0.0,0.0,0.0,0.0,0.0,0.0,0.0,0,0,24.840943696217398,-104.44401785474976,0.0,0.0,0.0,0.0,0.0,0.0,0.0,0.0,0.0,0.0,0.0,0.0,0.0,0.0,0.0,0.0,0.0,0.0,0.0,0.0,0.0,0.0,0.0,0.0,0.0,0.0,0.0,0.0,0.0
1784671585.584376,314752.4780174,0,0,8,0,0,53.207503,0.098,24.49777973778489,-92.04393294612552,175.573218629117,24.49777973778489,-89.44231870383342,-92.04393294612552,0.0,0.0,0.0,0.0,0.0,0.0,0.0,-24.49777973778489,0.0,0.0,92.04393294612552,0.0,0.0,0.0,0.0,0.0,0.0,0.0,0.0,0,0,24.49777973778489,-92.04393294612552,0.0,0.0,0.0,0.0,0.0,0.0,0.0,0.0,0.0,0.0,0.0,0.0,0.0,0.0,0.0,0.0,0.0,0.0,0.0,0.0,0.0,0.0,0.0,0.0,0.0,0.0,0.0,0.0,0.0
1784671585.5969086,314752.4905365,0,0,8,0,0,53.210015,0.205,24.301002118871036,-79.88134229921938,175.4727426442415,24.30100211887104,-74.7773484291685,-79.88134229921938,0.0,0.0,0.0,0.0,0.0,0.0,0.0,-24.301002118871036,0.0,0.0,79.88134229921938,0.0,0.0,0.0,0.0,0.0,0.0,0.0,0.0,0,0,24.301002118871036,-79.88134229921938,0.0,0.0,0.0,0.0,0.0,0.0,0.0,0.0,0.0,0.0,0.0,0.0,0.0,0.0,0.0,0.0,0.0,0.0,0.0,0.0,0.0,0.0,0.0,0.0,0.0,0.0,0.0,0.0,0.0
1784671585.5971928,314752.4908337,0,0,8,0,0,53.212503,0.292,24.131368169127164,-68.86908237590931,172.90947375206235,24.13136816912716,-64.0411201910934,-68.86908237590931,0.0,0.0,0.0,0.0,0.0,0.0,0.0,-24.131368169127164,0.0,0.0,68.86908237590931,0.0,0.0,0.0,0.0,0.0,0.0,0.0,0.0,0,0,24.131368169127164,-68.86908237590931,0.0,0.0,0.0,0.0,0.0,0.0,0.0,0.0,0.0,0.0,0.0,0.0,0.0,0.0,0.0,0.0,0.0,0.0,0.0,0.0,0.0,0.0,0.0,0.0,0.0,0.0,0.0,0.0,0.0
1784671585.5973473,314752.4909877,0,0,8,0,0,53.215001,0.391,23.98688602373825,-58.641617745151805,171.32737427965188,23.98688602373825,-54.14489025037382,-58.6416177451518,0.0,0.0,0.0,0.0,0.0,0.0,0.0,-23.98688602373825,0.0,0.0,58.641617745151805,0.0,0.0,0.0,0.0,0.0,0.0,0.0,0.0,0,0,23.98688602373825,-58.641617745151805,0.0,0.0,0.0,0.0,0.0,0.0,0.0,0.0,0.0,0.0,0.0,0.0,0.0,0.0,0.0,0.0,0.0,0.0,0.0,0.0,0.0,0.0,0.0,0.0,0.0,0.0,0.0,0.0,0.0
1784671585.597635,314752.4912755,0,0,8,0,0,53.217502,0.499,23.8658806430373,-49.100350665657466,172.46772959615816,23.8658806430373,-44.79115921002967,-49.100350665657466,0.0,0.0,0.0,0.0,0.0,0.0,0.0,-23.8658806430373,0.0,0.0,49.100350665657466,0.0,0.0,0.0,0.0,0.0,0.0,0.0,0.0,0,0,23.8658806430373,-49.100350665657466,0.0,0.0,0.0,0.0,0.0,0.0,0.0,0.0,0.0,0.0,0.0,0.0,0.0,0.0,0.0,0.0,0.0,0.0,0.0,0.0,0.0,0.0,0.0,0.0,0.0,0.0,0.0,0.0,0.0
1784671585.597949,314752.491589,0,0,8,0,0,53.220003,0.6,23.768383283291435,-38.99851042906904,174.1341799821044,23.768383283291435,-34.42243022704761,-38.99851042906904,0.0,0.0,0.0,0.0,0.0,0.0,0.0,-23.768383283291435,0.0,0.0,38.99851042906904,0.0,0.0,0.0,0.0,0.0,0.0,0.0,0.0,0,0,23.768383283291435,-38.99851042906904,0.0,0.0,0.0,0.0,0.0,0.0,0.0,0.0,0.0,0.0,0.0,0.0,0.0,0.0,0.0,0.0,0.0,0.0,0.0,0.0,0.0,0.0,0.0,0.0,0.0,0.0,0.0,0.0,0.0
1784671585.5983927,314752.49203,0,0,8,0,0,53.222519,0.7060000000000001,23.69993247962584,-27.5322710637118,173.49430820953532,23.69993247962584,-24.29870074746091,-27.532271063711804,0.0,0.0,0.0,0.0,0.0,0.0,0.0,-23.69993247962584,0.0,0.0,27.5322710637118,0.0,0.0,0.0,0.0,0.0,0.0,0.0,0.0,0,0,23.69993247962584,-27.5322710637118,0.0,0.0,0.0,0.0,0.0,0.0,0.0,0.0,0.0,0.0,0.0,0.0,0.0,0.0,0.0,0.0,0.0,0.0,0.0,0.0,0.0,0.0,0.0,0.0,0.0,0.0,0.0,0.0,0.0
1784671585.6010025,314752.4946422,0,0,8,0,0,53.225002,0.785,23.65461329898242,-16.30492590455407,172.59237594348716,23.65461329898242,-10.10622951505846,-16.304925904554075,0.0,0.0,0.0,0.0,0.0,0.0,0.0,-23.65461329898242,0.0,0.0,16.30492590455407,0.0,0.0,0.0,0.0,0.0,0.0,0.0,0.0,0,0,23.65461329898242,-16.30492590455407,0.0,0.0,0.0,0.0,0.0,0.0,0.0,0.0,0.0,0.0,0.0,0.0,0.0,0.0,0.0,0.0,0.0,0.0,0.0,0.0,0.0,0.0,0.0,0.0,0.0,0.0,0.0,0.0,0.0
1784671585.6041844,314752.4978236,0,0,8,0,0,53.227503,0.886,23.63433364775881,-8.071830952334233,173.5667055770949,23.63433364775881,-5.731238382998521,-8.071830952334233,0.0,0.0,0.0,0.0,0.0,0.0,0.0,-23.63433364775881,0.0,0.0,8.071830952334233,0.0,0.0,0.0,0.0,0.0,0.0,0.0,0.0,0,0,23.63433364775881,-8.071830952334233,0.0,0.0,0.0,0.0,0.0,0.0,0.0,0.0,0.0,0.0,0.0,0.0,0.0,0.0,0.0,0.0,0.0,0.0,0.0,0.0,0.0,0.0,0.0,0.0,0.0,0.0,0.0,0.0,0.0
1784671585.6079333,314752.5015723,0,0,8,0,0,53.230003,0.993,23.63437879702984,2.5046773548657497,173.8716707805045,23.63437879702984,8.627482512422201,2.50467735486575,0.0,0.0,0.0,0.0,0.0,0.0,0.0,-23.63437879702984,0.0,0.0,-2.5046773548657497,0.0,0.0,0.0,0.0,0.0,0.0,0.0,0.0,0,0,23.63437879702984,2.5046773548657497,0.0,0.0,0.0,0.0,0.0,0.0,0.0,0.0,0.0,0.0,0.0,0.0,0.0,0.0,0.0,0.0,0.0,0.0,0.0,0.0,0.0,0.0,0.0,0.0,0.0,0.0,0.0,0.0,0.0
1784671585.6083918,314752.5020322,0,0,8,0,0,53.232503,1.093,23.66212183938843,13.06453773896487,173.11727126959107,23.662121839388437,17.421214687862683,13.064537738964868,0.0,0.0,0.0,0.0,0.0,0.0,0.0,-23.66212183938843,0.0,0.0,-13.06453773896487,0.0,0.0,0.0,0.0,0.0,0.0,0.0,0.0,0,0,23.66212183938843,13.06453773896487,0.0,0.0,0.0,0.0,0.0,0.0,0.0,0.0,0.0,0.0,0.0,0.0,0.0,0.0,0.0,0.0,0.0,0.0,0.0,0.0,0.0,0.0,0.0,0.0,0.0,0.0,0.0,0.0,0.0
1784671585.6108863,314752.504524,0,0,8,0,0,53.235001,1.1900000000000002,23.712231811070826,22.056770572770677,170.38600426871824,23.712231811070826,25.908697484058965,22.056770572770677,0.0,0.0,0.0,0.0,0.0,0.0,0.0,-23.712231811070826,0.0,0.0,-22.056770572770677,0.0,0.0,0.0,0.0,0.0,0.0,0.0,0.0,0,0,23.712231811070826,22.056770572770677,0.0,0.0,0.0,0.0,0.0,0.0,0.0,0.0,0.0,0.0,0.0,0.0,0.0,0.0,0.0,0.0,0.0,0.0,0.0,0.0,0.0,0.0,0.0,0.0,0.0,0.0,0.0,0.0,0.0
1784671585.614669,314752.5083064,0,0,8,0,0,53.237502,0.088,23.824670110996145,34.24733661134539,169.07112831774066,23.824670110996145,37.77367343420553,34.24733661134539,0.0,0.0,0.0,0.0,0.0,0.0,0.0,-23.824670110996145,0.0,0.0,-34.24733661134539,0.0,0.0,0.0,0.0,0.0,0.0,0.0,0.0,0,0,23.824670110996145,34.24733661134539,0.0,0.0,0.0,0.0,0.0,0.0,0.0,0.0,0.0,0.0,0.0,0.0,0.0,0.0,0.0,0.0,0.0,0.0,0.0,0.0,0.0,0.0,0.0,0.0,0.0,0.0,0.0,0.0,0.0
1784671585.6163447,314752.5099857,0,0,8,0,0,53.240026,0.208,23.92339792267405,42.107627614322446,167.9816431132387,23.92339792267405,45.631157507385176,42.107627614322446,0.0,0.0,0.0,0.0,0.0,0.0,0.0,-23.92339792267405,0.0,0.0,-42.107627614322446,0.0,0.0,0.0,0.0,0.0,0.0,0.0,0.0,0,0,23.92339792267405,42.107627614322446,0.0,0.0,0.0,0.0,0.0,0.0,0.0,0.0,0.0,0.0,0.0,0.0,0.0,0.0,0.0,0.0,0.0,0.0,0.0,0.0,0.0,0.0,0.0,0.0,0.0,0.0,0.0,0.0,0.0
1784671585.6211538,314752.5147922,0,0,8,0,0,53.242502,0.2799999999999999,24.04070304144544,49.73870954909639,166.67245166223125,24.040703041445443,53.07739241415119,49.738709549096384,0.0,0.0,0.0,0.0,0.0,0.0,0.0,-24.04070304144544,0.0,0.0,-49.73870954909639,0.0,0.0,0.0,0.0,0.0,0.0,0.0,0.0,0,0,24.04070304144544,49.73870954909639,0.0,0.0,0.0,0.0,0.0,0.0,0.0,0.0,0.0,0.0,0.0,0.0,0.0,0.0,0.0,0.0,0.0,0.0,0.0,0.0,0.0,0.0,0.0,0.0,0.0,0.0,0.0,0.0,0.0
1784671585.6215196,314752.5151599,0,0,8,0,0,53.245001,0.368,24.178789636286957,59.18463021042566,165.8785710766823,24.17878963628696,64.21611983637581,59.18463021042566,0.0,0.0,0.0,0.0,0.0,0.0,0.0,-24.178789636286957,0.0,0.0,-59.18463021042566,0.0,0.0,0.0,0.0,0.0,0.0,0.0,0.0,0,0,24.178789636286957,59.18463021042566,0.0,0.0,0.0,0.0,0.0,0.0,0.0,0.0,0.0,0.0,0.0,0.0,0.0,0.0,0.0,0.0,0.0,0.0,0.0,0.0,0.0,0.0,0.0,0.0,0.0,0.0,0.0,0.0,0.0
1784671585.6233964,314752.5170333,0,0,8,0,0,53.247503,0.48,24.33256581845833,64.95475667485746,164.94262851603688,24.33256581845833,67.733612706552,64.95475667485746,0.0,0.0,0.0,0.0,0.0,0.0,0.0,-24.33256581845833,0.0,0.0,-64.95475667485746,0.0,0.0,0.0,0.0,0.0,0.0,0.0,0.0,0,0,24.33256581845833,64.95475667485746,0.0,0.0,0.0,0.0,0.0,0.0,0.0,0.0,0.0,0.0,0.0,0.0,0.0,0.0,0.0,0.0,0.0,0.0,0.0,0.0,0.0,0.0,0.0,0.0,0.0,0.0,0.0,0.0,0.0
1784671585.625924,314752.519562,0,0,8,0,0,53.250003,0.584,24.50511880246457,73.82168543386618,164.47547431376455,24.50511880246457,78.73234041255068,73.82168543386618,0.0,0.0,0.0,0.0,0.0,0.0,0.0,-24.50511880246457,0.0,0.0,-73.82168543386618,0.0,0.0,0.0,0.0,0.0,0.0,0.0,0.0,0,0,24.50511880246457,73.82168543386618,0.0,0.0,0.0,0.0,0.0,0.0,0.0,0.0,0.0,0.0,0.0,0.0,0.0,0.0,0.0,0.0,0.0,0.0,0.0,0.0,0.0,0.0,0.0,0.0,0.0,0.0,0.0,0.0,0.0
1784671585.6286638,314752.522301,0,0,8,0,0,53.25252,0.703,24.69649550850648,81.45465112122646,164.1184795595807,24.69649550850648,86.16107535478847,81.45465112122645,0.0,0.0,0.0,0.0,0.0,0.0,0.0,-24.69649550850648,0.0,0.0,-81.45465112122646,0.0,0.0,0.0,0.0,0.0,0.0,0.0,0.0,0,0,24.69649550850648,81.45465112122646,0.0,0.0,0.0,0.0,0.0,0.0,0.0,0.0,0.0,0.0,0.0,0.0,0.0,0.0,0.0,0.0,0.0,0.0,0.0,0.0,0.0,0.0,0.0,0.0,0.0,0.0,0.0,0.0,0.0
1784671585.631785,314752.5254227,0,0,8,0,0,53.254985,0.767,24.909941341226013,90.03354797992162,164.53640057867364,24.909941341226013,93.72981001325216,90.03354797992161,0.0,0.0,0.0,0.0,0.0,0.0,0.0,-24.909941341226013,0.0,0.0,-90.03354797992162,0.0,0.0,0.0,0.0,0.0,0.0,0.0,0.0,0,0,24.909941341226013,90.03354797992162,0.0,0.0,0.0,0.0,0.0,0.0,0.0,0.0,0.0,0.0,0.0,0.0,0.0,0.0,0.0,0.0,0.0,0.0,0.0,0.0,0.0,0.0,0.0,0.0,0.0,0.0,0.0,0.0,0.0
1784671585.6338856,314752.5275242,0,0,8,0,0,53.257504,0.8809999999999999,25.143330490005347,98.1292141015815,165.05811451614778,25.143330490005344,101.72729380265774,98.12921410158152,0.0,0.0,0.0,0.0,0.0,0.0,0.0,-25.143330490005347,0.0,0.0,-98.1292141015815,0.0,0.0,0.0,0.0,0.0,0.0,0.0,0.0,0,0,25.143330490005347,98.1292141015815,0.0,0.0,0.0,0.0,0.0,0.0,0.0,0.0,0.0,0.0,0.0,0.0,0.0,0.0,0.0,0.0,0.0,0.0,0.0,0.0,0.0,0.0,0.0,0.0,0.0,0.0,0.0,0.0,0.0
1784671585.6364937,314752.5301303,0,0,8,0,0,53.260004,0.985,25.39590316643154,106.59776818069685,164.68969279372874,25.39590316643154,110.3897762441364,106.59776818069685,0.0,0.0,0.0,0.0,0.0,0.0,0.0,-25.39590316643154,0.0,0.0,-106.59776818069685,0.0,0.0,0.0,0.0,0.0,0.0,0.0,0.0,0,0,25.39590316643154,106.59776818069685,0.0,0.0,0.0,0.0,0.0,0.0,0.0,0.0,0.0,0.0,0.0,0.0,0.0,0.0,0.0,0.0,0.0,0.0,0.0,0.0,0.0,0.0,0.0,0.0,0.0,0.0,0.0,0.0,0.0
1784671585.6388965,314752.5325339,0,0,8,0,0,53.262503,1.08,25.669575101959747,114.98566116452037,162.89865015670287,25.669575101959747,118.69350941278618,114.98566116452037,0.0,0.0,0.0,0.0,0.0,0.0,0.0,-25.669575101959747,0.0,0.0,-114.98566116452037,0.0,0.0,0.0,0.0,0.0,0.0,0.0,0.0,0,0,25.669575101959747,114.98566116452037,0.0,0.0,0.0,0.0,0.0,0.0,0.0,0.0,0.0,0.0,0.0,0.0,0.0,0.0,0.0,0.0,0.0,0.0,0.0,0.0,0.0,0.0,0.0,0.0,0.0,0.0,0.0,0.0,0.0
1784671585.641492,314752.5351294,0,0,8,0,0,53.265011,1.189,25.96393193497752,124.53683833770386,162.55862953660497,25.96393193497752,129.54348742029484,124.53683833770384,0.0,0.0,0.0,0.0,0.0,0.0,0.0,-25.96393193497752,0.0,0.0,-124.53683833770386,0.0,0.0,0.0,0.0,0.0,0.0,0.0,0.0,0,0,25.96393193497752,124.53683833770386,0.0,0.0,0.0,0.0,0.0,0.0,0.0,0.0,0.0,0.0,0.0,0.0,0.0,0.0,0.0,0.0,0.0,0.0,0.0,0.0,0.0,0.0,0.0,0.0,0.0,0.0,0.0,0.0,0.0
1784671585.6469295,314752.5405673,0,0,8,0,0,53.267504,0.073,26.44193263702309,134.90574004866843,166.39399285488224,26.44193263702309,137.09472211423028,134.90574004866843,0.0,0.0,0.0,0.0,0.0,0.0,0.0,-26.44193263702309,0.0,0.0,-134.90574004866843,0.0,0.0,0.0,0.0,0.0,0.0,0.0,0.0,0,0,26.44193263702309,134.90574004866843,0.0,0.0,0.0,0.0,0.0,0.0,0.0,0.0,0.0,0.0,0.0,0.0,0.0,0.0,0.0,0.0,0.0,0.0,0.0,0.0,0.0,0.0,0.0,0.0,0.0,0.0,0.0,0.0,0.0
1784671585.647154,314752.5407951,0,0,8,0,0,53.270002,0.1689999999999999,26.78303922972857,142.24039498516265,165.08857698620264,26.78303922972857,144.3222074643933,142.24039498516265,0.0,0.0,0.0,0.0,0.0,0.0,0.0,-26.78303922972857,0.0,0.0,-142.24039498516265,0.0,0.0,0.0,0.0,0.0,0.0,0.0,0.0,0,0,26.78303922972857,142.24039498516265,0.0,0.0,0.0,0.0,0.0,0.0,0.0,0.0,0.0,0.0,0.0,0.0,0.0,0.0,0.0,0.0,0.0,0.0,0.0,0.0,0.0,0.0,0.0,0.0,0.0,0.0,0.0,0.0,0.0
1784671585.649329,314752.542968,0,0,8,0,0,53.272504,0.27,27.141551167762863,150.17199853661197,164.03112725304484,27.141551167762863,153.35218916096505,150.17199853661197,0.0,0.0,0.0,0.0,0.0,0.0,0.0,-27.141551167762863,0.0,0.0,-150.17199853661197,0.0,0.0,0.0,0.0,0.0,0.0,0.0,0.0,0,0,27.141551167762863,150.17199853661197,0.0,0.0,0.0,0.0,0.0,0.0,0.0,0.0,0.0,0.0,0.0,0.0,0.0,0.0,0.0,0.0,0.0,0.0,0.0,0.0,0.0,0.0,0.0,0.0,0.0,0.0,0.0,0.0,0.0
1784671585.651521,314752.5451594,0,0,8,0,0,53.275002,0.368,27.51541579011691,156.3453365363135,165.05747003157182,27.515415790116915,159.03092765037883,156.3453365363135,0.0,0.0,0.0,0.0,0.0,0.0,0.0,-27.51541579011691,0.0,0.0,-156.3453365363135,0.0,0.0,0.0,0.0,0.0,0.0,0.0,0.0,0,0,27.51541579011691,156.3453365363135,0.0,0.0,0.0,0.0,0.0,0.0,0.0,0.0,0.0,0.0,0.0,0.0,0.0,0.0,0.0,0.0,0.0,0.0,0.0,0.0,0.0,0.0,0.0,0.0,0.0,0.0,0.0,0.0,0.0
1784671585.653207,314752.5468479,0,0,8,0,0,53.277503,0.465,27.90478285616416,162.60178884506462,165.24086776709242,27.90478285616416,165.4009147386581,162.60178884506465,0.0,0.0,0.0,0.0,0.0,0.0,0.0,-27.90478285616416,0.0,0.0,-162.60178884506462,0.0,0.0,0.0,0.0,0.0,0.0,0.0,0.0,0,0,27.90478285616416,162.60178884506462,0.0,0.0,0.0,0.0,0.0,0.0,0.0,0.0,0.0,0.0,0.0,0.0,0.0,0.0,0.0,0.0,0.0,0.0,0.0,0.0,0.0,0.0,0.0,0.0,0.0,0.0,0.0,0.0,0.0
1784671585.656319,314752.5499582,0,0,8,0,0,53.280005,0.5770000000000001,28.307180129081043,169.03659490610607,162.3548610128938,28.307180129081043,171.92840150769152,169.03659490610607,0.0,0.0,0.0,0.0,0.0,0.0,0.0,-28.307180129081043,0.0,0.0,-169.03659490610607,0.0,0.0,0.0,0.0,0.0,0.0,0.0,0.0,0,0,28.307180129081043,169.03659490610607,0.0,0.0,0.0,0.0,0.0,0.0,0.0,0.0,0.0,0.0,0.0,0.0,0.0,0.0,0.0,0.0,0.0,0.0,0.0,0.0,0.0,0.0,0.0,0.0,0.0,0.0,0.0,0.0,0.0
1784671585.6590128,314752.552651,0,0,8,0,0,53.282502,0.674,28.72520843551944,174.5482969292794,159.44220626532965,28.72520843551944,176.92464138050397,174.5482969292794,0.0,0.0,0.0,0.0,0.0,0.0,0.0,-28.72520843551944,0.0,0.0,-174.5482969292794,0.0,0.0,0.0,0.0,0.0,0.0,0.0,0.0,0,0,28.72520843551944,174.5482969292794,0.0,0.0,0.0,0.0,0.0,0.0,0.0,0.0,0.0,0.0,0.0,0.0,0.0,0.0,0.0,0.0,0.0,0.0,0.0,0.0,0.0,0.0,0.0,0.0,0.0,0.0,0.0,0.0,0.0
1784671585.6615489,314752.555187,0,0,8,0,0,53.285002,0.771,29.15693698707003,180.563862447766,161.22480628426985,29.156936987070026,183.8458773514228,180.563862447766,0.0,0.0,0.0,0.0,0.0,0.0,0.0,-29.15693698707003,0.0,0.0,-180.563862447766,0.0,0.0,0.0,0.0,0.0,0.0,0.0,0.0,0,0,29.15693698707003,180.563862447766,0.0,0.0,0.0,0.0,0.0,0.0,0.0,0.0,0.0,0.0,0.0,0.0,0.0,0.0,0.0,0.0,0.0,0.0,0.0,0.0,0.0,0.0,0.0,0.0,0.0,0.0,0.0,0.0,0.0
1784671585.6634214,314752.5570589,0,0,8,0,0,53.287503,0.8720000000000001,29.60175852455624,186.5160569760454,165.0359408318568,29.60175852455624,190.28586429781504,186.5160569760454,0.0,0.0,0.0,0.0,0.0,0.0,0.0,-29.60175852455624,0.0,0.0,-186.5160569760454,0.0,0.0,0.0,0.0,0.0,0.0,0.0,0.0,0,0,29.60175852455624,186.5160569760454,0.0,0.0,0.0,0.0,0.0,0.0,0.0,0.0,0.0,0.0,0.0,0.0,0.0,0.0,0.0,0.0,0.0,0.0,0.0,0.0,0.0,0.0,0.0,0.0,0.0,0.0,0.0,0.0,0.0
1784671585.6659875,314752.5596253,0,0,8,0,0,53.290003,0.97,30.06159416691736,192.49255605119285,164.0988218246241,30.06159416691736,196.0433526276059,192.49255605119285,0.0,0.0,0.0,0.0,0.0,0.0,0.0,-30.06159416691736,0.0,0.0,-192.49255605119285,0.0,0.0,0.0,0.0,0.0,0.0,0.0,0.0,0,0,30.06159416691736,192.49255605119285,0.0,0.0,0.0,0.0,0.0,0.0,0.0,0.0,0.0,0.0,0.0,0.0,0.0,0.0,0.0,0.0,0.0,0.0,0.0,0.0,0.0,0.0,0.0,0.0,0.0,0.0,0.0,0.0,0.0
1784671585.6683297,314752.561968,0,0,8,0,0,53.292504,1.07,30.534502105340646,197.67559237451255,160.8476938136091,30.534502105340643,200.61959335174063,197.67559237451255,0.0,0.0,0.0,0.0,0.0,0.0,0.0,-30.534502105340646,0.0,0.0,-197.67559237451255,0.0,0.0,0.0,0.0,0.0,0.0,0.0,0.0,0,0,30.534502105340646,197.67559237451255,0.0,0.0,0.0,0.0,0.0,0.0,0.0,0.0,0.0,0.0,0.0,0.0,0.0,0.0,0.0,0.0,0.0,0.0,0.0,0.0,0.0,0.0,0.0,0.0,0.0,0.0,0.0,0.0,0.0
1784671585.6785052,314752.5721434,0,0,8,0,0,53.295002,1.168,31.01959799696992,203.1829284713089,162.5931252054242,31.01959799696992,206.7708308834169,203.1829284713089,0.0,0.0,0.0,0.0,0.0,0.0,0.0,-31.01959799696992,0.0,0.0,-203.1829284713089,0.0,0.0,0.0,0.0,0.0,0.0,0.0,0.0,0,0,31.01959799696992,203.1829284713089,0.0,0.0,0.0,0.0,0.0,0.0,0.0,0.0,0.0,0.0,0.0,0.0,0.0,0.0,0.0,0.0,0.0,0.0,0.0,0.0,0.0,0.0,0.0,0.0,0.0,0.0,0.0,0.0,0.0
1784671585.6806412,314752.574279,0,0,8,0,0,53.297503,0.057,31.787298484434054,215.8802151232683,164.15222784619093,31.787298484434054,219.65955475846548,215.8802151232683,0.0,0.0,0.0,0.0,0.0,0.0,0.0,-31.787298484434054,0.0,0.0,-215.8802151232683,0.0,0.0,0.0,0.0,0.0,0.0,0.0,0.0,0,0,31.787298484434054,215.8802151232683,0.0,0.0,0.0,0.0,0.0,0.0,0.0,0.0,0.0,0.0,0.0,0.0,0.0,0.0,0.0,0.0,0.0,0.0,0.0,0.0,0.0,0.0,0.0,0.0,0.0,0.0,0.0,0.0,0.0
1784671585.6810849,314752.5747239,0,0,8,0,0,53.300003,0.16,32.319042036413066,222.2372181811062,156.704262425884,32.319042036413066,224.62079470222145,222.2372181811062,0.0,0.0,0.0,0.0,0.0,0.0,0.0,-32.319042036413066,0.0,0.0,-222.2372181811062,0.0,0.0,0.0,0.0,0.0,0.0,0.0,0.0,0,0,32.319042036413066,222.2372181811062,0.0,0.0,0.0,0.0,0.0,0.0,0.0,0.0,0.0,0.0,0.0,0.0,0.0,0.0,0.0,0.0,0.0,0.0,0.0,0.0,0.0,0.0,0.0,0.0,0.0,0.0,0.0,0.0,0.0
1784671585.681453,314752.5750925,0,0,8,0,0,53.302502,0.257,32.862703798574984,226.4829144528128,164.3740531270136,32.862703798574984,228.40953702258537,226.4829144528128,0.0,0.0,0.0,0.0,0.0,0.0,0.0,-32.862703798574984,0.0,0.0,-226.4829144528128,0.0,0.0,0.0,0.0,0.0,0.0,0.0,0.0,0,0,32.862703798574984,226.4829144528128,0.0,0.0,0.0,0.0,0.0,0.0,0.0,0.0,0.0,0.0,0.0,0.0,0.0,0.0,0.0,0.0,0.0,0.0,0.0,0.0,0.0,0.0,0.0,0.0,0.0,0.0,0.0,0.0,0.0
1784671585.6817188,314752.57536,0,0,8,0,0,53.305003,0.355,33.42021687406762,232.86430436832435,170.0598702102505,33.42021687406763,236.0570215214261,232.86430436832435,0.0,0.0,0.0,0.0,0.0,0.0,0.0,-33.42021687406762,0.0,0.0,-232.86430436832435,0.0,0.0,0.0,0.0,0.0,0.0,0.0,0.0,0,0,33.42021687406762,232.86430436832435,0.0,0.0,0.0,0.0,0.0,0.0,0.0,0.0,0.0,0.0,0.0,0.0,0.0,0.0,0.0,0.0,0.0,0.0,0.0,0.0,0.0,0.0,0.0,0.0,0.0,0.0,0.0,0.0,0.0
1784671585.68328,314752.5769174,0,0,8,0,0,53.307502,0.464,33.99421217958632,241.87478813722947,169.18542864559927,33.99421217958631,246.62700009648293,241.87478813722944,0.0,0.0,0.0,0.0,0.0,0.0,0.0,-33.99421217958632,0.0,0.0,-241.87478813722947,0.0,0.0,0.0,0.0,0.0,0.0,0.0,0.0,0,0,33.99421217958632,241.87478813722947,0.0,0.0,0.0,0.0,0.0,0.0,0.0,0.0,0.0,0.0,0.0,0.0,0.0,0.0,0.0,0.0,0.0,0.0,0.0,0.0,0.0,0.0,0.0,0.0,0.0,0.0,0.0,0.0,0.0
1784671585.6861165,314752.5797556,0,0,8,0,0,53.310002,0.55,34.58958157883442,246.98119255586792,164.26274915232588,34.58958157883442,249.26074475798305,246.98119255586792,0.0,0.0,0.0,0.0,0.0,0.0,0.0,-34.58958157883442,0.0,0.0,-246.98119255586792,0.0,0.0,0.0,0.0,0.0,0.0,0.0,0.0,0,0,34.58958157883442,246.98119255586792,0.0,0.0,0.0,0.0,0.0,0.0,0.0,0.0,0.0,0.0,0.0,0.0,0.0,0.0,0.0,0.0,0.0,0.0,0.0,0.0,0.0,0.0,0.0,0.0,0.0,0.0,0.0,0.0,0.0
1784671585.6885307,314752.5821715,0,0,8,0,0,53.312504,0.6629999999999999,35.19148366565927,252.72002712403645,164.6309797153505,35.19148366565927,255.8144814738088,252.72002712403648,0.0,0.0,0.0,0.0,0.0,0.0,0.0,-35.19148366565927,0.0,0.0,-252.72002712403645,0.0,0.0,0.0,0.0,0.0,0.0,0.0,0.0,0,0,35.19148366565927,252.72002712403645,0.0,0.0,0.0,0.0,0.0,0.0,0.0,0.0,0.0,0.0,0.0,0.0,0.0,0.0,0.0,0.0,0.0,0.0,0.0,0.0,0.0,0.0,0.0,0.0,0.0,0.0,0.0,0.0,0.0
1784671585.702388,314752.596025,0,0,8,0,0,53.315004,0.762,35.80907587880823,258.24968658836593,169.82515610818908,35.80907587880823,261.77321939567446,258.24968658836593,0.0,0.0,0.0,0.0,0.0,0.0,0.0,-35.80907587880823,0.0,0.0,-258.24968658836593,0.0,0.0,0.0,0.0,0.0,0.0,0.0,0.0,0,0,35.80907587880823,258.24968658836593,0.0,0.0,0.0,0.0,0.0,0.0,0.0,0.0,0.0,0.0,0.0,0.0,0.0,0.0,0.0,0.0,0.0,0.0,0.0,0.0,0.0,0.0,0.0,0.0,0.0,0.0,0.0,0.0,0.0
1784671585.702643,314752.5962821,0,0,8,0,0,53.317503,0.858,36.44437694690947,265.0012993335908,168.80488857370003,36.44437694690947,267.78445721112485,265.0012993335908,0.0,0.0,0.0,0.0,0.0,0.0,0.0,-36.44437694690947,0.0,0.0,-265.0012993335908,0.0,0.0,0.0,0.0,0.0,0.0,0.0,0.0,0,0,36.44437694690947,265.0012993335908,0.0,0.0,0.0,0.0,0.0,0.0,0.0,0.0,0.0,0.0,0.0,0.0,0.0,0.0,0.0,0.0,0.0,0.0,0.0,0.0,0.0,0.0,0.0,0.0,0.0,0.0,0.0,0.0,0.0
1784671585.7028084,314752.596449,0,0,8,0,0,53.320002,0.958,37.09109289615563,269.6247743468181,163.4410728004531,37.09109289615562,271.3894499039422,269.6247743468181,0.0,0.0,0.0,0.0,0.0,0.0,0.0,-37.09109289615563,0.0,0.0,-269.6247743468181,0.0,0.0,0.0,0.0,0.0,0.0,0.0,0.0,0,0,37.09109289615563,269.6247743468181,0.0,0.0,0.0,0.0,0.0,0.0,0.0,0.0,0.0,0.0,0.0,0.0,0.0,0.0,0.0,0.0,0.0,0.0,0.0,0.0,0.0,0.0,0.0,0.0,0.0,0.0,0.0,0.0,0.0
1784671585.7029405,314752.5965812,0,0,8,0,0,53.322503,1.055,37.7488489065975,273.73820861397127,166.6088008003849,37.7488489065975,275.64194128430444,273.73820861397127,0.0,0.0,0.0,0.0,0.0,0.0,0.0,-37.7488489065975,0.0,0.0,-273.73820861397127,0.0,0.0,0.0,0.0,0.0,0.0,0.0,0.0,0,0,37.7488489065975,273.73820861397127,0.0,0.0,0.0,0.0,0.0,0.0,0.0,0.0,0.0,0.0,0.0,0.0,0.0,0.0,0.0,0.0,0.0,0.0,0.0,0.0,0.0,0.0,0.0,0.0,0.0,0.0,0.0,0.0,0.0
1784671585.7030745,314752.5967155,0,0,8,0,0,53.325003,1.158,38.41666032273411,279.1256745856566,166.57995740441118,38.41666032273411,281.74067892239606,279.1256745856566,0.0,0.0,0.0,0.0,0.0,0.0,0.0,-38.41666032273411,0.0,0.0,-279.1256745856566,0.0,0.0,0.0,0.0,0.0,0.0,0.0,0.0,0,0,38.41666032273411,279.1256745856566,0.0,0.0,0.0,0.0,0.0,0.0,0.0,0.0,0.0,0.0,0.0,0.0,0.0,0.0,0.0,0.0,0.0,0.0,0.0,0.0,0.0,0.0,0.0,0.0,0.0,0.0,0.0,0.0,0.0
1784671585.7038505,314752.5974916,0,0,8,0,0,53.327505,0.049,39.44437358731982,285.17645277094925,166.83377533864746,39.44437358731982,286.15066998351244,285.1764527709493,0.0,0.0,0.0,0.0,0.0,0.0,0.0,-39.44437358731982,0.0,0.0,-285.17645277094925,0.0,0.0,0.0,0.0,0.0,0.0,0.0,0.0,0,0,39.44437358731982,285.17645277094925,0.0,0.0,0.0,0.0,0.0,0.0,0.0,0.0,0.0,0.0,0.0,0.0,0.0,0.0,0.0,0.0,0.0,0.0,0.0,0.0,0.0,0.0,0.0,0.0,0.0,0.0,0.0,0.0,0.0
1784671585.7059188,314752.5995568,0,0,8,0,0,53.330002,0.148,40.13284973429492,286.35019562855325,165.3951136150778,40.13284973429492,286.68441890162376,286.3501956285532,0.0,0.0,0.0,0.0,0.0,0.0,0.0,-40.13284973429492,0.0,0.0,-286.35019562855325,0.0,0.0,0.0,0.0,0.0,0.0,0.0,0.0,0,0,40.13284973429492,286.35019562855325,0.0,0.0,0.0,0.0,0.0,0.0,0.0,0.0,0.0,0.0,0.0,0.0,0.0,0.0,0.0,0.0,0.0,0.0,0.0,0.0,0.0,0.0,0.0,0.0,0.0,0.0,0.0,0.0,0.0
1784671585.708449,314752.6020872,0,0,8,0,0,53.332504,0.247,40.82373903249944,286.6105745277753,167.70494415032357,40.82373903249944,286.68441890162376,286.6105745277753,0.0,0.0,0.0,0.0,0.0,0.0,0.0,-40.82373903249944,0.0,0.0,-286.6105745277753,0.0,0.0,0.0,0.0,0.0,0.0,0.0,0.0,0,0,40.82373903249944,286.6105745277753,0.0,0.0,0.0,0.0,0.0,0.0,0.0,0.0,0.0,0.0,0.0,0.0,0.0,0.0,0.0,0.0,0.0,0.0,0.0,0.0,0.0,0.0,0.0,0.0,0.0,0.0,0.0,0.0,0.0
1784671585.7108178,314752.6044569,0,0,8,0,0,53.335003,0.342,41.51513237267289,286.6681137342441,172.9567957509176,41.51513237267289,286.68441890162376,286.6681137342441,0.0,0.0,0.0,0.0,0.0,0.0,0.0,-41.51513237267289,0.0,0.0,-286.6681137342441,0.0,0.0,0.0,0.0,0.0,0.0,0.0,0.0,0,0,41.51513237267289,286.6681137342441,0.0,0.0,0.0,0.0,0.0,0.0,0.0,0.0,0.0,0.0,0.0,0.0,0.0,0.0,0.0,0.0,0.0,0.0,0.0,0.0,0.0,0.0,0.0,0.0,0.0,0.0,0.0,0.0,0.0
1784671585.7134526,314752.6070904,0,0,8,0,0,53.337504,0.4519999999999999,42.20283433079256,286.68078912007235,170.06659829375278,42.20283433079256,286.68441890162376,286.68078912007235,0.0,0.0,0.0,0.0,0.0,0.0,0.0,-42.20283433079256,0.0,0.0,-286.68078912007235,0.0,0.0,0.0,0.0,0.0,0.0,0.0,0.0,0,0,42.20283433079256,286.68078912007235,0.0,0.0,0.0,0.0,0.0,0.0,0.0,0.0,0.0,0.0,0.0,0.0,0.0,0.0,0.0,0.0,0.0,0.0,0.0,0.0,0.0,0.0,0.0,0.0,0.0,0.0,0.0,0.0,0.0
1784671585.7160296,314752.6096667,0,0,8,0,0,53.340003,0.5429999999999999,42.89543645687751,286.6836194414438,171.13793220949904,42.89543645687751,286.68441890162376,286.6836194414438,0.0,0.0,0.0,0.0,0.0,0.0,0.0,-42.89543645687751,0.0,0.0,-286.6836194414438,0.0,0.0,0.0,0.0,0.0,0.0,0.0,0.0,0,0,42.89543645687751,286.6836194414438,0.0,0.0,0.0,0.0,0.0,0.0,0.0,0.0,0.0,0.0,0.0,0.0,0.0,0.0,0.0,0.0,0.0,0.0,0.0,0.0,0.0,0.0,0.0,0.0,0.0,0.0,0.0,0.0,0.0
1784671585.7192054,314752.6128416,0,0,8,0,0,53.342503,0.6489999999999999,43.58401416097907,286.68424126462014,169.36445002782835,43.58401416097907,286.68441890162376,286.68424126462014,0.0,0.0,0.0,0.0,0.0,0.0,0.0,-43.58401416097907,0.0,0.0,-286.68424126462014,0.0,0.0,0.0,0.0,0.0,0.0,0.0,0.0,0,0,43.58401416097907,286.68424126462014,0.0,0.0,0.0,0.0,0.0,0.0,0.0,0.0,0.0,0.0,0.0,0.0,0.0,0.0,0.0,0.0,0.0,0.0,0.0,0.0,0.0,0.0,0.0,0.0,0.0,0.0,0.0,0.0,0.0
1784671585.7238028,314752.6174405,0,0,8,0,0,53.345005,0.751,44.27431813944977,286.6843795798781,168.07735049624824,44.274318139449775,286.68441890162376,286.6843795798781,0.0,0.0,0.0,0.0,0.0,0.0,0.0,-44.27431813944977,0.0,0.0,-286.6843795798781,0.0,0.0,0.0,0.0,0.0,0.0,0.0,0.0,0,0,44.27431813944977,286.6843795798781,0.0,0.0,0.0,0.0,0.0,0.0,0.0,0.0,0.0,0.0,0.0,0.0,0.0,0.0,0.0,0.0,0.0,0.0,0.0,0.0,0.0,0.0,0.0,0.0,0.0,0.0,0.0,0.0,0.0
1784671585.7277086,314752.6213466,0,0,8,0,0,53.347503,0.846,44.96548511220374,286.68441021374974,168.57884581107362,44.96548511220374,286.68441890162376,286.68441021374974,0.0,0.0,0.0,0.0,0.0,0.0,0.0,-44.96548511220374,0.0,0.0,-286.68441021374974,0.0,0.0,0.0,0.0,0.0,0.0,0.0,0.0,0,0,44.96548511220374,286.68441021374974,0.0,0.0,0.0,0.0,0.0,0.0,0.0,0.0,0.0,0.0,0.0,0.0,0.0,0.0,0.0,0.0,0.0,0.0,0.0,0.0,0.0,0.0,0.0,0.0,0.0,0.0,0.0,0.0,0.0
1784671585.7280462,314752.6216847,0,0,8,0,0,53.350003,0.945,45.65607685729158,286.684416979683,164.6715896458236,45.65607685729158,286.68441890162376,286.684416979683,0.0,0.0,0.0,0.0,0.0,0.0,0.0,-45.65607685729158,0.0,0.0,-286.684416979683,0.0,0.0,0.0,0.0,0.0,0.0,0.0,0.0,0,0,45.65607685729158,286.684416979683,0.0,0.0,0.0,0.0,0.0,0.0,0.0,0.0,0.0,0.0,0.0,0.0,0.0,0.0,0.0,0.0,0.0,0.0,0.0,0.0,0.0,0.0,0.0,0.0,0.0,0.0,0.0,0.0,0.0
1784671585.729133,314752.6227692,0,0,8,0,0,53.352503,1.054,46.34379234257566,286.6844184737701,171.23300067075638,46.34379234257566,286.68441890162376,286.6844184737701,0.0,0.0,0.0,0.0,0.0,0.0,0.0,-46.34379234257566,0.0,0.0,-286.6844184737701,0.0,0.0,0.0,0.0,0.0,0.0,0.0,0.0,0,0,46.34379234257566,286.6844184737701,0.0,0.0,0.0,0.0,0.0,0.0,0.0,0.0,0.0,0.0,0.0,0.0,0.0,0.0,0.0,0.0,0.0,0.0,0.0,0.0,0.0,0.0,0.0,0.0,0.0,0.0,0.0,0.0,0.0
1784671585.7315323,314752.6251689,0,0,8,0,0,53.355003,1.134,47.03984899878117,286.68441880809667,168.08479785130896,47.03984899878117,286.68441890162376,286.6844188080967,0.0,0.0,0.0,0.0,0.0,0.0,0.0,-47.03984899878117,0.0,0.0,-286.68441880809667,0.0,0.0,0.0,0.0,0.0,0.0,0.0,0.0,0,0,47.03984899878117,286.68441880809667,0.0,0.0,0.0,0.0,0.0,0.0,0.0,0.0,0.0,0.0,0.0,0.0,0.0,0.0,0.0,0.0,0.0,0.0,0.0,0.0,0.0,0.0,0.0,0.0,0.0,0.0,0.0,0.0,0.0
1784671585.733742,314752.6273804,0,0,8,0,0,53.357504,0.043,48.07300417499678,286.684418891834,172.00733931996334,48.07300417499678,286.68441890162376,286.684418891834,0.0,0.0,0.0,0.0,0.0,0.0,0.0,-48.07300417499678,0.0,0.0,-286.684418891834,0.0,0.0,0.0,0.0,0.0,0.0,0.0,0.0,0,0,48.07300417499678,286.684418891834,0.0,0.0,0.0,0.0,0.0,0.0,0.0,0.0,0.0,0.0,0.0,0.0,0.0,0.0,0.0,0.0,0.0,0.0,0.0,0.0,0.0,0.0,0.0,0.0,0.0,0.0,0.0,0.0,0.0
1784671585.7365627,314752.6302005,0,0,8,0,0,53.360003,0.135,48.76532168653276,286.6844188994662,171.54174774046638,48.76532168653276,286.68441890162376,286.6844188994662,0.0,0.0,0.0,0.0,0.0,0.0,0.0,-48.76532168653276,0.0,0.0,-286.6844188994662,0.0,0.0,0.0,0.0,0.0,0.0,0.0,0.0,0,0,48.76532168653276,286.6844188994662,0.0,0.0,0.0,0.0,0.0,0.0,0.0,0.0,0.0,0.0,0.0,0.0,0.0,0.0,0.0,0.0,0.0,0.0,0.0,0.0,0.0,0.0,0.0,0.0,0.0,0.0,0.0,0.0,0.0
1784671585.7388604,314752.6324982,0,0,8,0,0,53.362543,0.272,49.45648869190687,286.68441890114707,175.17744695876326,49.45648869190687,286.68441890162376,286.68441890114707,0.0,0.0,0.0,0.0,0.0,0.0,0.0,-49.45648869190687,0.0,0.0,-286.68441890114707,0.0,0.0,0.0,0.0,0.0,0.0,0.0,0.0,0,0,49.45648869190687,286.68441890114707,0.0,0.0,0.0,0.0,0.0,0.0,0.0,0.0,0.0,0.0,0.0,0.0,0.0,0.0,0.0,0.0,0.0,0.0,0.0,0.0,0.0,0.0,0.0,0.0,0.0,0.0,0.0,0.0,0.0
1784671585.7409406,314752.6345779,0,0,8,0,0,53.365003,0.331,50.147080444208335,286.6844189015183,168.76860359486446,50.147080444208335,286.68441890162376,286.6844189015183,0.0,0.0,0.0,0.0,0.0,0.0,0.0,-50.147080444208335,0.0,0.0,-286.6844189015183,0.0,0.0,0.0,0.0,0.0,0.0,0.0,0.0,0,0,50.147080444208335,286.6844189015183,0.0,0.0,0.0,0.0,0.0,0.0,0.0,0.0,0.0,0.0,0.0,0.0,0.0,0.0,0.0,0.0,0.0,0.0,0.0,0.0,0.0,0.0,0.0,0.0,0.0,0.0,0.0,0.0,0.0
1784671585.7448184,314752.638455,0,0,8,0,0,53.367503,0.43,50.83767219651071,286.6844189016004,171.70941062602174,50.83767219651071,286.68441890162376,286.68441890160045,0.0,0.0,0.0,0.0,0.0,0.0,0.0,-50.83767219651071,0.0,0.0,-286.6844189016004,0.0,0.0,0.0,0.0,0.0,0.0,0.0,0.0,0,0,50.83767219651071,286.6844189016004,0.0,0.0,0.0,0.0,0.0,0.0,0.0,0.0,0.0,0.0,0.0,0.0,0.0,0.0,0.0,0.0,0.0,0.0,0.0,0.0,0.0,0.0,0.0,0.0,0.0,0.0,0.0,0.0,0.0
1784671585.7465198,314752.6401576,0,0,8,0,0,53.370003,0.536,51.523994695361175,286.6844189016185,167.20634712731547,51.523994695361175,286.68441890162376,286.6844189016185,0.0,0.0,0.0,0.0,0.0,0.0,0.0,-51.523994695361175,0.0,0.0,-286.6844189016185,0.0,0.0,0.0,0.0,0.0,0.0,0.0,0.0,0,0,51.523994695361175,286.6844189016185,0.0,0.0,0.0,0.0,0.0,0.0,0.0,0.0,0.0,0.0,0.0,0.0,0.0,0.0,0.0,0.0,0.0,0.0,0.0,0.0,0.0,0.0,0.0,0.0,0.0,0.0,0.0,0.0,0.0
1784671585.748515,314752.642153,0,0,8,0,0,53.372503,0.64,52.21089056304947,286.68441890162256,171.74529757614891,52.21089056304947,286.68441890162376,286.68441890162256,0.0,0.0,0.0,0.0,0.0,0.0,0.0,-52.21089056304947,0.0,0.0,-286.68441890162256,0.0,0.0,0.0,0.0,0.0,0.0,0.0,0.0,0,0,52.21089056304947,286.68441890162256,0.0,0.0,0.0,0.0,0.0,0.0,0.0,0.0,0.0,0.0,0.0,0.0,0.0,0.0,0.0,0.0,0.0,0.0,0.0,0.0,0.0,0.0,0.0,0.0,0.0,0.0,0.0,0.0,0.0
1784671585.7523196,314752.6459573,0,0,8,0,0,53.375004,0.7380000000000001,52.89979322167007,286.6844189016234,171.42371571538447,52.89979322167007,286.68441890162376,286.6844189016234,0.0,0.0,0.0,0.0,0.0,0.0,0.0,-52.89979322167007,0.0,0.0,-286.6844189016234,0.0,0.0,0.0,0.0,0.0,0.0,0.0,0.0,0,0,52.89979322167007,286.6844189016234,0.0,0.0,0.0,0.0,0.0,0.0,0.0,0.0,0.0,0.0,0.0,0.0,0.0,0.0,0.0,0.0,0.0,0.0,0.0,0.0,0.0,0.0,0.0,0.0,0.0,0.0,0.0,0.0,0.0
1784671585.754917,314752.6485534,0,0,8,0,0,53.377503,0.8310000000000001,53.58955593354737,286.6844189016237,170.65804991008002,53.58955593354738,286.68441890162376,286.6844189016237,0.0,0.0,0.0,0.0,0.0,0.0,0.0,-53.58955593354737,0.0,0.0,-286.6844189016237,0.0,0.0,0.0,0.0,0.0,0.0,0.0,0.0,0,0,53.58955593354737,286.6844189016237,0.0,0.0,0.0,0.0,0.0,0.0,0.0,0.0,0.0,0.0,0.0,0.0,0.0,0.0,0.0,0.0,0.0,0.0,0.0,0.0,0.0,0.0,0.0,0.0,0.0,0.0,0.0,0.0,0.0
1784671585.755876,314752.6495151,0,0,8,0,0,53.380002,0.934,54.27645180123567,286.6844189016237,170.62609563519476,54.27645180123567,286.68441890162376,286.68441890162376,0.0,0.0,0.0,0.0,0.0,0.0,0.0,-54.27645180123567,0.0,0.0,-286.6844189016237,0.0,0.0,0.0,0.0,0.0,0.0,0.0,0.0,0,0,54.27645180123567,286.6844189016237,0.0,0.0,0.0,0.0,0.0,0.0,0.0,0.0,0.0,0.0,0.0,0.0,0.0,0.0,0.0,0.0,0.0,0.0,0.0,0.0,0.0,0.0,0.0,0.0,0.0,0.0,0.0,0.0,0.0
1784671585.7594028,314752.6530408,0,0,8,0,0,53.382501,1.031,54.96506777543737,286.6844189016237,175.69556326192955,54.96506777543737,286.68441890162376,286.68441890162376,0.0,0.0,0.0,0.0,0.0,0.0,0.0,-54.96506777543737,0.0,0.0,-286.6844189016237,0.0,0.0,0.0,0.0,0.0,0.0,0.0,0.0,0,0,54.96506777543737,286.6844189016237,0.0,0.0,0.0,0.0,0.0,0.0,0.0,0.0,0.0,0.0,0.0,0.0,0.0,0.0,0.0,0.0,0.0,0.0,0.0,0.0,0.0,0.0,0.0,0.0,0.0,0.0,0.0,0.0,0.0
1784671585.7629335,314752.6565701,0,0,8,0,0,53.385003,1.128,55.65454380289577,286.6844189016237,172.32766520802394,55.65454380289577,286.68441890162376,286.68441890162376,0.0,0.0,0.0,0.0,0.0,0.0,0.0,-55.65454380289577,0.0,0.0,-286.6844189016237,0.0,0.0,0.0,0.0,0.0,0.0,0.0,0.0,0,0,55.65454380289577,286.6844189016237,0.0,0.0,0.0,0.0,0.0,0.0,0.0,0.0,0.0,0.0,0.0,0.0,0.0,0.0,0.0,0.0,0.0,0.0,0.0,0.0,0.0,0.0,0.0,0.0,0.0,0.0,0.0,0.0,0.0
1784671585.7635818,314752.6572204,0,0,8,0,0,53.387503,1.23,56.342013039421865,286.6844189016237,170.91439442264547,56.34201303942187,286.68441890162376,286.68441890162376,0.0,0.0,0.0,0.0,0.0,0.0,0.0,-56.342013039421865,0.0,0.0,-286.6844189016237,0.0,0.0,0.0,0.0,0.0,0.0,0.0,0.0,0,0,56.342013039421865,286.6844189016237,0.0,0.0,0.0,0.0,0.0,0.0,0.0,0.0,0.0,0.0,0.0,0.0,0.0,0.0,0.0,0.0,0.0,0.0,0.0,0.0,0.0,0.0,0.0,0.0,0.0,0.0,0.0,0.0,0.0
1784671585.7660408,314752.6596786,0,0,8,0,0,53.390004,0.125,57.37579705398113,286.6844189016237,169.62026182380353,57.37579705398112,286.68441890162376,286.68441890162376,0.0,0.0,0.0,0.0,0.0,0.0,0.0,-57.37579705398113,0.0,0.0,-286.6844189016237,0.0,0.0,0.0,0.0,0.0,0.0,0.0,0.0,0,0,57.37579705398113,286.6844189016237,0.0,0.0,0.0,0.0,0.0,0.0,0.0,0.0,0.0,0.0,0.0,0.0,0.0,0.0,0.0,0.0,0.0,0.0,0.0,0.0,0.0,0.0,0.0,0.0,0.0,0.0,0.0,0.0,0.0
1784671585.7687814,314752.6624187,0,0,8,0,0,53.392566,0.294,58.06183286841272,286.6844189016237,173.0978237340716,58.06183286841272,286.68441890162376,286.68441890162376,0.0,0.0,0.0,0.0,0.0,0.0,0.0,-58.06183286841272,0.0,0.0,-286.6844189016237,0.0,0.0,0.0,0.0,0.0,0.0,0.0,0.0,0,0,58.06183286841272,286.6844189016237,0.0,0.0,0.0,0.0,0.0,0.0,0.0,0.0,0.0,0.0,0.0,0.0,0.0,0.0,0.0,0.0,0.0,0.0,0.0,0.0,0.0,0.0,0.0,0.0,0.0,0.0,0.0,0.0,0.0
1784671585.7709978,314752.664636,0,0,8,0,0,53.395023,0.34,58.75302900238452,286.6844189016237,172.55388372158794,58.75302900238453,286.68441890162376,286.68441890162376,0.0,0.0,0.0,0.0,0.0,0.0,0.0,-58.75302900238452,0.0,0.0,-286.6844189016237,0.0,0.0,0.0,0.0,0.0,0.0,0.0,0.0,0,0,58.75302900238452,286.6844189016237,0.0,0.0,0.0,0.0,0.0,0.0,0.0,0.0,0.0,0.0,0.0,0.0,0.0,0.0,0.0,0.0,0.0,0.0,0.0,0.0,0.0,0.0,0.0,0.0,0.0,0.0,0.0,0.0,0.0
1784671585.7734764,314752.6671145,0,0,8,0,0,53.397502,0.425,59.43935150123502,286.6844189016237,171.88889130173433,59.43935150123502,286.68441890162376,286.68441890162376,0.0,0.0,0.0,0.0,0.0,0.0,0.0,-59.43935150123502,0.0,0.0,-286.6844189016237,0.0,0.0,0.0,0.0,0.0,0.0,0.0,0.0,0,0,59.43935150123502,286.6844189016237,0.0,0.0,0.0,0.0,0.0,0.0,0.0,0.0,0.0,0.0,0.0,0.0,0.0,0.0,0.0,0.0,0.0,0.0,0.0,0.0,0.0,0.0,0.0,0.0,0.0,0.0,0.0,0.0,0.0
1784671585.7846308,314752.678269,0,0,8,0,0,53.400003,0.518,60.12968758195014,286.6844189016237,173.87995976701004,60.12968758195013,286.68441890162376,286.68441890162376,0.0,0.0,0.0,0.0,0.0,0.0,0.0,-60.12968758195014,0.0,0.0,-286.6844189016237,0.0,0.0,0.0,0.0,0.0,0.0,0.0,0.0,0,0,60.12968758195014,286.6844189016237,0.0,0.0,0.0,0.0,0.0,0.0,0.0,0.0,0.0,0.0,0.0,0.0,0.0,0.0,0.0,0.0,0.0,0.0,0.0,0.0,0.0,0.0,0.0,0.0,0.0,0.0,0.0,0.0,0.0
1784671585.7848125,314752.6784536,0,0,8,0,0,53.402503,0.626,60.81543671196281,286.6844189016237,174.94259450961664,60.81543671196282,286.68441890162376,286.68441890162376,0.0,0.0,0.0,0.0,0.0,0.0,0.0,-60.81543671196281,0.0,0.0,-286.6844189016237,0.0,0.0,0.0,0.0,0.0,0.0,0.0,0.0,0,0,60.81543671196281,286.6844189016237,0.0,0.0,0.0,0.0,0.0,0.0,0.0,0.0,0.0,0.0,0.0,0.0,0.0,0.0,0.0,0.0,0.0,0.0,0.0,0.0,0.0,0.0,0.0,0.0,0.0,0.0,0.0,0.0,0.0
1784671585.7849593,314752.6785997,0,0,8,0,0,53.405,0.723,61.50347931732671,286.6844189016237,174.03560262374145,61.50347931732671,286.68441890162376,286.68441890162376,0.0,0.0,0.0,0.0,0.0,0.0,0.0,-61.50347931732671,0.0,0.0,-286.6844189016237,0.0,0.0,0.0,0.0,0.0,0.0,0.0,0.0,0,0,61.50347931732671,286.6844189016237,0.0,0.0,0.0,0.0,0.0,0.0,0.0,0.0,0.0,0.0,0.0,0.0,0.0,0.0,0.0,0.0,0.0,0.0,0.0,0.0,0.0,0.0,0.0,0.0,0.0,0.0,0.0,0.0,0.0
1784671585.7851336,314752.6787741,0,0,8,0,0,53.407503,0.8220000000000001,62.192668660366216,286.6844189016237,172.53697547394108,62.192668660366216,286.68441890162376,286.68441890162376,0.0,0.0,0.0,0.0,0.0,0.0,0.0,-62.192668660366216,0.0,0.0,-286.6844189016237,0.0,0.0,0.0,0.0,0.0,0.0,0.0,0.0,0,0,62.192668660366216,286.6844189016237,0.0,0.0,0.0,0.0,0.0,0.0,0.0,0.0,0.0,0.0,0.0,0.0,0.0,0.0,0.0,0.0,0.0,0.0,0.0,0.0,0.0,0.0,0.0,0.0,0.0,0.0,0.0,0.0,0.0
1784671585.785983,314752.6796227,0,0,8,0,0,53.410004,0.924,62.880424581311225,286.6844189016237,170.10274176129775,62.88042458131122,286.68441890162376,286.68441890162376,0.0,0.0,0.0,0.0,0.0,0.0,0.0,-62.880424581311225,0.0,0.0,-286.6844189016237,0.0,0.0,0.0,0.0,0.0,0.0,0.0,0.0,0,0,62.880424581311225,286.6844189016237,0.0,0.0,0.0,0.0,0.0,0.0,0.0,0.0,0.0,0.0,0.0,0.0,0.0,0.0,0.0,0.0,0.0,0.0,0.0,0.0,0.0,0.0,0.0,0.0,0.0,0.0,0.0,0.0,0.0
1784671585.7885048,314752.6821443,0,0,8,0,0,53.412503,1.023,63.56846718667512,286.6844189016237,173.69283285261076,63.56846718667512,286.68441890162376,286.68441890162376,0.0,0.0,0.0,0.0,0.0,0.0,0.0,-63.56846718667512,0.0,0.0,-286.6844189016237,0.0,0.0,0.0,0.0,0.0,0.0,0.0,0.0,0,0,63.56846718667512,286.6844189016237,0.0,0.0,0.0,0.0,0.0,0.0,0.0,0.0,0.0,0.0,0.0,0.0,0.0,0.0,0.0,0.0,0.0,0.0,0.0,0.0,0.0,0.0,0.0,0.0,0.0,0.0,0.0,0.0,0.0
1784671585.7910004,314752.6846388,0,0,8,0,0,53.415003,1.121,64.25708316087682,286.6844189016237,172.40933953529887,64.25708316087682,286.68441890162376,286.68441890162376,0.0,0.0,0.0,0.0,0.0,0.0,0.0,-64.25708316087682,0.0,0.0,-286.6844189016237,0.0,0.0,0.0,0.0,0.0,0.0,0.0,0.0,0,0,64.25708316087682,286.6844189016237,0.0,0.0,0.0,0.0,0.0,0.0,0.0,0.0,0.0,0.0,0.0,0.0,0.0,0.0,0.0,0.0,0.0,0.0,0.0,0.0,0.0,0.0,0.0,0.0,0.0,0.0,0.0,0.0,0.0
1784671585.799501,314752.6931382,0,0,8,0,0,53.417505,1.221,64.94569913507853,286.6844189016237,175.3957865091605,64.94569913507853,286.68441890162376,286.68441890162376,0.0,0.0,0.0,0.0,0.0,0.0,0.0,-64.94569913507853,0.0,0.0,-286.6844189016237,0.0,0.0,0.0,0.0,0.0,0.0,0.0,0.0,0,0,64.94569913507853,286.6844189016237,0.0,0.0,0.0,0.0,0.0,0.0,0.0,0.0,0.0,0.0,0.0,0.0,0.0,0.0,0.0,0.0,0.0,0.0,0.0,0.0,0.0,0.0,0.0,0.0,0.0,0.0,0.0,0.0,0.0
1784671585.799867,314752.6935079,0,0,8,0,0,53.420002,0.111,65.97976983405668,286.6844189016237,173.92330462766904,65.97976983405668,286.68441890162376,286.68441890162376,0.0,0.0,0.0,0.0,0.0,0.0,0.0,-65.97976983405668,0.0,0.0,-286.6844189016237,0.0,0.0,0.0,0.0,0.0,0.0,0.0,0.0,0,0,65.97976983405668,286.6844189016237,0.0,0.0,0.0,0.0,0.0,0.0,0.0,0.0,0.0,0.0,0.0,0.0,0.0,0.0,0.0,0.0,0.0,0.0,0.0,0.0,0.0,0.0,0.0,0.0,0.0,0.0,0.0,0.0,0.0
1784671585.800016,314752.6936573,0,0,8,0,0,53.422501,0.209,66.6680991238395,286.6844189016237,176.27392725982,66.6680991238395,286.68441890162376,286.68441890162376,0.0,0.0,0.0,0.0,0.0,0.0,0.0,-66.6680991238395,0.0,0.0,-286.6844189016237,0.0,0.0,0.0,0.0,0.0,0.0,0.0,0.0,0,0,66.6680991238395,286.6844189016237,0.0,0.0,0.0,0.0,0.0,0.0,0.0,0.0,0.0,0.0,0.0,0.0,0.0,0.0,0.0,0.0,0.0,0.0,0.0,0.0,0.0,0.0,0.0,0.0,0.0,0.0,0.0,0.0,0.0
1784671585.8077855,314752.7014236,0,0,8,0,0,53.425003,0.294,67.36101536432471,286.6844189016237,173.56215301468862,67.36101536432471,286.68441890162376,286.68441890162376,0.0,0.0,0.0,0.0,0.0,0.0,0.0,-67.36101536432471,0.0,0.0,-286.6844189016237,0.0,0.0,0.0,0.0,0.0,0.0,0.0,0.0,0,0,67.36101536432471,286.6844189016237,0.0,0.0,0.0,0.0,0.0,0.0,0.0,0.0,0.0,0.0,0.0,0.0,0.0,0.0,0.0,0.0,0.0,0.0,0.0,0.0,0.0,0.0,0.0,0.0,0.0,0.0,0.0,0.0,0.0
1784671585.8253846,314752.719023,0,0,8,0,0,53.427503,0.4049999999999999,68.04590444108068,286.6844189016237,175.5267878215752,68.0459044410807,286.68441890162376,286.68441890162376,0.0,0.0,0.0,0.0,0.0,0.0,0.0,-68.04590444108068,0.0,0.0,-286.6844189016237,0.0,0.0,0.0,0.0,0.0,0.0,0.0,0.0,0,0,68.04590444108068,286.6844189016237,0.0,0.0,0.0,0.0,0.0,0.0,0.0,0.0,0.0,0.0,0.0,0.0,0.0,0.0,0.0,0.0,0.0,0.0,0.0,0.0,0.0,0.0,0.0,0.0,0.0,0.0,0.0,0.0,0.0
1784671585.8255832,314752.7192243,0,0,8,0,0,53.430004,0.513,68.73194025551226,286.6844189016237,171.23531389849765,68.73194025551227,286.68441890162376,286.68441890162376,0.0,0.0,0.0,0.0,0.0,0.0,0.0,-68.73194025551226,0.0,0.0,-286.6844189016237,0.0,0.0,0.0,0.0,0.0,0.0,0.0,0.0,0,0,68.73194025551226,286.6844189016237,0.0,0.0,0.0,0.0,0.0,0.0,0.0,0.0,0.0,0.0,0.0,0.0,0.0,0.0,0.0,0.0,0.0,0.0,0.0,0.0,0.0,0.0,0.0,0.0,0.0,0.0,0.0,0.0,0.0
1784671585.8257804,314752.7194205,0,0,8,0,0,53.432503,0.615,69.41912280761946,286.6844189016237,174.51614930740223,69.41912280761946,286.68441890162376,286.68441890162376,0.0,0.0,0.0,0.0,0.0,0.0,0.0,-69.41912280761946,0.0,0.0,-286.6844189016237,0.0,0.0,0.0,0.0,0.0,0.0,0.0,0.0,0,0,69.41912280761946,286.6844189016237,0.0,0.0,0.0,0.0,0.0,0.0,0.0,0.0,0.0,0.0,0.0,0.0,0.0,0.0,0.0,0.0,0.0,0.0,0.0,0.0,0.0,0.0,0.0,0.0,0.0,0.0,0.0,0.0,0.0
1784671585.8261473,314752.7197872,0,0,8,0,0,53.435008,0.718,70.10773878182115,286.6844189016237,174.7209793862249,70.10773878182115,286.68441890162376,286.68441890162376,0.0,0.0,0.0,0.0,0.0,0.0,0.0,-70.10773878182115,0.0,0.0,-286.6844189016237,0.0,0.0,0.0,0.0,0.0,0.0,0.0,0.0,0,0,70.10773878182115,286.6844189016237,0.0,0.0,0.0,0.0,0.0,0.0,0.0,0.0,0.0,0.0,0.0,0.0,0.0,0.0,0.0,0.0,0.0,0.0,0.0,0.0,0.0,0.0,0.0,0.0,0.0,0.0,0.0,0.0,0.0
1784671585.8263323,314752.7199731,0,0,8,0,0,53.437503,0.808,70.79721480927958,286.6844189016237,173.59067945540374,70.79721480927957,286.68441890162376,286.68441890162376,0.0,0.0,0.0,0.0,0.0,0.0,0.0,-70.79721480927958,0.0,0.0,-286.6844189016237,0.0,0.0,0.0,0.0,0.0,0.0,0.0,0.0,0,0,70.79721480927958,286.6844189016237,0.0,0.0,0.0,0.0,0.0,0.0,0.0,0.0,0.0,0.0,0.0,0.0,0.0,0.0,0.0,0.0,0.0,0.0,0.0,0.0,0.0,0.0,0.0,0.0,0.0,0.0,0.0,0.0,0.0
1784671585.826402,314752.7200436,0,0,8,0,0,53.440002,0.911,71.48411067696787,286.6844189016237,176.36985962056366,71.48411067696787,286.68441890162376,286.68441890162376,0.0,0.0,0.0,0.0,0.0,0.0,0.0,-71.48411067696787,0.0,0.0,-286.6844189016237,0.0,0.0,0.0,0.0,0.0,0.0,0.0,0.0,0,0,71.48411067696787,286.6844189016237,0.0,0.0,0.0,0.0,0.0,0.0,0.0,0.0,0.0,0.0,0.0,0.0,0.0,0.0,0.0,0.0,0.0,0.0,0.0,0.0,0.0,0.0,0.0,0.0,0.0,0.0,0.0,0.0,0.0
1784671585.8264525,314752.720094,0,0,8,0,0,53.442504,1.008,72.17358670442627,286.6844189016237,172.2894701242376,72.17358670442627,286.68441890162376,286.68441890162376,0.0,0.0,0.0,0.0,0.0,0.0,0.0,-72.17358670442627,0.0,0.0,-286.6844189016237,0.0,0.0,0.0,0.0,0.0,0.0,0.0,0.0,0,0,72.17358670442627,286.6844189016237,0.0,0.0,0.0,0.0,0.0,0.0,0.0,0.0,0.0,0.0,0.0,0.0,0.0,0.0,0.0,0.0,0.0,0.0,0.0,0.0,0.0,0.0,0.0,0.0,0.0,0.0,0.0,0.0,0.0
1784671585.8265033,314752.7201446,0,0,8,0,0,53.445003,1.109,72.86007042905806,285.9465144804248,174.8600041442475,72.86007042905806,285.3631715797416,285.9465144804248,0.0,0.0,0.0,0.0,0.0,0.0,0.0,-72.86007042905806,0.0,0.0,-285.9465144804248,0.0,0.0,0.0,0.0,0.0,0.0,0.0,0.0,0,0,72.86007042905806,285.9465144804248,0.0,0.0,0.0,0.0,0.0,0.0,0.0,0.0,0.0,0.0,0.0,0.0,0.0,0.0,0.0,0.0,0.0,0.0,0.0,0.0,0.0,0.0,0.0,0.0,0.0,0.0,0.0,0.0,0.0
1784671585.8267813,314752.720422,0,0,8,0,0,53.447507,1.222,73.5393417100874,282.0489552211968,177.7643824875356,73.5393417100874,280.06943230994915,282.0489552211968,0.0,0.0,0.0,0.0,0.0,0.0,0.0,-73.5393417100874,0.0,0.0,-282.0489552211968,0.0,0.0,0.0,0.0,0.0,0.0,0.0,0.0,0,0,73.5393417100874,282.0489552211968,0.0,0.0,0.0,0.0,0.0,0.0,0.0,0.0,0.0,0.0,0.0,0.0,0.0,0.0,0.0,0.0,0.0,0.0,0.0,0.0,0.0,0.0,0.0,0.0,0.0,0.0,0.0,0.0,0.0
1784671585.8269205,314752.7205613,0,0,8,0,0,53.450002,0.103,74.54128514661495,272.84865774250073,171.51410262785626,74.54128514661495,269.6482034333823,272.84865774250073,0.0,0.0,0.0,0.0,0.0,0.0,0.0,-74.54128514661495,0.0,0.0,-272.84865774250073,0.0,0.0,0.0,0.0,0.0,0.0,0.0,0.0,0,0,74.54128514661495,272.84865774250073,0.0,0.0,0.0,0.0,0.0,0.0,0.0,0.0,0.0,0.0,0.0,0.0,0.0,0.0,0.0,0.0,0.0,0.0,0.0,0.0,0.0,0.0,0.0,0.0,0.0,0.0,0.0,0.0,0.0
1784671585.828378,314752.7220171,0,0,8,0,0,53.452512,0.212,75.18252301067258,264.8502554137156,178.21278524554867,75.18252301067257,262.5782177639735,264.8502554137156,0.0,0.0,0.0,0.0,0.0,0.0,0.0,-75.18252301067258,0.0,0.0,-264.8502554137156,0.0,0.0,0.0,0.0,0.0,0.0,0.0,0.0,0,0,75.18252301067258,264.8502554137156,0.0,0.0,0.0,0.0,0.0,0.0,0.0,0.0,0.0,0.0,0.0,0.0,0.0,0.0,0.0,0.0,0.0,0.0,0.0,0.0,0.0,0.0,0.0,0.0,0.0,0.0,0.0,0.0,0.0
1784671585.8309076,314752.7245461,0,0,8,0,0,53.455003,0.296,75.81004253159846,258.7949933841544,172.32100210571366,75.81004253159846,257.0832289021062,258.7949933841544,0.0,0.0,0.0,0.0,0.0,0.0,0.0,-75.81004253159846,0.0,0.0,-258.7949933841544,0.0,0.0,0.0,0.0,0.0,0.0,0.0,0.0,0,0,75.81004253159846,258.7949933841544,0.0,0.0,0.0,0.0,0.0,0.0,0.0,0.0,0.0,0.0,0.0,0.0,0.0,0.0,0.0,0.0,0.0,0.0,0.0,0.0,0.0,0.0,0.0,0.0,0.0,0.0,0.0,0.0,0.0
1784671585.8331983,314752.7268392,0,0,8,0,0,53.457503,0.377,76.42645056676588,251.92577103002404,173.55430667361657,76.4264505667659,248.5082462832688,251.92577103002404,0.0,0.0,0.0,0.0,0.0,0.0,0.0,-76.42645056676588,0.0,0.0,-251.92577103002404,0.0,0.0,0.0,0.0,0.0,0.0,0.0,0.0,0,0,76.42645056676588,251.92577103002404,0.0,0.0,0.0,0.0,0.0,0.0,0.0,0.0,0.0,0.0,0.0,0.0,0.0,0.0,0.0,0.0,0.0,0.0,0.0,0.0,0.0,0.0,0.0,0.0,0.0,0.0,0.0,0.0,0.0
1784671585.8357675,314752.7294085,0,0,8,0,0,53.460003,0.494,77.01387374992802,243.54712158833647,-179.95024249664837,77.01387374992801,239.93326366443125,243.54712158833647,0.0,0.0,0.0,0.0,0.0,0.0,0.0,-77.01387374992802,0.0,0.0,-243.54712158833647,0.0,0.0,0.0,0.0,0.0,0.0,0.0,0.0,0,0,77.01387374992802,243.54712158833647,0.0,0.0,0.0,0.0,0.0,0.0,0.0,0.0,0.0,0.0,0.0,0.0,0.0,0.0,0.0,0.0,0.0,0.0,0.0,0.0,0.0,0.0,0.0,0.0,0.0,0.0,0.0,0.0,0.0
1784671585.838186,314752.731827,0,0,8,0,0,53.462503,0.602,77.58062574698778,233.6959147772818,178.34090099836322,77.58062574698776,229.58203464597744,233.6959147772818,0.0,0.0,0.0,0.0,0.0,0.0,0.0,-77.58062574698778,0.0,0.0,-233.6959147772818,0.0,0.0,0.0,0.0,0.0,0.0,0.0,0.0,0,0,77.58062574698778,233.6959147772818,0.0,0.0,0.0,0.0,0.0,0.0,0.0,0.0,0.0,0.0,0.0,0.0,0.0,0.0,0.0,0.0,0.0,0.0,0.0,0.0,0.0,0.0,0.0,0.0,0.0,0.0,0.0,0.0,0.0
1784671585.8408945,314752.7345328,0,0,8,0,0,53.465019,0.717,78.12595060794438,223.57065031335708,172.60392344028733,78.12595060794436,218.9070562837512,223.57065031335705,0.0,0.0,0.0,0.0,0.0,0.0,0.0,-78.12595060794438,0.0,0.0,-223.57065031335708,0.0,0.0,0.0,0.0,0.0,0.0,0.0,0.0,0,0,78.12595060794438,223.57065031335708,0.0,0.0,0.0,0.0,0.0,0.0,0.0,0.0,0.0,0.0,0.0,0.0,0.0,0.0,0.0,0.0,0.0,0.0,0.0,0.0,0.0,0.0,0.0,0.0,0.0,0.0,0.0,0.0,0.0
1784671585.8433993,314752.7370375,0,0,8,0,0,53.467504,0.799,78.64784060375989,213.88608752060625,179.0118284332849,78.64784060375989,209.6845749773688,213.88608752060625,0.0,0.0,0.0,0.0,0.0,0.0,0.0,-78.64784060375989,0.0,0.0,-213.88608752060625,0.0,0.0,0.0,0.0,0.0,0.0,0.0,0.0,0,0,78.64784060375989,213.88608752060625,0.0,0.0,0.0,0.0,0.0,0.0,0.0,0.0,0.0,0.0,0.0,0.0,0.0,0.0,0.0,0.0,0.0,0.0,0.0,0.0,0.0,0.0,0.0,0.0,0.0,0.0,0.0,0.0,0.0
1784671585.8459134,314752.7395517,0,0,8,0,0,53.470004,0.8989999999999999,79.14937838996197,206.17544737445908,179.35550249473485,79.14937838996197,202.86833879361944,206.17544737445908,0.0,0.0,0.0,0.0,0.0,0.0,0.0,-79.14937838996197,0.0,0.0,-206.17544737445908,0.0,0.0,0.0,0.0,0.0,0.0,0.0,0.0,0,0,79.14937838996197,206.17544737445908,0.0,0.0,0.0,0.0,0.0,0.0,0.0,0.0,0.0,0.0,0.0,0.0,0.0,0.0,0.0,0.0,0.0,0.0,0.0,0.0,0.0,0.0,0.0,0.0,0.0,0.0,0.0,0.0,0.0
1784671585.8485732,314752.7422123,0,0,8,0,0,53.472503,0.999,79.63123431932551,197.6269584138633,171.2489606246361,79.63123431932551,193.54960768233173,197.6269584138633,0.0,0.0,0.0,0.0,0.0,0.0,0.0,-79.63123431932551,0.0,0.0,-197.6269584138633,0.0,0.0,0.0,0.0,0.0,0.0,0.0,0.0,0,0,79.63123431932551,197.6269584138633,0.0,0.0,0.0,0.0,0.0,0.0,0.0,0.0,0.0,0.0,0.0,0.0,0.0,0.0,0.0,0.0,0.0,0.0,0.0,0.0,0.0,0.0,0.0,0.0,0.0,0.0,0.0,0.0,0.0
1784671585.8507106,314752.7443516,0,0,8,0,0,53.475004,1.098,80.08553035387094,183.9067927163174,170.8470810326274,80.08553035387094,176.25964272843086,183.90679271631737,0.0,0.0,0.0,0.0,0.0,0.0,0.0,-80.08553035387094,0.0,0.0,-183.9067927163174,0.0,0.0,0.0,0.0,0.0,0.0,0.0,0.0,0,0,80.08553035387094,183.9067927163174,0.0,0.0,0.0,0.0,0.0,0.0,0.0,0.0,0.0,0.0,0.0,0.0,0.0,0.0,0.0,0.0,0.0,0.0,0.0,0.0,0.0,0.0,0.0,0.0,0.0,0.0,0.0,0.0,0.0
1784671585.8534129,314752.7470521,0,0,8,0,0,53.477503,1.196,80.51145453601947,172.8747896465747,174.43543620463106,80.51145453601947,166.39841271676775,172.87478964657467,0.0,0.0,0.0,0.0,0.0,0.0,0.0,-80.51145453601947,0.0,0.0,-172.8747896465747,0.0,0.0,0.0,0.0,0.0,0.0,0.0,0.0,0,0,80.51145453601947,172.8747896465747,0.0,0.0,0.0,0.0,0.0,0.0,0.0,0.0,0.0,0.0,0.0,0.0,0.0,0.0,0.0,0.0,0.0,0.0,0.0,0.0,0.0,0.0,0.0,0.0,0.0,0.0,0.0,0.0,0.0
1784671585.855832,314752.74947,0,0,8,0,0,53.480003,0.088,81.10659647311698,159.7153442203215,175.80480696086644,81.10659647311698,156.9484318715183,159.7153442203215,0.0,0.0,0.0,0.0,0.0,0.0,0.0,-81.10659647311698,0.0,0.0,-159.7153442203215,0.0,0.0,0.0,0.0,0.0,0.0,0.0,0.0,0,0,81.10659647311698,159.7153442203215,0.0,0.0,0.0,0.0,0.0,0.0,0.0,0.0,0.0,0.0,0.0,0.0,0.0,0.0,0.0,0.0,0.0,0.0,0.0,0.0,0.0,0.0,0.0,0.0,0.0,0.0,0.0,0.0,0.0
1784671585.8615642,314752.7552026,0,0,8,0,0,53.482521,0.193,81.47605223167369,148.59329342378234,174.0592884568421,81.47605223167369,142.2834615968534,148.59329342378237,0.0,0.0,0.0,0.0,0.0,0.0,0.0,-81.47605223167369,0.0,0.0,-148.59329342378234,0.0,0.0,0.0,0.0,0.0,0.0,0.0,0.0,0,0,81.47605223167369,148.59329342378234,0.0,0.0,0.0,0.0,0.0,0.0,0.0,0.0,0.0,0.0,0.0,0.0,0.0,0.0,0.0,0.0,0.0,0.0,0.0,0.0,0.0,0.0,0.0,0.0,0.0,0.0,0.0,0.0,0.0
1784671585.8617845,314752.7554258,0,0,8,0,0,53.485005,0.281,81.81259167051456,136.65123403785208,173.40692989754135,81.81259167051456,131.54723335877827,136.65123403785208,0.0,0.0,0.0,0.0,0.0,0.0,0.0,-81.81259167051456,0.0,0.0,-136.65123403785208,0.0,0.0,0.0,0.0,0.0,0.0,0.0,0.0,0,0,81.81259167051456,136.65123403785208,0.0,0.0,0.0,0.0,0.0,0.0,0.0,0.0,0.0,0.0,0.0,0.0,0.0,0.0,0.0,0.0,0.0,0.0,0.0,0.0,0.0,0.0,0.0,0.0,0.0,0.0,0.0,0.0,0.0
1784671585.863371,314752.7570096,0,0,8,0,0,53.487503,0.383,82.12239751949161,125.67467489194064,175.13676058348034,82.12239751949161,120.88975496108029,125.67467489194068,0.0,0.0,0.0,0.0,0.0,0.0,0.0,-82.12239751949161,0.0,0.0,-125.67467489194064,0.0,0.0,0.0,0.0,0.0,0.0,0.0,0.0,0,0,82.12239751949161,125.67467489194064,0.0,0.0,0.0,0.0,0.0,0.0,0.0,0.0,0.0,0.0,0.0,0.0,0.0,0.0,0.0,0.0,0.0,0.0,0.0,0.0,0.0,0.0,0.0,0.0,0.0,0.0,0.0,0.0,0.0
1784671585.865856,314752.7594942,0,0,8,0,0,53.490002,0.479,82.40829954794799,115.61395926732936,178.58631271739137,82.40829954794799,111.31727436413313,115.61395926732936,0.0,0.0,0.0,0.0,0.0,0.0,0.0,-82.40829954794799,0.0,0.0,-115.61395926732936,0.0,0.0,0.0,0.0,0.0,0.0,0.0,0.0,0,0,82.40829954794799,115.61395926732936,0.0,0.0,0.0,0.0,0.0,0.0,0.0,0.0,0.0,0.0,0.0,0.0,0.0,0.0,0.0,0.0,0.0,0.0,0.0,0.0,0.0,0.0,0.0,0.0,0.0,0.0,0.0,0.0,0.0
1784671585.8683412,314752.7619796,0,0,8,0,0,53.492503,0.5910000000000001,82.67062029451525,106.6463865500768,179.82874924753406,82.67062029451525,102.6810418694468,106.6463865500768,0.0,0.0,0.0,0.0,0.0,0.0,0.0,-82.67062029451525,0.0,0.0,-106.6463865500768,0.0,0.0,0.0,0.0,0.0,0.0,0.0,0.0,0,0,82.67062029451525,106.6463865500768,0.0,0.0,0.0,0.0,0.0,0.0,0.0,0.0,0.0,0.0,0.0,0.0,0.0,0.0,0.0,0.0,0.0,0.0,0.0,0.0,0.0,0.0,0.0,0.0,0.0,0.0,0.0,0.0,0.0
1784671585.8709545,314752.7645919,0,0,8,0,0,53.49502,0.696,82.9139166082524,97.7026557954022,178.96759553303002,82.91391660825242,93.68606010193156,97.7026557954022,0.0,0.0,0.0,0.0,0.0,0.0,0.0,-82.9139166082524,0.0,0.0,-97.7026557954022,0.0,0.0,0.0,0.0,0.0,0.0,0.0,0.0,0,0,82.9139166082524,97.7026557954022,0.0,0.0,0.0,0.0,0.0,0.0,0.0,0.0,0.0,0.0,0.0,0.0,0.0,0.0,0.0,0.0,0.0,0.0,0.0,0.0,0.0,0.0,0.0,0.0,0.0,0.0,0.0,0.0,0.0
1784671585.873485,314752.767124,0,0,8,0,0,53.497502,0.784,83.12944435271235,85.20678343903202,177.7426214108057,83.12944435271235,78.28609131708056,85.20678343903202,0.0,0.0,0.0,0.0,0.0,0.0,0.0,-83.12944435271235,0.0,0.0,-85.20678343903202,0.0,0.0,0.0,0.0,0.0,0.0,0.0,0.0,0,0,83.12944435271235,85.20678343903202,0.0,0.0,0.0,0.0,0.0,0.0,0.0,0.0,0.0,0.0,0.0,0.0,0.0,0.0,0.0,0.0,0.0,0.0,0.0,0.0,0.0,0.0,0.0,0.0,0.0,0.0,0.0,0.0,0.0
1784671585.8763604,314752.7699986,0,0,8,0,0,53.500004,0.887,83.3186806947803,74.30101185206456,178.13646415650922,83.31868069478031,67.81236254692907,74.30101185206456,0.0,0.0,0.0,0.0,0.0,0.0,0.0,-83.3186806947803,0.0,0.0,-74.30101185206456,0.0,0.0,0.0,0.0,0.0,0.0,0.0,0.0,0,0,83.3186806947803,74.30101185206456,0.0,0.0,0.0,0.0,0.0,0.0,0.0,0.0,0.0,0.0,0.0,0.0,0.0,0.0,0.0,0.0,0.0,0.0,0.0,0.0,0.0,0.0,0.0,0.0,0.0,0.0,0.0,0.0,0.0
1784671585.884981,314752.7786176,0,0,8,0,0,53.502504,0.983,83.48317949441613,64.08598427251489,179.63631640767122,83.48317949441615,58.04738234017128,64.08598427251489,0.0,0.0,0.0,0.0,0.0,0.0,0.0,-83.48317949441613,0.0,0.0,-64.08598427251489,0.0,0.0,0.0,0.0,0.0,0.0,0.0,0.0,0,0,83.48317949441613,64.08598427251489,0.0,0.0,0.0,0.0,0.0,0.0,0.0,0.0,0.0,0.0,0.0,0.0,0.0,0.0,0.0,0.0,0.0,0.0,0.0,0.0,0.0,0.0,0.0,0.0,0.0,0.0,0.0,0.0,0.0
1784671585.8853936,314752.7790335,0,0,8,0,0,53.505003,1.085,83.61888147908259,52.98534067186269,-179.91002436838627,83.61888147908259,48.1949023107723,52.98534067186268,0.0,0.0,0.0,0.0,0.0,0.0,0.0,-83.61888147908259,0.0,0.0,-52.98534067186269,0.0,0.0,0.0,0.0,0.0,0.0,0.0,0.0,0,0,83.61888147908259,52.98534067186269,0.0,0.0,0.0,0.0,0.0,0.0,0.0,0.0,0.0,0.0,0.0,0.0,0.0,0.0,0.0,0.0,0.0,0.0,0.0,0.0,0.0,0.0,0.0,0.0,0.0,0.0,0.0,0.0,0.0
1784671585.8857188,314752.7793588,0,0,8,0,0,53.507504,1.183,83.73050850086956,42.99565536083285,179.9961590279931,83.73050850086956,38.47367201533512,42.99565536083285,0.0,0.0,0.0,0.0,0.0,0.0,0.0,-83.73050850086956,0.0,0.0,-42.99565536083285,0.0,0.0,0.0,0.0,0.0,0.0,0.0,0.0,0,0,83.73050850086956,42.99565536083285,0.0,0.0,0.0,0.0,0.0,0.0,0.0,0.0,0.0,0.0,0.0,0.0,0.0,0.0,0.0,0.0,0.0,0.0,0.0,0.0,0.0,0.0,0.0,0.0,0.0,0.0,0.0,0.0,0.0
1784671585.8864832,314752.7801242,0,0,8,0,0,53.510002,0.0839999999999999,83.85379975055939,28.612485749270824,-179.2767160603858,83.85379975055938,24.412450516894467,28.612485749270824,0.0,0.0,0.0,0.0,0.0,0.0,0.0,-83.85379975055939,0.0,0.0,-28.612485749270824,0.0,0.0,0.0,0.0,0.0,0.0,0.0,0.0,0,0,83.85379975055939,28.612485749270824,0.0,0.0,0.0,0.0,0.0,0.0,0.0,0.0,0.0,0.0,0.0,0.0,0.0,0.0,0.0,0.0,0.0,0.0,0.0,0.0,0.0,0.0,0.0,0.0,0.0,0.0,0.0,0.0,0.0
1784671585.888587,314752.7822264,0,0,8,0,0,53.512533,0.205,83.90821341454105,19.28704463726922,-179.7554561063796,83.90821341454107,15.137469316927394,19.28704463726922,0.0,0.0,0.0,0.0,0.0,0.0,0.0,-83.90821341454105,0.0,0.0,-19.28704463726922,0.0,0.0,0.0,0.0,0.0,0.0,0.0,0.0,0,0,83.90821341454105,19.28704463726922,0.0,0.0,0.0,0.0,0.0,0.0,0.0,0.0,0.0,0.0,0.0,0.0,0.0,0.0,0.0,0.0,0.0,0.0,0.0,0.0,0.0,0.0,0.0,0.0,0.0,0.0,0.0,0.0,0.0
1784671585.890815,314752.7844534,0,0,8,0,0,53.515002,0.272,83.93929441248285,9.580979186106063,179.68487639014884,83.93929441248285,5.302489252056647,9.580979186106063,0.0,0.0,0.0,0.0,0.0,0.0,0.0,-83.93929441248285,0.0,0.0,-9.580979186106063,0.0,0.0,0.0,0.0,0.0,0.0,0.0,0.0,0,0,83.93929441248285,9.580979186106063,0.0,0.0,0.0,0.0,0.0,0.0,0.0,0.0,0.0,0.0,0.0,0.0,0.0,0.0,0.0,0.0,0.0,0.0,0.0,0.0,0.0,0.0,0.0,0.0,0.0,0.0,0.0,0.0,0.0
1784671585.893582,314752.7872175,0,0,8,0,0,53.517502,0.362,83.94165787165421,-2.6939867070953274,179.95037179282446,83.94165787165421,-9.178731395061757,-2.6939867070953274,0.0,0.0,0.0,0.0,0.0,0.0,0.0,-83.94165787165421,0.0,0.0,2.6939867070953274,0.0,0.0,0.0,0.0,0.0,0.0,0.0,0.0,0,0,83.94165787165421,-2.6939867070953274,0.0,0.0,0.0,0.0,0.0,0.0,0.0,0.0,0.0,0.0,0.0,0.0,0.0,0.0,0.0,0.0,0.0,0.0,0.0,0.0,0.0,0.0,0.0,0.0,0.0,0.0,0.0,0.0,0.0
1784671585.901792,314752.7954302,0,0,8,0,0,53.520003,0.47,83.92200986602971,-10.29943548989948,-178.87943301295238,83.92200986602971,-14.026221569384168,-10.29943548989948,0.0,0.0,0.0,0.0,0.0,0.0,0.0,-83.92200986602971,0.0,0.0,10.29943548989948,0.0,0.0,0.0,0.0,0.0,0.0,0.0,0.0,0,0,83.92200986602971,-10.29943548989948,0.0,0.0,0.0,0.0,0.0,0.0,0.0,0.0,0.0,0.0,0.0,0.0,0.0,0.0,0.0,0.0,0.0,0.0,0.0,0.0,0.0,0.0,0.0,0.0,0.0,0.0,0.0,0.0,0.0
1784671585.9021108,314752.7957504,0,0,8,0,0,53.522502,0.57,83.88132550744204,-19.24366103121877,-178.19332552239592,83.88132550744204,-23.31870273387948,-19.24366103121877,0.0,0.0,0.0,0.0,0.0,0.0,0.0,-83.88132550744204,0.0,0.0,19.24366103121877,0.0,0.0,0.0,0.0,0.0,0.0,0.0,0.0,0,0,83.88132550744204,-19.24366103121877,0.0,0.0,0.0,0.0,0.0,0.0,0.0,0.0,0.0,0.0,0.0,0.0,0.0,0.0,0.0,0.0,0.0,0.0,0.0,0.0,0.0,0.0,0.0,0.0,0.0,0.0,0.0,0.0,0.0
1784671585.9023018,314752.7959423,0,0,8,0,0,53.525003,0.6679999999999999,83.81245745519882,-31.41584779744101,-177.32559204426792,83.81245745519882,-36.3561763074181,-31.41584779744101,0.0,0.0,0.0,0.0,0.0,0.0,0.0,-83.81245745519882,0.0,0.0,31.41584779744101,0.0,0.0,0.0,0.0,0.0,0.0,0.0,0.0,0,0,83.81245745519882,-31.41584779744101,0.0,0.0,0.0,0.0,0.0,0.0,0.0,0.0,0.0,0.0,0.0,0.0,0.0,0.0,0.0,0.0,0.0,0.0,0.0,0.0,0.0,0.0,0.0,0.0,0.0,0.0,0.0,0.0,0.0
1784671585.903217,314752.7968566,0,0,8,0,0,53.527503,0.776,83.72156209958425,-40.69366251133506,-176.67525596411664,83.72156209958425,-44.67740944059611,-40.69366251133506,0.0,0.0,0.0,0.0,0.0,0.0,0.0,-83.72156209958425,0.0,0.0,40.69366251133506,0.0,0.0,0.0,0.0,0.0,0.0,0.0,0.0,0,0,83.72156209958425,-40.69366251133506,0.0,0.0,0.0,0.0,0.0,0.0,0.0,0.0,0.0,0.0,0.0,0.0,0.0,0.0,0.0,0.0,0.0,0.0,0.0,0.0,0.0,0.0,0.0,0.0,0.0,0.0,0.0,0.0,0.0
1784671585.9065804,314752.8002196,0,0,8,0,0,53.530002,0.87,83.61124040713487,-48.820904285857765,-174.85686177098287,83.61124040713487,-52.38614381528572,-48.82090428585777,0.0,0.0,0.0,0.0,0.0,0.0,0.0,-83.61124040713487,0.0,0.0,48.820904285857765,0.0,0.0,0.0,0.0,0.0,0.0,0.0,0.0,0,0,83.61124040713487,-48.820904285857765,0.0,0.0,0.0,0.0,0.0,0.0,0.0,0.0,0.0,0.0,0.0,0.0,0.0,0.0,0.0,0.0,0.0,0.0,0.0,0.0,0.0,0.0,0.0,0.0,0.0,0.0,0.0,0.0,0.0
1784671585.9083345,314752.8019734,0,0,8,0,0,53.532504,0.976,83.4823182391186,-56.757226937710286,-173.69443104481644,83.4823182391186,-60.3398776933707,-56.757226937710286,0.0,0.0,0.0,0.0,0.0,0.0,0.0,-83.4823182391186,0.0,0.0,56.757226937710286,0.0,0.0,0.0,0.0,0.0,0.0,0.0,0.0,0,0,83.4823182391186,-56.757226937710286,0.0,0.0,0.0,0.0,0.0,0.0,0.0,0.0,0.0,0.0,0.0,0.0,0.0,0.0,0.0,0.0,0.0,0.0,0.0,0.0,0.0,0.0,0.0,0.0,0.0,0.0,0.0,0.0,0.0
1784671585.9189043,314752.8125419,0,0,8,0,0,53.535002,1.072,83.3342627045118,-64.48904407033224,-172.707730320351,83.3342627045118,-67.89986236957027,-64.48904407033224,0.0,0.0,0.0,0.0,0.0,0.0,0.0,-83.3342627045118,0.0,0.0,64.48904407033224,0.0,0.0,0.0,0.0,0.0,0.0,0.0,0.0,0,0,83.3342627045118,-64.48904407033224,0.0,0.0,0.0,0.0,0.0,0.0,0.0,0.0,0.0,0.0,0.0,0.0,0.0,0.0,0.0,0.0,0.0,0.0,0.0,0.0,0.0,0.0,0.0,0.0,0.0,0.0,0.0,0.0,0.0
1784671585.919165,314752.8128046,0,0,8,0,0,53.537501,1.165,83.16418320379447,-72.97910358367659,-172.08744311288078,83.16418320379445,-75.38109720539278,-72.97910358367659,0.0,0.0,0.0,0.0,0.0,0.0,0.0,-83.16418320379447,0.0,0.0,72.97910358367659,0.0,0.0,0.0,0.0,0.0,0.0,0.0,0.0,0,0,83.16418320379447,-72.97910358367659,0.0,0.0,0.0,0.0,0.0,0.0,0.0,0.0,0.0,0.0,0.0,0.0,0.0,0.0,0.0,0.0,0.0,0.0,0.0,0.0,0.0,0.0,0.0,0.0,0.0,0.0,0.0,0.0,0.0
1784671585.9195237,314752.8131638,0,0,8,0,0,53.540004,0.064,82.87661355738929,-84.25753293843377,-171.8066524825132,82.87661355738929,-86.5285746098815,-84.25753293843377,0.0,0.0,0.0,0.0,0.0,0.0,0.0,-82.87661355738929,0.0,0.0,84.25753293843377,0.0,0.0,0.0,0.0,0.0,0.0,0.0,0.0,0,0,82.87661355738929,-84.25753293843377,0.0,0.0,0.0,0.0,0.0,0.0,0.0,0.0,0.0,0.0,0.0,0.0,0.0,0.0,0.0,0.0,0.0,0.0,0.0,0.0,0.0,0.0,0.0,0.0,0.0,0.0,0.0,0.0,0.0
1784671585.9197905,314752.8134307,0,0,8,0,0,53.542504,0.164,82.66096661754754,-92.04181089175565,-171.65429888562915,82.66096661754754,-94.25480894909936,-92.04181089175565,0.0,0.0,0.0,0.0,0.0,0.0,0.0,-82.66096661754754,0.0,0.0,92.04181089175565,0.0,0.0,0.0,0.0,0.0,0.0,0.0,0.0,0,0,82.66096661754754,-92.04181089175565,0.0,0.0,0.0,0.0,0.0,0.0,0.0,0.0,0.0,0.0,0.0,0.0,0.0,0.0,0.0,0.0,0.0,0.0,0.0,0.0,0.0,0.0,0.0,0.0,0.0,0.0,0.0,0.0,0.0
1784671585.9208734,314752.8145112,0,0,8,0,0,53.545003,0.2669999999999999,82.42513073667267,-101.55327513973046,-171.7972227766651,82.42513073667267,-105.43728628264456,-101.55327513973045,0.0,0.0,0.0,0.0,0.0,0.0,0.0,-82.42513073667267,0.0,0.0,101.55327513973046,0.0,0.0,0.0,0.0,0.0,0.0,0.0,0.0,0,0,82.42513073667267,-101.55327513973046,0.0,0.0,0.0,0.0,0.0,0.0,0.0,0.0,0.0,0.0,0.0,0.0,0.0,0.0,0.0,0.0,0.0,0.0,0.0,0.0,0.0,0.0,0.0,0.0,0.0,0.0,0.0,0.0,0.0
1784671585.9233065,314752.8169465,0,0,8,0,0,53.547504,0.371,82.16928925261551,-109.68020166279442,-171.59074173641477,82.16928925261551,-113.25977042676772,-109.6802016627944,0.0,0.0,0.0,0.0,0.0,0.0,0.0,-82.16928925261551,0.0,0.0,109.68020166279442,0.0,0.0,0.0,0.0,0.0,0.0,0.0,0.0,0,0,82.16928925261551,-109.68020166279442,0.0,0.0,0.0,0.0,0.0,0.0,0.0,0.0,0.0,0.0,0.0,0.0,0.0,0.0,0.0,0.0,0.0,0.0,0.0,0.0,0.0,0.0,0.0,0.0,0.0,0.0,0.0,0.0,0.0
1784671585.925871,314752.8195091,0,0,8,0,0,53.550003,0.448,81.89196344226859,-117.30616944592188,-171.2437578198407,81.89196344226859,-120.60100554636432,-117.30616944592188,0.0,0.0,0.0,0.0,0.0,0.0,0.0,-81.89196344226859,0.0,0.0,117.30616944592188,0.0,0.0,0.0,0.0,0.0,0.0,0.0,0.0,0,0,81.89196344226859,-117.30616944592188,0.0,0.0,0.0,0.0,0.0,0.0,0.0,0.0,0.0,0.0,0.0,0.0,0.0,0.0,0.0,0.0,0.0,0.0,0.0,0.0,0.0,0.0,0.0,0.0,0.0,0.0,0.0,0.0,0.0
1784671585.9288862,314752.822527,0,0,8,0,0,53.552504,0.5559999999999999,81.59895962822296,-124.79879310673272,-173.04414608468562,81.59895962822296,-128.1609902225639,-124.7987931067327,0.0,0.0,0.0,0.0,0.0,0.0,0.0,-81.59895962822296,0.0,0.0,124.79879310673272,0.0,0.0,0.0,0.0,0.0,0.0,0.0,0.0,0,0,81.59895962822296,-124.79879310673272,0.0,0.0,0.0,0.0,0.0,0.0,0.0,0.0,0.0,0.0,0.0,0.0,0.0,0.0,0.0,0.0,0.0,0.0,0.0,0.0,0.0,0.0,0.0,0.0,0.0,0.0,0.0,0.0,0.0
1784671585.9308338,314752.8244731,0,0,8,0,0,53.555002,0.6539999999999999,81.28666656183336,-132.51515072882253,-173.88856756081918,81.28666656183336,-135.99222434895117,-132.51515072882253,0.0,0.0,0.0,0.0,0.0,0.0,0.0,-81.28666656183336,0.0,0.0,132.51515072882253,0.0,0.0,0.0,0.0,0.0,0.0,0.0,0.0,0,0,81.28666656183336,-132.51515072882253,0.0,0.0,0.0,0.0,0.0,0.0,0.0,0.0,0.0,0.0,0.0,0.0,0.0,0.0,0.0,0.0,0.0,0.0,0.0,0.0,0.0,0.0,0.0,0.0,0.0,0.0,0.0,0.0,0.0
1784671585.933184,314752.8268247,0,0,8,0,0,53.557503,0.76,80.95505313799129,-142.32714890286732,-171.78860683465774,80.95505313799129,-147.56845088438178,-142.32714890286735,0.0,0.0,0.0,0.0,0.0,0.0,0.0,-80.95505313799129,0.0,0.0,142.32714890286732,0.0,0.0,0.0,0.0,0.0,0.0,0.0,0.0,0,0,80.95505313799129,-142.32714890286732,0.0,0.0,0.0,0.0,0.0,0.0,0.0,0.0,0.0,0.0,0.0,0.0,0.0,0.0,0.0,0.0,0.0,0.0,0.0,0.0,0.0,0.0,0.0,0.0,0.0,0.0,0.0,0.0,0.0
1784671585.935848,314752.8294869,0,0,8,0,0,53.560003,0.8630000000000001,80.60379200975858,-149.88913684720657,-169.77673681909332,80.60379200975856,-154.1834374760564,-149.88913684720657,0.0,0.0,0.0,0.0,0.0,0.0,0.0,-80.60379200975858,0.0,0.0,149.88913684720657,0.0,0.0,0.0,0.0,0.0,0.0,0.0,0.0,0,0,80.60379200975858,-149.88913684720657,0.0,0.0,0.0,0.0,0.0,0.0,0.0,0.0,0.0,0.0,0.0,0.0,0.0,0.0,0.0,0.0,0.0,0.0,0.0,0.0,0.0,0.0,0.0,0.0,0.0,0.0,0.0,0.0,0.0
1784671585.9384992,314752.8321378,0,0,8,0,0,53.562503,0.959,80.23437931345252,-157.06757967922198,-172.19551725751032,80.23437931345252,-161.4371727730118,-157.06757967922198,0.0,0.0,0.0,0.0,0.0,0.0,0.0,-80.23437931345252,0.0,0.0,157.06757967922198,0.0,0.0,0.0,0.0,0.0,0.0,0.0,0.0,0,0,80.23437931345252,-157.06757967922198,0.0,0.0,0.0,0.0,0.0,0.0,0.0,0.0,0.0,0.0,0.0,0.0,0.0,0.0,0.0,0.0,0.0,0.0,0.0,0.0,0.0,0.0,0.0,0.0,0.0,0.0,0.0,0.0,0.0
1784671585.941254,314752.8348926,0,0,8,0,0,53.565004,1.0610000000000002,79.84827426099882,-164.40817591653948,-172.6393215525337,79.84827426099882,-168.90090764430605,-164.40817591653948,0.0,0.0,0.0,0.0,0.0,0.0,0.0,-79.84827426099882,0.0,0.0,164.40817591653948,0.0,0.0,0.0,0.0,0.0,0.0,0.0,0.0,0,0,79.84827426099882,-164.40817591653948,0.0,0.0,0.0,0.0,0.0,0.0,0.0,0.0,0.0,0.0,0.0,0.0,0.0,0.0,0.0,0.0,0.0,0.0,0.0,0.0,0.0,0.0,0.0,0.0,0.0,0.0,0.0,0.0,0.0
1784671585.9434788,314752.8371156,0,0,8,0,0,53.567501,1.155,79.44417797454216,-171.45125346431092,-171.03108410287058,79.44417797454216,-175.62964400541424,-171.45125346431092,0.0,0.0,0.0,0.0,0.0,0.0,0.0,-79.44417797454216,0.0,0.0,171.45125346431092,0.0,0.0,0.0,0.0,0.0,0.0,0.0,0.0,0,0,79.44417797454216,-171.45125346431092,0.0,0.0,0.0,0.0,0.0,0.0,0.0,0.0,0.0,0.0,0.0,0.0,0.0,0.0,0.0,0.0,0.0,0.0,0.0,0.0,0.0,0.0,0.0,0.0,0.0,0.0,0.0,0.0,0.0
1784671585.9459925,314752.839631,0,0,8,0,0,53.570003,0.05,78.80217223675336,-182.35792126597647,-170.12511504834694,78.80217223675336,-185.35962428311552,-182.35792126597647,0.0,0.0,0.0,0.0,0.0,0.0,0.0,-78.80217223675336,0.0,0.0,182.35792126597647,0.0,0.0,0.0,0.0,0.0,0.0,0.0,0.0,0,0,78.80217223675336,-182.35792126597647,0.0,0.0,0.0,0.0,0.0,0.0,0.0,0.0,0.0,0.0,0.0,0.0,0.0,0.0,0.0,0.0,0.0,0.0,0.0,0.0,0.0,0.0,0.0,0.0,0.0,0.0,0.0,0.0,0.0
1784671585.9486058,314752.8422448,0,0,8,0,0,53.572503,0.151,78.3540024737966,-189.6210928281283,-172.61004026830426,78.3540024737966,-192.9283589415793,-189.6210928281283,0.0,0.0,0.0,0.0,0.0,0.0,0.0,-78.3540024737966,0.0,0.0,189.6210928281283,0.0,0.0,0.0,0.0,0.0,0.0,0.0,0.0,0,0,78.3540024737966,-189.6210928281283,0.0,0.0,0.0,0.0,0.0,0.0,0.0,0.0,0.0,0.0,0.0,0.0,0.0,0.0,0.0,0.0,0.0,0.0,0.0,0.0,0.0,0.0,0.0,0.0,0.0,0.0,0.0,0.0,0.0
1784671585.950954,314752.8445935,0,0,8,0,0,53.575002,0.246,77.88613527697296,-197.5639571170142,-171.5737662813826,77.88613527697296,-201.10959235853133,-197.5639571170142,0.0,0.0,0.0,0.0,0.0,0.0,0.0,-77.88613527697296,0.0,0.0,197.5639571170142,0.0,0.0,0.0,0.0,0.0,0.0,0.0,0.0,0,0,77.88613527697296,-197.5639571170142,0.0,0.0,0.0,0.0,0.0,0.0,0.0,0.0,0.0,0.0,0.0,0.0,0.0,0.0,0.0,0.0,0.0,0.0,0.0,0.0,0.0,0.0,0.0,0.0,0.0,0.0,0.0,0.0,0.0
1784671585.954101,314752.8477418,0,0,8,0,0,53.577501,0.351,77.40040733139712,-206.37140220209943,-168.42372177608607,77.40040733139712,-210.90082251208148,-206.3714022020995,0.0,0.0,0.0,0.0,0.0,0.0,0.0,-77.40040733139712,0.0,0.0,206.37140220209943,0.0,0.0,0.0,0.0,0.0,0.0,0.0,0.0,0,0,77.40040733139712,-206.37140220209943,0.0,0.0,0.0,0.0,0.0,0.0,0.0,0.0,0.0,0.0,0.0,0.0,0.0,0.0,0.0,0.0,0.0,0.0,0.0,0.0,0.0,0.0,0.0,0.0,0.0,0.0,0.0,0.0,0.0
1784671585.9558804,314752.8495187,0,0,8,0,0,53.580003,0.447,76.89700687833526,-211.5689863812793,-169.95258179898164,76.89700687833526,-214.05081612716464,-211.5689863812793,0.0,0.0,0.0,0.0,0.0,0.0,0.0,-76.89700687833526,0.0,0.0,211.5689863812793,0.0,0.0,0.0,0.0,0.0,0.0,0.0,0.0,0,0,76.89700687833526,-211.5689863812793,0.0,0.0,0.0,0.0,0.0,0.0,0.0,0.0,0.0,0.0,0.0,0.0,0.0,0.0,0.0,0.0,0.0,0.0,0.0,0.0,0.0,0.0,0.0,0.0,0.0,0.0,0.0,0.0,0.0
1784671585.9585378,314752.8521749,0,0,8,0,0,53.582502,0.546,76.3794685725556,-218.36406321690217,-175.15295085958826,76.3794685725556,-221.5320509629871,-218.36406321690217,0.0,0.0,0.0,0.0,0.0,0.0,0.0,-76.3794685725556,0.0,0.0,218.36406321690217,0.0,0.0,0.0,0.0,0.0,0.0,0.0,0.0,0,0,76.3794685725556,-218.36406321690217,0.0,0.0,0.0,0.0,0.0,0.0,0.0,0.0,0.0,0.0,0.0,0.0,0.0,0.0,0.0,0.0,0.0,0.0,0.0,0.0,0.0,0.0,0.0,0.0,0.0,0.0,0.0,0.0,0.0
1784671585.962314,314752.8559516,0,0,8,0,0,53.585005,0.6539999999999999,75.84142436976965,-228.7559411859292,-173.31385863624666,75.84142436976965,-234.42952482029983,-228.75594118592923,0.0,0.0,0.0,0.0,0.0,0.0,0.0,-75.84142436976965,0.0,0.0,228.7559411859292,0.0,0.0,0.0,0.0,0.0,0.0,0.0,0.0,0,0,75.84142436976965,-228.7559411859292,0.0,0.0,0.0,0.0,0.0,0.0,0.0,0.0,0.0,0.0,0.0,0.0,0.0,0.0,0.0,0.0,0.0,0.0,0.0,0.0,0.0,0.0,0.0,0.0,0.0,0.0,0.0,0.0,0.0
1784671585.9634078,314752.857047,0,0,8,0,0,53.587521,0.7699999999999999,75.28173833758486,-236.5641591898567,-169.40972903010768,75.28173833758486,-240.8870117312203,-236.5641591898567,0.0,0.0,0.0,0.0,0.0,0.0,0.0,-75.28173833758486,0.0,0.0,236.5641591898567,0.0,0.0,0.0,0.0,0.0,0.0,0.0,0.0,0,0,75.28173833758486,-236.5641591898567,0.0,0.0,0.0,0.0,0.0,0.0,0.0,0.0,0.0,0.0,0.0,0.0,0.0,0.0,0.0,0.0,0.0,0.0,0.0,0.0,0.0,0.0,0.0,0.0,0.0,0.0,0.0,0.0,0.0
1784671585.9658775,314752.8595159,0,0,8,0,0,53.590003,0.846,74.69901590395693,-245.37719743697232,-173.24823941038528,74.69901590395695,-249.34824458062425,-245.37719743697232,0.0,0.0,0.0,0.0,0.0,0.0,0.0,-74.69901590395693,0.0,0.0,245.37719743697232,0.0,0.0,0.0,0.0,0.0,0.0,0.0,0.0,0,0,74.69901590395693,-245.37719743697232,0.0,0.0,0.0,0.0,0.0,0.0,0.0,0.0,0.0,0.0,0.0,0.0,0.0,0.0,0.0,0.0,0.0,0.0,0.0,0.0,0.0,0.0,0.0,0.0,0.0,0.0,0.0,0.0,0.0
1784671585.9683104,314752.8619475,0,0,8,0,0,53.592504,0.95,74.09809929242358,-253.53724533532971,-170.89539913459782,74.09809929242358,-256.925729221352,-253.5372453353297,0.0,0.0,0.0,0.0,0.0,0.0,0.0,-74.09809929242358,0.0,0.0,253.53724533532971,0.0,0.0,0.0,0.0,0.0,0.0,0.0,0.0,0,0,74.09809929242358,-253.53724533532971,0.0,0.0,0.0,0.0,0.0,0.0,0.0,0.0,0.0,0.0,0.0,0.0,0.0,0.0,0.0,0.0,0.0,0.0,0.0,0.0,0.0,0.0,0.0,0.0,0.0,0.0,0.0,0.0,0.0
1784671585.9707968,314752.8644354,0,0,8,0,0,53.595004,1.05,73.47901560162326,-260.6368091495067,-173.67397127139253,73.47901560162326,-263.74196540510144,-260.63680914950675,0.0,0.0,0.0,0.0,0.0,0.0,0.0,-73.47901560162326,0.0,0.0,260.6368091495067,0.0,0.0,0.0,0.0,0.0,0.0,0.0,0.0,0,0,73.47901560162326,-260.6368091495067,0.0,0.0,0.0,0.0,0.0,0.0,0.0,0.0,0.0,0.0,0.0,0.0,0.0,0.0,0.0,0.0,0.0,0.0,0.0,0.0,0.0,0.0,0.0,0.0,0.0,0.0,0.0,0.0,0.0
1784671585.973689,314752.8673267,0,0,8,0,0,53.597503,1.148,72.84294186072295,-267.658191346725,-174.63365224547843,72.84294186072296,-270.8557009858309,-267.658191346725,0.0,0.0,0.0,0.0,0.0,0.0,0.0,-72.84294186072295,0.0,0.0,267.658191346725,0.0,0.0,0.0,0.0,0.0,0.0,0.0,0.0,0,0,72.84294186072295,-267.658191346725,0.0,0.0,0.0,0.0,0.0,0.0,0.0,0.0,0.0,0.0,0.0,0.0,0.0,0.0,0.0,0.0,0.0,0.0,0.0,0.0,0.0,0.0,0.0,0.0,0.0,0.0,0.0,0.0,0.0
1784671585.9759295,314752.8695673,0,0,8,0,0,53.600005,0.04,71.85236926456875,-278.14745340337424,-173.1242168389564,71.85236926456875,-280.1569321325903,-278.14745340337424,0.0,0.0,0.0,0.0,0.0,0.0,0.0,-71.85236926456875,0.0,0.0,278.14745340337424,0.0,0.0,0.0,0.0,0.0,0.0,0.0,0.0,0,0,71.85236926456875,-278.14745340337424,0.0,0.0,0.0,0.0,0.0,0.0,0.0,0.0,0.0,0.0,0.0,0.0,0.0,0.0,0.0,0.0,0.0,0.0,0.0,0.0,0.0,0.0,0.0,0.0,0.0,0.0,0.0,0.0,0.0
1784671585.9784338,314752.8720719,0,0,8,0,0,53.602503,0.1379999999999999,71.17391554434158,-283.55469381016724,-170.58610055257043,71.17391554434158,-285.09192212955395,-283.55469381016724,0.0,0.0,0.0,0.0,0.0,0.0,0.0,-71.17391554434158,0.0,0.0,283.55469381016724,0.0,0.0,0.0,0.0,0.0,0.0,0.0,0.0,0,0,71.17391554434158,-283.55469381016724,0.0,0.0,0.0,0.0,0.0,0.0,0.0,0.0,0.0,0.0,0.0,0.0,0.0,0.0,0.0,0.0,0.0,0.0,0.0,0.0,0.0,0.0,0.0,0.0,0.0,0.0,0.0,0.0,0.0
1784671585.9872603,314752.8808972,0,0,8,0,0,53.604974,0.206,70.48772406085295,-285.93839342767404,-174.3391680488811,70.48772406085295,-286.6144190435108,-285.9383934276741,0.0,0.0,0.0,0.0,0.0,0.0,0.0,-70.48772406085295,0.0,0.0,285.93839342767404,0.0,0.0,0.0,0.0,0.0,0.0,0.0,0.0,0,0,70.48772406085295,-285.93839342767404,0.0,0.0,0.0,0.0,0.0,0.0,0.0,0.0,0.0,0.0,0.0,0.0,0.0,0.0,0.0,0.0,0.0,0.0,0.0,0.0,0.0,0.0,0.0,0.0,0.0,0.0,0.0,0.0,0.0
1784671585.987655,314752.881295,0,0,8,0,0,53.607503,0.335,69.80030144164115,-286.5192786251306,-175.98833324985563,69.80030144164115,-286.68441890162376,-286.5192786251306,0.0,0.0,0.0,0.0,0.0,0.0,0.0,-69.80030144164115,0.0,0.0,286.5192786251306,0.0,0.0,0.0,0.0,0.0,0.0,0.0,0.0,0,0,69.80030144164115,-286.5192786251306,0.0,0.0,0.0,0.0,0.0,0.0,0.0,0.0,0.0,0.0,0.0,0.0,0.0,0.0,0.0,0.0,0.0,0.0,0.0,0.0,0.0,0.0,0.0,0.0,0.0,0.0,0.0,0.0,0.0
1784671585.9879725,314752.8816126,0,0,8,0,0,53.610003,0.44,69.11382924496404,-286.6477484098709,-173.50285267886636,69.11382924496404,-286.68441890162376,-286.6477484098709,0.0,0.0,0.0,0.0,0.0,0.0,0.0,-69.11382924496404,0.0,0.0,286.6477484098709,0.0,0.0,0.0,0.0,0.0,0.0,0.0,0.0,0,0,69.11382924496404,-286.6477484098709,0.0,0.0,0.0,0.0,0.0,0.0,0.0,0.0,0.0,0.0,0.0,0.0,0.0,0.0,0.0,0.0,0.0,0.0,0.0,0.0,0.0,0.0,0.0,0.0,0.0,0.0,0.0,0.0,0.0
1784671585.98822,314752.8818613,0,0,8,0,0,53.612504,0.5429999999999999,68.42639036863524,-286.67629131073863,-174.80030962690324,68.42639036863524,-286.68441890162376,-286.67629131073863,0.0,0.0,0.0,0.0,0.0,0.0,0.0,-68.42639036863524,0.0,0.0,286.67629131073863,0.0,0.0,0.0,0.0,0.0,0.0,0.0,0.0,0,0,68.42639036863524,-286.67629131073863,0.0,0.0,0.0,0.0,0.0,0.0,0.0,0.0,0.0,0.0,0.0,0.0,0.0,0.0,0.0,0.0,0.0,0.0,0.0,0.0,0.0,0.0,0.0,0.0,0.0,0.0,0.0,0.0,0.0
1784671585.99078,314752.8844182,0,0,8,0,0,53.615002,0.64,67.73806781558044,-286.6826209073283,-171.81382916144528,67.73806781558042,-286.68441890162376,-286.6826209073283,0.0,0.0,0.0,0.0,0.0,0.0,0.0,-67.73806781558044,0.0,0.0,286.6826209073283,0.0,0.0,0.0,0.0,0.0,0.0,0.0,0.0,0,0,67.73806781558044,-286.6826209073283,0.0,0.0,0.0,0.0,0.0,0.0,0.0,0.0,0.0,0.0,0.0,0.0,0.0,0.0,0.0,0.0,0.0,0.0,0.0,0.0,0.0,0.0,0.0,0.0,0.0,0.0,0.0,0.0,0.0
1784671585.9932811,314752.8869207,0,0,8,0,0,53.617504,0.737,67.04859327882906,-286.68402214582454,-173.55350350457283,67.04859327882906,-286.68441890162376,-286.68402214582454,0.0,0.0,0.0,0.0,0.0,0.0,0.0,-67.04859327882906,0.0,0.0,286.68402214582454,0.0,0.0,0.0,0.0,0.0,0.0,0.0,0.0,0,0,67.04859327882906,-286.68402214582454,0.0,0.0,0.0,0.0,0.0,0.0,0.0,0.0,0.0,0.0,0.0,0.0,0.0,0.0,0.0,0.0,0.0,0.0,0.0,0.0,0.0,0.0,0.0,0.0,0.0,0.0,0.0,0.0,0.0
1784671585.9959066,314752.8895442,0,0,8,0,0,53.620004,0.8400000000000001,66.361411055796,-286.6843309100147,-176.36289420948006,66.36141105579598,-286.68441890162376,-286.6843309100147,0.0,0.0,0.0,0.0,0.0,0.0,0.0,-66.361411055796,0.0,0.0,286.6843309100147,0.0,0.0,0.0,0.0,0.0,0.0,0.0,0.0,0,0,66.361411055796,-286.6843309100147,0.0,0.0,0.0,0.0,0.0,0.0,0.0,0.0,0.0,0.0,0.0,0.0,0.0,0.0,0.0,0.0,0.0,0.0,0.0,0.0,0.0,0.0,0.0,0.0,0.0,0.0,0.0,0.0,0.0
1784671586.0043497,314752.8979883,0,0,8,0,0,53.622503,0.935,65.67222178576235,-286.6843994726837,-173.62627144629042,65.67222178576235,-286.68441890162376,-286.6843994726837,0.0,0.0,0.0,0.0,0.0,0.0,0.0,-65.67222178576235,0.0,0.0,286.6843994726837,0.0,0.0,0.0,0.0,0.0,0.0,0.0,0.0,0,0,65.67222178576235,-286.6843994726837,0.0,0.0,0.0,0.0,0.0,0.0,0.0,0.0,0.0,0.0,0.0,0.0,0.0,0.0,0.0,0.0,0.0,0.0,0.0,0.0,0.0,0.0,0.0,0.0,0.0,0.0,0.0,0.0,0.0
1784671586.004547,314752.8981884,0,0,8,0,0,53.625028,1.064,64.98532593420826,-286.6844145900089,-176.50759791003853,64.98532593420826,-286.68441890162376,-286.6844145900089,0.0,0.0,0.0,0.0,0.0,0.0,0.0,-64.98532593420826,0.0,0.0,286.6844145900089,0.0,0.0,0.0,0.0,0.0,0.0,0.0,0.0,0,0,64.98532593420826,-286.6844145900089,0.0,0.0,0.0,0.0,0.0,0.0,0.0,0.0,0.0,0.0,0.0,0.0,0.0,0.0,0.0,0.0,0.0,0.0,0.0,0.0,0.0,0.0,0.0,0.0,0.0,0.0,0.0,0.0,0.0
1784671586.0047443,314752.8983857,0,0,8,0,0,53.627503,1.135,64.29613659474231,-286.6844179495999,-171.17441813786385,64.29613659474231,-286.68441890162376,-286.6844179495999,0.0,0.0,0.0,0.0,0.0,0.0,0.0,-64.29613659474231,0.0,0.0,286.6844179495999,0.0,0.0,0.0,0.0,0.0,0.0,0.0,0.0,0,0,64.29613659474231,-286.6844179495999,0.0,0.0,0.0,0.0,0.0,0.0,0.0,0.0,0.0,0.0,0.0,0.0,0.0,0.0,0.0,0.0,0.0,0.0,0.0,0.0,0.0,0.0,0.0,0.0,0.0,0.0,0.0,0.0,0.0
1784671586.0059876,314752.8996266,0,0,8,0,0,53.630006,0.03,63.26177921225397,-286.68441880297,-175.82523010808757,63.26177921225397,-286.68441890162376,-286.68441880297,0.0,0.0,0.0,0.0,0.0,0.0,0.0,-63.26177921225397,0.0,0.0,286.68441880297,0.0,0.0,0.0,0.0,0.0,0.0,0.0,0.0,0,0,63.26177921225397,-286.68441880297,0.0,0.0,0.0,0.0,0.0,0.0,0.0,0.0,0.0,0.0,0.0,0.0,0.0,0.0,0.0,0.0,0.0,0.0,0.0,0.0,0.0,0.0,0.0,0.0,0.0,0.0,0.0,0.0,0.0
1784671586.008542,314752.9021796,0,0,8,0,0,53.632503,0.126,62.57344992255314,-286.6844188797994,-174.32245762059816,62.57344992255314,-286.68441890162376,-286.6844188797994,0.0,0.0,0.0,0.0,0.0,0.0,0.0,-62.57344992255314,0.0,0.0,286.6844188797994,0.0,0.0,0.0,0.0,0.0,0.0,0.0,0.0,0,0,62.57344992255314,-286.6844188797994,0.0,0.0,0.0,0.0,0.0,0.0,0.0,0.0,0.0,0.0,0.0,0.0,0.0,0.0,0.0,0.0,0.0,0.0,0.0,0.0,0.0,0.0,0.0,0.0,0.0,0.0,0.0,0.0,0.0
1784671586.0107822,314752.9044212,0,0,8,0,0,53.634986,0.207,61.88483394836957,-286.6844188967988,-175.10837656403697,61.88483394836957,-286.68441890162376,-286.6844188967988,0.0,0.0,0.0,0.0,0.0,0.0,0.0,-61.88483394836957,0.0,0.0,286.6844188967988,0.0,0.0,0.0,0.0,0.0,0.0,0.0,0.0,0,0,61.88483394836957,-286.6844188967988,0.0,0.0,0.0,0.0,0.0,0.0,0.0,0.0,0.0,0.0,0.0,0.0,0.0,0.0,0.0,0.0,0.0,0.0,0.0,0.0,0.0,0.0,0.0,0.0,0.0,0.0,0.0,0.0,0.0
1784671586.0135112,314752.9071497,0,0,8,0,0,53.637503,0.319,61.19535792091517,-286.684418900559,-174.35409191771814,61.19535792091517,-286.68441890162376,-286.684418900559,0.0,0.0,0.0,0.0,0.0,0.0,0.0,-61.19535792091517,0.0,0.0,286.684418900559,0.0,0.0,0.0,0.0,0.0,0.0,0.0,0.0,0,0,61.19535792091517,-286.684418900559,0.0,0.0,0.0,0.0,0.0,0.0,0.0,0.0,0.0,0.0,0.0,0.0,0.0,0.0,0.0,0.0,0.0,0.0,0.0,0.0,0.0,0.0,0.0,0.0,0.0,0.0,0.0,0.0,0.0
1784671586.015889,314752.9095261,0,0,8,0,0,53.640004,0.432,60.51075552857896,-286.6844189013863,-175.60381465465758,60.51075552857896,-286.68441890162376,-286.68441890138627,0.0,0.0,0.0,0.0,0.0,0.0,0.0,-60.51075552857896,0.0,0.0,286.6844189013863,0.0,0.0,0.0,0.0,0.0,0.0,0.0,0.0,0,0,60.51075552857896,-286.6844189013863,0.0,0.0,0.0,0.0,0.0,0.0,0.0,0.0,0.0,0.0,0.0,0.0,0.0,0.0,0.0,0.0,0.0,0.0,0.0,0.0,0.0,0.0,0.0,0.0,0.0,0.0,0.0,0.0,0.0
1784671586.0257638,314752.9194024,0,0,8,0,0,53.642502,0.519,59.81955939460734,-286.6844189015716,-177.7355318024945,59.81955939460734,-286.68441890162376,-286.6844189015716,0.0,0.0,0.0,0.0,0.0,0.0,0.0,-59.81955939460734,0.0,0.0,286.6844189015716,0.0,0.0,0.0,0.0,0.0,0.0,0.0,0.0,0,0,59.81955939460734,-286.6844189015716,0.0,0.0,0.0,0.0,0.0,0.0,0.0,0.0,0.0,0.0,0.0,0.0,0.0,0.0,0.0,0.0,0.0,0.0,0.0,0.0,0.0,0.0,0.0,0.0,0.0,0.0,0.0,0.0,0.0
1784671586.027068,314752.9207064,0,0,8,0,0,53.645004,0.63,59.1340969490136,-286.68441890161205,-177.1292511527044,59.1340969490136,-286.68441890162376,-286.6844189016121,0.0,0.0,0.0,0.0,0.0,0.0,0.0,-59.1340969490136,0.0,0.0,286.68441890161205,0.0,0.0,0.0,0.0,0.0,0.0,0.0,0.0,0,0,59.1340969490136,-286.68441890161205,0.0,0.0,0.0,0.0,0.0,0.0,0.0,0.0,0.0,0.0,0.0,0.0,0.0,0.0,0.0,0.0,0.0,0.0,0.0,0.0,0.0,0.0,0.0,0.0,0.0,0.0,0.0,0.0,0.0
1784671586.0305786,314752.9242177,0,0,8,0,0,53.647505,0.73,58.44576765923082,-286.6844189016212,-176.1746698337835,58.44576765923082,-286.68441890162376,-286.6844189016212,0.0,0.0,0.0,0.0,0.0,0.0,0.0,-58.44576765923082,0.0,0.0,286.6844189016212,0.0,0.0,0.0,0.0,0.0,0.0,0.0,0.0,0,0,58.44576765923082,-286.6844189016212,0.0,0.0,0.0,0.0,0.0,0.0,0.0,0.0,0.0,0.0,0.0,0.0,0.0,0.0,0.0,0.0,0.0,0.0,0.0,0.0,0.0,0.0,0.0,0.0,0.0,0.0,0.0,0.0,0.0
1784671586.030773,314752.9244143,0,0,8,0,0,53.650005,0.824,57.75600494735351,-286.68441890162325,-177.26888405995737,57.75600494735351,-286.68441890162376,-286.68441890162325,0.0,0.0,0.0,0.0,0.0,0.0,0.0,-57.75600494735351,0.0,0.0,286.68441890162325,0.0,0.0,0.0,0.0,0.0,0.0,0.0,0.0,0,0,57.75600494735351,-286.68441890162325,0.0,0.0,0.0,0.0,0.0,0.0,0.0,0.0,0.0,0.0,0.0,0.0,0.0,0.0,0.0,0.0,0.0,0.0,0.0,0.0,0.0,0.0,0.0,0.0,0.0,0.0,0.0,0.0,0.0
1784671586.0309098,314752.9245509,0,0,8,0,0,53.652503,0.926,57.069109079665225,-286.6844189016236,-176.28752919830853,57.06910907966522,-286.68441890162376,-286.6844189016236,0.0,0.0,0.0,0.0,0.0,0.0,0.0,-57.069109079665225,0.0,0.0,286.6844189016236,0.0,0.0,0.0,0.0,0.0,0.0,0.0,0.0,0,0,57.069109079665225,-286.6844189016236,0.0,0.0,0.0,0.0,0.0,0.0,0.0,0.0,0.0,0.0,0.0,0.0,0.0,0.0,0.0,0.0,0.0,0.0,0.0,0.0,0.0,0.0,0.0,0.0,0.0,0.0,0.0,0.0,0.0
1784671586.0322442,314752.9258847,0,0,8,0,0,53.655004,1.027,56.38106647430132,-286.6844189016237,-173.9456484367854,56.38106647430132,-286.68441890162376,-286.6844189016237,0.0,0.0,0.0,0.0,0.0,0.0,0.0,-56.38106647430132,0.0,0.0,286.6844189016237,0.0,0.0,0.0,0.0,0.0,0.0,0.0,0.0,0,0,56.38106647430132,-286.6844189016237,0.0,0.0,0.0,0.0,0.0,0.0,0.0,0.0,0.0,0.0,0.0,0.0,0.0,0.0,0.0,0.0,0.0,0.0,0.0,0.0,0.0,0.0,0.0,0.0,0.0,0.0,0.0,0.0,0.0
1784671586.033969,314752.9276086,0,0,8,0,0,53.657503,1.124,55.69245050009962,-286.6844189016237,-177.06473048731974,55.69245050009962,-286.68441890162376,-286.6844189016237,0.0,0.0,0.0,0.0,0.0,0.0,0.0,-55.69245050009962,0.0,0.0,286.6844189016237,0.0,0.0,0.0,0.0,0.0,0.0,0.0,0.0,0,0,55.69245050009962,-286.6844189016237,0.0,0.0,0.0,0.0,0.0,0.0,0.0,0.0,0.0,0.0,0.0,0.0,0.0,0.0,0.0,0.0,0.0,0.0,0.0,0.0,0.0,0.0,0.0,0.0,0.0,0.0,0.0,0.0,0.0
1784671586.036403,314752.9300438,0,0,8,0,0,53.660003,1.221,55.00354784147901,-286.6844189016237,-176.09182235949078,55.00354784147901,-286.68441890162376,-286.6844189016237,0.0,0.0,0.0,0.0,0.0,0.0,0.0,-55.00354784147901,0.0,0.0,286.6844189016237,0.0,0.0,0.0,0.0,0.0,0.0,0.0,0.0,0,0,55.00354784147901,-286.6844189016237,0.0,0.0,0.0,0.0,0.0,0.0,0.0,0.0,0.0,0.0,0.0,0.0,0.0,0.0,0.0,0.0,0.0,0.0,0.0,0.0,0.0,0.0,0.0,0.0,0.0,0.0,0.0,0.0,0.0
1784671586.0388167,314752.9324568,0,0,8,0,0,53.662502,0.115,53.97005051133866,-286.6844189016237,-179.84569120289785,53.97005051133866,-286.68441890162376,-286.68441890162376,0.0,0.0,0.0,0.0,0.0,0.0,0.0,-53.97005051133866,0.0,0.0,286.6844189016237,0.0,0.0,0.0,0.0,0.0,0.0,0.0,0.0,0,0,53.97005051133866,-286.6844189016237,0.0,0.0,0.0,0.0,0.0,0.0,0.0,0.0,0.0,0.0,0.0,0.0,0.0,0.0,0.0,0.0,0.0,0.0,0.0,0.0,0.0,0.0,0.0,0.0,0.0,0.0,0.0,0.0,0.0
1784671586.0409634,314752.9346019,0,0,8,0,0,53.664996,0.202,53.28000111504245,-286.6844189016237,-177.9301233431163,53.28000111504245,-286.68441890162376,-286.68441890162376,0.0,0.0,0.0,0.0,0.0,0.0,0.0,-53.28000111504245,0.0,0.0,286.6844189016237,0.0,0.0,0.0,0.0,0.0,0.0,0.0,0.0,0,0,53.28000111504245,-286.6844189016237,0.0,0.0,0.0,0.0,0.0,0.0,0.0,0.0,0.0,0.0,0.0,0.0,0.0,0.0,0.0,0.0,0.0,0.0,0.0,0.0,0.0,0.0,0.0,0.0,0.0,0.0,0.0,0.0,0.0
1784671586.044814,314752.9384521,0,0,8,0,0,53.667503,0.311,52.592531878516354,-286.6844189016237,179.83679366338123,52.59253187851636,-286.68441890162376,-286.68441890162376,0.0,0.0,0.0,0.0,0.0,0.0,0.0,-52.592531878516354,0.0,0.0,286.6844189016237,0.0,0.0,0.0,0.0,0.0,0.0,0.0,0.0,0,0,52.592531878516354,-286.6844189016237,0.0,0.0,0.0,0.0,0.0,0.0,0.0,0.0,0.0,0.0,0.0,0.0,0.0,0.0,0.0,0.0,0.0,0.0,0.0,0.0,0.0,0.0,0.0,0.0,0.0,0.0,0.0,0.0,0.0
1784671586.047225,314752.9408636,0,0,8,0,0,53.670003,0.414,51.90534932640917,-286.6844189016237,-176.1639677392426,51.905349326409166,-286.68441890162376,-286.68441890162376,0.0,0.0,0.0,0.0,0.0,0.0,0.0,-51.90534932640917,0.0,0.0,286.6844189016237,0.0,0.0,0.0,0.0,0.0,0.0,0.0,0.0,0,0,51.90534932640917,-286.6844189016237,0.0,0.0,0.0,0.0,0.0,0.0,0.0,0.0,0.0,0.0,0.0,0.0,0.0,0.0,0.0,0.0,0.0,0.0,0.0,0.0,0.0,0.0,0.0,0.0,0.0,0.0,0.0,0.0,0.0
1784671586.0482855,314752.9419263,0,0,8,0,0,53.672503,0.51,51.21615998336967,-286.6844189016237,-179.76223809391132,51.216159983369664,-286.68441890162376,-286.68441890162376,0.0,0.0,0.0,0.0,0.0,0.0,0.0,-51.21615998336967,0.0,0.0,286.6844189016237,0.0,0.0,0.0,0.0,0.0,0.0,0.0,0.0,0,0,51.21615998336967,-286.6844189016237,0.0,0.0,0.0,0.0,0.0,0.0,0.0,0.0,0.0,0.0,0.0,0.0,0.0,0.0,0.0,0.0,0.0,0.0,0.0,0.0,0.0,0.0,0.0,0.0,0.0,0.0,0.0,0.0,0.0
1784671586.051963,314752.9456029,0,0,8,0,0,53.675002,0.606,50.52725732474907,-286.6844189016237,-173.5455122582548,50.527257324749066,-286.68441890162376,-286.68441890162376,0.0,0.0,0.0,0.0,0.0,0.0,0.0,-50.52725732474907,0.0,0.0,286.6844189016237,0.0,0.0,0.0,0.0,0.0,0.0,0.0,0.0,0,0,50.52725732474907,-286.6844189016237,0.0,0.0,0.0,0.0,0.0,0.0,0.0,0.0,0.0,0.0,0.0,0.0,0.0,0.0,0.0,0.0,0.0,0.0,0.0,0.0,0.0,0.0,0.0,0.0,0.0,0.0,0.0,0.0,0.0
1784671586.0549304,314752.94857,0,0,8,0,0,53.677506,0.716,49.84093482589858,-286.6844189016237,-179.28511184908362,49.84093482589858,-286.68441890162376,-286.68441890162376,0.0,0.0,0.0,0.0,0.0,0.0,0.0,-49.84093482589858,0.0,0.0,286.6844189016237,0.0,0.0,0.0,0.0,0.0,0.0,0.0,0.0,0,0,49.84093482589858,-286.6844189016237,0.0,0.0,0.0,0.0,0.0,0.0,0.0,0.0,0.0,0.0,0.0,0.0,0.0,0.0,0.0,0.0,0.0,0.0,0.0,0.0,0.0,0.0,0.0,0.0,0.0,0.0,0.0,0.0,0.0
1784671586.0559697,314752.9496094,0,0,8,0,0,53.680003,0.8130000000000001,49.15289222053469,-286.6844189016237,-177.40542652783134,49.15289222053469,-286.68441890162376,-286.68441890162376,0.0,0.0,0.0,0.0,0.0,0.0,0.0,-49.15289222053469,0.0,0.0,286.6844189016237,0.0,0.0,0.0,0.0,0.0,0.0,0.0,0.0,0,0,49.15289222053469,-286.6844189016237,0.0,0.0,0.0,0.0,0.0,0.0,0.0,0.0,0.0,0.0,0.0,0.0,0.0,0.0,0.0,0.0,0.0,0.0,0.0,0.0,0.0,0.0,0.0,0.0,0.0,0.0,0.0,0.0,0.0
1784671586.0591495,314752.9527886,0,0,8,0,0,53.682505,0.912,48.46398956191408,-286.6844189016237,-178.59566466563072,48.46398956191408,-286.68441890162376,-286.68441890162376,0.0,0.0,0.0,0.0,0.0,0.0,0.0,-48.46398956191408,0.0,0.0,286.6844189016237,0.0,0.0,0.0,0.0,0.0,0.0,0.0,0.0,0,0,48.46398956191408,-286.6844189016237,0.0,0.0,0.0,0.0,0.0,0.0,0.0,0.0,0.0,0.0,0.0,0.0,0.0,0.0,0.0,0.0,0.0,0.0,0.0,0.0,0.0,0.0,0.0,0.0,0.0,0.0,0.0,0.0,0.0
1784671586.0616128,314752.9552502,0,0,8,0,0,53.685003,1.013,47.77680700980689,-286.6844189016237,-178.8939407903434,47.77680700980689,-286.68441890162376,-286.68441890162376,0.0,0.0,0.0,0.0,0.0,0.0,0.0,-47.77680700980689,0.0,0.0,286.6844189016237,0.0,0.0,0.0,0.0,0.0,0.0,0.0,0.0,0,0,47.77680700980689,-286.6844189016237,0.0,0.0,0.0,0.0,0.0,0.0,0.0,0.0,0.0,0.0,0.0,0.0,0.0,0.0,0.0,0.0,0.0,0.0,0.0,0.0,0.0,0.0,0.0,0.0,0.0,0.0,0.0,0.0,0.0
1784671586.0639129,314752.9575504,0,0,8,0,0,53.687502,1.111,47.088477720024095,-286.6844189016237,-179.82347421144482,47.088477720024095,-286.68441890162376,-286.68441890162376,0.0,0.0,0.0,0.0,0.0,0.0,0.0,-47.088477720024095,0.0,0.0,286.6844189016237,0.0,0.0,0.0,0.0,0.0,0.0,0.0,0.0,0,0,47.088477720024095,-286.6844189016237,0.0,0.0,0.0,0.0,0.0,0.0,0.0,0.0,0.0,0.0,0.0,0.0,0.0,0.0,0.0,0.0,0.0,0.0,0.0,0.0,0.0,0.0,0.0,0.0,0.0,0.0,0.0,0.0,0.0
1784671586.0657687,314752.9594071,0,0,8,0,0,53.690004,1.2080000000000002,46.39900169256568,-286.6844189016237,178.9767391467942,46.39900169256569,-286.68441890162376,-286.68441890162376,0.0,0.0,0.0,0.0,0.0,0.0,0.0,-46.39900169256568,0.0,0.0,286.6844189016237,0.0,0.0,0.0,0.0,0.0,0.0,0.0,0.0,0,0,46.39900169256568,-286.6844189016237,0.0,0.0,0.0,0.0,0.0,0.0,0.0,0.0,0.0,0.0,0.0,0.0,0.0,0.0,0.0,0.0,0.0,0.0,0.0,0.0,0.0,0.0,0.0,0.0,0.0,0.0,0.0,0.0,0.0
1784671586.0683825,314752.962021,0,0,8,0,0,53.692502,0.1,45.36521767800643,-286.6844189016237,-177.01423762212707,45.36521767800643,-286.68441890162376,-286.68441890162376,0.0,0.0,0.0,0.0,0.0,0.0,0.0,-45.36521767800643,0.0,0.0,286.6844189016237,0.0,0.0,0.0,0.0,0.0,0.0,0.0,0.0,0,0,45.36521767800643,-286.6844189016237,0.0,0.0,0.0,0.0,0.0,0.0,0.0,0.0,0.0,0.0,0.0,0.0,0.0,0.0,0.0,0.0,0.0,0.0,0.0,0.0,0.0,0.0,0.0,0.0,0.0,0.0,0.0,0.0,0.0
1784671586.0708263,314752.964465,0,0,8,0,0,53.695008,0.204,44.67660170380473,-286.6844189016237,-177.3994301224675,44.676601703804735,-286.68441890162376,-286.68441890162376,0.0,0.0,0.0,0.0,0.0,0.0,0.0,-44.67660170380473,0.0,0.0,286.6844189016237,0.0,0.0,0.0,0.0,0.0,0.0,0.0,0.0,0,0,44.67660170380473,-286.6844189016237,0.0,0.0,0.0,0.0,0.0,0.0,0.0,0.0,0.0,0.0,0.0,0.0,0.0,0.0,0.0,0.0,0.0,0.0,0.0,0.0,0.0,0.0,0.0,0.0,0.0,0.0,0.0,0.0,0.0
1784671586.0733554,314752.9669943,0,0,8,0,0,53.697503,0.296,43.98769904518413,-286.6844189016237,-178.31012955370133,43.98769904518413,-286.68441890162376,-286.68441890162376,0.0,0.0,0.0,0.0,0.0,0.0,0.0,-43.98769904518413,0.0,0.0,286.6844189016237,0.0,0.0,0.0,0.0,0.0,0.0,0.0,0.0,0,0,43.98769904518413,-286.6844189016237,0.0,0.0,0.0,0.0,0.0,0.0,0.0,0.0,0.0,0.0,0.0,0.0,0.0,0.0,0.0,0.0,0.0,0.0,0.0,0.0,0.0,0.0,0.0,0.0,0.0,0.0,0.0,0.0,0.0
1784671586.0760198,314752.9696578,0,0,8,0,0,53.700003,0.407,43.30280996842815,-286.6844189016237,-179.412765578756,43.30280996842815,-286.68441890162376,-286.68441890162376,0.0,0.0,0.0,0.0,0.0,0.0,0.0,-43.30280996842815,0.0,0.0,286.6844189016237,0.0,0.0,0.0,0.0,0.0,0.0,0.0,0.0,0,0,43.30280996842815,-286.6844189016237,0.0,0.0,0.0,0.0,0.0,0.0,0.0,0.0,0.0,0.0,0.0,0.0,0.0,0.0,0.0,0.0,0.0,0.0,0.0,0.0,0.0,0.0,0.0,0.0,0.0,0.0,0.0,0.0,0.0
1784671586.0800204,314752.9736588,0,0,8,0,0,53.702501,0.513,42.61706083841546,-286.6844189016237,179.6943957727541,42.61706083841546,-286.68441890162376,-286.68441890162376,0.0,0.0,0.0,0.0,0.0,0.0,0.0,-42.61706083841546,0.0,0.0,286.6844189016237,0.0,0.0,0.0,0.0,0.0,0.0,0.0,0.0,0,0,42.61706083841546,-286.6844189016237,0.0,0.0,0.0,0.0,0.0,0.0,0.0,0.0,0.0,0.0,0.0,0.0,0.0,0.0,0.0,0.0,0.0,0.0,0.0,0.0,0.0,0.0,0.0,0.0,0.0,0.0,0.0,0.0,0.0
1784671586.081249,314752.9748892,0,0,8,0,0,53.705003,0.601,41.92500465118695,-286.6844189016237,-178.9014384481925,41.92500465118695,-286.68441890162376,-286.68441890162376,0.0,0.0,0.0,0.0,0.0,0.0,0.0,-41.92500465118695,0.0,0.0,286.6844189016237,0.0,0.0,0.0,0.0,0.0,0.0,0.0,0.0,0,0,41.92500465118695,-286.6844189016237,0.0,0.0,0.0,0.0,0.0,0.0,0.0,0.0,0.0,0.0,0.0,0.0,0.0,0.0,0.0,0.0,0.0,0.0,0.0,0.0,0.0,0.0,0.0,0.0,0.0,0.0,0.0,0.0,0.0
1784671586.0972326,314752.9908714,0,0,8,0,0,53.707515,0.716,41.23782209907976,-286.6844189016237,179.0277680148818,41.23782209907976,-286.68441890162376,-286.68441890162376,0.0,0.0,0.0,0.0,0.0,0.0,0.0,-41.23782209907976,0.0,0.0,286.6844189016237,0.0,0.0,0.0,0.0,0.0,0.0,0.0,0.0,0,0,41.23782209907976,-286.6844189016237,0.0,0.0,0.0,0.0,0.0,0.0,0.0,0.0,0.0,0.0,0.0,0.0,0.0,0.0,0.0,0.0,0.0,0.0,0.0,0.0,0.0,0.0,0.0,0.0,0.0,0.0,0.0,0.0,0.0
1784671586.097502,314752.9911428,0,0,8,0,0,53.710003,0.798,40.54805938720245,-286.6844189016237,178.97287836830677,40.54805938720245,-286.68441890162376,-286.68441890162376,0.0,0.0,0.0,0.0,0.0,0.0,0.0,-40.54805938720245,0.0,0.0,286.6844189016237,0.0,0.0,0.0,0.0,0.0,0.0,0.0,0.0,0,0,40.54805938720245,-286.6844189016237,0.0,0.0,0.0,0.0,0.0,0.0,0.0,0.0,0.0,0.0,0.0,0.0,0.0,0.0,0.0,0.0,0.0,0.0,0.0,0.0,0.0,0.0,0.0,0.0,0.0,0.0,0.0,0.0,0.0
1784671586.0976465,314752.9912878,0,0,8,0,0,53.712503,0.903,39.86145020393307,-286.6844189016237,178.23603860452823,39.86145020393307,-286.68441890162376,-286.68441890162376,0.0,0.0,0.0,0.0,0.0,0.0,0.0,-39.86145020393307,0.0,0.0,286.6844189016237,0.0,0.0,0.0,0.0,0.0,0.0,0.0,0.0,0,0,39.86145020393307,-286.6844189016237,0.0,0.0,0.0,0.0,0.0,0.0,0.0,0.0,0.0,0.0,0.0,0.0,0.0,0.0,0.0,0.0,0.0,0.0,0.0,0.0,0.0,0.0,0.0,0.0,0.0,0.0,0.0,0.0,0.0
1784671586.0977829,314752.9914243,0,0,8,0,0,53.715004,1.003,39.17350029438668,-286.3755925567852,-177.73504954365328,39.17350029438668,-286.1069200721919,-286.37559255678525,0.0,0.0,0.0,0.0,0.0,0.0,0.0,-39.17350029438668,0.0,0.0,286.3755925567852,0.0,0.0,0.0,0.0,0.0,0.0,0.0,0.0,0,0,39.17350029438668,-286.3755925567852,0.0,0.0,0.0,0.0,0.0,0.0,0.0,0.0,0.0,0.0,0.0,0.0,0.0,0.0,0.0,0.0,0.0,0.0,0.0,0.0,0.0,0.0,0.0,0.0,0.0,0.0,0.0,0.0,0.0
1784671586.0979316,314752.9915725,0,0,8,0,0,53.717504,1.101,38.491702159791465,-282.6483630726671,-178.19924634176414,38.491702159791465,-280.51568140541923,-282.6483630726671,0.0,0.0,0.0,0.0,0.0,0.0,0.0,-38.491702159791465,0.0,0.0,282.6483630726671,0.0,0.0,0.0,0.0,0.0,0.0,0.0,0.0,0,0,38.491702159791465,-282.6483630726671,0.0,0.0,0.0,0.0,0.0,0.0,0.0,0.0,0.0,0.0,0.0,0.0,0.0,0.0,0.0,0.0,0.0,0.0,0.0,0.0,0.0,0.0,0.0,0.0,0.0,0.0,0.0,0.0,0.0
1784671586.098096,314752.9917373,0,0,8,0,0,53.720003,1.196,37.82225765547159,-277.0114745123826,-178.65068312909864,37.82225765547159,-274.37319385600705,-277.0114745123826,0.0,0.0,0.0,0.0,0.0,0.0,0.0,-37.82225765547159,0.0,0.0,277.0114745123826,0.0,0.0,0.0,0.0,0.0,0.0,0.0,0.0,0,0,37.82225765547159,-277.0114745123826,0.0,0.0,0.0,0.0,0.0,0.0,0.0,0.0,0.0,0.0,0.0,0.0,0.0,0.0,0.0,0.0,0.0,0.0,0.0,0.0,0.0,0.0,0.0,0.0,0.0,0.0,0.0,0.0,0.0
1784671586.0987222,314752.9923599,0,0,8,0,0,53.722503,0.091,36.84623574788279,-267.54695754729585,178.66528931923204,36.84623574788279,-264.6957134718905,-267.54695754729585,0.0,0.0,0.0,0.0,0.0,0.0,0.0,-36.84623574788279,0.0,0.0,267.54695754729585,0.0,0.0,0.0,0.0,0.0,0.0,0.0,0.0,0,0,36.84623574788279,-267.54695754729585,0.0,0.0,0.0,0.0,0.0,0.0,0.0,0.0,0.0,0.0,0.0,0.0,0.0,0.0,0.0,0.0,0.0,0.0,0.0,0.0,0.0,0.0,0.0,0.0,0.0,0.0,0.0,0.0,0.0
1784671586.1061993,314752.9998365,0,0,8,0,0,53.725041,0.222,36.21701527428917,-260.242014111396,178.86329145927348,36.21701527428917,-258.1769766851212,-260.242014111396,0.0,0.0,0.0,0.0,0.0,0.0,0.0,-36.21701527428917,0.0,0.0,260.242014111396,0.0,0.0,0.0,0.0,0.0,0.0,0.0,0.0,0,0,36.21701527428917,-260.242014111396,0.0,0.0,0.0,0.0,0.0,0.0,0.0,0.0,0.0,0.0,0.0,0.0,0.0,0.0,0.0,0.0,0.0,0.0,0.0,0.0,0.0,0.0,0.0,0.0,0.0,0.0,0.0,0.0,0.0
1784671586.1069987,314753.0006384,0,0,8,0,0,53.727504,0.289,35.608478665616175,-252.78699046463177,174.2382233168215,35.608478665616175,-250.66074192024223,-252.78699046463177,0.0,0.0,0.0,0.0,0.0,0.0,0.0,-35.608478665616175,0.0,0.0,252.78699046463177,0.0,0.0,0.0,0.0,0.0,0.0,0.0,0.0,0,0,35.608478665616175,-252.78699046463177,0.0,0.0,0.0,0.0,0.0,0.0,0.0,0.0,0.0,0.0,0.0,0.0,0.0,0.0,0.0,0.0,0.0,0.0,0.0,0.0,0.0,0.0,0.0,0.0,0.0,0.0,0.0,0.0,0.0
1784671586.1072156,314753.0008554,0,0,8,0,0,53.730003,0.3849999999999999,35.01172383120112,-246.859835128324,175.9602551199189,35.01172383120112,-244.23825493837825,-246.859835128324,0.0,0.0,0.0,0.0,0.0,0.0,0.0,-35.01172383120112,0.0,0.0,246.859835128324,0.0,0.0,0.0,0.0,0.0,0.0,0.0,0.0,0,0,35.01172383120112,-246.859835128324,0.0,0.0,0.0,0.0,0.0,0.0,0.0,0.0,0.0,0.0,0.0,0.0,0.0,0.0,0.0,0.0,0.0,0.0,0.0,0.0,0.0,0.0,0.0,0.0,0.0,0.0,0.0,0.0,0.0
1784671586.1085105,314753.0021492,0,0,8,0,0,53.732503,0.484,34.43047182555451,-240.32508750571608,-179.298541597112,34.43047182555451,-237.19451921576172,-240.32508750571608,0.0,0.0,0.0,0.0,0.0,0.0,0.0,-34.43047182555451,0.0,0.0,240.32508750571608,0.0,0.0,0.0,0.0,0.0,0.0,0.0,0.0,0,0,34.43047182555451,-240.32508750571608,0.0,0.0,0.0,0.0,0.0,0.0,0.0,0.0,0.0,0.0,0.0,0.0,0.0,0.0,0.0,0.0,0.0,0.0,0.0,0.0,0.0,0.0,0.0,0.0,0.0,0.0,0.0,0.0,0.0
1784671586.1109226,314753.0045607,0,0,8,0,0,53.735003,0.5950000000000001,33.8782509472467,-228.4766861724131,-179.82245314019482,33.8782509472467,-223.6845465999606,-228.4766861724131,0.0,0.0,0.0,0.0,0.0,0.0,0.0,-33.8782509472467,0.0,0.0,228.4766861724131,0.0,0.0,0.0,0.0,0.0,0.0,0.0,0.0,0,0,33.8782509472467,-228.4766861724131,0.0,0.0,0.0,0.0,0.0,0.0,0.0,0.0,0.0,0.0,0.0,0.0,0.0,0.0,0.0,0.0,0.0,0.0,0.0,0.0,0.0,0.0,0.0,0.0,0.0,0.0,0.0,0.0,0.0
1784671586.1135068,314753.0071441,0,0,8,0,0,53.73752,0.707,33.344882787996966,-219.66877187907832,176.1979395548454,33.34488278799696,-215.92331233168628,-219.6687718790783,0.0,0.0,0.0,0.0,0.0,0.0,0.0,-33.344882787996966,0.0,0.0,219.66877187907832,0.0,0.0,0.0,0.0,0.0,0.0,0.0,0.0,0,0,33.344882787996966,-219.66877187907832,0.0,0.0,0.0,0.0,0.0,0.0,0.0,0.0,0.0,0.0,0.0,0.0,0.0,0.0,0.0,0.0,0.0,0.0,0.0,0.0,0.0,0.0,0.0,0.0,0.0,0.0,0.0,0.0,0.0
1784671586.116094,314753.0097344,0,0,8,0,0,53.740003,0.789,32.83353334614817,-211.28825038301352,178.5907428764834,32.83353334614817,-207.45332950001824,-211.28825038301352,0.0,0.0,0.0,0.0,0.0,0.0,0.0,-32.83353334614817,0.0,0.0,211.28825038301352,0.0,0.0,0.0,0.0,0.0,0.0,0.0,0.0,0,0,32.83353334614817,-211.28825038301352,0.0,0.0,0.0,0.0,0.0,0.0,0.0,0.0,0.0,0.0,0.0,0.0,0.0,0.0,0.0,0.0,0.0,0.0,0.0,0.0,0.0,0.0,0.0,0.0,0.0,0.0,0.0,0.0,0.0
1784671586.1184292,314753.0120669,0,0,8,0,0,53.742503,0.875,32.341834874416826,-202.47138369441876,178.10820836513074,32.341834874416826,-198.6683473068419,-202.47138369441876,0.0,0.0,0.0,0.0,0.0,0.0,0.0,-32.341834874416826,0.0,0.0,202.47138369441876,0.0,0.0,0.0,0.0,0.0,0.0,0.0,0.0,0,0,32.341834874416826,-202.47138369441876,0.0,0.0,0.0,0.0,0.0,0.0,0.0,0.0,0.0,0.0,0.0,0.0,0.0,0.0,0.0,0.0,0.0,0.0,0.0,0.0,0.0,0.0,0.0,0.0,0.0,0.0,0.0,0.0,0.0
1784671586.1209135,314753.0145519,0,0,8,0,0,53.745003,0.991,31.875718514759047,-194.5292506058713,178.7471904476431,31.875718514759047,-191.0733627015858,-194.5292506058713,0.0,0.0,0.0,0.0,0.0,0.0,0.0,-31.875718514759047,0.0,0.0,194.5292506058713,0.0,0.0,0.0,0.0,0.0,0.0,0.0,0.0,0,0,31.875718514759047,-194.5292506058713,0.0,0.0,0.0,0.0,0.0,0.0,0.0,0.0,0.0,0.0,0.0,0.0,0.0,0.0,0.0,0.0,0.0,0.0,0.0,0.0,0.0,0.0,0.0,0.0,0.0,0.0,0.0,0.0,0.0
1784671586.12349,314753.0171276,0,0,8,0,0,53.747504,1.089,31.4285952062164,-183.50262783474656,-178.031222064699,31.4285952062164,-177.24839072427642,-183.50262783474653,0.0,0.0,0.0,0.0,0.0,0.0,0.0,-31.4285952062164,0.0,0.0,183.50262783474656,0.0,0.0,0.0,0.0,0.0,0.0,0.0,0.0,0,0,31.4285952062164,-183.50262783474656,0.0,0.0,0.0,0.0,0.0,0.0,0.0,0.0,0.0,0.0,0.0,0.0,0.0,0.0,0.0,0.0,0.0,0.0,0.0,0.0,0.0,0.0,0.0,0.0,0.0,0.0,0.0,0.0,0.0
1784671586.129748,314753.0233867,0,0,8,0,0,53.750004,1.185,31.005363155716108,-173.78651568707886,-178.42903436587744,31.005363155716104,-168.0871592937429,-173.78651568707886,0.0,0.0,0.0,0.0,0.0,0.0,0.0,-31.005363155716108,0.0,0.0,173.78651568707886,0.0,0.0,0.0,0.0,0.0,0.0,0.0,0.0,0,0,31.005363155716108,-173.78651568707886,0.0,0.0,0.0,0.0,0.0,0.0,0.0,0.0,0.0,0.0,0.0,0.0,0.0,0.0,0.0,0.0,0.0,0.0,0.0,0.0,0.0,0.0,0.0,0.0,0.0,0.0,0.0,0.0,0.0
1784671586.133274,314753.0269116,0,0,8,0,0,53.752502,0.078,30.406379125207103,-163.31660216312144,178.72760876092462,30.406379125207103,-159.8621759654702,-163.31660216312144,0.0,0.0,0.0,0.0,0.0,0.0,0.0,-30.406379125207103,0.0,0.0,163.31660216312144,0.0,0.0,0.0,0.0,0.0,0.0,0.0,0.0,0,0,30.406379125207103,-163.31660216312144,0.0,0.0,0.0,0.0,0.0,0.0,0.0,0.0,0.0,0.0,0.0,0.0,0.0,0.0,0.0,0.0,0.0,0.0,0.0,0.0,0.0,0.0,0.0,0.0,0.0,0.0,0.0,0.0,0.0
1784671586.1349683,314753.0286067,0,0,8,0,0,53.755033,0.218,30.036012632029717,-152.3606998735819,179.31127045599405,30.036012632029717,-146.10720384627376,-152.3606998735819,0.0,0.0,0.0,0.0,0.0,0.0,0.0,-30.036012632029717,0.0,0.0,152.3606998735819,0.0,0.0,0.0,0.0,0.0,0.0,0.0,0.0,0,0,30.036012632029717,-152.3606998735819,0.0,0.0,0.0,0.0,0.0,0.0,0.0,0.0,0.0,0.0,0.0,0.0,0.0,0.0,0.0,0.0,0.0,0.0,0.0,0.0,0.0,0.0,0.0,0.0,0.0,0.0,0.0,0.0,0.0
1784671586.135072,314753.0287135,0,0,8,0,0,53.757502,0.273,29.69133039795266,-141.10693061838057,175.5699710183002,29.691330397952665,-136.490973338006,-141.1069306183806,0.0,0.0,0.0,0.0,0.0,0.0,0.0,-29.69133039795266,0.0,0.0,141.10693061838057,0.0,0.0,0.0,0.0,0.0,0.0,0.0,0.0,0,0,29.69133039795266,-141.10693061838057,0.0,0.0,0.0,0.0,0.0,0.0,0.0,0.0,0.0,0.0,0.0,0.0,0.0,0.0,0.0,0.0,0.0,0.0,0.0,0.0,0.0,0.0,0.0,0.0,0.0,0.0,0.0,0.0,0.0
1784671586.1356723,314753.0293132,0,0,8,0,0,53.760003,0.382,29.37353009061527,-131.4120779114222,173.0802159922414,29.37353009061527,-127.13724229766189,-131.4120779114222,0.0,0.0,0.0,0.0,0.0,0.0,0.0,-29.37353009061527,0.0,0.0,131.4120779114222,0.0,0.0,0.0,0.0,0.0,0.0,0.0,0.0,0,0,29.37353009061527,-131.4120779114222,0.0,0.0,0.0,0.0,0.0,0.0,0.0,0.0,0.0,0.0,0.0,0.0,0.0,0.0,0.0,0.0,0.0,0.0,0.0,0.0,0.0,0.0,0.0,0.0,0.0,0.0,0.0,0.0,0.0
1784671586.1382284,314753.031868,0,0,8,0,0,53.762502,0.474,29.076363232006045,-122.0862613232892,172.91968896784428,29.076363232006045,-117.97601086712837,-122.0862613232892,0.0,0.0,0.0,0.0,0.0,0.0,0.0,-29.076363232006045,0.0,0.0,122.0862613232892,0.0,0.0,0.0,0.0,0.0,0.0,0.0,0.0,0,0,29.076363232006045,-122.0862613232892,0.0,0.0,0.0,0.0,0.0,0.0,0.0,0.0,0.0,0.0,0.0,0.0,0.0,0.0,0.0,0.0,0.0,0.0,0.0,0.0,0.0,0.0,0.0,0.0,0.0,0.0,0.0,0.0,0.0
1784671586.1407645,314753.0344025,0,0,8,0,0,53.765002,0.5820000000000001,28.80364342793499,-112.54280074243913,173.13160833088543,28.803643427934997,-108.2285306248988,-112.54280074243913,0.0,0.0,0.0,0.0,0.0,0.0,0.0,-28.80364342793499,0.0,0.0,112.54280074243913,0.0,0.0,0.0,0.0,0.0,0.0,0.0,0.0,0,0,28.80364342793499,-112.54280074243913,0.0,0.0,0.0,0.0,0.0,0.0,0.0,0.0,0.0,0.0,0.0,0.0,0.0,0.0,0.0,0.0,0.0,0.0,0.0,0.0,0.0,0.0,0.0,0.0,0.0,0.0,0.0,0.0,0.0
1784671586.143314,314753.0369526,0,0,8,0,0,53.767529,0.695,28.55101034270421,-103.27269598435456,174.26486209849585,28.55101034270421,-99.10229912342176,-103.27269598435456,0.0,0.0,0.0,0.0,0.0,0.0,0.0,-28.55101034270421,0.0,0.0,103.27269598435456,0.0,0.0,0.0,0.0,0.0,0.0,0.0,0.0,0,0,28.55101034270421,-103.27269598435456,0.0,0.0,0.0,0.0,0.0,0.0,0.0,0.0,0.0,0.0,0.0,0.0,0.0,0.0,0.0,0.0,0.0,0.0,0.0,0.0,0.0,0.0,0.0,0.0,0.0,0.0,0.0,0.0,0.0
1784671586.1457937,314753.0394327,0,0,8,0,0,53.770002,0.772,28.32606023773035,-91.1495439261524,177.26614137048193,28.326060237730346,-84.594828529511,-91.1495439261524,0.0,0.0,0.0,0.0,0.0,0.0,0.0,-28.32606023773035,0.0,0.0,91.1495439261524,0.0,0.0,0.0,0.0,0.0,0.0,0.0,0.0,0,0,28.32606023773035,-91.1495439261524,0.0,0.0,0.0,0.0,0.0,0.0,0.0,0.0,0.0,0.0,0.0,0.0,0.0,0.0,0.0,0.0,0.0,0.0,0.0,0.0,0.0,0.0,0.0,0.0,0.0,0.0,0.0,0.0,0.0
1784671586.148384,314753.0420235,0,0,8,0,0,53.772503,0.878,28.126355335095504,-80.94896051786772,178.50158667508092,28.1263553350955,-74.91734814539441,-80.9489605178677,0.0,0.0,0.0,0.0,0.0,0.0,0.0,-28.126355335095504,0.0,0.0,80.94896051786772,0.0,0.0,0.0,0.0,0.0,0.0,0.0,0.0,0,0,28.126355335095504,-80.94896051786772,0.0,0.0,0.0,0.0,0.0,0.0,0.0,0.0,0.0,0.0,0.0,0.0,0.0,0.0,0.0,0.0,0.0,0.0,0.0,0.0,0.0,0.0,0.0,0.0,0.0,0.0,0.0,0.0,0.0
1784671586.1507947,314753.0444345,0,0,8,0,0,53.775003,0.978,27.94936586505356,-71.59391713619743,177.4567566138511,27.94936586505356,-66.07986605863334,-71.59391713619742,0.0,0.0,0.0,0.0,0.0,0.0,0.0,-27.94936586505356,0.0,0.0,71.59391713619743,0.0,0.0,0.0,0.0,0.0,0.0,0.0,0.0,0,0,27.94936586505356,-71.59391713619743,0.0,0.0,0.0,0.0,0.0,0.0,0.0,0.0,0.0,0.0,0.0,0.0,0.0,0.0,0.0,0.0,0.0,0.0,0.0,0.0,0.0,0.0,0.0,0.0,0.0,0.0,0.0,0.0,0.0
1784671586.153327,314753.0469654,0,0,8,0,0,53.777503,1.0759999999999998,27.797893807130063,-61.69085069304613,175.98497368586803,27.797893807130063,-57.57488329790882,-61.69085069304613,0.0,0.0,0.0,0.0,0.0,0.0,0.0,-27.797893807130063,0.0,0.0,61.69085069304613,0.0,0.0,0.0,0.0,0.0,0.0,0.0,0.0,0,0,27.797893807130063,-61.69085069304613,0.0,0.0,0.0,0.0,0.0,0.0,0.0,0.0,0.0,0.0,0.0,0.0,0.0,0.0,0.0,0.0,0.0,0.0,0.0,0.0,0.0,0.0,0.0,0.0,0.0,0.0,0.0,0.0,0.0
1784671586.1559143,314753.0495525,0,0,8,0,0,53.780003,1.174,27.668229654986995,-52.67699154854381,174.92904072264972,27.668229654986995,-48.649901388506535,-52.6769915485438,0.0,0.0,0.0,0.0,0.0,0.0,0.0,-27.668229654986995,0.0,0.0,52.67699154854381,0.0,0.0,0.0,0.0,0.0,0.0,0.0,0.0,0,0,27.668229654986995,-52.67699154854381,0.0,0.0,0.0,0.0,0.0,0.0,0.0,0.0,0.0,0.0,0.0,0.0,0.0,0.0,0.0,0.0,0.0,0.0,0.0,0.0,0.0,0.0,0.0,0.0,0.0,0.0,0.0,0.0,0.0
1784671586.158312,314753.0519504,0,0,8,0,0,53.782504,0.067,27.51287282001458,-39.74978397551682,172.57841709837814,27.51287282001458,-36.01492699911743,-39.74978397551682,0.0,0.0,0.0,0.0,0.0,0.0,0.0,-27.51287282001458,0.0,0.0,39.74978397551682,0.0,0.0,0.0,0.0,0.0,0.0,0.0,0.0,0,0,27.51287282001458,-39.74978397551682,0.0,0.0,0.0,0.0,0.0,0.0,0.0,0.0,0.0,0.0,0.0,0.0,0.0,0.0,0.0,0.0,0.0,0.0,0.0,0.0,0.0,0.0,0.0,0.0,0.0,0.0,0.0,0.0,0.0
1784671586.1609166,314753.0545548,0,0,8,0,0,53.785003,0.164,27.43506183819936,-31.19929699181819,172.48327658210837,27.43506183819936,-27.413694433487585,-31.199296991818187,0.0,0.0,0.0,0.0,0.0,0.0,0.0,-27.43506183819936,0.0,0.0,31.19929699181819,0.0,0.0,0.0,0.0,0.0,0.0,0.0,0.0,0,0,27.43506183819936,-31.19929699181819,0.0,0.0,0.0,0.0,0.0,0.0,0.0,0.0,0.0,0.0,0.0,0.0,0.0,0.0,0.0,0.0,0.0,0.0,0.0,0.0,0.0,0.0,0.0,0.0,0.0,0.0,0.0,0.0,0.0
1784671586.1632617,314753.0569,0,0,8,0,0,53.787502,0.263,27.378371603421964,-22.337231209112264,173.00378779232437,27.378371603421964,-18.39246271917999,-22.33723120911226,0.0,0.0,0.0,0.0,0.0,0.0,0.0,-27.378371603421964,0.0,0.0,22.337231209112264,0.0,0.0,0.0,0.0,0.0,0.0,0.0,0.0,0,0,27.378371603421964,-22.337231209112264,0.0,0.0,0.0,0.0,0.0,0.0,0.0,0.0,0.0,0.0,0.0,0.0,0.0,0.0,0.0,0.0,0.0,0.0,0.0,0.0,0.0,0.0,0.0,0.0,0.0,0.0,0.0,0.0,0.0
1784671586.1660385,314753.0596772,0,0,8,0,0,53.790003,0.367,27.34601279806643,-11.034671135674524,172.43392840948508,27.346012798066425,-4.961239943755972,-11.034671135674524,0.0,0.0,0.0,0.0,0.0,0.0,0.0,-27.34601279806643,0.0,0.0,11.034671135674524,0.0,0.0,0.0,0.0,0.0,0.0,0.0,0.0,0,0,27.34601279806643,-11.034671135674524,0.0,0.0,0.0,0.0,0.0,0.0,0.0,0.0,0.0,0.0,0.0,0.0,0.0,0.0,0.0,0.0,0.0,0.0,0.0,0.0,0.0,0.0,0.0,0.0,0.0,0.0,0.0,0.0,0.0
1784671586.1683636,314753.0620045,0,0,8,0,0,53.792503,0.4609999999999999,27.334004260498155,-4.046744246863923,172.3884406924462,27.33400426049816,-0.6999985811295905,-4.046744246863923,0.0,0.0,0.0,0.0,0.0,0.0,0.0,-27.334004260498155,0.0,0.0,4.046744246863923,0.0,0.0,0.0,0.0,0.0,0.0,0.0,0.0,0,0,27.334004260498155,-4.046744246863923,0.0,0.0,0.0,0.0,0.0,0.0,0.0,0.0,0.0,0.0,0.0,0.0,0.0,0.0,0.0,0.0,0.0,0.0,0.0,0.0,0.0,0.0,0.0,0.0,0.0,0.0,0.0,0.0,0.0
1784671586.171096,314753.0647356,0,0,8,0,0,53.795003,0.5609999999999999,27.341264570242583,4.171212883358839,171.4455717971022,27.34126457024258,7.883734019972013,4.171212883358839,0.0,0.0,0.0,0.0,0.0,0.0,0.0,-27.341264570242583,0.0,0.0,-4.171212883358839,0.0,0.0,0.0,0.0,0.0,0.0,0.0,0.0,0,0,27.341264570242583,4.171212883358839,0.0,0.0,0.0,0.0,0.0,0.0,0.0,0.0,0.0,0.0,0.0,0.0,0.0,0.0,0.0,0.0,0.0,0.0,0.0,0.0,0.0,0.0,0.0,0.0,0.0,0.0,0.0,0.0,0.0
1784671586.1734009,314753.0670389,0,0,8,0,0,53.797503,0.664,27.37043489501223,14.282383317823385,171.02658055048326,27.37043489501223,19.79245988143917,14.282383317823385,0.0,0.0,0.0,0.0,0.0,0.0,0.0,-27.37043489501223,0.0,0.0,-14.282383317823385,0.0,0.0,0.0,0.0,0.0,0.0,0.0,0.0,0,0,27.37043489501223,14.282383317823385,0.0,0.0,0.0,0.0,0.0,0.0,0.0,0.0,0.0,0.0,0.0,0.0,0.0,0.0,0.0,0.0,0.0,0.0,0.0,0.0,0.0,0.0,0.0,0.0,0.0,0.0,0.0,0.0,0.0
1784671586.175779,314753.069416,0,0,8,0,0,53.800004,0.766,27.423859041272795,23.437745880871145,170.5262872327019,27.423859041272795,27.203694859148708,23.43774588087114,0.0,0.0,0.0,0.0,0.0,0.0,0.0,-27.423859041272795,0.0,0.0,-23.437745880871145,0.0,0.0,0.0,0.0,0.0,0.0,0.0,0.0,0,0,27.423859041272795,23.437745880871145,0.0,0.0,0.0,0.0,0.0,0.0,0.0,0.0,0.0,0.0,0.0,0.0,0.0,0.0,0.0,0.0,0.0,0.0,0.0,0.0,0.0,0.0,0.0,0.0,0.0,0.0,0.0,0.0,0.0
1784671586.1828992,314753.0765377,0,0,8,0,0,53.802503,0.8630000000000001,27.49640357406536,31.145339930770003,169.83284213254126,27.49640357406536,34.501180067424684,31.145339930770003,0.0,0.0,0.0,0.0,0.0,0.0,0.0,-27.49640357406536,0.0,0.0,-31.145339930770003,0.0,0.0,0.0,0.0,0.0,0.0,0.0,0.0,0,0,27.49640357406536,31.145339930770003,0.0,0.0,0.0,0.0,0.0,0.0,0.0,0.0,0.0,0.0,0.0,0.0,0.0,0.0,0.0,0.0,0.0,0.0,0.0,0.0,0.0,0.0,0.0,0.0,0.0,0.0,0.0,0.0,0.0
1784671586.1830962,314753.0767371,0,0,8,0,0,53.805003,0.965,27.58661464612292,38.50560371415595,168.67952108899587,27.58661464612292,41.76366534664419,38.505603714155946,0.0,0.0,0.0,0.0,0.0,0.0,0.0,-27.58661464612292,0.0,0.0,-38.50560371415595,0.0,0.0,0.0,0.0,0.0,0.0,0.0,0.0,0,0,27.58661464612292,38.50560371415595,0.0,0.0,0.0,0.0,0.0,0.0,0.0,0.0,0.0,0.0,0.0,0.0,0.0,0.0,0.0,0.0,0.0,0.0,0.0,0.0,0.0,0.0,0.0,0.0,0.0,0.0,0.0,0.0,0.0
1784671586.183559,314753.0771981,0,0,8,0,0,53.807504,1.064,27.69404569154996,45.50788922053079,167.69429329679215,27.69404569154996,48.57990153039358,45.50788922053079,0.0,0.0,0.0,0.0,0.0,0.0,0.0,-27.69404569154996,0.0,0.0,-45.50788922053079,0.0,0.0,0.0,0.0,0.0,0.0,0.0,0.0,0,0,27.69404569154996,45.50788922053079,0.0,0.0,0.0,0.0,0.0,0.0,0.0,0.0,0.0,0.0,0.0,0.0,0.0,0.0,0.0,0.0,0.0,0.0,0.0,0.0,0.0,0.0,0.0,0.0,0.0,0.0,0.0,0.0,0.0
1784671586.1963067,314753.089945,0,0,8,0,0,53.810002,1.158,27.820269181281557,54.14636913685793,167.14501197239957,27.820269181281557,58.74738092130087,54.14636913685792,0.0,0.0,0.0,0.0,0.0,0.0,0.0,-27.820269181281557,0.0,0.0,-54.14636913685793,0.0,0.0,0.0,0.0,0.0,0.0,0.0,0.0,0,0,27.820269181281557,54.14636913685793,0.0,0.0,0.0,0.0,0.0,0.0,0.0,0.0,0.0,0.0,0.0,0.0,0.0,0.0,0.0,0.0,0.0,0.0,0.0,0.0,0.0,0.0,0.0,0.0,0.0,0.0,0.0,0.0,0.0
1784671586.1965714,314753.0902123,0,0,8,0,0,53.812504,0.056,28.041205055749987,63.3424256611548,166.10376766137043,28.041205055749987,65.26611770807018,63.3424256611548,0.0,0.0,0.0,0.0,0.0,0.0,0.0,-28.041205055749987,0.0,0.0,-63.3424256611548,0.0,0.0,0.0,0.0,0.0,0.0,0.0,0.0,0,0,28.041205055749987,63.3424256611548,0.0,0.0,0.0,0.0,0.0,0.0,0.0,0.0,0.0,0.0,0.0,0.0,0.0,0.0,0.0,0.0,0.0,0.0,0.0,0.0,0.0,0.0,0.0,0.0,0.0,0.0,0.0,0.0,0.0
1784671586.196735,314753.0903753,0,0,8,0,0,53.815004,0.155,28.20893178706278,69.97854013074969,165.45009026540225,28.20893178706278,71.86360433521658,69.97854013074969,0.0,0.0,0.0,0.0,0.0,0.0,0.0,-28.20893178706278,0.0,0.0,-69.97854013074969,0.0,0.0,0.0,0.0,0.0,0.0,0.0,0.0,0,0,28.20893178706278,69.97854013074969,0.0,0.0,0.0,0.0,0.0,0.0,0.0,0.0,0.0,0.0,0.0,0.0,0.0,0.0,0.0,0.0,0.0,0.0,0.0,0.0,0.0,0.0,0.0,0.0,0.0,0.0,0.0,0.0,0.0
1784671586.1968305,314753.0904714,0,0,8,0,0,53.817503,0.2489999999999999,28.394863676529788,78.27280002558233,165.18223515412004,28.394863676529788,81.63733452423848,78.27280002558233,0.0,0.0,0.0,0.0,0.0,0.0,0.0,-28.394863676529788,0.0,0.0,-78.27280002558233,0.0,0.0,0.0,0.0,0.0,0.0,0.0,0.0,0,0,28.394863676529788,78.27280002558233,0.0,0.0,0.0,0.0,0.0,0.0,0.0,0.0,0.0,0.0,0.0,0.0,0.0,0.0,0.0,0.0,0.0,0.0,0.0,0.0,0.0,0.0,0.0,0.0,0.0,0.0,0.0,0.0,0.0
1784671586.1972225,314753.0908618,0,0,8,0,0,53.820003,0.35,28.59770130303761,85.3712733501695,164.78716599739312,28.59770130303761,88.50607060157259,85.37127335016949,0.0,0.0,0.0,0.0,0.0,0.0,0.0,-28.59770130303761,0.0,0.0,-85.3712733501695,0.0,0.0,0.0,0.0,0.0,0.0,0.0,0.0,0,0,28.59770130303761,85.3712733501695,0.0,0.0,0.0,0.0,0.0,0.0,0.0,0.0,0.0,0.0,0.0,0.0,0.0,0.0,0.0,0.0,0.0,0.0,0.0,0.0,0.0,0.0,0.0,0.0,0.0,0.0,0.0,0.0,0.0
1784671586.1982985,314753.0919366,0,0,8,0,0,53.822502,0.45,28.816886451852056,92.0688126023895,164.48834344693964,28.816886451852056,94.98980745928544,92.06881260238951,0.0,0.0,0.0,0.0,0.0,0.0,0.0,-28.816886451852056,0.0,0.0,-92.0688126023895,0.0,0.0,0.0,0.0,0.0,0.0,0.0,0.0,0,0,28.816886451852056,92.0688126023895,0.0,0.0,0.0,0.0,0.0,0.0,0.0,0.0,0.0,0.0,0.0,0.0,0.0,0.0,0.0,0.0,0.0,0.0,0.0,0.0,0.0,0.0,0.0,0.0,0.0,0.0,0.0,0.0,0.0
1784671586.208106,314753.1017431,0,0,8,0,0,53.825002,0.546,29.052257934637076,98.60029971333368,164.10342470772383,29.052257934637076,101.4997942637906,98.60029971333368,0.0,0.0,0.0,0.0,0.0,0.0,0.0,-29.052257934637076,0.0,0.0,-98.60029971333368,0.0,0.0,0.0,0.0,0.0,0.0,0.0,0.0,0,0,29.052257934637076,98.60029971333368,0.0,0.0,0.0,0.0,0.0,0.0,0.0,0.0,0.0,0.0,0.0,0.0,0.0,0.0,0.0,0.0,0.0,0.0,0.0,0.0,0.0,0.0,0.0,0.0,0.0,0.0,0.0,0.0,0.0
1784671586.2103066,314753.1039443,0,0,8,0,0,53.827503,0.646,29.30279247710473,104.94235387585908,163.3874733327121,29.302792477104727,107.69478170678748,104.94235387585908,0.0,0.0,0.0,0.0,0.0,0.0,0.0,-29.30279247710473,0.0,0.0,-104.94235387585908,0.0,0.0,0.0,0.0,0.0,0.0,0.0,0.0,0,0,29.30279247710473,104.94235387585908,0.0,0.0,0.0,0.0,0.0,0.0,0.0,0.0,0.0,0.0,0.0,0.0,0.0,0.0,0.0,0.0,0.0,0.0,0.0,0.0,0.0,0.0,0.0,0.0,0.0,0.0,0.0,0.0,0.0
1784671586.2106063,314753.1042472,0,0,8,0,0,53.830004,0.754,29.56820535438297,112.12133625253608,163.6637131562338,29.56820535438297,115.9722649286449,112.12133625253608,0.0,0.0,0.0,0.0,0.0,0.0,0.0,-29.56820535438297,0.0,0.0,-112.12133625253608,0.0,0.0,0.0,0.0,0.0,0.0,0.0,0.0,0,0,29.56820535438297,112.12133625253608,0.0,0.0,0.0,0.0,0.0,0.0,0.0,0.0,0.0,0.0,0.0,0.0,0.0,0.0,0.0,0.0,0.0,0.0,0.0,0.0,0.0,0.0,0.0,0.0,0.0,0.0,0.0,0.0,0.0
1784671586.2107685,314753.1044094,0,0,8,0,0,53.832505,0.856,29.848832195928164,117.92366572318052,164.78716406220047,29.848832195928168,121.29225414522976,117.9236657231805,0.0,0.0,0.0,0.0,0.0,0.0,0.0,-29.848832195928164,0.0,0.0,-117.92366572318052,0.0,0.0,0.0,0.0,0.0,0.0,0.0,0.0,0,0,29.848832195928164,117.92366572318052,0.0,0.0,0.0,0.0,0.0,0.0,0.0,0.0,0.0,0.0,0.0,0.0,0.0,0.0,0.0,0.0,0.0,0.0,0.0,0.0,0.0,0.0,0.0,0.0,0.0,0.0,0.0,0.0,0.0
1784671586.2109191,314753.1045603,0,0,8,0,0,53.835003,0.954,30.142837631398308,123.4293735019216,165.26105748039416,30.142837631398308,126.7609930603047,123.4293735019216,0.0,0.0,0.0,0.0,0.0,0.0,0.0,-30.142837631398308,0.0,0.0,-123.4293735019216,0.0,0.0,0.0,0.0,0.0,0.0,0.0,0.0,0,0,30.142837631398308,123.4293735019216,0.0,0.0,0.0,0.0,0.0,0.0,0.0,0.0,0.0,0.0,0.0,0.0,0.0,0.0,0.0,0.0,0.0,0.0,0.0,0.0,0.0,0.0,0.0,0.0,0.0,0.0,0.0,0.0,0.0
1784671586.2141123,314753.10775,0,0,8,0,0,53.837503,1.0510000000000002,30.450297532118487,128.83243199485312,165.0122941647642,30.45029753211849,132.0809822768896,128.83243199485312,0.0,0.0,0.0,0.0,0.0,0.0,0.0,-30.450297532118487,0.0,0.0,-128.83243199485312,0.0,0.0,0.0,0.0,0.0,0.0,0.0,0.0,0,0,30.450297532118487,128.83243199485312,0.0,0.0,0.0,0.0,0.0,0.0,0.0,0.0,0.0,0.0,0.0,0.0,0.0,0.0,0.0,0.0,0.0,0.0,0.0,0.0,0.0,0.0,0.0,0.0,0.0,0.0,0.0,0.0,0.0
1784671586.2158277,314753.1094657,0,0,8,0,0,53.840004,1.153,30.7726046913639,134.86749989018284,164.79083083419306,30.7726046913639,137.47097135158745,134.86749989018284,0.0,0.0,0.0,0.0,0.0,0.0,0.0,-30.7726046913639,0.0,0.0,-134.86749989018284,0.0,0.0,0.0,0.0,0.0,0.0,0.0,0.0,0,0,30.7726046913639,134.86749989018284,0.0,0.0,0.0,0.0,0.0,0.0,0.0,0.0,0.0,0.0,0.0,0.0,0.0,0.0,0.0,0.0,0.0,0.0,0.0,0.0,0.0,0.0,0.0,0.0,0.0,0.0,0.0,0.0,0.0
1784671586.218397,314753.1120351,0,0,8,0,0,53.842503,0.0419999999999999,31.28480221632,144.00765665873718,163.7418485201242,31.28480221632,146.71970260476215,144.0076566587372,0.0,0.0,0.0,0.0,0.0,0.0,0.0,-31.28480221632,0.0,0.0,-144.00765665873718,0.0,0.0,0.0,0.0,0.0,0.0,0.0,0.0,0,0,31.28480221632,144.00765665873718,0.0,0.0,0.0,0.0,0.0,0.0,0.0,0.0,0.0,0.0,0.0,0.0,0.0,0.0,0.0,0.0,0.0,0.0,0.0,0.0,0.0,0.0,0.0,0.0,0.0,0.0,0.0,0.0,0.0
1784671586.2210448,314753.1146817,0,0,8,0,0,53.845003,0.1389999999999999,31.6448383352298,150.54265200014382,164.95213812611172,31.6448383352298,153.47468891266269,150.54265200014382,0.0,0.0,0.0,0.0,0.0,0.0,0.0,-31.6448383352298,0.0,0.0,-150.54265200014382,0.0,0.0,0.0,0.0,0.0,0.0,0.0,0.0,0,0,31.6448383352298,150.54265200014382,0.0,0.0,0.0,0.0,0.0,0.0,0.0,0.0,0.0,0.0,0.0,0.0,0.0,0.0,0.0,0.0,0.0,0.0,0.0,0.0,0.0,0.0,0.0,0.0,0.0,0.0,0.0,0.0,0.0
1784671586.2250342,314753.1186713,0,0,8,0,0,53.847471,0.206,32.02068671903891,157.26442685061966,165.16675870418834,32.02068671903891,160.22092523829912,157.26442685061963,0.0,0.0,0.0,0.0,0.0,0.0,0.0,-32.02068671903891,0.0,0.0,-157.26442685061966,0.0,0.0,0.0,0.0,0.0,0.0,0.0,0.0,0,0,32.02068671903891,157.26442685061966,0.0,0.0,0.0,0.0,0.0,0.0,0.0,0.0,0.0,0.0,0.0,0.0,0.0,0.0,0.0,0.0,0.0,0.0,0.0,0.0,0.0,0.0,0.0,0.0,0.0,0.0,0.0,0.0,0.0
1784671586.2258923,314753.1195317,0,0,8,0,0,53.850002,0.3339999999999999,32.41312655721444,164.05932919281852,165.0444667946616,32.41312655721444,167.04591140431262,164.0593291928185,0.0,0.0,0.0,0.0,0.0,0.0,0.0,-32.41312655721444,0.0,0.0,-164.05932919281852,0.0,0.0,0.0,0.0,0.0,0.0,0.0,0.0,0,0,32.41312655721444,164.05932919281852,0.0,0.0,0.0,0.0,0.0,0.0,0.0,0.0,0.0,0.0,0.0,0.0,0.0,0.0,0.0,0.0,0.0,0.0,0.0,0.0,0.0,0.0,0.0,0.0,0.0,0.0,0.0,0.0,0.0
1784671586.228406,314753.122043,0,0,8,0,0,53.852504,0.439,32.823505200822666,171.44977048589988,165.78898777248054,32.823505200822666,173.55589820881784,171.44977048589988,0.0,0.0,0.0,0.0,0.0,0.0,0.0,-32.823505200822666,0.0,0.0,-171.44977048589988,0.0,0.0,0.0,0.0,0.0,0.0,0.0,0.0,0,0,32.823505200822666,171.44977048589988,0.0,0.0,0.0,0.0,0.0,0.0,0.0,0.0,0.0,0.0,0.0,0.0,0.0,0.0,0.0,0.0,0.0,0.0,0.0,0.0,0.0,0.0,0.0,0.0,0.0,0.0,0.0,0.0,0.0
1784671586.2308888,314753.1245268,0,0,8,0,0,53.855002,0.537,33.247714282105555,177.42705611291626,172.18013050136074,33.247714282105555,180.30213453445424,177.42705611291626,0.0,0.0,0.0,0.0,0.0,0.0,0.0,-33.247714282105555,0.0,0.0,-177.42705611291626,0.0,0.0,0.0,0.0,0.0,0.0,0.0,0.0,0,0,33.247714282105555,177.42705611291626,0.0,0.0,0.0,0.0,0.0,0.0,0.0,0.0,0.0,0.0,0.0,0.0,0.0,0.0,0.0,0.0,0.0,0.0,0.0,0.0,0.0,0.0,0.0,0.0,0.0,0.0,0.0,0.0,0.0
1784671586.2349465,314753.1285832,0,0,8,0,0,53.857502,0.641,33.69026993816909,186.4209643834153,169.68563993804858,33.69026993816908,191.16961250649115,186.4209643834153,0.0,0.0,0.0,0.0,0.0,0.0,0.0,-33.69026993816909,0.0,0.0,-186.4209643834153,0.0,0.0,0.0,0.0,0.0,0.0,0.0,0.0,0,0,33.69026993816909,186.4209643834153,0.0,0.0,0.0,0.0,0.0,0.0,0.0,0.0,0.0,0.0,0.0,0.0,0.0,0.0,0.0,0.0,0.0,0.0,0.0,0.0,0.0,0.0,0.0,0.0,0.0,0.0,0.0,0.0,0.0
1784671586.2424524,314753.1360902,0,0,8,0,0,53.860003,0.743,34.14945409077901,192.0057005005552,163.91959086234198,34.14945409077901,194.7571052347803,192.0057005005552,0.0,0.0,0.0,0.0,0.0,0.0,0.0,-34.14945409077901,0.0,0.0,-192.0057005005552,0.0,0.0,0.0,0.0,0.0,0.0,0.0,0.0,0,0,34.14945409077901,192.0057005005552,0.0,0.0,0.0,0.0,0.0,0.0,0.0,0.0,0.0,0.0,0.0,0.0,0.0,0.0,0.0,0.0,0.0,0.0,0.0,0.0,0.0,0.0,0.0,0.0,0.0,0.0,0.0,0.0,0.0
1784671586.2456436,314753.1392808,0,0,8,0,0,53.862502,0.839,34.6221465941901,197.05647655508517,168.1774829575227,34.6221465941901,199.35084592344325,197.0564765550851,0.0,0.0,0.0,0.0,0.0,0.0,0.0,-34.6221465941901,0.0,0.0,-197.05647655508517,0.0,0.0,0.0,0.0,0.0,0.0,0.0,0.0,0,0,34.6221465941901,197.05647655508517,0.0,0.0,0.0,0.0,0.0,0.0,0.0,0.0,0.0,0.0,0.0,0.0,0.0,0.0,0.0,0.0,0.0,0.0,0.0,0.0,0.0,0.0,0.0,0.0,0.0,0.0,0.0,0.0,0.0
1784671586.245952,314753.1395918,0,0,8,0,0,53.865004,0.942,35.108824251174745,203.6668229698917,172.8531525302217,35.108824251174745,206.7708308834169,203.6668229698917,0.0,0.0,0.0,0.0,0.0,0.0,0.0,-35.108824251174745,0.0,0.0,-203.6668229698917,0.0,0.0,0.0,0.0,0.0,0.0,0.0,0.0,0,0,35.108824251174745,203.6668229698917,0.0,0.0,0.0,0.0,0.0,0.0,0.0,0.0,0.0,0.0,0.0,0.0,0.0,0.0,0.0,0.0,0.0,0.0,0.0,0.0,0.0,0.0,0.0,0.0,0.0,0.0,0.0,0.0,0.0
1784671586.2462213,314753.1398611,0,0,8,0,0,53.867503,1.031,35.61342636934059,209.82390433194576,161.61971715665595,35.61342636934059,212.2745697275483,209.82390433194573,0.0,0.0,0.0,0.0,0.0,0.0,0.0,-35.61342636934059,0.0,0.0,-209.82390433194576,0.0,0.0,0.0,0.0,0.0,0.0,0.0,0.0,0,0,35.61342636934059,209.82390433194576,0.0,0.0,0.0,0.0,0.0,0.0,0.0,0.0,0.0,0.0,0.0,0.0,0.0,0.0,0.0,0.0,0.0,0.0,0.0,0.0,0.0,0.0,0.0,0.0,0.0,0.0,0.0,0.0,0.0
1784671586.2468035,314753.1404422,0,0,8,0,0,53.870001,1.135,36.1231239651931,212.4242872745836,158.6237464403978,36.1231239651931,213.2458177588656,212.4242872745836,0.0,0.0,0.0,0.0,0.0,0.0,0.0,-36.1231239651931,0.0,0.0,-212.4242872745836,0.0,0.0,0.0,0.0,0.0,0.0,0.0,0.0,0,0,36.1231239651931,212.4242872745836,0.0,0.0,0.0,0.0,0.0,0.0,0.0,0.0,0.0,0.0,0.0,0.0,0.0,0.0,0.0,0.0,0.0,0.0,0.0,0.0,0.0,0.0,0.0,0.0,0.0,0.0,0.0,0.0,0.0
1784671586.2484176,314753.1420559,0,0,8,0,0,53.872505,0.032,36.90534710486031,217.96058269546072,170.73861560998407,36.90534710486031,219.2745555388442,217.96058269546072,0.0,0.0,0.0,0.0,0.0,0.0,0.0,-36.90534710486031,0.0,0.0,-217.96058269546072,0.0,0.0,0.0,0.0,0.0,0.0,0.0,0.0,0,0,36.90534710486031,217.96058269546072,0.0,0.0,0.0,0.0,0.0,0.0,0.0,0.0,0.0,0.0,0.0,0.0,0.0,0.0,0.0,0.0,0.0,0.0,0.0,0.0,0.0,0.0,0.0,0.0,0.0,0.0,0.0,0.0,0.0
1784671586.251015,314753.1446529,0,0,8,0,0,53.875002,0.128,37.44397293665823,224.42850427675396,164.50686614001015,37.44397293665823,226.265791367876,224.42850427675396,0.0,0.0,0.0,0.0,0.0,0.0,0.0,-37.44397293665823,0.0,0.0,-224.42850427675396,0.0,0.0,0.0,0.0,0.0,0.0,0.0,0.0,0,0,37.44397293665823,224.42850427675396,0.0,0.0,0.0,0.0,0.0,0.0,0.0,0.0,0.0,0.0,0.0,0.0,0.0,0.0,0.0,0.0,0.0,0.0,0.0,0.0,0.0,0.0,0.0,0.0,0.0,0.0,0.0,0.0,0.0
1784671586.2551117,314753.1487478,0,0,8,0,0,53.877481,0.215,37.99382661123688,230.056207088014,162.38556556429086,37.99382661123688,232.06702960898747,230.056207088014,0.0,0.0,0.0,0.0,0.0,0.0,0.0,-37.99382661123688,0.0,0.0,-230.056207088014,0.0,0.0,0.0,0.0,0.0,0.0,0.0,0.0,0,0,37.99382661123688,230.056207088014,0.0,0.0,0.0,0.0,0.0,0.0,0.0,0.0,0.0,0.0,0.0,0.0,0.0,0.0,0.0,0.0,0.0,0.0,0.0,0.0,0.0,0.0,0.0,0.0,0.0,0.0,0.0,0.0,0.0
1784671586.2561731,314753.149811,0,0,8,0,0,53.880003,0.326,38.55806839300999,234.13886431887892,165.54408912081573,38.55806839300999,235.9957716455773,234.1388643188789,0.0,0.0,0.0,0.0,0.0,0.0,0.0,-38.55806839300999,0.0,0.0,-234.13886431887892,0.0,0.0,0.0,0.0,0.0,0.0,0.0,0.0,0,0,38.55806839300999,234.13886431887892,0.0,0.0,0.0,0.0,0.0,0.0,0.0,0.0,0.0,0.0,0.0,0.0,0.0,0.0,0.0,0.0,0.0,0.0,0.0,0.0,0.0,0.0,0.0,0.0,0.0,0.0,0.0,0.0,0.0
1784671586.2584612,314753.1521001,0,0,8,0,0,53.882502,0.424,39.13231524952218,239.6975018540015,166.36163749390812,39.13231524952218,242.31325884027183,239.6975018540015,0.0,0.0,0.0,0.0,0.0,0.0,0.0,-39.13231524952218,0.0,0.0,-239.6975018540015,0.0,0.0,0.0,0.0,0.0,0.0,0.0,0.0,0,0,39.13231524952218,239.6975018540015,0.0,0.0,0.0,0.0,0.0,0.0,0.0,0.0,0.0,0.0,0.0,0.0,0.0,0.0,0.0,0.0,0.0,0.0,0.0,0.0,0.0,0.0,0.0,0.0,0.0,0.0,0.0,0.0,0.0
1784671586.2611103,314753.1547476,0,0,8,0,0,53.885004,0.525,39.720298171801176,245.3321453866879,165.61075030835462,39.720298171801176,247.79074773761093,245.33214538668787,0.0,0.0,0.0,0.0,0.0,0.0,0.0,-39.720298171801176,0.0,0.0,-245.3321453866879,0.0,0.0,0.0,0.0,0.0,0.0,0.0,0.0,0,0,39.720298171801176,245.3321453866879,0.0,0.0,0.0,0.0,0.0,0.0,0.0,0.0,0.0,0.0,0.0,0.0,0.0,0.0,0.0,0.0,0.0,0.0,0.0,0.0,0.0,0.0,0.0,0.0,0.0,0.0,0.0,0.0,0.0
1784671586.2635045,314753.1571403,0,0,8,0,0,53.887502,0.622,40.32181158273277,251.067520740115,169.88468598934037,40.32181158273277,253.70573574815592,251.067520740115,0.0,0.0,0.0,0.0,0.0,0.0,0.0,-40.32181158273277,0.0,0.0,-251.067520740115,0.0,0.0,0.0,0.0,0.0,0.0,0.0,0.0,0,0,40.32181158273277,251.067520740115,0.0,0.0,0.0,0.0,0.0,0.0,0.0,0.0,0.0,0.0,0.0,0.0,0.0,0.0,0.0,0.0,0.0,0.0,0.0,0.0,0.0,0.0,0.0,0.0,0.0,0.0,0.0,0.0,0.0
1784671586.2659986,314753.1596377,0,0,8,0,0,53.890005,0.7290000000000001,40.93638484677645,256.9604328663106,166.53926025587128,40.93638484677645,259.4632240779468,256.9604328663106,0.0,0.0,0.0,0.0,0.0,0.0,0.0,-40.93638484677645,0.0,0.0,-256.9604328663106,0.0,0.0,0.0,0.0,0.0,0.0,0.0,0.0,0,0,40.93638484677645,256.9604328663106,0.0,0.0,0.0,0.0,0.0,0.0,0.0,0.0,0.0,0.0,0.0,0.0,0.0,0.0,0.0,0.0,0.0,0.0,0.0,0.0,0.0,0.0,0.0,0.0,0.0,0.0,0.0,0.0,0.0
1784671586.2684643,314753.1621028,0,0,8,0,0,53.892503,0.8310000000000001,41.56472980686662,263.34786851588444,171.1156057563435,41.56472980686662,266.9969588073541,263.34786851588444,0.0,0.0,0.0,0.0,0.0,0.0,0.0,-41.56472980686662,0.0,0.0,-263.34786851588444,0.0,0.0,0.0,0.0,0.0,0.0,0.0,0.0,0,0,41.56472980686662,263.34786851588444,0.0,0.0,0.0,0.0,0.0,0.0,0.0,0.0,0.0,0.0,0.0,0.0,0.0,0.0,0.0,0.0,0.0,0.0,0.0,0.0,0.0,0.0,0.0,0.0,0.0,0.0,0.0,0.0,0.0
1784671586.2710972,314753.1647341,0,0,8,0,0,53.895001,0.921,42.208650873582926,267.65270700860447,170.66362396498468,42.208650873582926,269.7532032205518,267.6527070086044,0.0,0.0,0.0,0.0,0.0,0.0,0.0,-42.208650873582926,0.0,0.0,-267.65270700860447,0.0,0.0,0.0,0.0,0.0,0.0,0.0,0.0,0,0,42.208650873582926,267.65270700860447,0.0,0.0,0.0,0.0,0.0,0.0,0.0,0.0,0.0,0.0,0.0,0.0,0.0,0.0,0.0,0.0,0.0,0.0,0.0,0.0,0.0,0.0,0.0,0.0,0.0,0.0,0.0,0.0,0.0
1784671586.273455,314753.1670916,0,0,8,0,0,53.897506,1.025,42.86152212719266,271.92170104177166,164.83796436166438,42.86152212719265,273.6031954167645,271.92170104177166,0.0,0.0,0.0,0.0,0.0,0.0,0.0,-42.86152212719266,0.0,0.0,-271.92170104177166,0.0,0.0,0.0,0.0,0.0,0.0,0.0,0.0,0,0,42.86152212719266,271.92170104177166,0.0,0.0,0.0,0.0,0.0,0.0,0.0,0.0,0.0,0.0,0.0,0.0,0.0,0.0,0.0,0.0,0.0,0.0,0.0,0.0,0.0,0.0,0.0,0.0,0.0,0.0,0.0,0.0,0.0
1784671586.2762282,314753.169866,0,0,8,0,0,53.900001,1.125,43.521289960481,275.7417615895683,167.38275208858008,43.521289960481,277.8994367084474,275.7417615895683,0.0,0.0,0.0,0.0,0.0,0.0,0.0,-43.521289960481,0.0,0.0,-275.7417615895683,0.0,0.0,0.0,0.0,0.0,0.0,0.0,0.0,0,0,43.521289960481,275.7417615895683,0.0,0.0,0.0,0.0,0.0,0.0,0.0,0.0,0.0,0.0,0.0,0.0,0.0,0.0,0.0,0.0,0.0,0.0,0.0,0.0,0.0,0.0,0.0,0.0,0.0,0.0,0.0,0.0,0.0
1784671586.2783585,314753.1719964,0,0,8,0,0,53.902503,1.222,44.19285294040172,279.70956016882565,169.94276940742768,44.19285294040172,282.2219279469226,279.70956016882565,0.0,0.0,0.0,0.0,0.0,0.0,0.0,-44.19285294040172,0.0,0.0,-279.70956016882565,0.0,0.0,0.0,0.0,0.0,0.0,0.0,0.0,0,0,44.19285294040172,279.70956016882565,0.0,0.0,0.0,0.0,0.0,0.0,0.0,0.0,0.0,0.0,0.0,0.0,0.0,0.0,0.0,0.0,0.0,0.0,0.0,0.0,0.0,0.0,0.0,0.0,0.0,0.0,0.0,0.0,0.0
1784671586.2814498,314753.1750866,0,0,8,0,0,53.905004,0.116,45.21807598500275,284.70638809311134,167.7510080392666,45.21807598500276,285.97567033823003,284.70638809311134,0.0,0.0,0.0,0.0,0.0,0.0,0.0,-45.21807598500275,0.0,0.0,-284.70638809311134,0.0,0.0,0.0,0.0,0.0,0.0,0.0,0.0,0,0,45.21807598500275,284.70638809311134,0.0,0.0,0.0,0.0,0.0,0.0,0.0,0.0,0.0,0.0,0.0,0.0,0.0,0.0,0.0,0.0,0.0,0.0,0.0,0.0,0.0,0.0,0.0,0.0,0.0,0.0,0.0,0.0,0.0
1784671586.2833447,314753.176984,0,0,8,0,0,53.907495,0.207,45.90648421871783,286.16971445506647,169.8942553937618,45.90648421871783,286.6581689548314,286.16971445506647,0.0,0.0,0.0,0.0,0.0,0.0,0.0,-45.90648421871783,0.0,0.0,-286.16971445506647,0.0,0.0,0.0,0.0,0.0,0.0,0.0,0.0,0,0,45.90648421871783,286.16971445506647,0.0,0.0,0.0,0.0,0.0,0.0,0.0,0.0,0.0,0.0,0.0,0.0,0.0,0.0,0.0,0.0,0.0,0.0,0.0,0.0,0.0,0.0,0.0,0.0,0.0,0.0,0.0,0.0,0.0
1784671586.2859757,314753.1796131,0,0,8,0,0,53.910003,0.312,46.59722344853397,286.57069843199923,163.07131781185242,46.59722344853398,286.68441890162376,286.57069843199923,0.0,0.0,0.0,0.0,0.0,0.0,0.0,-46.59722344853397,0.0,0.0,-286.57069843199923,0.0,0.0,0.0,0.0,0.0,0.0,0.0,0.0,0,0,46.59722344853397,286.57069843199923,0.0,0.0,0.0,0.0,0.0,0.0,0.0,0.0,0.0,0.0,0.0,0.0,0.0,0.0,0.0,0.0,0.0,0.0,0.0,0.0,0.0,0.0,0.0,0.0,0.0,0.0,0.0,0.0,0.0
1784671586.298649,314753.192286,0,0,8,0,0,53.912502,0.414,47.28657019358883,286.6591982315759,167.9979801420411,47.28657019358883,286.68441890162376,286.65919823157583,0.0,0.0,0.0,0.0,0.0,0.0,0.0,-47.28657019358883,0.0,0.0,-286.6591982315759,0.0,0.0,0.0,0.0,0.0,0.0,0.0,0.0,0,0,47.28657019358883,286.6591982315759,0.0,0.0,0.0,0.0,0.0,0.0,0.0,0.0,0.0,0.0,0.0,0.0,0.0,0.0,0.0,0.0,0.0,0.0,0.0,0.0,0.0,0.0,0.0,0.0,0.0,0.0,0.0,0.0,0.0
1784671586.298883,314753.1925233,0,0,8,0,0,53.915002,0.522,47.97455238755996,286.6788079183666,174.94790618709715,47.97455238755996,286.68441890162376,286.6788079183666,0.0,0.0,0.0,0.0,0.0,0.0,0.0,-47.97455238755996,0.0,0.0,-286.6788079183666,0.0,0.0,0.0,0.0,0.0,0.0,0.0,0.0,0,0,47.97455238755996,286.6788079183666,0.0,0.0,0.0,0.0,0.0,0.0,0.0,0.0,0.0,0.0,0.0,0.0,0.0,0.0,0.0,0.0,0.0,0.0,0.0,0.0,0.0,0.0,0.0,0.0,0.0,0.0,0.0,0.0,0.0
1784671586.2990627,314753.1927032,0,0,8,0,0,53.917504,0.606,48.67002913930045,286.6831908218799,170.10019406829122,48.67002913930046,286.68441890162376,286.6831908218799,0.0,0.0,0.0,0.0,0.0,0.0,0.0,-48.67002913930045,0.0,0.0,-286.6831908218799,0.0,0.0,0.0,0.0,0.0,0.0,0.0,0.0,0,0,48.67002913930045,286.6831908218799,0.0,0.0,0.0,0.0,0.0,0.0,0.0,0.0,0.0,0.0,0.0,0.0,0.0,0.0,0.0,0.0,0.0,0.0,0.0,0.0,0.0,0.0,0.0,0.0,0.0,0.0,0.0,0.0,0.0
1784671586.2992623,314753.1929029,0,0,8,0,0,53.920002,0.718,49.3563054744496,286.6841446519169,171.9903977614312,49.35630547444959,286.68441890162376,286.6841446519168,0.0,0.0,0.0,0.0,0.0,0.0,0.0,-49.3563054744496,0.0,0.0,-286.6841446519169,0.0,0.0,0.0,0.0,0.0,0.0,0.0,0.0,0,0,49.3563054744496,286.6841446519169,0.0,0.0,0.0,0.0,0.0,0.0,0.0,0.0,0.0,0.0,0.0,0.0,0.0,0.0,0.0,0.0,0.0,0.0,0.0,0.0,0.0,0.0,0.0,0.0,0.0,0.0,0.0,0.0,0.0
1784671586.2994478,314753.1930885,0,0,8,0,0,53.922503,0.815,50.04775987885172,286.68435834606424,168.70531522707813,50.04775987885172,286.68441890162376,286.68435834606424,0.0,0.0,0.0,0.0,0.0,0.0,0.0,-50.04775987885172,0.0,0.0,-286.68435834606424,0.0,0.0,0.0,0.0,0.0,0.0,0.0,0.0,0,0,50.04775987885172,286.68435834606424,0.0,0.0,0.0,0.0,0.0,0.0,0.0,0.0,0.0,0.0,0.0,0.0,0.0,0.0,0.0,0.0,0.0,0.0,0.0,0.0,0.0,0.0,0.0,0.0,0.0,0.0,0.0,0.0,0.0
1784671586.3010275,314753.1946662,0,0,8,0,0,53.925003,0.917,50.73748870128357,286.68440548018344,170.4214338709599,50.73748870128357,286.68441890162376,286.6844054801835,0.0,0.0,0.0,0.0,0.0,0.0,0.0,-50.73748870128357,0.0,0.0,-286.68440548018344,0.0,0.0,0.0,0.0,0.0,0.0,0.0,0.0,0,0,50.73748870128357,286.68440548018344,0.0,0.0,0.0,0.0,0.0,0.0,0.0,0.0,0.0,0.0,0.0,0.0,0.0,0.0,0.0,0.0,0.0,0.0,0.0,0.0,0.0,0.0,0.0,0.0,0.0,0.0,0.0,0.0,0.0
1784671586.3107507,314753.2043856,0,0,8,0,0,53.927503,1.015,51.42836806889552,286.68441593438337,170.3816302394303,51.42836806889552,286.68441890162376,286.68441593438337,0.0,0.0,0.0,0.0,0.0,0.0,0.0,-51.42836806889552,0.0,0.0,-286.68441593438337,0.0,0.0,0.0,0.0,0.0,0.0,0.0,0.0,0,0,51.42836806889552,286.68441593438337,0.0,0.0,0.0,0.0,0.0,0.0,0.0,0.0,0.0,0.0,0.0,0.0,0.0,0.0,0.0,0.0,0.0,0.0,0.0,0.0,0.0,0.0,0.0,0.0,0.0,0.0,0.0,0.0,0.0
1784671586.3111217,314753.2047619,0,0,8,0,0,53.930004,1.114,52.119247445270005,286.68441824561995,167.508157527644,52.119247445270005,286.68441890162376,286.68441824562,0.0,0.0,0.0,0.0,0.0,0.0,0.0,-52.119247445270005,0.0,0.0,-286.68441824561995,0.0,0.0,0.0,0.0,0.0,0.0,0.0,0.0,0,0,52.119247445270005,286.68441824561995,0.0,0.0,0.0,0.0,0.0,0.0,0.0,0.0,0.0,0.0,0.0,0.0,0.0,0.0,0.0,0.0,0.0,0.0,0.0,0.0,0.0,0.0,0.0,0.0,0.0,0.0,0.0,0.0,0.0
1784671586.3118958,314753.2055363,0,0,8,0,0,53.932506,1.216,52.809551570472514,286.68441875641065,172.37096788337726,52.809551570472514,286.68441890162376,286.68441875641065,0.0,0.0,0.0,0.0,0.0,0.0,0.0,-52.809551570472514,0.0,0.0,-286.68441875641065,0.0,0.0,0.0,0.0,0.0,0.0,0.0,0.0,0,0,52.809551570472514,286.68441875641065,0.0,0.0,0.0,0.0,0.0,0.0,0.0,0.0,0.0,0.0,0.0,0.0,0.0,0.0,0.0,0.0,0.0,0.0,0.0,0.0,0.0,0.0,0.0,0.0,0.0,0.0,0.0,0.0,0.0
1784671586.3120918,314753.2057329,0,0,8,0,0,53.935002,0.105,53.845885673939655,286.6844188865665,167.0577145591494,53.84588567393965,286.68441890162376,286.6844188865665,0.0,0.0,0.0,0.0,0.0,0.0,0.0,-53.845885673939655,0.0,0.0,-286.6844188865665,0.0,0.0,0.0,0.0,0.0,0.0,0.0,0.0,0,0,53.845885673939655,286.6844188865665,0.0,0.0,0.0,0.0,0.0,0.0,0.0,0.0,0.0,0.0,0.0,0.0,0.0,0.0,0.0,0.0,0.0,0.0,0.0,0.0,0.0,0.0,0.0,0.0,0.0,0.0,0.0,0.0,0.0
1784671586.3133025,314753.2069409,0,0,8,0,0,53.937506,0.206,54.53478833254774,286.68441889829694,173.85571599646485,54.53478833254774,286.68441890162376,286.68441889829694,0.0,0.0,0.0,0.0,0.0,0.0,0.0,-54.53478833254774,0.0,0.0,-286.68441889829694,0.0,0.0,0.0,0.0,0.0,0.0,0.0,0.0,0,0,54.53478833254774,286.68441889829694,0.0,0.0,0.0,0.0,0.0,0.0,0.0,0.0,0.0,0.0,0.0,0.0,0.0,0.0,0.0,0.0,0.0,0.0,0.0,0.0,0.0,0.0,0.0,0.0,0.0,0.0,0.0,0.0,0.0
1784671586.315961,314753.2095991,0,0,8,0,0,53.940003,0.302,55.22311762232778,286.6844189008877,173.98733940744955,55.22311762232778,286.68441890162376,286.6844189008878,0.0,0.0,0.0,0.0,0.0,0.0,0.0,-55.22311762232778,0.0,0.0,-286.6844189008877,0.0,0.0,0.0,0.0,0.0,0.0,0.0,0.0,0,0,55.22311762232778,286.6844189008877,0.0,0.0,0.0,0.0,0.0,0.0,0.0,0.0,0.0,0.0,0.0,0.0,0.0,0.0,0.0,0.0,0.0,0.0,0.0,0.0,0.0,0.0,0.0,0.0,0.0,0.0,0.0,0.0,0.0
1784671586.3183992,314753.2120384,0,0,8,0,0,53.942504,0.4009999999999999,55.91173359652886,286.6844189014611,172.89956356358132,55.91173359652887,286.68441890162376,286.6844189014611,0.0,0.0,0.0,0.0,0.0,0.0,0.0,-55.91173359652886,0.0,0.0,-286.6844189014611,0.0,0.0,0.0,0.0,0.0,0.0,0.0,0.0,0,0,55.91173359652886,286.6844189014611,0.0,0.0,0.0,0.0,0.0,0.0,0.0,0.0,0.0,0.0,0.0,0.0,0.0,0.0,0.0,0.0,0.0,0.0,0.0,0.0,0.0,0.0,0.0,0.0,0.0,0.0,0.0,0.0,0.0
1784671586.323555,314753.2171933,0,0,8,0,0,53.945003,0.508,56.597482726541415,286.6844189015875,171.18363275006809,56.597482726541415,286.68441890162376,286.6844189015875,0.0,0.0,0.0,0.0,0.0,0.0,0.0,-56.597482726541415,0.0,0.0,-286.6844189015875,0.0,0.0,0.0,0.0,0.0,0.0,0.0,0.0,0,0,56.597482726541415,286.6844189015875,0.0,0.0,0.0,0.0,0.0,0.0,0.0,0.0,0.0,0.0,0.0,0.0,0.0,0.0,0.0,0.0,0.0,0.0,0.0,0.0,0.0,0.0,0.0,0.0,0.0,0.0,0.0,0.0,0.0
1784671586.323661,314753.2173025,0,0,8,0,0,53.947502,0.606,57.285812016324186,286.68441890161574,173.77005458805755,57.28581201632418,286.68441890162376,286.68441890161574,0.0,0.0,0.0,0.0,0.0,0.0,0.0,-57.285812016324186,0.0,0.0,-286.68441890161574,0.0,0.0,0.0,0.0,0.0,0.0,0.0,0.0,0,0,57.285812016324186,286.68441890161574,0.0,0.0,0.0,0.0,0.0,0.0,0.0,0.0,0.0,0.0,0.0,0.0,0.0,0.0,0.0,0.0,0.0,0.0,0.0,0.0,0.0,0.0,0.0,0.0,0.0,0.0,0.0,0.0,0.0
1784671586.3259883,314753.219625,0,0,8,0,0,53.950015,0.716,57.97471467494479,286.684418901622,173.22917067036025,57.97471467494478,286.68441890162376,286.684418901622,0.0,0.0,0.0,0.0,0.0,0.0,0.0,-57.97471467494479,0.0,0.0,-286.684418901622,0.0,0.0,0.0,0.0,0.0,0.0,0.0,0.0,0,0,57.97471467494479,286.684418901622,0.0,0.0,0.0,0.0,0.0,0.0,0.0,0.0,0.0,0.0,0.0,0.0,0.0,0.0,0.0,0.0,0.0,0.0,0.0,0.0,0.0,0.0,0.0,0.0,0.0,0.0,0.0,0.0,0.0
1784671586.3284194,314753.2220576,0,0,8,0,0,53.952502,0.805,58.66218391147087,286.6844189016233,169.5858636346816,58.66218391147088,286.68441890162376,286.6844189016233,0.0,0.0,0.0,0.0,0.0,0.0,0.0,-58.66218391147087,0.0,0.0,-286.6844189016233,0.0,0.0,0.0,0.0,0.0,0.0,0.0,0.0,0,0,58.66218391147087,286.6844189016233,0.0,0.0,0.0,0.0,0.0,0.0,0.0,0.0,0.0,0.0,0.0,0.0,0.0,0.0,0.0,0.0,0.0,0.0,0.0,0.0,0.0,0.0,0.0,0.0,0.0,0.0,0.0,0.0,0.0
1784671586.3308396,314753.2244777,0,0,8,0,0,53.955003,0.906,59.350226516834766,286.68441890162364,173.79040754748533,59.350226516834766,286.68441890162376,286.68441890162364,0.0,0.0,0.0,0.0,0.0,0.0,0.0,-59.350226516834766,0.0,0.0,-286.68441890162364,0.0,0.0,0.0,0.0,0.0,0.0,0.0,0.0,0,0,59.350226516834766,286.68441890162364,0.0,0.0,0.0,0.0,0.0,0.0,0.0,0.0,0.0,0.0,0.0,0.0,0.0,0.0,0.0,0.0,0.0,0.0,0.0,0.0,0.0,0.0,0.0,0.0,0.0,0.0,0.0,0.0,0.0
1784671586.3335242,314753.2271594,0,0,8,0,0,53.957504,1.005,60.03884249103647,286.6844189016237,170.22510110522455,60.03884249103647,286.68441890162376,286.6844189016237,0.0,0.0,0.0,0.0,0.0,0.0,0.0,-60.03884249103647,0.0,0.0,-286.6844189016237,0.0,0.0,0.0,0.0,0.0,0.0,0.0,0.0,0,0,60.03884249103647,286.6844189016237,0.0,0.0,0.0,0.0,0.0,0.0,0.0,0.0,0.0,0.0,0.0,0.0,0.0,0.0,0.0,0.0,0.0,0.0,0.0,0.0,0.0,0.0,0.0,0.0,0.0,0.0,0.0,0.0,0.0
1784671586.3365843,314753.2302216,0,0,8,0,0,53.960002,1.102,60.72717178081926,286.6844189016237,170.37710527441877,60.72717178081926,286.68441890162376,286.68441890162376,0.0,0.0,0.0,0.0,0.0,0.0,0.0,-60.72717178081926,0.0,0.0,-286.6844189016237,0.0,0.0,0.0,0.0,0.0,0.0,0.0,0.0,0,0,60.72717178081926,286.6844189016237,0.0,0.0,0.0,0.0,0.0,0.0,0.0,0.0,0.0,0.0,0.0,0.0,0.0,0.0,0.0,0.0,0.0,0.0,0.0,0.0,0.0,0.0,0.0,0.0,0.0,0.0,0.0,0.0,0.0
1784671586.3387525,314753.2323889,0,0,8,0,0,53.962504,1.2,61.41636112385876,286.6844189016237,172.62958933361097,61.41636112385876,286.68441890162376,286.68441890162376,0.0,0.0,0.0,0.0,0.0,0.0,0.0,-61.41636112385876,0.0,0.0,-286.6844189016237,0.0,0.0,0.0,0.0,0.0,0.0,0.0,0.0,0,0,61.41636112385876,286.6844189016237,0.0,0.0,0.0,0.0,0.0,0.0,0.0,0.0,0.0,0.0,0.0,0.0,0.0,0.0,0.0,0.0,0.0,0.0,0.0,0.0,0.0,0.0,0.0,0.0,0.0,0.0,0.0,0.0,0.0
1784671586.3410013,314753.2346385,0,0,8,0,0,53.965003,0.091,62.45071850725583,286.6844189016237,173.61765964228115,62.45071850725582,286.68441890162376,286.68441890162376,0.0,0.0,0.0,0.0,0.0,0.0,0.0,-62.45071850725583,0.0,0.0,-286.6844189016237,0.0,0.0,0.0,0.0,0.0,0.0,0.0,0.0,0,0,62.45071850725583,286.6844189016237,0.0,0.0,0.0,0.0,0.0,0.0,0.0,0.0,0.0,0.0,0.0,0.0,0.0,0.0,0.0,0.0,0.0,0.0,0.0,0.0,0.0,0.0,0.0,0.0,0.0,0.0,0.0,0.0,0.0
1784671586.3434532,314753.2370914,0,0,8,0,0,53.967517,0.206,63.13847442820082,286.6844189016237,172.31484775379866,63.13847442820082,286.68441890162376,286.68441890162376,0.0,0.0,0.0,0.0,0.0,0.0,0.0,-63.13847442820082,0.0,0.0,-286.6844189016237,0.0,0.0,0.0,0.0,0.0,0.0,0.0,0.0,0,0,63.13847442820082,286.6844189016237,0.0,0.0,0.0,0.0,0.0,0.0,0.0,0.0,0.0,0.0,0.0,0.0,0.0,0.0,0.0,0.0,0.0,0.0,0.0,0.0,0.0,0.0,0.0,0.0,0.0,0.0,0.0,0.0,0.0
1784671586.3511548,314753.2447904,0,0,8,0,0,53.970003,0.288,63.82766377124034,286.6844189016237,173.48349128354468,63.82766377124033,286.68441890162376,286.68441890162376,0.0,0.0,0.0,0.0,0.0,0.0,0.0,-63.82766377124034,0.0,0.0,-286.6844189016237,0.0,0.0,0.0,0.0,0.0,0.0,0.0,0.0,0,0,63.82766377124034,286.6844189016237,0.0,0.0,0.0,0.0,0.0,0.0,0.0,0.0,0.0,0.0,0.0,0.0,0.0,0.0,0.0,0.0,0.0,0.0,0.0,0.0,0.0,0.0,0.0,0.0,0.0,0.0,0.0,0.0,0.0
1784671586.3526406,314753.2462793,0,0,8,0,0,53.972503,0.398,64.51283953241521,286.6844189016237,173.36276072727478,64.51283953241521,286.68441890162376,286.68441890162376,0.0,0.0,0.0,0.0,0.0,0.0,0.0,-64.51283953241521,0.0,0.0,-286.6844189016237,0.0,0.0,0.0,0.0,0.0,0.0,0.0,0.0,0,0,64.51283953241521,286.6844189016237,0.0,0.0,0.0,0.0,0.0,0.0,0.0,0.0,0.0,0.0,0.0,0.0,0.0,0.0,0.0,0.0,0.0,0.0,0.0,0.0,0.0,0.0,0.0,0.0,0.0,0.0,0.0,0.0,0.0
1784671586.352743,314753.246384,0,0,8,0,0,53.975003,0.499,65.20059545336021,286.6844189016237,172.15531746672957,65.20059545336021,286.68441890162376,286.68441890162376,0.0,0.0,0.0,0.0,0.0,0.0,0.0,-65.20059545336021,0.0,0.0,-286.6844189016237,0.0,0.0,0.0,0.0,0.0,0.0,0.0,0.0,0,0,65.20059545336021,286.6844189016237,0.0,0.0,0.0,0.0,0.0,0.0,0.0,0.0,0.0,0.0,0.0,0.0,0.0,0.0,0.0,0.0,0.0,0.0,0.0,0.0,0.0,0.0,0.0,0.0,0.0,0.0,0.0,0.0,0.0
1784671586.3537023,314753.247342,0,0,8,0,0,53.977502,0.5910000000000001,65.89064484965643,286.6844189016237,173.2017050777551,65.89064484965643,286.68441890162376,286.68441890162376,0.0,0.0,0.0,0.0,0.0,0.0,0.0,-65.89064484965643,0.0,0.0,-286.6844189016237,0.0,0.0,0.0,0.0,0.0,0.0,0.0,0.0,0,0,65.89064484965643,286.6844189016237,0.0,0.0,0.0,0.0,0.0,0.0,0.0,0.0,0.0,0.0,0.0,0.0,0.0,0.0,0.0,0.0,0.0,0.0,0.0,0.0,0.0,0.0,0.0,0.0,0.0,0.0,0.0,0.0,0.0
1784671586.355981,314753.2496194,0,0,8,0,0,53.980019,0.712,66.57754071734472,286.6844189016237,172.19439625180695,66.57754071734472,286.68441890162376,286.68441890162376,0.0,0.0,0.0,0.0,0.0,0.0,0.0,-66.57754071734472,0.0,0.0,-286.6844189016237,0.0,0.0,0.0,0.0,0.0,0.0,0.0,0.0,0,0,66.57754071734472,286.6844189016237,0.0,0.0,0.0,0.0,0.0,0.0,0.0,0.0,0.0,0.0,0.0,0.0,0.0,0.0,0.0,0.0,0.0,0.0,0.0,0.0,0.0,0.0,0.0,0.0,0.0,0.0,0.0,0.0,0.0
1784671586.3590646,314753.2527037,0,0,8,0,0,53.982505,0.794,67.26673006038423,286.6844189016237,172.80337206078818,67.26673006038423,286.68441890162376,286.68441890162376,0.0,0.0,0.0,0.0,0.0,0.0,0.0,-67.26673006038423,0.0,0.0,-286.6844189016237,0.0,0.0,0.0,0.0,0.0,0.0,0.0,0.0,0,0,67.26673006038423,286.6844189016237,0.0,0.0,0.0,0.0,0.0,0.0,0.0,0.0,0.0,0.0,0.0,0.0,0.0,0.0,0.0,0.0,0.0,0.0,0.0,0.0,0.0,0.0,0.0,0.0,0.0,0.0,0.0,0.0,0.0
1784671586.3613827,314753.2550236,0,0,8,0,0,53.985002,0.892,67.95448598132923,286.6844189016237,172.72061730835452,67.95448598132923,286.68441890162376,286.68441890162376,0.0,0.0,0.0,0.0,0.0,0.0,0.0,-67.95448598132923,0.0,0.0,-286.6844189016237,0.0,0.0,0.0,0.0,0.0,0.0,0.0,0.0,0,0,67.95448598132923,286.6844189016237,0.0,0.0,0.0,0.0,0.0,0.0,0.0,0.0,0.0,0.0,0.0,0.0,0.0,0.0,0.0,0.0,0.0,0.0,0.0,0.0,0.0,0.0,0.0,0.0,0.0,0.0,0.0,0.0,0.0
1784671586.3646455,314753.2582845,0,0,8,0,0,53.987502,0.993,68.64224190227424,286.6844189016237,173.5999113548236,68.64224190227422,286.68441890162376,286.68441890162376,0.0,0.0,0.0,0.0,0.0,0.0,0.0,-68.64224190227424,0.0,0.0,-286.6844189016237,0.0,0.0,0.0,0.0,0.0,0.0,0.0,0.0,0,0,68.64224190227424,286.6844189016237,0.0,0.0,0.0,0.0,0.0,0.0,0.0,0.0,0.0,0.0,0.0,0.0,0.0,0.0,0.0,0.0,0.0,0.0,0.0,0.0,0.0,0.0,0.0,0.0,0.0,0.0,0.0,0.0,0.0
1784671586.366615,314753.2602527,0,0,8,0,0,53.990004,1.09,69.33171792973263,286.6844189016237,175.25215251612548,69.33171792973263,286.68441890162376,286.68441890162376,0.0,0.0,0.0,0.0,0.0,0.0,0.0,-69.33171792973263,0.0,0.0,-286.6844189016237,0.0,0.0,0.0,0.0,0.0,0.0,0.0,0.0,0,0,69.33171792973263,286.6844189016237,0.0,0.0,0.0,0.0,0.0,0.0,0.0,0.0,0.0,0.0,0.0,0.0,0.0,0.0,0.0,0.0,0.0,0.0,0.0,0.0,0.0,0.0,0.0,0.0,0.0,0.0,0.0,0.0,0.0
1784671586.3690789,314753.2627171,0,0,8,0,0,53.992503,1.188,70.0194280384587,286.16584836266964,171.64169324514998,70.0194280384587,285.69567090577823,286.1658483626697,0.0,0.0,0.0,0.0,0.0,0.0,0.0,-70.0194280384587,0.0,0.0,-286.16584836266964,0.0,0.0,0.0,0.0,0.0,0.0,0.0,0.0,0,0,70.0194280384587,286.16584836266964,0.0,0.0,0.0,0.0,0.0,0.0,0.0,0.0,0.0,0.0,0.0,0.0,0.0,0.0,0.0,0.0,0.0,0.0,0.0,0.0,0.0,0.0,0.0,0.0,0.0,0.0,0.0,0.0,0.0
1784671586.3712013,314753.2648407,0,0,8,0,0,53.995003,0.082,71.04345457870238,282.1361871716512,175.4635469323458,71.04345457870237,280.7256809797581,282.1361871716512,0.0,0.0,0.0,0.0,0.0,0.0,0.0,-71.04345457870238,0.0,0.0,-282.1361871716512,0.0,0.0,0.0,0.0,0.0,0.0,0.0,0.0,0,0,71.04345457870238,282.1361871716512,0.0,0.0,0.0,0.0,0.0,0.0,0.0,0.0,0.0,0.0,0.0,0.0,0.0,0.0,0.0,0.0,0.0,0.0,0.0,0.0,0.0,0.0,0.0,0.0,0.0,0.0,0.0,0.0,0.0
1784671586.3742194,314753.267857,0,0,8,0,0,53.99752,0.204,71.71243163161341,276.43340331230644,171.36885579070614,71.7124316316134,272.95569672921965,276.43340331230644,0.0,0.0,0.0,0.0,0.0,0.0,0.0,-71.71243163161341,0.0,0.0,-276.43340331230644,0.0,0.0,0.0,0.0,0.0,0.0,0.0,0.0,0,0,71.71243163161341,276.43340331230644,0.0,0.0,0.0,0.0,0.0,0.0,0.0,0.0,0.0,0.0,0.0,0.0,0.0,0.0,0.0,0.0,0.0,0.0,0.0,0.0,0.0,0.0,0.0,0.0,0.0,0.0,0.0,0.0,0.0
1784671586.3764565,314753.2700937,0,0,8,0,0,54.000005,0.289,72.36942880180455,270.9995644992455,172.83796516027883,72.36942880180455,267.7757072288607,270.9995644992455,0.0,0.0,0.0,0.0,0.0,0.0,0.0,-72.36942880180455,0.0,0.0,-270.9995644992455,0.0,0.0,0.0,0.0,0.0,0.0,0.0,0.0,0,0,72.36942880180455,270.9995644992455,0.0,0.0,0.0,0.0,0.0,0.0,0.0,0.0,0.0,0.0,0.0,0.0,0.0,0.0,0.0,0.0,0.0,0.0,0.0,0.0,0.0,0.0,0.0,0.0,0.0,0.0,0.0,0.0,0.0
1784671586.3834145,314753.2770517,0,0,8,0,0,54.002503,0.386,73.01502399644149,266.5790404036033,175.2981701632095,73.01502399644147,264.14446458925096,266.5790404036033,0.0,0.0,0.0,0.0,0.0,0.0,0.0,-73.01502399644149,0.0,0.0,-266.5790404036033,0.0,0.0,0.0,0.0,0.0,0.0,0.0,0.0,0,0,73.01502399644149,266.5790404036033,0.0,0.0,0.0,0.0,0.0,0.0,0.0,0.0,0.0,0.0,0.0,0.0,0.0,0.0,0.0,0.0,0.0,0.0,0.0,0.0,0.0,0.0,0.0,0.0,0.0,0.0,0.0,0.0,0.0
1784671586.3836703,314753.2773102,0,0,8,0,0,54.005002,0.484,73.64883642967457,261.69001613594105,171.74080405224038,73.64883642967457,258.456976117573,261.69001613594105,0.0,0.0,0.0,0.0,0.0,0.0,0.0,-73.64883642967457,0.0,0.0,-261.69001613594105,0.0,0.0,0.0,0.0,0.0,0.0,0.0,0.0,0,0,73.64883642967457,261.69001613594105,0.0,0.0,0.0,0.0,0.0,0.0,0.0,0.0,0.0,0.0,0.0,0.0,0.0,0.0,0.0,0.0,0.0,0.0,0.0,0.0,0.0,0.0,0.0,0.0,0.0,0.0,0.0,0.0,0.0
1784671586.385126,314753.2787646,0,0,8,0,0,54.007504,0.5680000000000001,74.2689291594228,254.7887460573702,176.20813464751114,74.2689291594228,251.8682394726908,254.7887460573702,0.0,0.0,0.0,0.0,0.0,0.0,0.0,-74.2689291594228,0.0,0.0,-254.7887460573702,0.0,0.0,0.0,0.0,0.0,0.0,0.0,0.0,0,0,74.2689291594228,254.7887460573702,0.0,0.0,0.0,0.0,0.0,0.0,0.0,0.0,0.0,0.0,0.0,0.0,0.0,0.0,0.0,0.0,0.0,0.0,0.0,0.0,0.0,0.0,0.0,0.0,0.0,0.0,0.0,0.0,0.0
1784671586.3866408,314753.280279,0,0,8,0,0,54.010028,0.705,74.86881648854559,250.24544360371743,178.21352269239628,74.86881648854559,248.2982467089298,250.24544360371743,0.0,0.0,0.0,0.0,0.0,0.0,0.0,-74.86881648854559,0.0,0.0,-250.24544360371743,0.0,0.0,0.0,0.0,0.0,0.0,0.0,0.0,0,0,74.86881648854559,250.24544360371743,0.0,0.0,0.0,0.0,0.0,0.0,0.0,0.0,0.0,0.0,0.0,0.0,0.0,0.0,0.0,0.0,0.0,0.0,0.0,0.0,0.0,0.0,0.0,0.0,0.0,0.0,0.0,0.0,0.0
1784671586.3883464,314753.2819841,0,0,8,0,0,54.012503,0.781,75.45971355326758,244.73846055687503,171.23916976787655,75.45971355326758,241.9370096029147,244.73846055687503,0.0,0.0,0.0,0.0,0.0,0.0,0.0,-75.45971355326758,0.0,0.0,-244.73846055687503,0.0,0.0,0.0,0.0,0.0,0.0,0.0,0.0,0,0,75.45971355326758,244.73846055687503,0.0,0.0,0.0,0.0,0.0,0.0,0.0,0.0,0.0,0.0,0.0,0.0,0.0,0.0,0.0,0.0,0.0,0.0,0.0,0.0,0.0,0.0,0.0,0.0,0.0,0.0,0.0,0.0,0.0
1784671586.397152,314753.2907894,0,0,8,0,0,54.015004,0.882,76.03558240211241,237.01638100564196,173.9592595393312,76.0355824021124,233.4757767535108,237.01638100564196,0.0,0.0,0.0,0.0,0.0,0.0,0.0,-76.03558240211241,0.0,0.0,-237.01638100564196,0.0,0.0,0.0,0.0,0.0,0.0,0.0,0.0,0,0,76.03558240211241,237.01638100564196,0.0,0.0,0.0,0.0,0.0,0.0,0.0,0.0,0.0,0.0,0.0,0.0,0.0,0.0,0.0,0.0,0.0,0.0,0.0,0.0,0.0,0.0,0.0,0.0,0.0,0.0,0.0,0.0,0.0
1784671586.3986633,314753.2923,0,0,8,0,0,54.017502,0.979,76.59549617054444,230.87369567563465,-179.7835895195521,76.59549617054444,228.40953702258537,230.87369567563465,0.0,0.0,0.0,0.0,0.0,0.0,0.0,-76.59549617054444,0.0,0.0,-230.87369567563465,0.0,0.0,0.0,0.0,0.0,0.0,0.0,0.0,0,0,76.59549617054444,230.87369567563465,0.0,0.0,0.0,0.0,0.0,0.0,0.0,0.0,0.0,0.0,0.0,0.0,0.0,0.0,0.0,0.0,0.0,0.0,0.0,0.0,0.0,0.0,0.0,0.0,0.0,0.0,0.0,0.0,0.0
1784671586.3989556,314753.292596,0,0,8,0,0,54.020002,1.078,77.14087922080321,223.95410637472327,175.68946014872455,77.14087922080321,219.9395541909173,223.95410637472324,0.0,0.0,0.0,0.0,0.0,0.0,0.0,-77.14087922080321,0.0,0.0,-223.95410637472327,0.0,0.0,0.0,0.0,0.0,0.0,0.0,0.0,0,0,77.14087922080321,223.95410637472327,0.0,0.0,0.0,0.0,0.0,0.0,0.0,0.0,0.0,0.0,0.0,0.0,0.0,0.0,0.0,0.0,0.0,0.0,0.0,0.0,0.0,0.0,0.0,0.0,0.0,0.0,0.0,0.0,0.0
1784671586.4003344,314753.2939721,0,0,8,0,0,54.022503,1.176,77.66958712103131,216.2337450730226,168.90956993638503,77.66958712103131,211.13707203321272,216.23374507302256,0.0,0.0,0.0,0.0,0.0,0.0,0.0,-77.66958712103131,0.0,0.0,-216.2337450730226,0.0,0.0,0.0,0.0,0.0,0.0,0.0,0.0,0,0,77.66958712103131,216.2337450730226,0.0,0.0,0.0,0.0,0.0,0.0,0.0,0.0,0.0,0.0,0.0,0.0,0.0,0.0,0.0,0.0,0.0,0.0,0.0,0.0,0.0,0.0,0.0,0.0,0.0,0.0,0.0,0.0,0.0
1784671586.4017467,314753.2953856,0,0,8,0,0,54.025003,0.067,78.42906772186366,206.32151893859947,178.79604443863585,78.42906772186366,204.27708593814276,206.3215189385995,0.0,0.0,0.0,0.0,0.0,0.0,0.0,-78.42906772186366,0.0,0.0,-206.32151893859947,0.0,0.0,0.0,0.0,0.0,0.0,0.0,0.0,0,0,78.42906772186366,206.32151893859947,0.0,0.0,0.0,0.0,0.0,0.0,0.0,0.0,0.0,0.0,0.0,0.0,0.0,0.0,0.0,0.0,0.0,0.0,0.0,0.0,0.0,0.0,0.0,0.0,0.0,0.0,0.0,0.0,0.0
1784671586.4039383,314753.2975764,0,0,8,0,0,54.027502,0.166,78.91246557805822,198.6112520371947,172.3319503672748,78.91246557805822,195.29960413515573,198.61125203719476,0.0,0.0,0.0,0.0,0.0,0.0,0.0,-78.91246557805822,0.0,0.0,-198.6112520371947,0.0,0.0,0.0,0.0,0.0,0.0,0.0,0.0,0,0,78.91246557805822,198.6112520371947,0.0,0.0,0.0,0.0,0.0,0.0,0.0,0.0,0.0,0.0,0.0,0.0,0.0,0.0,0.0,0.0,0.0,0.0,0.0,0.0,0.0,0.0,0.0,0.0,0.0,0.0,0.0,0.0,0.0
1784671586.41343,314753.3070671,0,0,8,0,0,54.030003,0.263,79.37713065508241,190.1723792382361,170.82708136362857,79.37713065508241,186.33087231443284,190.1723792382361,0.0,0.0,0.0,0.0,0.0,0.0,0.0,-79.37713065508241,0.0,0.0,-190.1723792382361,0.0,0.0,0.0,0.0,0.0,0.0,0.0,0.0,0,0,79.37713065508241,190.1723792382361,0.0,0.0,0.0,0.0,0.0,0.0,0.0,0.0,0.0,0.0,0.0,0.0,0.0,0.0,0.0,0.0,0.0,0.0,0.0,0.0,0.0,0.0,0.0,0.0,0.0,0.0,0.0,0.0,0.0
1784671586.413696,314753.3073366,0,0,8,0,0,54.032503,0.374,79.81834017450925,181.7074974034974,174.9213331428022,79.81834017450925,178.06213907483956,181.7074974034974,0.0,0.0,0.0,0.0,0.0,0.0,0.0,-79.81834017450925,0.0,0.0,-181.7074974034974,0.0,0.0,0.0,0.0,0.0,0.0,0.0,0.0,0,0,79.81834017450925,181.7074974034974,0.0,0.0,0.0,0.0,0.0,0.0,0.0,0.0,0.0,0.0,0.0,0.0,0.0,0.0,0.0,0.0,0.0,0.0,0.0,0.0,0.0,0.0,0.0,0.0,0.0,0.0,0.0,0.0,0.0
1784671586.4150286,314753.3086686,0,0,8,0,0,54.035003,0.464,80.24587291801429,174.77231315116006,178.1172470783878,80.24587291801429,171.7884017914656,174.77231315116006,0.0,0.0,0.0,0.0,0.0,0.0,0.0,-80.24587291801429,0.0,0.0,-174.77231315116006,0.0,0.0,0.0,0.0,0.0,0.0,0.0,0.0,0,0,80.24587291801429,174.77231315116006,0.0,0.0,0.0,0.0,0.0,0.0,0.0,0.0,0.0,0.0,0.0,0.0,0.0,0.0,0.0,0.0,0.0,0.0,0.0,0.0,0.0,0.0,0.0,0.0,0.0,0.0,0.0,0.0,0.0
1784671586.4151285,314753.3087697,0,0,8,0,0,54.037502,0.571,80.65469608072745,168.35379961754776,176.71430183422098,80.65469608072746,165.46216461450695,168.3537996175478,0.0,0.0,0.0,0.0,0.0,0.0,0.0,-80.65469608072745,0.0,0.0,-168.35379961754776,0.0,0.0,0.0,0.0,0.0,0.0,0.0,0.0,0,0,80.65469608072745,168.35379961754776,0.0,0.0,0.0,0.0,0.0,0.0,0.0,0.0,0.0,0.0,0.0,0.0,0.0,0.0,0.0,0.0,0.0,0.0,0.0,0.0,0.0,0.0,0.0,0.0,0.0,0.0,0.0,0.0,0.0
1784671586.4158344,314753.3094733,0,0,8,0,0,54.040004,0.6719999999999999,81.04568716209401,158.86311181568513,175.8236935693697,81.04568716209401,153.37843910775737,158.86311181568513,0.0,0.0,0.0,0.0,0.0,0.0,0.0,-81.04568716209401,0.0,0.0,-158.86311181568513,0.0,0.0,0.0,0.0,0.0,0.0,0.0,0.0,0,0,81.04568716209401,158.86311181568513,0.0,0.0,0.0,0.0,0.0,0.0,0.0,0.0,0.0,0.0,0.0,0.0,0.0,0.0,0.0,0.0,0.0,0.0,0.0,0.0,0.0,0.0,0.0,0.0,0.0,0.0,0.0,0.0,0.0
1784671586.4189372,314753.3125762,0,0,8,0,0,54.042503,0.7649999999999999,81.41609477617634,150.0349448970482,175.78244499623585,81.41609477617634,144.75095659533517,150.0349448970482,0.0,0.0,0.0,0.0,0.0,0.0,0.0,-81.41609477617634,0.0,0.0,-150.0349448970482,0.0,0.0,0.0,0.0,0.0,0.0,0.0,0.0,0,0,81.41609477617634,150.0349448970482,0.0,0.0,0.0,0.0,0.0,0.0,0.0,0.0,0.0,0.0,0.0,0.0,0.0,0.0,0.0,0.0,0.0,0.0,0.0,0.0,0.0,0.0,0.0,0.0,0.0,0.0,0.0,0.0,0.0
1784671586.4213774,314753.315018,0,0,8,0,0,54.045002,0.868,81.76423025227949,141.45618264683097,177.12781186835832,81.7642302522795,136.2809737636671,141.45618264683097,0.0,0.0,0.0,0.0,0.0,0.0,0.0,-81.76423025227949,0.0,0.0,-141.45618264683097,0.0,0.0,0.0,0.0,0.0,0.0,0.0,0.0,0,0,81.76423025227949,141.45618264683097,0.0,0.0,0.0,0.0,0.0,0.0,0.0,0.0,0.0,0.0,0.0,0.0,0.0,0.0,0.0,0.0,0.0,0.0,0.0,0.0,0.0,0.0,0.0,0.0,0.0,0.0,0.0,0.0,0.0
1784671586.4285972,314753.3222359,0,0,8,0,0,54.047504,0.97,82.09284597215041,133.21552100090057,179.10691362776294,82.09284597215041,128.28348997426158,133.21552100090057,0.0,0.0,0.0,0.0,0.0,0.0,0.0,-82.09284597215041,0.0,0.0,-133.21552100090057,0.0,0.0,0.0,0.0,0.0,0.0,0.0,0.0,0,0,82.09284597215041,133.21552100090057,0.0,0.0,0.0,0.0,0.0,0.0,0.0,0.0,0.0,0.0,0.0,0.0,0.0,0.0,0.0,0.0,0.0,0.0,0.0,0.0,0.0,0.0,0.0,0.0,0.0,0.0,0.0,0.0,0.0
1784671586.4287248,314753.3223655,0,0,8,0,0,54.050002,1.064,82.39830219813187,123.8273494465202,178.65286293719768,82.39830219813187,119.75225726674468,123.8273494465202,0.0,0.0,0.0,0.0,0.0,0.0,0.0,-82.39830219813187,0.0,0.0,-123.8273494465202,0.0,0.0,0.0,0.0,0.0,0.0,0.0,0.0,0,0,82.39830219813187,123.8273494465202,0.0,0.0,0.0,0.0,0.0,0.0,0.0,0.0,0.0,0.0,0.0,0.0,0.0,0.0,0.0,0.0,0.0,0.0,0.0,0.0,0.0,0.0,0.0,0.0,0.0,0.0,0.0,0.0,0.0
1784671586.4289415,314753.3225826,0,0,8,0,0,54.052503,1.166,82.68145279816599,114.91363441683474,177.29179702303546,82.68145279816599,111.02852494941716,114.91363441683474,0.0,0.0,0.0,0.0,0.0,0.0,0.0,-82.68145279816599,0.0,0.0,-114.91363441683474,0.0,0.0,0.0,0.0,0.0,0.0,0.0,0.0,0,0,82.68145279816599,114.91363441683474,0.0,0.0,0.0,0.0,0.0,0.0,0.0,0.0,0.0,0.0,0.0,0.0,0.0,0.0,0.0,0.0,0.0,0.0,0.0,0.0,0.0,0.0,0.0,0.0,0.0,0.0,0.0,0.0,0.0
1784671586.4316058,314753.3252435,0,0,8,0,0,54.055003,0.058,83.06803734326398,102.03903027227726,176.74074887365018,83.06803734326398,98.38480057776394,102.03903027227726,0.0,0.0,0.0,0.0,0.0,0.0,0.0,-83.06803734326398,0.0,0.0,-102.03903027227726,0.0,0.0,0.0,0.0,0.0,0.0,0.0,0.0,0,0,83.06803734326398,102.03903027227726,0.0,0.0,0.0,0.0,0.0,0.0,0.0,0.0,0.0,0.0,0.0,0.0,0.0,0.0,0.0,0.0,0.0,0.0,0.0,0.0,0.0,0.0,0.0,0.0,0.0,0.0,0.0,0.0,0.0
1784671586.4339695,314753.3276079,0,0,8,0,0,54.057501,0.16,83.29983609700545,93.6900055668226,174.842499719036,83.29983609700545,89.93231771062412,93.6900055668226,0.0,0.0,0.0,0.0,0.0,0.0,0.0,-83.29983609700545,0.0,0.0,-93.6900055668226,0.0,0.0,0.0,0.0,0.0,0.0,0.0,0.0,0,0,83.29983609700545,93.6900055668226,0.0,0.0,0.0,0.0,0.0,0.0,0.0,0.0,0.0,0.0,0.0,0.0,0.0,0.0,0.0,0.0,0.0,0.0,0.0,0.0,0.0,0.0,0.0,0.0,0.0,0.0,0.0,0.0,0.0
1784671586.4382024,314753.3318408,0,0,8,0,0,54.060003,0.255,83.51088668752153,84.41180942250284,174.08601340764642,83.51088668752153,80.29858723782814,84.41180942250284,0.0,0.0,0.0,0.0,0.0,0.0,0.0,-83.51088668752153,0.0,0.0,-84.41180942250284,0.0,0.0,0.0,0.0,0.0,0.0,0.0,0.0,0,0,83.51088668752153,84.41180942250284,0.0,0.0,0.0,0.0,0.0,0.0,0.0,0.0,0.0,0.0,0.0,0.0,0.0,0.0,0.0,0.0,0.0,0.0,0.0,0.0,0.0,0.0,0.0,0.0,0.0,0.0,0.0,0.0,0.0
1784671586.439817,314753.3334548,0,0,8,0,0,54.062502,0.353,83.69861407863297,74.80660317034281,175.2728212112317,83.69861407863299,70.47235715522152,74.80660317034281,0.0,0.0,0.0,0.0,0.0,0.0,0.0,-83.69861407863297,0.0,0.0,-74.80660317034281,0.0,0.0,0.0,0.0,0.0,0.0,0.0,0.0,0,0,83.69861407863297,74.80660317034281,0.0,0.0,0.0,0.0,0.0,0.0,0.0,0.0,0.0,0.0,0.0,0.0,0.0,0.0,0.0,0.0,0.0,0.0,0.0,0.0,0.0,0.0,0.0,0.0,0.0,0.0,0.0,0.0,0.0
1784671586.4415653,314753.3352033,0,0,8,0,0,54.065002,0.46,83.85961448121778,62.69086026997469,175.5093413641534,83.85961448121779,56.16613615338552,62.69086026997469,0.0,0.0,0.0,0.0,0.0,0.0,0.0,-83.85961448121778,0.0,0.0,-62.69086026997469,0.0,0.0,0.0,0.0,0.0,0.0,0.0,0.0,0,0,83.85961448121778,62.69086026997469,0.0,0.0,0.0,0.0,0.0,0.0,0.0,0.0,0.0,0.0,0.0,0.0,0.0,0.0,0.0,0.0,0.0,0.0,0.0,0.0,0.0,0.0,0.0,0.0,0.0,0.0,0.0,0.0,0.0
1784671586.443503,314753.3371405,0,0,8,0,0,54.067503,0.555,83.9995059165365,55.1576548567016,175.6214745436199,83.9995059165365,51.52864555340198,55.1576548567016,0.0,0.0,0.0,0.0,0.0,0.0,0.0,-83.9995059165365,0.0,0.0,-55.1576548567016,0.0,0.0,0.0,0.0,0.0,0.0,0.0,0.0,0,0,83.9995059165365,55.1576548567016,0.0,0.0,0.0,0.0,0.0,0.0,0.0,0.0,0.0,0.0,0.0,0.0,0.0,0.0,0.0,0.0,0.0,0.0,0.0,0.0,0.0,0.0,0.0,0.0,0.0,0.0,0.0,0.0,0.0
1784671586.4464636,314753.3400992,0,0,8,0,0,54.070002,0.655,84.10996583388348,42.1512599062223,175.74088028346773,84.10996583388348,36.854925296472935,42.15125990622231,0.0,0.0,0.0,0.0,0.0,0.0,0.0,-84.10996583388348,0.0,0.0,-42.1512599062223,0.0,0.0,0.0,0.0,0.0,0.0,0.0,0.0,0,0,84.10996583388348,42.1512599062223,0.0,0.0,0.0,0.0,0.0,0.0,0.0,0.0,0.0,0.0,0.0,0.0,0.0,0.0,0.0,0.0,0.0,0.0,0.0,0.0,0.0,0.0,0.0,0.0,0.0,0.0,0.0,0.0,0.0
1784671586.4483037,314753.3419427,0,0,8,0,0,54.072505,0.759,84.19494420307015,32.04239511618806,175.98883972357314,84.19494420307015,27.684943883675302,32.042395116188054,0.0,0.0,0.0,0.0,0.0,0.0,0.0,-84.19494420307015,0.0,0.0,-32.04239511618806,0.0,0.0,0.0,0.0,0.0,0.0,0.0,0.0,0,0,84.19494420307015,32.04239511618806,0.0,0.0,0.0,0.0,0.0,0.0,0.0,0.0,0.0,0.0,0.0,0.0,0.0,0.0,0.0,0.0,0.0,0.0,0.0,0.0,0.0,0.0,0.0,0.0,0.0,0.0,0.0,0.0,0.0
1784671586.450832,314753.3444726,0,0,8,0,0,54.075003,0.858,84.25669656916612,22.355712305707343,175.41929901250188,84.25669656916611,17.998713517294593,22.355712305707343,0.0,0.0,0.0,0.0,0.0,0.0,0.0,-84.25669656916612,0.0,0.0,-22.355712305707343,0.0,0.0,0.0,0.0,0.0,0.0,0.0,0.0,0,0,84.25669656916612,22.355712305707343,0.0,0.0,0.0,0.0,0.0,0.0,0.0,0.0,0.0,0.0,0.0,0.0,0.0,0.0,0.0,0.0,0.0,0.0,0.0,0.0,0.0,0.0,0.0,0.0,0.0,0.0,0.0,0.0,0.0
1784671586.4620829,314753.3557211,0,0,8,0,0,54.077503,0.955,84.29562241843259,12.877167978905623,175.10498207287029,84.29562241843259,8.64498247695044,12.877167978905623,0.0,0.0,0.0,0.0,0.0,0.0,0.0,-84.29562241843259,0.0,0.0,-12.877167978905623,0.0,0.0,0.0,0.0,0.0,0.0,0.0,0.0,0,0,84.29562241843259,12.877167978905623,0.0,0.0,0.0,0.0,0.0,0.0,0.0,0.0,0.0,0.0,0.0,0.0,0.0,0.0,0.0,0.0,0.0,0.0,0.0,0.0,0.0,0.0,0.0,0.0,0.0,0.0,0.0,0.0,0.0
1784671586.4623306,314753.3559718,0,0,8,0,0,54.080003,1.056,84.31177330964205,3.431298131961154,175.3824174162493,84.31177330964205,-0.7787484215066693,3.4312981319611544,0.0,0.0,0.0,0.0,0.0,0.0,0.0,-84.31177330964205,0.0,0.0,-3.431298131961154,0.0,0.0,0.0,0.0,0.0,0.0,0.0,0.0,0,0,84.31177330964205,3.431298131961154,0.0,0.0,0.0,0.0,0.0,0.0,0.0,0.0,0.0,0.0,0.0,0.0,0.0,0.0,0.0,0.0,0.0,0.0,0.0,0.0,0.0,0.0,0.0,0.0,0.0,0.0,0.0,0.0,0.0
1784671586.4624922,314753.3561331,0,0,8,0,0,54.082503,1.15,84.30237960857644,-8.412852912668944,175.81398994989945,84.30237960857646,-14.743720115042,-8.412852912668944,0.0,0.0,0.0,0.0,0.0,0.0,0.0,-84.30237960857644,0.0,0.0,8.412852912668944,0.0,0.0,0.0,0.0,0.0,0.0,0.0,0.0,0,0,84.30237960857644,-8.412852912668944,0.0,0.0,0.0,0.0,0.0,0.0,0.0,0.0,0.0,0.0,0.0,0.0,0.0,0.0,0.0,0.0,0.0,0.0,0.0,0.0,0.0,0.0,0.0,0.0,0.0,0.0,0.0,0.0,0.0
1784671586.4626548,314753.356296,0,0,8,0,0,54.085003,0.044,84.24386315445697,-21.425859977447168,177.7047821202157,84.24386315445697,-24.167451013499107,-21.425859977447168,0.0,0.0,0.0,0.0,0.0,0.0,0.0,-84.24386315445697,0.0,0.0,21.425859977447168,0.0,0.0,0.0,0.0,0.0,0.0,0.0,0.0,0,0,84.24386315445697,-21.425859977447168,0.0,0.0,0.0,0.0,0.0,0.0,0.0,0.0,0.0,0.0,0.0,0.0,0.0,0.0,0.0,0.0,0.0,0.0,0.0,0.0,0.0,0.0,0.0,0.0,0.0,0.0,0.0,0.0,0.0
1784671586.4632618,314753.3569029,0,0,8,0,0,54.087503,0.145,84.1765098181571,-30.46742476387318,178.871092049604,84.1765098181571,-33.03993302931667,-30.46742476387318,0.0,0.0,0.0,0.0,0.0,0.0,0.0,-84.1765098181571,0.0,0.0,30.46742476387318,0.0,0.0,0.0,0.0,0.0,0.0,0.0,0.0,0,0,84.1765098181571,-30.46742476387318,0.0,0.0,0.0,0.0,0.0,0.0,0.0,0.0,0.0,0.0,0.0,0.0,0.0,0.0,0.0,0.0,0.0,0.0,0.0,0.0,0.0,0.0,0.0,0.0,0.0,0.0,0.0,0.0,0.0
1784671586.4657714,314753.3594098,0,0,8,0,0,54.089966,0.202,84.08546612766017,-41.24867224994164,-179.7184505241398,84.08546612766017,-45.604907560592814,-41.24867224994164,0.0,0.0,0.0,0.0,0.0,0.0,0.0,-84.08546612766017,0.0,0.0,41.24867224994164,0.0,0.0,0.0,0.0,0.0,0.0,0.0,0.0,0,0,84.08546612766017,-41.24867224994164,0.0,0.0,0.0,0.0,0.0,0.0,0.0,0.0,0.0,0.0,0.0,0.0,0.0,0.0,0.0,0.0,0.0,0.0,0.0,0.0,0.0,0.0,0.0,0.0,0.0,0.0,0.0,0.0,0.0
1784671586.4683192,314753.3619576,0,0,8,0,0,54.092504,0.3409999999999999,83.9729363300374,-49.97861517341853,-178.72402071079387,83.9729363300374,-53.75114104848843,-49.97861517341854,0.0,0.0,0.0,0.0,0.0,0.0,0.0,-83.9729363300374,0.0,0.0,49.97861517341853,0.0,0.0,0.0,0.0,0.0,0.0,0.0,0.0,0,0,83.9729363300374,-49.97861517341853,0.0,0.0,0.0,0.0,0.0,0.0,0.0,0.0,0.0,0.0,0.0,0.0,0.0,0.0,0.0,0.0,0.0,0.0,0.0,0.0,0.0,0.0,0.0,0.0,0.0,0.0,0.0,0.0,0.0
1784671586.4707808,314753.3644195,0,0,8,0,0,54.095002,0.441,83.8407149709706,-58.06241097503765,-177.6175698764898,83.84071497097058,-61.59112515713984,-58.06241097503765,0.0,0.0,0.0,0.0,0.0,0.0,0.0,-83.8407149709706,0.0,0.0,58.06241097503765,0.0,0.0,0.0,0.0,0.0,0.0,0.0,0.0,0,0,83.8407149709706,-58.06241097503765,0.0,0.0,0.0,0.0,0.0,0.0,0.0,0.0,0.0,0.0,0.0,0.0,0.0,0.0,0.0,0.0,0.0,0.0,0.0,0.0,0.0,0.0,0.0,0.0,0.0,0.0,0.0,0.0,0.0
1784671586.473379,314753.3670171,0,0,8,0,0,54.097502,0.536,83.68939568588388,-65.75664745023373,-176.5259982133242,83.68939568588387,-69.11610990428294,-65.75664745023373,0.0,0.0,0.0,0.0,0.0,0.0,0.0,-83.68939568588388,0.0,0.0,65.75664745023373,0.0,0.0,0.0,0.0,0.0,0.0,0.0,0.0,0,0,83.68939568588388,-65.75664745023373,0.0,0.0,0.0,0.0,0.0,0.0,0.0,0.0,0.0,0.0,0.0,0.0,0.0,0.0,0.0,0.0,0.0,0.0,0.0,0.0,0.0,0.0,0.0,0.0,0.0,0.0,0.0,0.0,0.0
1784671586.476203,314753.3698418,0,0,8,0,0,54.100003,0.637,83.5204958506169,-73.0632874752363,-175.4618222169067,83.52049585061688,-76.17734559142768,-73.0632874752363,0.0,0.0,0.0,0.0,0.0,0.0,0.0,-83.5204958506169,0.0,0.0,73.0632874752363,0.0,0.0,0.0,0.0,0.0,0.0,0.0,0.0,0,0,83.5204958506169,-73.0632874752363,0.0,0.0,0.0,0.0,0.0,0.0,0.0,0.0,0.0,0.0,0.0,0.0,0.0,0.0,0.0,0.0,0.0,0.0,0.0,0.0,0.0,0.0,0.0,0.0,0.0,0.0,0.0,0.0,0.0
1784671586.4783423,314753.3719811,0,0,8,0,0,54.102504,0.745,83.33298859594267,-82.01820093408979,-174.77486967669626,83.33298859594267,-86.8785739004463,-82.01820093408979,0.0,0.0,0.0,0.0,0.0,0.0,0.0,-83.33298859594267,0.0,0.0,82.01820093408979,0.0,0.0,0.0,0.0,0.0,0.0,0.0,0.0,0,0,83.33298859594267,-82.01820093408979,0.0,0.0,0.0,0.0,0.0,0.0,0.0,0.0,0.0,0.0,0.0,0.0,0.0,0.0,0.0,0.0,0.0,0.0,0.0,0.0,0.0,0.0,0.0,0.0,0.0,0.0,0.0,0.0,0.0
1784671586.480847,314753.3744848,0,0,8,0,0,54.105003,0.8450000000000001,83.12669121562713,-89.29825326521575,-174.1957940984354,83.12669121562715,-93.51106045664916,-89.29825326521575,0.0,0.0,0.0,0.0,0.0,0.0,0.0,-83.12669121562713,0.0,0.0,89.29825326521575,0.0,0.0,0.0,0.0,0.0,0.0,0.0,0.0,0,0,83.12669121562713,-89.29825326521575,0.0,0.0,0.0,0.0,0.0,0.0,0.0,0.0,0.0,0.0,0.0,0.0,0.0,0.0,0.0,0.0,0.0,0.0,0.0,0.0,0.0,0.0,0.0,0.0,0.0,0.0,0.0,0.0,0.0
1784671586.4836962,314753.3773364,0,0,8,0,0,54.107502,0.944,82.9039618270309,-95.99056482804218,-173.76619051682692,82.9039618270309,-99.994797314362,-95.99056482804215,0.0,0.0,0.0,0.0,0.0,0.0,0.0,-82.9039618270309,0.0,0.0,95.99056482804218,0.0,0.0,0.0,0.0,0.0,0.0,0.0,0.0,0,0,82.9039618270309,-95.99056482804218,0.0,0.0,0.0,0.0,0.0,0.0,0.0,0.0,0.0,0.0,0.0,0.0,0.0,0.0,0.0,0.0,0.0,0.0,0.0,0.0,0.0,0.0,0.0,0.0,0.0,0.0,0.0,0.0,0.0
1784671586.4858222,314753.3794613,0,0,8,0,0,54.110002,1.0399999999999998,82.66172268874799,-103.50882699144572,-173.27599743197962,82.66172268874799,-106.70603371094194,-103.50882699144572,0.0,0.0,0.0,0.0,0.0,0.0,0.0,-82.66172268874799,0.0,0.0,103.50882699144572,0.0,0.0,0.0,0.0,0.0,0.0,0.0,0.0,0,0,82.66172268874799,-103.50882699144572,0.0,0.0,0.0,0.0,0.0,0.0,0.0,0.0,0.0,0.0,0.0,0.0,0.0,0.0,0.0,0.0,0.0,0.0,0.0,0.0,0.0,0.0,0.0,0.0,0.0,0.0,0.0,0.0,0.0
1784671586.4885828,314753.3822219,0,0,8,0,0,54.112503,1.143,82.4034892685235,-110.36150416789263,-172.96691791294884,82.40348926852349,-113.45227003657835,-110.36150416789263,0.0,0.0,0.0,0.0,0.0,0.0,0.0,-82.4034892685235,0.0,0.0,110.36150416789263,0.0,0.0,0.0,0.0,0.0,0.0,0.0,0.0,0,0,82.4034892685235,-110.36150416789263,0.0,0.0,0.0,0.0,0.0,0.0,0.0,0.0,0.0,0.0,0.0,0.0,0.0,0.0,0.0,0.0,0.0,0.0,0.0,0.0,0.0,0.0,0.0,0.0,0.0,0.0,0.0,0.0,0.0
1784671586.490932,314753.3845704,0,0,8,0,0,54.11506,0.089,81.98373076341272,-120.61756957319749,-172.16054612513938,81.98373076341274,-123.65474935654215,-120.61756957319749,0.0,0.0,0.0,0.0,0.0,0.0,0.0,-81.98373076341272,0.0,0.0,120.61756957319749,0.0,0.0,0.0,0.0,0.0,0.0,0.0,0.0,0,0,81.98373076341272,-120.61756957319749,0.0,0.0,0.0,0.0,0.0,0.0,0.0,0.0,0.0,0.0,0.0,0.0,0.0,0.0,0.0,0.0,0.0,0.0,0.0,0.0,0.0,0.0,0.0,0.0,0.0,0.0,0.0,0.0,0.0
1784671586.5004597,314753.3940981,0,0,8,0,0,54.117502,0.131,81.6850201184151,-127.03014583165482,-170.59698569519892,81.6850201184151,-129.91098667538785,-127.03014583165482,0.0,0.0,0.0,0.0,0.0,0.0,0.0,-81.6850201184151,0.0,0.0,127.03014583165482,0.0,0.0,0.0,0.0,0.0,0.0,0.0,0.0,0,0,81.6850201184151,-127.03014583165482,0.0,0.0,0.0,0.0,0.0,0.0,0.0,0.0,0.0,0.0,0.0,0.0,0.0,0.0,0.0,0.0,0.0,0.0,0.0,0.0,0.0,0.0,0.0,0.0,0.0,0.0,0.0,0.0,0.0
1784671586.5021122,314753.3957496,0,0,8,0,0,54.119979,0.207,81.37088536610018,-133.2732200025253,-171.18641907171585,81.3708853661002,-135.92222449083823,-133.2732200025253,0.0,0.0,0.0,0.0,0.0,0.0,0.0,-81.37088536610018,0.0,0.0,133.2732200025253,0.0,0.0,0.0,0.0,0.0,0.0,0.0,0.0,0,0,81.37088536610018,-133.2732200025253,0.0,0.0,0.0,0.0,0.0,0.0,0.0,0.0,0.0,0.0,0.0,0.0,0.0,0.0,0.0,0.0,0.0,0.0,0.0,0.0,0.0,0.0,0.0,0.0,0.0,0.0,0.0,0.0,0.0
1784671586.5022376,314753.395879,0,0,8,0,0,54.122502,0.3269999999999999,81.04169765692062,-139.55743240799862,-172.6956128272634,81.04169765692062,-142.43221129534342,-139.55743240799862,0.0,0.0,0.0,0.0,0.0,0.0,0.0,-81.04169765692062,0.0,0.0,139.55743240799862,0.0,0.0,0.0,0.0,0.0,0.0,0.0,0.0,0,0,81.04169765692062,-139.55743240799862,0.0,0.0,0.0,0.0,0.0,0.0,0.0,0.0,0.0,0.0,0.0,0.0,0.0,0.0,0.0,0.0,0.0,0.0,0.0,0.0,0.0,0.0,0.0,0.0,0.0,0.0,0.0,0.0,0.0
1784671586.5040383,314753.3976767,0,0,8,0,0,54.125003,0.428,80.69727389515806,-146.11236845986124,-173.91032390064768,80.69727389515806,-149.06469785154627,-146.11236845986124,0.0,0.0,0.0,0.0,0.0,0.0,0.0,-80.69727389515806,0.0,0.0,146.11236845986124,0.0,0.0,0.0,0.0,0.0,0.0,0.0,0.0,0,0,80.69727389515806,-146.11236845986124,0.0,0.0,0.0,0.0,0.0,0.0,0.0,0.0,0.0,0.0,0.0,0.0,0.0,0.0,0.0,0.0,0.0,0.0,0.0,0.0,0.0,0.0,0.0,0.0,0.0,0.0,0.0,0.0,0.0
1784671586.504385,314753.398025,0,0,8,0,0,54.127502,0.527,80.33619865028587,-153.16038783172834,-174.7335835746034,80.33619865028587,-156.31843314850167,-153.16038783172834,0.0,0.0,0.0,0.0,0.0,0.0,0.0,-80.33619865028587,0.0,0.0,153.16038783172834,0.0,0.0,0.0,0.0,0.0,0.0,0.0,0.0,0,0,80.33619865028587,-153.16038783172834,0.0,0.0,0.0,0.0,0.0,0.0,0.0,0.0,0.0,0.0,0.0,0.0,0.0,0.0,0.0,0.0,0.0,0.0,0.0,0.0,0.0,0.0,0.0,0.0,0.0,0.0,0.0,0.0,0.0
1784671586.5103202,314753.4039578,0,0,8,0,0,54.130002,0.631,79.95665371414493,-161.99325135753847,-173.3315747567011,79.95665371414493,-166.7134120782761,-161.99325135753847,0.0,0.0,0.0,0.0,0.0,0.0,0.0,-79.95665371414493,0.0,0.0,161.99325135753847,0.0,0.0,0.0,0.0,0.0,0.0,0.0,0.0,0,0,79.95665371414493,-161.99325135753847,0.0,0.0,0.0,0.0,0.0,0.0,0.0,0.0,0.0,0.0,0.0,0.0,0.0,0.0,0.0,0.0,0.0,0.0,0.0,0.0,0.0,0.0,0.0,0.0,0.0,0.0,0.0,0.0,0.0
1784671586.5153282,314753.4089667,0,0,8,0,0,54.132504,0.734,79.55931258908697,-168.6701373216554,-170.19029030793348,79.55931258908697,-172.41840051448224,-168.67013732165543,0.0,0.0,0.0,0.0,0.0,0.0,0.0,-79.55931258908697,0.0,0.0,168.6701373216554,0.0,0.0,0.0,0.0,0.0,0.0,0.0,0.0,0,0,79.55931258908697,-168.6701373216554,0.0,0.0,0.0,0.0,0.0,0.0,0.0,0.0,0.0,0.0,0.0,0.0,0.0,0.0,0.0,0.0,0.0,0.0,0.0,0.0,0.0,0.0,0.0,0.0,0.0,0.0,0.0,0.0,0.0
1784671586.5158358,314753.4094759,0,0,8,0,0,54.135003,0.833,79.14333900602315,-176.13949704688724,-172.62167268390556,79.14333900602315,-179.479636201627,-176.13949704688727,0.0,0.0,0.0,0.0,0.0,0.0,0.0,-79.14333900602315,0.0,0.0,176.13949704688724,0.0,0.0,0.0,0.0,0.0,0.0,0.0,0.0,0,0,79.14333900602315,-176.13949704688724,0.0,0.0,0.0,0.0,0.0,0.0,0.0,0.0,0.0,0.0,0.0,0.0,0.0,0.0,0.0,0.0,0.0,0.0,0.0,0.0,0.0,0.0,0.0,0.0,0.0,0.0,0.0,0.0,0.0
1784671586.5184455,314753.4120836,0,0,8,0,0,54.137504,0.932,78.7080859487822,-184.19408992086449,-175.66388791616444,78.7080859487822,-187.8358692638615,-184.19408992086449,0.0,0.0,0.0,0.0,0.0,0.0,0.0,-78.7080859487822,0.0,0.0,184.19408992086449,0.0,0.0,0.0,0.0,0.0,0.0,0.0,0.0,0,0,78.7080859487822,-184.19408992086449,0.0,0.0,0.0,0.0,0.0,0.0,0.0,0.0,0.0,0.0,0.0,0.0,0.0,0.0,0.0,0.0,0.0,0.0,0.0,0.0,0.0,0.0,0.0,0.0,0.0,0.0,0.0,0.0,0.0
1784671586.5187004,314753.4123401,0,0,8,0,0,54.140002,1.019,78.25258255250101,-191.63264492410937,-172.60577901377067,78.25258255250101,-194.74835525251615,-191.63264492410937,0.0,0.0,0.0,0.0,0.0,0.0,0.0,-78.25258255250101,0.0,0.0,191.63264492410937,0.0,0.0,0.0,0.0,0.0,0.0,0.0,0.0,0,0,78.25258255250101,-191.63264492410937,0.0,0.0,0.0,0.0,0.0,0.0,0.0,0.0,0.0,0.0,0.0,0.0,0.0,0.0,0.0,0.0,0.0,0.0,0.0,0.0,0.0,0.0,0.0,0.0,0.0,0.0,0.0,0.0,0.0
1784671586.5204592,314753.4140982,0,0,8,0,0,54.142502,1.125,77.78483514918148,-197.8588189087866,-173.67697742949926,77.78483514918148,-200.59334340494823,-197.8588189087866,0.0,0.0,0.0,0.0,0.0,0.0,0.0,-77.78483514918148,0.0,0.0,197.8588189087866,0.0,0.0,0.0,0.0,0.0,0.0,0.0,0.0,0,0,77.78483514918148,-197.8588189087866,0.0,0.0,0.0,0.0,0.0,0.0,0.0,0.0,0.0,0.0,0.0,0.0,0.0,0.0,0.0,0.0,0.0,0.0,0.0,0.0,0.0,0.0,0.0,0.0,0.0,0.0,0.0,0.0,0.0
1784671586.521142,314753.4147826,0,0,8,0,0,54.145004,1.23,77.3004720860907,-205.15077855733023,-173.97900546440715,77.3004720860907,-208.96707643171095,-205.15077855733023,0.0,0.0,0.0,0.0,0.0,0.0,0.0,-77.3004720860907,0.0,0.0,205.15077855733023,0.0,0.0,0.0,0.0,0.0,0.0,0.0,0.0,0,0,77.3004720860907,-205.15077855733023,0.0,0.0,0.0,0.0,0.0,0.0,0.0,0.0,0.0,0.0,0.0,0.0,0.0,0.0,0.0,0.0,0.0,0.0,0.0,0.0,0.0,0.0,0.0,0.0,0.0,0.0,0.0,0.0,0.0
1784671586.5235298,314753.4171672,0,0,8,0,0,54.147503,0.121,76.54619261192985,-212.2295842846753,-174.08614323786432,76.54619261192985,-213.66581690754336,-212.22958428467527,0.0,0.0,0.0,0.0,0.0,0.0,0.0,-76.54619261192985,0.0,0.0,212.2295842846753,0.0,0.0,0.0,0.0,0.0,0.0,0.0,0.0,0,0,76.54619261192985,-212.2295842846753,0.0,0.0,0.0,0.0,0.0,0.0,0.0,0.0,0.0,0.0,0.0,0.0,0.0,0.0,0.0,0.0,0.0,0.0,0.0,0.0,0.0,0.0,0.0,0.0,0.0,0.0,0.0,0.0,0.0
1784671586.527784,314753.4214228,0,0,8,0,0,54.14999,0.205,76.02749808783935,-217.6634828804428,-174.87289865177303,76.02749808783935,-219.20455568073123,-217.6634828804428,0.0,0.0,0.0,0.0,0.0,0.0,0.0,-76.02749808783935,0.0,0.0,217.6634828804428,0.0,0.0,0.0,0.0,0.0,0.0,0.0,0.0,0,0,76.02749808783935,-217.6634828804428,0.0,0.0,0.0,0.0,0.0,0.0,0.0,0.0,0.0,0.0,0.0,0.0,0.0,0.0,0.0,0.0,0.0,0.0,0.0,0.0,0.0,0.0,0.0,0.0,0.0,0.0,0.0,0.0,0.0
1784671586.5288513,314753.4224898,0,0,8,0,0,54.1525,0.3269999999999999,75.4957139710008,-224.68516938122883,-173.1775392520849,75.49571397100081,-227.41203904447568,-224.68516938122883,0.0,0.0,0.0,0.0,0.0,0.0,0.0,-75.4957139710008,0.0,0.0,224.68516938122883,0.0,0.0,0.0,0.0,0.0,0.0,0.0,0.0,0,0,75.4957139710008,-224.68516938122883,0.0,0.0,0.0,0.0,0.0,0.0,0.0,0.0,0.0,0.0,0.0,0.0,0.0,0.0,0.0,0.0,0.0,0.0,0.0,0.0,0.0,0.0,0.0,0.0,0.0,0.0,0.0,0.0,0.0
1784671586.5308335,314753.424471,0,0,8,0,0,54.155002,0.415,74.9440465879288,-229.81995341249777,-172.8679515868297,74.9440465879288,-232.10202953804392,-229.8199534124978,0.0,0.0,0.0,0.0,0.0,0.0,0.0,-74.9440465879288,0.0,0.0,229.81995341249777,0.0,0.0,0.0,0.0,0.0,0.0,0.0,0.0,0,0,74.9440465879288,-229.81995341249777,0.0,0.0,0.0,0.0,0.0,0.0,0.0,0.0,0.0,0.0,0.0,0.0,0.0,0.0,0.0,0.0,0.0,0.0,0.0,0.0,0.0,0.0,0.0,0.0,0.0,0.0,0.0,0.0,0.0
1784671586.5339875,314753.4276264,0,0,8,0,0,54.157504,0.523,74.38374510194092,-235.50748038078356,-174.80913690662578,74.38374510194092,-238.12201733575844,-235.5074803807835,0.0,0.0,0.0,0.0,0.0,0.0,0.0,-74.38374510194092,0.0,0.0,235.50748038078356,0.0,0.0,0.0,0.0,0.0,0.0,0.0,0.0,0,0,74.38374510194092,-235.50748038078356,0.0,0.0,0.0,0.0,0.0,0.0,0.0,0.0,0.0,0.0,0.0,0.0,0.0,0.0,0.0,0.0,0.0,0.0,0.0,0.0,0.0,0.0,0.0,0.0,0.0,0.0,0.0,0.0,0.0
1784671586.535849,314753.4294872,0,0,8,0,0,54.160003,0.614,73.8060142035809,-241.29883572008487,-172.1784025551697,73.8060142035809,-243.74825593158752,-241.29883572008487,0.0,0.0,0.0,0.0,0.0,0.0,0.0,-73.8060142035809,0.0,0.0,241.29883572008487,0.0,0.0,0.0,0.0,0.0,0.0,0.0,0.0,0,0,73.8060142035809,-241.29883572008487,0.0,0.0,0.0,0.0,0.0,0.0,0.0,0.0,0.0,0.0,0.0,0.0,0.0,0.0,0.0,0.0,0.0,0.0,0.0,0.0,0.0,0.0,0.0,0.0,0.0,0.0,0.0,0.0,0.0
1784671586.539131,314753.4327698,0,0,8,0,0,54.16251,0.728,73.21972052204472,-246.2010424710667,-172.54477288350128,73.21972052204472,-248.34199662025043,-246.20104247106676,0.0,0.0,0.0,0.0,0.0,0.0,0.0,-73.21972052204472,0.0,0.0,246.2010424710667,0.0,0.0,0.0,0.0,0.0,0.0,0.0,0.0,0,0,73.21972052204472,-246.2010424710667,0.0,0.0,0.0,0.0,0.0,0.0,0.0,0.0,0.0,0.0,0.0,0.0,0.0,0.0,0.0,0.0,0.0,0.0,0.0,0.0,0.0,0.0,0.0,0.0,0.0,0.0,0.0,0.0,0.0
1784671586.5409338,314753.4345717,0,0,8,0,0,54.165003,0.8109999999999999,72.61549673464599,-252.4315182295687,-177.33302726635495,72.61549673464599,-255.47323216550816,-252.4315182295687,0.0,0.0,0.0,0.0,0.0,0.0,0.0,-72.61549673464599,0.0,0.0,252.4315182295687,0.0,0.0,0.0,0.0,0.0,0.0,0.0,0.0,0,0,72.61549673464599,-252.4315182295687,0.0,0.0,0.0,0.0,0.0,0.0,0.0,0.0,0.0,0.0,0.0,0.0,0.0,0.0,0.0,0.0,0.0,0.0,0.0,0.0,0.0,0.0,0.0,0.0,0.0,0.0,0.0,0.0,0.0
1784671586.5434744,314753.4371119,0,0,8,0,0,54.167503,0.921,71.9987103842107,-260.15755375457223,-170.78404889693314,71.9987103842107,-263.8994650858556,-260.15755375457223,0.0,0.0,0.0,0.0,0.0,0.0,0.0,-71.9987103842107,0.0,0.0,260.15755375457223,0.0,0.0,0.0,0.0,0.0,0.0,0.0,0.0,0,0,71.9987103842107,-260.15755375457223,0.0,0.0,0.0,0.0,0.0,0.0,0.0,0.0,0.0,0.0,0.0,0.0,0.0,0.0,0.0,0.0,0.0,0.0,0.0,0.0,0.0,0.0,0.0,0.0,0.0,0.0,0.0,0.0,0.0
1784671586.5459323,314753.43957,0,0,8,0,0,54.170002,1.006,71.36167698914248,-264.60151023906013,-177.5872095055065,71.36167698914248,-265.85071113075435,-264.6015102390601,0.0,0.0,0.0,0.0,0.0,0.0,0.0,-71.36167698914248,0.0,0.0,264.60151023906013,0.0,0.0,0.0,0.0,0.0,0.0,0.0,0.0,0,0,71.36167698914248,-264.60151023906013,0.0,0.0,0.0,0.0,0.0,0.0,0.0,0.0,0.0,0.0,0.0,0.0,0.0,0.0,0.0,0.0,0.0,0.0,0.0,0.0,0.0,0.0,0.0,0.0,0.0,0.0,0.0,0.0,0.0
1784671586.5486264,314753.4422647,0,0,8,0,0,54.172504,1.12,70.71917660506169,-271.33532342363304,-178.40166607834072,70.71917660506169,-275.42319172770146,-271.335323423633,0.0,0.0,0.0,0.0,0.0,0.0,0.0,-70.71917660506169,0.0,0.0,271.33532342363304,0.0,0.0,0.0,0.0,0.0,0.0,0.0,0.0,0,0,70.71917660506169,-271.33532342363304,0.0,0.0,0.0,0.0,0.0,0.0,0.0,0.0,0.0,0.0,0.0,0.0,0.0,0.0,0.0,0.0,0.0,0.0,0.0,0.0,0.0,0.0,0.0,0.0,0.0,0.0,0.0,0.0,0.0
1784671586.5511584,314753.4447958,0,0,8,0,0,54.175003,1.217,70.05852339477983,-276.5984859380986,-173.96533850248366,70.05852339477983,-279.3694337288195,-276.5984859380986,0.0,0.0,0.0,0.0,0.0,0.0,0.0,-70.05852339477983,0.0,0.0,276.5984859380986,0.0,0.0,0.0,0.0,0.0,0.0,0.0,0.0,0,0,70.05852339477983,-276.5984859380986,0.0,0.0,0.0,0.0,0.0,0.0,0.0,0.0,0.0,0.0,0.0,0.0,0.0,0.0,0.0,0.0,0.0,0.0,0.0,0.0,0.0,0.0,0.0,0.0,0.0,0.0,0.0,0.0,0.0
1784671586.55334,314753.4469781,0,0,8,0,0,54.177502,0.116,69.04519809358756,-283.8600666360764,-176.40126852937712,69.04519809358756,-285.9494203914377,-283.8600666360764,0.0,0.0,0.0,0.0,0.0,0.0,0.0,-69.04519809358756,0.0,0.0,283.8600666360764,0.0,0.0,0.0,0.0,0.0,0.0,0.0,0.0,0,0,69.04519809358756,-283.8600666360764,0.0,0.0,0.0,0.0,0.0,0.0,0.0,0.0,0.0,0.0,0.0,0.0,0.0,0.0,0.0,0.0,0.0,0.0,0.0,0.0,0.0,0.0,0.0,0.0,0.0,0.0,0.0,0.0,0.0
1784671586.5559618,314753.4495983,0,0,8,0,0,54.180003,0.206,68.35635577441442,-286.0613535820973,-170.79378021412288,68.35635577441442,-286.68441890162376,-286.0613535820973,0.0,0.0,0.0,0.0,0.0,0.0,0.0,-68.35635577441442,0.0,0.0,286.0613535820973,0.0,0.0,0.0,0.0,0.0,0.0,0.0,0.0,0,0,68.35635577441442,-286.0613535820973,0.0,0.0,0.0,0.0,0.0,0.0,0.0,0.0,0.0,0.0,0.0,0.0,0.0,0.0,0.0,0.0,0.0,0.0,0.0,0.0,0.0,0.0,0.0,0.0,0.0,0.0,0.0,0.0,0.0
1784671586.5585294,314753.4521677,0,0,8,0,0,54.182502,0.303,67.66825760241124,-286.54667030649773,-175.066493009876,67.66825760241123,-286.68441890162376,-286.54667030649773,0.0,0.0,0.0,0.0,0.0,0.0,0.0,-67.66825760241124,0.0,0.0,286.54667030649773,0.0,0.0,0.0,0.0,0.0,0.0,0.0,0.0,0,0,67.66825760241124,-286.54667030649773,0.0,0.0,0.0,0.0,0.0,0.0,0.0,0.0,0.0,0.0,0.0,0.0,0.0,0.0,0.0,0.0,0.0,0.0,0.0,0.0,0.0,0.0,0.0,0.0,0.0,0.0,0.0,0.0,0.0
1784671586.57173,314753.465368,0,0,8,0,0,54.185002,0.412,66.98290940546931,-286.6537539413891,-178.72211074256927,66.98290940546931,-286.68441890162376,-286.6537539413891,0.0,0.0,0.0,0.0,0.0,0.0,0.0,-66.98290940546931,0.0,0.0,286.6537539413891,0.0,0.0,0.0,0.0,0.0,0.0,0.0,0.0,0,0,66.98290940546931,-286.6537539413891,0.0,0.0,0.0,0.0,0.0,0.0,0.0,0.0,0.0,0.0,0.0,0.0,0.0,0.0,0.0,0.0,0.0,0.0,0.0,0.0,0.0,0.0,0.0,0.0,0.0,0.0,0.0,0.0,0.0
1784671586.5720727,314753.4657109,0,0,8,0,0,54.187502,0.503,66.2923120812233,-286.6776691797388,-173.91098121250354,66.29231208122329,-286.68441890162376,-286.6776691797388,0.0,0.0,0.0,0.0,0.0,0.0,0.0,-66.2923120812233,0.0,0.0,286.6776691797388,0.0,0.0,0.0,0.0,0.0,0.0,0.0,0.0,0,0,66.2923120812233,-286.6776691797388,0.0,0.0,0.0,0.0,0.0,0.0,0.0,0.0,0.0,0.0,0.0,0.0,0.0,0.0,0.0,0.0,0.0,0.0,0.0,0.0,0.0,0.0,0.0,0.0,0.0,0.0,0.0,0.0,0.0
1784671586.57223,314753.4658682,0,0,8,0,0,54.190003,0.61,65.60599517732807,-286.6829191391582,-174.79456527150165,65.60599517732807,-286.68441890162376,-286.6829191391582,0.0,0.0,0.0,0.0,0.0,0.0,0.0,-65.60599517732807,0.0,0.0,286.6829191391582,0.0,0.0,0.0,0.0,0.0,0.0,0.0,0.0,0,0,65.60599517732807,-286.6829191391582,0.0,0.0,0.0,0.0,0.0,0.0,0.0,0.0,0.0,0.0,0.0,0.0,0.0,0.0,0.0,0.0,0.0,0.0,0.0,0.0,0.0,0.0,0.0,0.0,0.0,0.0,0.0,0.0,0.0
1784671586.5722923,314753.4659341,0,0,8,0,0,54.192511,0.718,64.91795381548431,-286.6840869140484,-175.3020393422298,64.9179538154843,-286.68441890162376,-286.6840869140484,0.0,0.0,0.0,0.0,0.0,0.0,0.0,-64.91795381548431,0.0,0.0,286.6840869140484,0.0,0.0,0.0,0.0,0.0,0.0,0.0,0.0,0,0,64.91795381548431,-286.6840869140484,0.0,0.0,0.0,0.0,0.0,0.0,0.0,0.0,0.0,0.0,0.0,0.0,0.0,0.0,0.0,0.0,0.0,0.0,0.0,0.0,0.0,0.0,0.0,0.0,0.0,0.0,0.0,0.0,0.0
1784671586.5723336,314753.4659754,0,0,8,0,0,54.195003,0.809,64.22962480061743,-286.6843454589794,-176.57136382691013,64.22962480061743,-286.68441890162376,-286.6843454589794,0.0,0.0,0.0,0.0,0.0,0.0,0.0,-64.22962480061743,0.0,0.0,286.6843454589794,0.0,0.0,0.0,0.0,0.0,0.0,0.0,0.0,0,0,64.22962480061743,-286.6843454589794,0.0,0.0,0.0,0.0,0.0,0.0,0.0,0.0,0.0,0.0,0.0,0.0,0.0,0.0,0.0,0.0,0.0,0.0,0.0,0.0,0.0,0.0,0.0,0.0,0.0,0.0,0.0,0.0,0.0
1784671586.5735674,314753.4672054,0,0,8,0,0,54.197502,0.906,63.54100888733445,-286.684402664769,-175.4406775458955,63.54100888733445,-286.68441890162376,-286.684402664769,0.0,0.0,0.0,0.0,0.0,0.0,0.0,-63.54100888733445,0.0,0.0,286.684402664769,0.0,0.0,0.0,0.0,0.0,0.0,0.0,0.0,0,0,63.54100888733445,-286.684402664769,0.0,0.0,0.0,0.0,0.0,0.0,0.0,0.0,0.0,0.0,0.0,0.0,0.0,0.0,0.0,0.0,0.0,0.0,0.0,0.0,0.0,0.0,0.0,0.0,0.0,0.0,0.0,0.0,0.0
1784671586.5769224,314753.4705596,0,0,8,0,0,54.200002,0.995,62.849812766840365,-286.68441533218754,-178.86717240034807,62.849812766840365,-286.68441890162376,-286.68441533218754,0.0,0.0,0.0,0.0,0.0,0.0,0.0,-62.849812766840365,0.0,0.0,286.68441533218754,0.0,0.0,0.0,0.0,0.0,0.0,0.0,0.0,0,0,62.849812766840365,-286.68441533218754,0.0,0.0,0.0,0.0,0.0,0.0,0.0,0.0,0.0,0.0,0.0,0.0,0.0,0.0,0.0,0.0,0.0,0.0,0.0,0.0,0.0,0.0,0.0,0.0,0.0,0.0,0.0,0.0,0.0
1784671586.5782473,314753.4718883,0,0,8,0,0,54.202501,1.101,62.16377695537194,-286.68441810801016,-174.03112058169754,62.16377695537194,-286.68441890162376,-286.68441810801016,0.0,0.0,0.0,0.0,0.0,0.0,0.0,-62.16377695537194,0.0,0.0,286.68441810801016,0.0,0.0,0.0,0.0,0.0,0.0,0.0,0.0,0,0,62.16377695537194,-286.68441810801016,0.0,0.0,0.0,0.0,0.0,0.0,0.0,0.0,0.0,0.0,0.0,0.0,0.0,0.0,0.0,0.0,0.0,0.0,0.0,0.0,0.0,0.0,0.0,0.0,0.0,0.0,0.0,0.0,0.0
1784671586.5808554,314753.4744946,0,0,8,0,0,54.205007,1.209,61.47630771950431,-286.68441872572845,-176.64162221281384,61.4763077195043,-286.68441890162376,-286.68441872572845,0.0,0.0,0.0,0.0,0.0,0.0,0.0,-61.47630771950431,0.0,0.0,286.68441872572845,0.0,0.0,0.0,0.0,0.0,0.0,0.0,0.0,0,0,61.47630771950431,-286.68441872572845,0.0,0.0,0.0,0.0,0.0,0.0,0.0,0.0,0.0,0.0,0.0,0.0,0.0,0.0,0.0,0.0,0.0,0.0,0.0,0.0,0.0,0.0,0.0,0.0,0.0,0.0,0.0,0.0,0.0
1784671586.5833254,314753.476964,0,0,8,0,0,54.207502,0.096,60.4419503362751,-286.6844188833965,-173.96756554863242,60.44195033627509,-286.68441890162376,-286.6844188833965,0.0,0.0,0.0,0.0,0.0,0.0,0.0,-60.4419503362751,0.0,0.0,286.6844188833965,0.0,0.0,0.0,0.0,0.0,0.0,0.0,0.0,0,0,60.4419503362751,-286.6844188833965,0.0,0.0,0.0,0.0,0.0,0.0,0.0,0.0,0.0,0.0,0.0,0.0,0.0,0.0,0.0,0.0,0.0,0.0,0.0,0.0,0.0,0.0,0.0,0.0,0.0,0.0,0.0,0.0,0.0
1784671586.5859358,314753.4795752,0,0,8,0,0,54.210015,0.207,59.75333436208852,-286.68441889759407,-176.78057416276673,59.75333436208852,-286.68441890162376,-286.68441889759407,0.0,0.0,0.0,0.0,0.0,0.0,0.0,-59.75333436208852,0.0,0.0,286.68441889759407,0.0,0.0,0.0,0.0,0.0,0.0,0.0,0.0,0,0,59.75333436208852,-286.68441889759407,0.0,0.0,0.0,0.0,0.0,0.0,0.0,0.0,0.0,0.0,0.0,0.0,0.0,0.0,0.0,0.0,0.0,0.0,0.0,0.0,0.0,0.0,0.0,0.0,0.0,0.0,0.0,0.0,0.0
1784671586.5883582,314753.4819988,0,0,8,0,0,54.212502,0.291,59.06443170347127,-286.6844189007334,-175.87612778371232,59.06443170347127,-286.68441890162376,-286.68441890073336,0.0,0.0,0.0,0.0,0.0,0.0,0.0,-59.06443170347127,0.0,0.0,286.6844189007334,0.0,0.0,0.0,0.0,0.0,0.0,0.0,0.0,0,0,59.06443170347127,-286.6844189007334,0.0,0.0,0.0,0.0,0.0,0.0,0.0,0.0,0.0,0.0,0.0,0.0,0.0,0.0,0.0,0.0,0.0,0.0,0.0,0.0,0.0,0.0,0.0,0.0,0.0,0.0,0.0,0.0,0.0
1784671586.5909474,314753.4845846,0,0,8,0,0,54.215002,0.391,58.37638909810812,-286.6844189014266,-174.63476239943807,58.37638909810812,-286.68441890162376,-286.6844189014266,0.0,0.0,0.0,0.0,0.0,0.0,0.0,-58.37638909810812,0.0,0.0,286.6844189014266,0.0,0.0,0.0,0.0,0.0,0.0,0.0,0.0,0,0,58.37638909810812,-286.6844189014266,0.0,0.0,0.0,0.0,0.0,0.0,0.0,0.0,0.0,0.0,0.0,0.0,0.0,0.0,0.0,0.0,0.0,0.0,0.0,0.0,0.0,0.0,0.0,0.0,0.0,0.0,0.0,0.0,0.0
1784671586.600144,314753.4937808,0,0,8,0,0,54.217502,0.497,57.6900665992578,-286.68441890158,-178.53756549125947,57.69006659925779,-286.68441890162376,-286.68441890158,0.0,0.0,0.0,0.0,0.0,0.0,0.0,-57.6900665992578,0.0,0.0,286.68441890158,0.0,0.0,0.0,0.0,0.0,0.0,0.0,0.0,0,0,57.6900665992578,-286.68441890158,0.0,0.0,0.0,0.0,0.0,0.0,0.0,0.0,0.0,0.0,0.0,0.0,0.0,0.0,0.0,0.0,0.0,0.0,0.0,0.0,0.0,0.0,0.0,0.0,0.0,0.0,0.0,0.0,0.0
1784671586.618606,314753.512243,0,0,8,0,0,54.220002,0.598,57.00231067831283,-286.68441890161404,-175.0737173067783,57.00231067831284,-286.68441890162376,-286.68441890161404,0.0,0.0,0.0,0.0,0.0,0.0,0.0,-57.00231067831283,0.0,0.0,286.68441890161404,0.0,0.0,0.0,0.0,0.0,0.0,0.0,0.0,0,0,57.00231067831283,-286.68441890161404,0.0,0.0,0.0,0.0,0.0,0.0,0.0,0.0,0.0,0.0,0.0,0.0,0.0,0.0,0.0,0.0,0.0,0.0,0.0,0.0,0.0,0.0,0.0,0.0,0.0,0.0,0.0,0.0,0.0
1784671586.6190095,314753.5126492,0,0,8,0,0,54.22252,0.7150000000000001,56.313981388530046,-286.6844189016216,-178.7554312427772,56.313981388530046,-286.68441890162376,-286.6844189016216,0.0,0.0,0.0,0.0,0.0,0.0,0.0,-56.313981388530046,0.0,0.0,286.6844189016216,0.0,0.0,0.0,0.0,0.0,0.0,0.0,0.0,0,0,56.313981388530046,-286.6844189016216,0.0,0.0,0.0,0.0,0.0,0.0,0.0,0.0,0.0,0.0,0.0,0.0,0.0,0.0,0.0,0.0,0.0,0.0,0.0,0.0,0.0,0.0,0.0,0.0,0.0,0.0,0.0,0.0,0.0
1784671586.619342,314753.5129822,0,0,8,0,0,54.225002,0.796,55.62565209874725,-286.68441890162325,-177.27791217845382,55.62565209874725,-286.68441890162376,-286.68441890162325,0.0,0.0,0.0,0.0,0.0,0.0,0.0,-55.62565209874725,0.0,0.0,286.68441890162325,0.0,0.0,0.0,0.0,0.0,0.0,0.0,0.0,0,0,55.62565209874725,-286.68441890162325,0.0,0.0,0.0,0.0,0.0,0.0,0.0,0.0,0.0,0.0,0.0,0.0,0.0,0.0,0.0,0.0,0.0,0.0,0.0,0.0,0.0,0.0,0.0,0.0,0.0,0.0,0.0,0.0,0.0
1784671586.6194875,314753.5131288,0,0,8,0,0,54.227503,0.888,54.93502933361325,-286.68441890162364,-178.5884536810687,54.93502933361324,-286.68441890162376,-286.68441890162364,0.0,0.0,0.0,0.0,0.0,0.0,0.0,-54.93502933361325,0.0,0.0,286.68441890162364,0.0,0.0,0.0,0.0,0.0,0.0,0.0,0.0,0,0,54.93502933361325,-286.68441890162364,0.0,0.0,0.0,0.0,0.0,0.0,0.0,0.0,0.0,0.0,0.0,0.0,0.0,0.0,0.0,0.0,0.0,0.0,0.0,0.0,0.0,0.0,0.0,0.0,0.0,0.0,0.0,0.0,0.0
1784671586.619641,314753.5132825,0,0,8,0,0,54.230003,0.99,54.24756009708715,-286.6844189016237,-177.50132080132073,54.24756009708715,-286.68441890162376,-286.68441890162376,0.0,0.0,0.0,0.0,0.0,0.0,0.0,-54.24756009708715,0.0,0.0,286.6844189016237,0.0,0.0,0.0,0.0,0.0,0.0,0.0,0.0,0,0,54.24756009708715,-286.6844189016237,0.0,0.0,0.0,0.0,0.0,0.0,0.0,0.0,0.0,0.0,0.0,0.0,0.0,0.0,0.0,0.0,0.0,0.0,0.0,0.0,0.0,0.0,0.0,0.0,0.0,0.0,0.0,0.0,0.0
1784671586.619777,314753.5134182,0,0,8,0,0,54.232501,1.092,53.56066422939886,-286.6844189016237,-174.09808754959366,53.56066422939886,-286.68441890162376,-286.68441890162376,0.0,0.0,0.0,0.0,0.0,0.0,0.0,-53.56066422939886,0.0,0.0,286.6844189016237,0.0,0.0,0.0,0.0,0.0,0.0,0.0,0.0,0,0,53.56066422939886,-286.6844189016237,0.0,0.0,0.0,0.0,0.0,0.0,0.0,0.0,0.0,0.0,0.0,0.0,0.0,0.0,0.0,0.0,0.0,0.0,0.0,0.0,0.0,0.0,0.0,0.0,0.0,0.0,0.0,0.0,0.0
1784671586.6199126,314753.513554,0,0,8,0,0,54.235002,1.192,52.87233493961607,-286.6844189016237,-175.79786720358294,52.87233493961607,-286.68441890162376,-286.68441890162376,0.0,0.0,0.0,0.0,0.0,0.0,0.0,-52.87233493961607,0.0,0.0,286.6844189016237,0.0,0.0,0.0,0.0,0.0,0.0,0.0,0.0,0,0,52.87233493961607,-286.6844189016237,0.0,0.0,0.0,0.0,0.0,0.0,0.0,0.0,0.0,0.0,0.0,0.0,0.0,0.0,0.0,0.0,0.0,0.0,0.0,0.0,0.0,0.0,0.0,0.0,0.0,0.0,0.0,0.0,0.0
1784671586.620102,314753.513743,0,0,8,0,0,54.237504,0.0839999999999999,51.83740418738121,-286.6844189016237,-176.50189931882025,51.8374041873812,-286.68441890162376,-286.68441890162376,0.0,0.0,0.0,0.0,0.0,0.0,0.0,-51.83740418738121,0.0,0.0,286.6844189016237,0.0,0.0,0.0,0.0,0.0,0.0,0.0,0.0,0,0,51.83740418738121,-286.6844189016237,0.0,0.0,0.0,0.0,0.0,0.0,0.0,0.0,0.0,0.0,0.0,0.0,0.0,0.0,0.0,0.0,0.0,0.0,0.0,0.0,0.0,0.0,0.0,0.0,0.0,0.0,0.0,0.0,0.0
1784671586.6222165,314753.5158561,0,0,8,0,0,54.240028,0.207,51.1490748975984,-286.6844189016237,-177.51009374277936,51.1490748975984,-286.68441890162376,-286.68441890162376,0.0,0.0,0.0,0.0,0.0,0.0,0.0,-51.1490748975984,0.0,0.0,286.6844189016237,0.0,0.0,0.0,0.0,0.0,0.0,0.0,0.0,0,0,51.1490748975984,-286.6844189016237,0.0,0.0,0.0,0.0,0.0,0.0,0.0,0.0,0.0,0.0,0.0,0.0,0.0,0.0,0.0,0.0,0.0,0.0,0.0,0.0,0.0,0.0,0.0,0.0,0.0,0.0,0.0,0.0,0.0
1784671586.622411,314753.5160522,0,0,8,0,0,54.242502,0.2799999999999999,50.4607456078156,-286.6844189016237,179.6498844304136,50.4607456078156,-286.68441890162376,-286.68441890162376,0.0,0.0,0.0,0.0,0.0,0.0,0.0,-50.4607456078156,0.0,0.0,286.6844189016237,0.0,0.0,0.0,0.0,0.0,0.0,0.0,0.0,0,0,50.4607456078156,-286.6844189016237,0.0,0.0,0.0,0.0,0.0,0.0,0.0,0.0,0.0,0.0,0.0,0.0,0.0,0.0,0.0,0.0,0.0,0.0,0.0,0.0,0.0,0.0,0.0,0.0,0.0,0.0,0.0,0.0,0.0
1784671586.6238406,314753.5174779,0,0,8,0,0,54.245003,0.369,49.76926278942488,-286.6844189016237,-177.58606330953702,49.769262789424886,-286.68441890162376,-286.68441890162376,0.0,0.0,0.0,0.0,0.0,0.0,0.0,-49.76926278942488,0.0,0.0,286.6844189016237,0.0,0.0,0.0,0.0,0.0,0.0,0.0,0.0,0,0,49.76926278942488,-286.6844189016237,0.0,0.0,0.0,0.0,0.0,0.0,0.0,0.0,0.0,0.0,0.0,0.0,0.0,0.0,0.0,0.0,0.0,0.0,0.0,0.0,0.0,0.0,0.0,0.0,0.0,0.0,0.0,0.0,0.0
1784671586.6240437,314753.5176845,0,0,8,0,0,54.247502,0.478,49.08408702825,-286.6844189016237,-179.23512707251726,49.08408702825,-286.68441890162376,-286.68441890162376,0.0,0.0,0.0,0.0,0.0,0.0,0.0,-49.08408702825,0.0,0.0,286.6844189016237,0.0,0.0,0.0,0.0,0.0,0.0,0.0,0.0,0,0,49.08408702825,-286.6844189016237,0.0,0.0,0.0,0.0,0.0,0.0,0.0,0.0,0.0,0.0,0.0,0.0,0.0,0.0,0.0,0.0,0.0,0.0,0.0,0.0,0.0,0.0,0.0,0.0,0.0,0.0,0.0,0.0,0.0
1784671586.6261876,314753.5198247,0,0,8,0,0,54.250004,0.587,48.39805121381841,-286.6844189016237,178.82149198900007,48.39805121381841,-286.68441890162376,-286.68441890162376,0.0,0.0,0.0,0.0,0.0,0.0,0.0,-48.39805121381841,0.0,0.0,286.6844189016237,0.0,0.0,0.0,0.0,0.0,0.0,0.0,0.0,0,0,48.39805121381841,-286.6844189016237,0.0,0.0,0.0,0.0,0.0,0.0,0.0,0.0,0.0,0.0,0.0,0.0,0.0,0.0,0.0,0.0,0.0,0.0,0.0,0.0,0.0,0.0,0.0,0.0,0.0,0.0,0.0,0.0,0.0
1784671586.6284764,314753.522114,0,0,8,0,0,54.252538,0.721,47.71000860845452,-286.6844189016237,-178.77053991748994,47.71000860845452,-286.68441890162376,-286.68441890162376,0.0,0.0,0.0,0.0,0.0,0.0,0.0,-47.71000860845452,0.0,0.0,286.6844189016237,0.0,0.0,0.0,0.0,0.0,0.0,0.0,0.0,0,0,47.71000860845452,-286.6844189016237,0.0,0.0,0.0,0.0,0.0,0.0,0.0,0.0,0.0,0.0,0.0,0.0,0.0,0.0,0.0,0.0,0.0,0.0,0.0,0.0,0.0,0.0,0.0,0.0,0.0,0.0,0.0,0.0,0.0
1784671586.6309998,314753.5246373,0,0,8,0,0,54.255004,0.786,47.02167931867172,-286.6844189016237,-177.4036986653049,47.02167931867172,-286.68441890162376,-286.68441890162376,0.0,0.0,0.0,0.0,0.0,0.0,0.0,-47.02167931867172,0.0,0.0,286.6844189016237,0.0,0.0,0.0,0.0,0.0,0.0,0.0,0.0,0,0,47.02167931867172,-286.6844189016237,0.0,0.0,0.0,0.0,0.0,0.0,0.0,0.0,0.0,0.0,0.0,0.0,0.0,0.0,0.0,0.0,0.0,0.0,0.0,0.0,0.0,0.0,0.0,0.0,0.0,0.0,0.0,0.0,0.0
1784671586.6334724,314753.5271087,0,0,8,0,0,54.257502,0.879,46.33220329121332,-286.6844189016237,-176.4489247550346,46.33220329121332,-286.68441890162376,-286.68441890162376,0.0,0.0,0.0,0.0,0.0,0.0,0.0,-46.33220329121332,0.0,0.0,286.6844189016237,0.0,0.0,0.0,0.0,0.0,0.0,0.0,0.0,0,0,46.33220329121332,-286.6844189016237,0.0,0.0,0.0,0.0,0.0,0.0,0.0,0.0,0.0,0.0,0.0,0.0,0.0,0.0,0.0,0.0,0.0,0.0,0.0,0.0,0.0,0.0,0.0,0.0,0.0,0.0,0.0,0.0,0.0
1784671586.6360784,314753.5297164,0,0,8,0,0,54.260002,0.981,45.644734054687234,-286.6844189016237,-174.1214434051876,45.64473405468723,-286.68441890162376,-286.68441890162376,0.0,0.0,0.0,0.0,0.0,0.0,0.0,-45.644734054687234,0.0,0.0,286.6844189016237,0.0,0.0,0.0,0.0,0.0,0.0,0.0,0.0,0,0,45.644734054687234,-286.6844189016237,0.0,0.0,0.0,0.0,0.0,0.0,0.0,0.0,0.0,0.0,0.0,0.0,0.0,0.0,0.0,0.0,0.0,0.0,0.0,0.0,0.0,0.0,0.0,0.0,0.0,0.0,0.0,0.0,0.0
1784671586.6385078,314753.5321446,0,0,8,0,0,54.262504,1.08,44.95617046251524,-286.490144780471,179.74350130161093,44.95617046251524,-286.3956694869078,-286.490144780471,0.0,0.0,0.0,0.0,0.0,0.0,0.0,-44.95617046251524,0.0,0.0,286.490144780471,0.0,0.0,0.0,0.0,0.0,0.0,0.0,0.0,0,0,44.95617046251524,-286.490144780471,0.0,0.0,0.0,0.0,0.0,0.0,0.0,0.0,0.0,0.0,0.0,0.0,0.0,0.0,0.0,0.0,0.0,0.0,0.0,0.0,0.0,0.0,0.0,0.0,0.0,0.0,0.0,0.0,0.0
1784671586.6409998,314753.5346377,0,0,8,0,0,54.265007,1.185,44.27079218818819,-285.3302379262636,-178.47670393377226,44.2707921881882,-284.46192340653727,-285.3302379262635,0.0,0.0,0.0,0.0,0.0,0.0,0.0,-44.27079218818819,0.0,0.0,285.3302379262636,0.0,0.0,0.0,0.0,0.0,0.0,0.0,0.0,0,0,44.27079218818819,-285.3302379262636,0.0,0.0,0.0,0.0,0.0,0.0,0.0,0.0,0.0,0.0,0.0,0.0,0.0,0.0,0.0,0.0,0.0,0.0,0.0,0.0,0.0,0.0,0.0,0.0,0.0,0.0,0.0,0.0,0.0
1784671586.6434658,314753.5371038,0,0,8,0,0,54.267502,0.081,43.25992166209045,-278.37109831894776,178.08407054364355,43.25992166209045,-276.12319030883106,-278.37109831894776,0.0,0.0,0.0,0.0,0.0,0.0,0.0,-43.25992166209045,0.0,0.0,278.37109831894776,0.0,0.0,0.0,0.0,0.0,0.0,0.0,0.0,0,0,43.25992166209045,-278.37109831894776,0.0,0.0,0.0,0.0,0.0,0.0,0.0,0.0,0.0,0.0,0.0,0.0,0.0,0.0,0.0,0.0,0.0,0.0,0.0,0.0,0.0,0.0,0.0,0.0,0.0,0.0,0.0,0.0,0.0
1784671586.645994,314753.539631,0,0,8,0,0,54.270035,0.202,42.5972652814558,-274.0430316722336,176.39359625251137,42.597265281455805,-272.82444699525786,-274.0430316722336,0.0,0.0,0.0,0.0,0.0,0.0,0.0,-42.5972652814558,0.0,0.0,274.0430316722336,0.0,0.0,0.0,0.0,0.0,0.0,0.0,0.0,0,0,42.5972652814558,-274.0430316722336,0.0,0.0,0.0,0.0,0.0,0.0,0.0,0.0,0.0,0.0,0.0,0.0,0.0,0.0,0.0,0.0,0.0,0.0,0.0,0.0,0.0,0.0,0.0,0.0,0.0,0.0,0.0,0.0,0.0
1784671586.648465,314753.5421021,0,0,8,0,0,54.272503,0.2689999999999999,41.950459445739575,-268.50118412155547,-177.25224742125482,41.950459445739575,-266.9269589492411,-268.50118412155547,0.0,0.0,0.0,0.0,0.0,0.0,0.0,-41.950459445739575,0.0,0.0,268.50118412155547,0.0,0.0,0.0,0.0,0.0,0.0,0.0,0.0,0,0,41.950459445739575,-268.50118412155547,0.0,0.0,0.0,0.0,0.0,0.0,0.0,0.0,0.0,0.0,0.0,0.0,0.0,0.0,0.0,0.0,0.0,0.0,0.0,0.0,0.0,0.0,0.0,0.0,0.0,0.0,0.0,0.0,0.0
1784671586.6508515,314753.5444898,0,0,8,0,0,54.275004,0.369,41.31685591267132,-262.2157045103968,175.68747811211588,41.31685591267131,-259.2357245390797,-262.2157045103968,0.0,0.0,0.0,0.0,0.0,0.0,0.0,-41.31685591267132,0.0,0.0,262.2157045103968,0.0,0.0,0.0,0.0,0.0,0.0,0.0,0.0,0,0,41.31685591267132,-262.2157045103968,0.0,0.0,0.0,0.0,0.0,0.0,0.0,0.0,0.0,0.0,0.0,0.0,0.0,0.0,0.0,0.0,0.0,0.0,0.0,0.0,0.0,0.0,0.0,0.0,0.0,0.0,0.0,0.0,0.0
1784671586.6532505,314753.5468896,0,0,8,0,0,54.277503,0.473,40.6999744304014,-255.8032120224519,175.64813406814895,40.6999744304014,-252.6469878941974,-255.8032120224519,0.0,0.0,0.0,0.0,0.0,0.0,0.0,-40.6999744304014,0.0,0.0,255.8032120224519,0.0,0.0,0.0,0.0,0.0,0.0,0.0,0.0,0,0,40.6999744304014,-255.8032120224519,0.0,0.0,0.0,0.0,0.0,0.0,0.0,0.0,0.0,0.0,0.0,0.0,0.0,0.0,0.0,0.0,0.0,0.0,0.0,0.0,0.0,0.0,0.0,0.0,0.0,0.0,0.0,0.0,0.0
1784671586.658925,314753.5525632,0,0,8,0,0,54.280004,0.566,40.09630297177187,-248.8665259441561,-176.43086066692376,40.09630297177187,-245.62950211837327,-248.8665259441561,0.0,0.0,0.0,0.0,0.0,0.0,0.0,-40.09630297177187,0.0,0.0,248.8665259441561,0.0,0.0,0.0,0.0,0.0,0.0,0.0,0.0,0,0,40.09630297177187,-248.8665259441561,0.0,0.0,0.0,0.0,0.0,0.0,0.0,0.0,0.0,0.0,0.0,0.0,0.0,0.0,0.0,0.0,0.0,0.0,0.0,0.0,0.0,0.0,0.0,0.0,0.0,0.0,0.0,0.0,0.0
1784671586.6591728,314753.5528125,0,0,8,0,0,54.282504,0.675,39.51448506539872,-241.6245941796849,-179.47192902087167,39.51448506539872,-238.51576653764383,-241.6245941796849,0.0,0.0,0.0,0.0,0.0,0.0,0.0,-39.51448506539872,0.0,0.0,241.6245941796849,0.0,0.0,0.0,0.0,0.0,0.0,0.0,0.0,0,0,39.51448506539872,-241.6245941796849,0.0,0.0,0.0,0.0,0.0,0.0,0.0,0.0,0.0,0.0,0.0,0.0,0.0,0.0,0.0,0.0,0.0,0.0,0.0,0.0,0.0,0.0,0.0,0.0,0.0,0.0,0.0,0.0,0.0
1784671586.6610596,314753.554697,0,0,8,0,0,54.285004,0.7739999999999999,38.94511994673032,-235.8019170411219,-179.71610431675083,38.94511994673032,-233.4232768599261,-235.8019170411219,0.0,0.0,0.0,0.0,0.0,0.0,0.0,-38.94511994673032,0.0,0.0,235.8019170411219,0.0,0.0,0.0,0.0,0.0,0.0,0.0,0.0,0,0,38.94511994673032,-235.8019170411219,0.0,0.0,0.0,0.0,0.0,0.0,0.0,0.0,0.0,0.0,0.0,0.0,0.0,0.0,0.0,0.0,0.0,0.0,0.0,0.0,0.0,0.0,0.0,0.0,0.0,0.0,0.0,0.0,0.0
1784671586.663344,314753.5569827,0,0,8,0,0,54.287504,0.873,38.3900763469668,-229.47291677511564,-174.66569566862083,38.3900763469668,-226.4407910131584,-229.47291677511564,0.0,0.0,0.0,0.0,0.0,0.0,0.0,-38.3900763469668,0.0,0.0,229.47291677511564,0.0,0.0,0.0,0.0,0.0,0.0,0.0,0.0,0,0,38.3900763469668,-229.47291677511564,0.0,0.0,0.0,0.0,0.0,0.0,0.0,0.0,0.0,0.0,0.0,0.0,0.0,0.0,0.0,0.0,0.0,0.0,0.0,0.0,0.0,0.0,0.0,0.0,0.0,0.0,0.0,0.0,0.0
1784671586.6658237,314753.5594624,0,0,8,0,0,54.290004,0.971,37.85583402032416,-221.22767049313103,-175.93170442593825,37.85583402032416,-217.437059263379,-221.22767049313103,0.0,0.0,0.0,0.0,0.0,0.0,0.0,-37.85583402032416,0.0,0.0,221.22767049313103,0.0,0.0,0.0,0.0,0.0,0.0,0.0,0.0,0,0,37.85583402032416,-221.22767049313103,0.0,0.0,0.0,0.0,0.0,0.0,0.0,0.0,0.0,0.0,0.0,0.0,0.0,0.0,0.0,0.0,0.0,0.0,0.0,0.0,0.0,0.0,0.0,0.0,0.0,0.0,0.0,0.0,0.0
1784671586.6681798,314753.5618201,0,0,8,0,0,54.292503,1.07,37.34340121413231,-211.9069627499986,175.6649492987782,37.34340121413231,-207.36582967737704,-211.9069627499986,0.0,0.0,0.0,0.0,0.0,0.0,0.0,-37.34340121413231,0.0,0.0,211.9069627499986,0.0,0.0,0.0,0.0,0.0,0.0,0.0,0.0,0,0,37.34340121413231,-211.9069627499986,0.0,0.0,0.0,0.0,0.0,0.0,0.0,0.0,0.0,0.0,0.0,0.0,0.0,0.0,0.0,0.0,0.0,0.0,0.0,0.0,0.0,0.0,0.0,0.0,0.0,0.0,0.0,0.0,0.0
1784671586.677467,314753.571104,0,0,8,0,0,54.295004,1.17,36.847661087413954,-205.2855473013168,173.17626275492754,36.847661087413954,-201.4770916136244,-205.2855473013168,0.0,0.0,0.0,0.0,0.0,0.0,0.0,-36.847661087413954,0.0,0.0,205.2855473013168,0.0,0.0,0.0,0.0,0.0,0.0,0.0,0.0,0,0,36.847661087413954,-205.2855473013168,0.0,0.0,0.0,0.0,0.0,0.0,0.0,0.0,0.0,0.0,0.0,0.0,0.0,0.0,0.0,0.0,0.0,0.0,0.0,0.0,0.0,0.0,0.0,0.0,0.0,0.0,0.0,0.0,0.0
1784671586.6796937,314753.5733317,0,0,8,0,0,54.297502,0.06,36.13406588720904,-195.13480681618256,-179.46028724976355,36.13406588720904,-192.8233591544098,-195.13480681618256,0.0,0.0,0.0,0.0,0.0,0.0,0.0,-36.13406588720904,0.0,0.0,195.13480681618256,0.0,0.0,0.0,0.0,0.0,0.0,0.0,0.0,0,0,36.13406588720904,-195.13480681618256,0.0,0.0,0.0,0.0,0.0,0.0,0.0,0.0,0.0,0.0,0.0,0.0,0.0,0.0,0.0,0.0,0.0,0.0,0.0,0.0,0.0,0.0,0.0,0.0,0.0,0.0,0.0,0.0,0.0
1784671586.6799085,314753.5735495,0,0,8,0,0,54.300003,0.159,35.689314145897,-183.48450427700664,176.58868979395731,35.689314145897,-178.84963747861036,-183.48450427700664,0.0,0.0,0.0,0.0,0.0,0.0,0.0,-35.689314145897,0.0,0.0,183.48450427700664,0.0,0.0,0.0,0.0,0.0,0.0,0.0,0.0,0,0,35.689314145897,-183.48450427700664,0.0,0.0,0.0,0.0,0.0,0.0,0.0,0.0,0.0,0.0,0.0,0.0,0.0,0.0,0.0,0.0,0.0,0.0,0.0,0.0,0.0,0.0,0.0,0.0,0.0,0.0,0.0,0.0,0.0
1784671586.6800723,314753.5737136,0,0,8,0,0,54.302503,0.259,35.26611932113867,-175.37457433301256,172.3179151081882,35.26611932113867,-172.0071513480686,-175.3745743330126,0.0,0.0,0.0,0.0,0.0,0.0,0.0,-35.26611932113867,0.0,0.0,175.37457433301256,0.0,0.0,0.0,0.0,0.0,0.0,0.0,0.0,0,0,35.26611932113867,-175.37457433301256,0.0,0.0,0.0,0.0,0.0,0.0,0.0,0.0,0.0,0.0,0.0,0.0,0.0,0.0,0.0,0.0,0.0,0.0,0.0,0.0,0.0,0.0,0.0,0.0,0.0,0.0,0.0,0.0,0.0
1784671586.680768,314753.574407,0,0,8,0,0,54.305003,0.362,34.85990973545948,-168.82240033328682,174.28171700657026,34.85990973545948,-165.99591353261826,-168.82240033328682,0.0,0.0,0.0,0.0,0.0,0.0,0.0,-34.85990973545948,0.0,0.0,168.82240033328682,0.0,0.0,0.0,0.0,0.0,0.0,0.0,0.0,0,0,34.85990973545948,-168.82240033328682,0.0,0.0,0.0,0.0,0.0,0.0,0.0,0.0,0.0,0.0,0.0,0.0,0.0,0.0,0.0,0.0,0.0,0.0,0.0,0.0,0.0,0.0,0.0,0.0,0.0,0.0,0.0,0.0,0.0
1784671586.6832018,314753.5768428,0,0,8,0,0,54.307503,0.456,34.46977444750066,-161.01151485760488,-177.5680235608722,34.46977444750066,-157.31593112661133,-161.01151485760485,0.0,0.0,0.0,0.0,0.0,0.0,0.0,-34.46977444750066,0.0,0.0,161.01151485760488,0.0,0.0,0.0,0.0,0.0,0.0,0.0,0.0,0,0,34.46977444750066,-161.01151485760488,0.0,0.0,0.0,0.0,0.0,0.0,0.0,0.0,0.0,0.0,0.0,0.0,0.0,0.0,0.0,0.0,0.0,0.0,0.0,0.0,0.0,0.0,0.0,0.0,0.0,0.0,0.0,0.0,0.0
1784671586.685676,314753.5793169,0,0,8,0,0,54.310002,0.5519999999999999,34.10294047503932,-151.0114402510682,-177.00836238419032,34.10294047503931,-146.42220320778208,-151.0114402510682,0.0,0.0,0.0,0.0,0.0,0.0,0.0,-34.10294047503932,0.0,0.0,151.0114402510682,0.0,0.0,0.0,0.0,0.0,0.0,0.0,0.0,0,0,34.10294047503932,-151.0114402510682,0.0,0.0,0.0,0.0,0.0,0.0,0.0,0.0,0.0,0.0,0.0,0.0,0.0,0.0,0.0,0.0,0.0,0.0,0.0,0.0,0.0,0.0,0.0,0.0,0.0,0.0,0.0,0.0,0.0
1784671586.6886828,314753.5823195,0,0,8,0,0,54.312503,0.662,33.76389289569008,-139.4601171561021,175.38071682024312,33.76389289569008,-133.5422293149976,-139.4601171561021,0.0,0.0,0.0,0.0,0.0,0.0,0.0,-33.76389289569008,0.0,0.0,139.4601171561021,0.0,0.0,0.0,0.0,0.0,0.0,0.0,0.0,0,0,33.76389289569008,-139.4601171561021,0.0,0.0,0.0,0.0,0.0,0.0,0.0,0.0,0.0,0.0,0.0,0.0,0.0,0.0,0.0,0.0,0.0,0.0,0.0,0.0,0.0,0.0,0.0,0.0,0.0,0.0,0.0,0.0,0.0
1784671586.6938963,314753.587535,0,0,8,0,0,54.315004,0.762,33.444956001942465,-131.1773079296439,172.77568430595468,33.444956001942465,-126.52474353917349,-131.1773079296439,0.0,0.0,0.0,0.0,0.0,0.0,0.0,-33.444956001942465,0.0,0.0,131.1773079296439,0.0,0.0,0.0,0.0,0.0,0.0,0.0,0.0,0,0,33.444956001942465,-131.1773079296439,0.0,0.0,0.0,0.0,0.0,0.0,0.0,0.0,0.0,0.0,0.0,0.0,0.0,0.0,0.0,0.0,0.0,0.0,0.0,0.0,0.0,0.0,0.0,0.0,0.0,0.0,0.0,0.0,0.0
1784671586.6948178,314753.5884558,0,0,8,0,0,54.317503,0.857,33.14538005895213,-122.38543102652112,178.3805469589019,33.14538005895212,-116.75101335015157,-122.38543102652112,0.0,0.0,0.0,0.0,0.0,0.0,0.0,-33.14538005895213,0.0,0.0,122.38543102652112,0.0,0.0,0.0,0.0,0.0,0.0,0.0,0.0,0,0,33.14538005895213,-122.38543102652112,0.0,0.0,0.0,0.0,0.0,0.0,0.0,0.0,0.0,0.0,0.0,0.0,0.0,0.0,0.0,0.0,0.0,0.0,0.0,0.0,0.0,0.0,0.0,0.0,0.0,0.0,0.0,0.0,0.0
1784671586.702424,314753.5960623,0,0,8,0,0,54.320005,0.962,32.8702238970258,-112.04381940559377,-178.5652782104578,32.8702238970258,-105.46353622943693,-112.04381940559378,0.0,0.0,0.0,0.0,0.0,0.0,0.0,-32.8702238970258,0.0,0.0,112.04381940559377,0.0,0.0,0.0,0.0,0.0,0.0,0.0,0.0,0,0,32.8702238970258,-112.04381940559377,0.0,0.0,0.0,0.0,0.0,0.0,0.0,0.0,0.0,0.0,0.0,0.0,0.0,0.0,0.0,0.0,0.0,0.0,0.0,0.0,0.0,0.0,0.0,0.0,0.0,0.0,0.0,0.0,0.0
1784671586.7073443,314753.6009813,0,0,8,0,0,54.322503,1.055,32.624441155379166,-100.51531468011878,178.4339126290723,32.624441155379166,-95.8560557034333,-100.5153146801188,0.0,0.0,0.0,0.0,0.0,0.0,0.0,-32.624441155379166,0.0,0.0,100.51531468011878,0.0,0.0,0.0,0.0,0.0,0.0,0.0,0.0,0,0,32.624441155379166,-100.51531468011878,0.0,0.0,0.0,0.0,0.0,0.0,0.0,0.0,0.0,0.0,0.0,0.0,0.0,0.0,0.0,0.0,0.0,0.0,0.0,0.0,0.0,0.0,0.0,0.0,0.0,0.0,0.0,0.0,0.0
1784671586.7077205,314753.6013606,0,0,8,0,0,54.325005,1.153,32.40248317848578,-90.9456180166468,177.98717794333308,32.40248317848578,-86.81732402459745,-90.9456180166468,0.0,0.0,0.0,0.0,0.0,0.0,0.0,-32.40248317848578,0.0,0.0,90.9456180166468,0.0,0.0,0.0,0.0,0.0,0.0,0.0,0.0,0,0,32.40248317848578,-90.9456180166468,0.0,0.0,0.0,0.0,0.0,0.0,0.0,0.0,0.0,0.0,0.0,0.0,0.0,0.0,0.0,0.0,0.0,0.0,0.0,0.0,0.0,0.0,0.0,0.0,0.0,0.0,0.0,0.0,0.0
1784671586.7080915,314753.6017325,0,0,8,0,0,54.327505,0.052,32.1112918054403,-77.13062536841863,-178.80544665745026,32.1112918054403,-72.96610210049568,-77.13062536841863,0.0,0.0,0.0,0.0,0.0,0.0,0.0,-32.1112918054403,0.0,0.0,77.13062536841863,0.0,0.0,0.0,0.0,0.0,0.0,0.0,0.0,0,0,32.1112918054403,-77.13062536841863,0.0,0.0,0.0,0.0,0.0,0.0,0.0,0.0,0.0,0.0,0.0,0.0,0.0,0.0,0.0,0.0,0.0,0.0,0.0,0.0,0.0,0.0,0.0,0.0,0.0,0.0,0.0,0.0,0.0
1784671586.708249,314753.6018899,0,0,8,0,0,54.330003,0.145,31.945510993597672,-67.48736891209309,178.9019021295704,31.945510993597672,-63.262371769586736,-67.4873689120931,0.0,0.0,0.0,0.0,0.0,0.0,0.0,-31.945510993597672,0.0,0.0,67.48736891209309,0.0,0.0,0.0,0.0,0.0,0.0,0.0,0.0,0,0,31.945510993597672,-67.48736891209309,0.0,0.0,0.0,0.0,0.0,0.0,0.0,0.0,0.0,0.0,0.0,0.0,0.0,0.0,0.0,0.0,0.0,0.0,0.0,0.0,0.0,0.0,0.0,0.0,0.0,0.0,0.0,0.0,0.0
1784671586.7086284,314753.6022687,0,0,8,0,0,54.332503,0.246,31.806230555664666,-57.37952561587938,175.67004390016302,31.80623055566467,-54.503639523202736,-57.37952561587937,0.0,0.0,0.0,0.0,0.0,0.0,0.0,-31.806230555664666,0.0,0.0,57.37952561587938,0.0,0.0,0.0,0.0,0.0,0.0,0.0,0.0,0,0,31.806230555664666,-57.37952561587938,0.0,0.0,0.0,0.0,0.0,0.0,0.0,0.0,0.0,0.0,0.0,0.0,0.0,0.0,0.0,0.0,0.0,0.0,0.0,0.0,0.0,0.0,0.0,0.0,0.0,0.0,0.0,0.0,0.0
1784671586.7123067,314753.6059447,0,0,8,0,0,54.335003,0.353,31.68715939758244,-47.59538728308788,175.11670086597604,31.68715939758244,-42.04366477909603,-47.59538728308788,0.0,0.0,0.0,0.0,0.0,0.0,0.0,-31.68715939758244,0.0,0.0,47.59538728308788,0.0,0.0,0.0,0.0,0.0,0.0,0.0,0.0,0,0,31.68715939758244,-47.59538728308788,0.0,0.0,0.0,0.0,0.0,0.0,0.0,0.0,0.0,0.0,0.0,0.0,0.0,0.0,0.0,0.0,0.0,0.0,0.0,0.0,0.0,0.0,0.0,0.0,0.0,0.0,0.0,0.0,0.0
1784671586.7218957,314753.6155327,0,0,8,0,0,54.337504,0.4519999999999999,31.58966147577448,-38.37537551176842,174.7883455393097,31.58966147577448,-32.75118361460071,-38.37537551176842,0.0,0.0,0.0,0.0,0.0,0.0,0.0,-31.58966147577448,0.0,0.0,38.37537551176842,0.0,0.0,0.0,0.0,0.0,0.0,0.0,0.0,0,0,31.58966147577448,-38.37537551176842,0.0,0.0,0.0,0.0,0.0,0.0,0.0,0.0,0.0,0.0,0.0,0.0,0.0,0.0,0.0,0.0,0.0,0.0,0.0,0.0,0.0,0.0,0.0,0.0,0.0,0.0,0.0,0.0,0.0
1784671586.7223227,314753.6159626,0,0,8,0,0,54.340004,0.5429999999999999,31.51124721424102,-31.58913228081236,172.41691648633642,31.511247214241017,-28.218692801786617,-31.58913228081236,0.0,0.0,0.0,0.0,0.0,0.0,0.0,-31.51124721424102,0.0,0.0,31.58913228081236,0.0,0.0,0.0,0.0,0.0,0.0,0.0,0.0,0,0,31.51124721424102,-31.58913228081236,0.0,0.0,0.0,0.0,0.0,0.0,0.0,0.0,0.0,0.0,0.0,0.0,0.0,0.0,0.0,0.0,0.0,0.0,0.0,0.0,0.0,0.0,0.0,0.0,0.0,0.0,0.0,0.0,0.0
1784671586.722611,314753.6162507,0,0,8,0,0,54.342503,0.6489999999999999,31.460254020203617,-19.513102450240524,171.6250992057465,31.460254020203617,-14.59497041655196,-19.513102450240524,0.0,0.0,0.0,0.0,0.0,0.0,0.0,-31.460254020203617,0.0,0.0,19.513102450240524,0.0,0.0,0.0,0.0,0.0,0.0,0.0,0.0,0,0,31.460254020203617,-19.513102450240524,0.0,0.0,0.0,0.0,0.0,0.0,0.0,0.0,0.0,0.0,0.0,0.0,0.0,0.0,0.0,0.0,0.0,0.0,0.0,0.0,0.0,0.0,0.0,0.0,0.0,0.0,0.0,0.0,0.0
1784671586.7228007,314753.6164416,0,0,8,0,0,54.345003,0.741,31.433081251618137,-9.859133398661625,172.25046086053945,31.433081251618137,-5.661238524885563,-9.859133398661625,0.0,0.0,0.0,0.0,0.0,0.0,0.0,-31.433081251618137,0.0,0.0,9.859133398661625,0.0,0.0,0.0,0.0,0.0,0.0,0.0,0.0,0,0,31.433081251618137,-9.859133398661625,0.0,0.0,0.0,0.0,0.0,0.0,0.0,0.0,0.0,0.0,0.0,0.0,0.0,0.0,0.0,0.0,0.0,0.0,0.0,0.0,0.0,0.0,0.0,0.0,0.0,0.0,0.0,0.0,0.0
1784671586.7231896,314753.6168308,0,0,8,0,0,54.347503,0.839,31.42815789762924,-0.7135278025778631,173.3984559279014,31.42815789762924,3.3249932603655545,-0.7135278025778631,0.0,0.0,0.0,0.0,0.0,0.0,0.0,-31.42815789762924,0.0,0.0,0.7135278025778631,0.0,0.0,0.0,0.0,0.0,0.0,0.0,0.0,0,0,31.42815789762924,-0.7135278025778631,0.0,0.0,0.0,0.0,0.0,0.0,0.0,0.0,0.0,0.0,0.0,0.0,0.0,0.0,0.0,0.0,0.0,0.0,0.0,0.0,0.0,0.0,0.0,0.0,0.0,0.0,0.0,0.0,0.0
1784671586.7258468,314753.6194849,0,0,8,0,0,54.350002,0.945,31.44475293165478,8.24741629817202,173.58590742469556,31.44475293165478,12.276225116560193,8.24741629817202,0.0,0.0,0.0,0.0,0.0,0.0,0.0,-31.44475293165478,0.0,0.0,-8.24741629817202,0.0,0.0,0.0,0.0,0.0,0.0,0.0,0.0,0,0,31.44475293165478,8.24741629817202,0.0,0.0,0.0,0.0,0.0,0.0,0.0,0.0,0.0,0.0,0.0,0.0,0.0,0.0,0.0,0.0,0.0,0.0,0.0,0.0,0.0,0.0,0.0,0.0,0.0,0.0,0.0,0.0,0.0
1784671586.7288053,314753.6224424,0,0,8,0,0,54.352504,1.047,31.48256104431541,16.90758066333153,173.8382274829924,31.48256104431541,20.6412081610588,16.907580663331533,0.0,0.0,0.0,0.0,0.0,0.0,0.0,-31.48256104431541,0.0,0.0,-16.90758066333153,0.0,0.0,0.0,0.0,0.0,0.0,0.0,0.0,0,0,31.48256104431541,16.90758066333153,0.0,0.0,0.0,0.0,0.0,0.0,0.0,0.0,0.0,0.0,0.0,0.0,0.0,0.0,0.0,0.0,0.0,0.0,0.0,0.0,0.0,0.0,0.0,0.0,0.0,0.0,0.0,0.0,0.0
1784671586.7308693,314753.6245078,0,0,8,0,0,54.355004,1.144,31.5419905433146,27.431588455509576,173.68402721228526,31.5419905433146,33.07493295837315,27.43158845550958,0.0,0.0,0.0,0.0,0.0,0.0,0.0,-31.5419905433146,0.0,0.0,-27.431588455509576,0.0,0.0,0.0,0.0,0.0,0.0,0.0,0.0,0,0,31.5419905433146,27.431588455509576,0.0,0.0,0.0,0.0,0.0,0.0,0.0,0.0,0.0,0.0,0.0,0.0,0.0,0.0,0.0,0.0,0.0,0.0,0.0,0.0,0.0,0.0,0.0,0.0,0.0,0.0,0.0,0.0,0.0
1784671586.7332945,314753.626933,0,0,8,0,0,54.357503,0.037,31.66819188569592,38.606461439626194,170.53101851196706,31.66819188569593,40.9324170315528,38.606461439626194,0.0,0.0,0.0,0.0,0.0,0.0,0.0,-31.66819188569592,0.0,0.0,-38.606461439626194,0.0,0.0,0.0,0.0,0.0,0.0,0.0,0.0,0,0,31.66819188569592,38.606461439626194,0.0,0.0,0.0,0.0,0.0,0.0,0.0,0.0,0.0,0.0,0.0,0.0,0.0,0.0,0.0,0.0,0.0,0.0,0.0,0.0,0.0,0.0,0.0,0.0,0.0,0.0,0.0,0.0,0.0
1784671586.7359016,314753.6295387,0,0,8,0,0,54.360002,0.142,31.778224750525624,48.10794474944721,169.74533633495312,31.778224750525624,51.93114473755149,48.107944749447206,0.0,0.0,0.0,0.0,0.0,0.0,0.0,-31.778224750525624,0.0,0.0,-48.10794474944721,0.0,0.0,0.0,0.0,0.0,0.0,0.0,0.0,0,0,31.778224750525624,48.10794474944721,0.0,0.0,0.0,0.0,0.0,0.0,0.0,0.0,0.0,0.0,0.0,0.0,0.0,0.0,0.0,0.0,0.0,0.0,0.0,0.0,0.0,0.0,0.0,0.0,0.0,0.0,0.0,0.0,0.0
1784671586.738347,314753.6319852,0,0,8,0,0,54.362476,0.206,31.90802689848563,55.69727956408703,167.99372861523634,31.90802689848563,58.93988053111152,55.69727956408703,0.0,0.0,0.0,0.0,0.0,0.0,0.0,-31.90802689848563,0.0,0.0,-55.69727956408703,0.0,0.0,0.0,0.0,0.0,0.0,0.0,0.0,0,0,31.90802689848563,55.69727956408703,0.0,0.0,0.0,0.0,0.0,0.0,0.0,0.0,0.0,0.0,0.0,0.0,0.0,0.0,0.0,0.0,0.0,0.0,0.0,0.0,0.0,0.0,0.0,0.0,0.0,0.0,0.0,0.0,0.0
1784671586.7410765,314753.6347148,0,0,8,0,0,54.365003,0.328,32.05467357170293,62.70364369731546,167.34649951216937,32.05467357170293,65.75611671486091,62.70364369731546,0.0,0.0,0.0,0.0,0.0,0.0,0.0,-32.05467357170293,0.0,0.0,-62.70364369731546,0.0,0.0,0.0,0.0,0.0,0.0,0.0,0.0,0,0,32.05467357170293,62.70364369731546,0.0,0.0,0.0,0.0,0.0,0.0,0.0,0.0,0.0,0.0,0.0,0.0,0.0,0.0,0.0,0.0,0.0,0.0,0.0,0.0,0.0,0.0,0.0,0.0,0.0,0.0,0.0,0.0,0.0
1784671586.7435627,314753.6372002,0,0,8,0,0,54.367502,0.432,32.21820332303227,69.52988963176293,166.81854280370467,32.21820332303226,72.59860284540265,69.52988963176293,0.0,0.0,0.0,0.0,0.0,0.0,0.0,-32.21820332303227,0.0,0.0,-69.52988963176293,0.0,0.0,0.0,0.0,0.0,0.0,0.0,0.0,0,0,32.21820332303227,69.52988963176293,0.0,0.0,0.0,0.0,0.0,0.0,0.0,0.0,0.0,0.0,0.0,0.0,0.0,0.0,0.0,0.0,0.0,0.0,0.0,0.0,0.0,0.0,0.0,0.0,0.0,0.0,0.0,0.0,0.0
1784671586.7459152,314753.6395532,0,0,8,0,0,54.370002,0.528,32.399809400945664,76.32088350424166,166.51119364665442,32.399809400945664,79.37108911783145,76.32088350424166,0.0,0.0,0.0,0.0,0.0,0.0,0.0,-32.399809400945664,0.0,0.0,-76.32088350424166,0.0,0.0,0.0,0.0,0.0,0.0,0.0,0.0,0,0,32.399809400945664,76.32088350424166,0.0,0.0,0.0,0.0,0.0,0.0,0.0,0.0,0.0,0.0,0.0,0.0,0.0,0.0,0.0,0.0,0.0,0.0,0.0,0.0,0.0,0.0,0.0,0.0,0.0,0.0,0.0,0.0,0.0
1784671586.7484171,314753.6420562,0,0,8,0,0,54.372504,0.628,32.597643213643714,83.13747304265488,166.6101784769295,32.597643213643714,86.18732530158083,83.13747304265486,0.0,0.0,0.0,0.0,0.0,0.0,0.0,-32.597643213643714,0.0,0.0,-83.13747304265488,0.0,0.0,0.0,0.0,0.0,0.0,0.0,0.0,0,0,32.597643213643714,83.13747304265488,0.0,0.0,0.0,0.0,0.0,0.0,0.0,0.0,0.0,0.0,0.0,0.0,0.0,0.0,0.0,0.0,0.0,0.0,0.0,0.0,0.0,0.0,0.0,0.0,0.0,0.0,0.0,0.0,0.0
1784671586.7522247,314753.645863,0,0,8,0,0,54.37507,0.808,32.812877008101026,91.97844776485,166.61480631394178,32.81287700810102,96.85355368154296,91.97844776485,0.0,0.0,0.0,0.0,0.0,0.0,0.0,-32.812877008101026,0.0,0.0,-91.97844776485,0.0,0.0,0.0,0.0,0.0,0.0,0.0,0.0,0,0,32.812877008101026,91.97844776485,0.0,0.0,0.0,0.0,0.0,0.0,0.0,0.0,0.0,0.0,0.0,0.0,0.0,0.0,0.0,0.0,0.0,0.0,0.0,0.0,0.0,0.0,0.0,0.0,0.0,0.0,0.0,0.0,0.0
1784671586.7534168,314753.6470554,0,0,8,0,0,54.377503,0.842,33.05164119882516,100.64496731716366,166.87526649094454,33.05164119882515,104.30853857057308,100.64496731716366,0.0,0.0,0.0,0.0,0.0,0.0,0.0,-33.05164119882516,0.0,0.0,-100.64496731716366,0.0,0.0,0.0,0.0,0.0,0.0,0.0,0.0,0,0,33.05164119882516,100.64496731716366,0.0,0.0,0.0,0.0,0.0,0.0,0.0,0.0,0.0,0.0,0.0,0.0,0.0,0.0,0.0,0.0,0.0,0.0,0.0,0.0,0.0,0.0,0.0,0.0,0.0,0.0,0.0,0.0,0.0
1784671586.7559404,314753.6495782,0,0,8,0,0,54.380003,0.936,33.30667663916726,107.55726245562452,166.4139781683781,33.30667663916726,111.99977298073446,107.55726245562452,0.0,0.0,0.0,0.0,0.0,0.0,0.0,-33.30667663916726,0.0,0.0,-107.55726245562452,0.0,0.0,0.0,0.0,0.0,0.0,0.0,0.0,0,0,33.30667663916726,107.55726245562452,0.0,0.0,0.0,0.0,0.0,0.0,0.0,0.0,0.0,0.0,0.0,0.0,0.0,0.0,0.0,0.0,0.0,0.0,0.0,0.0,0.0,0.0,0.0,0.0,0.0,0.0,0.0,0.0,0.0
1784671586.758533,314753.6520922,0,0,8,0,0,54.382503,1.031,33.578863416826,114.57244013428368,165.0264139407972,33.578863416826,118.72850934184268,114.57244013428364,0.0,0.0,0.0,0.0,0.0,0.0,0.0,-33.578863416826,0.0,0.0,-114.57244013428368,0.0,0.0,0.0,0.0,0.0,0.0,0.0,0.0,0,0,33.578863416826,114.57244013428368,0.0,0.0,0.0,0.0,0.0,0.0,0.0,0.0,0.0,0.0,0.0,0.0,0.0,0.0,0.0,0.0,0.0,0.0,0.0,0.0,0.0,0.0,0.0,0.0,0.0,0.0,0.0,0.0,0.0
1784671586.7610428,314753.6546838,0,0,8,0,0,54.385005,1.134,33.8695181329688,121.94542406763244,164.32424372550307,33.8695181329688,125.02849657200896,121.94542406763246,0.0,0.0,0.0,0.0,0.0,0.0,0.0,-33.8695181329688,0.0,0.0,-121.94542406763244,0.0,0.0,0.0,0.0,0.0,0.0,0.0,0.0,0,0,33.8695181329688,121.94542406763244,0.0,0.0,0.0,0.0,0.0,0.0,0.0,0.0,0.0,0.0,0.0,0.0,0.0,0.0,0.0,0.0,0.0,0.0,0.0,0.0,0.0,0.0,0.0,0.0,0.0,0.0,0.0,0.0,0.0
1784671586.7638984,314753.6575363,0,0,8,0,0,54.387504,1.233,34.17570109610308,128.1483236224985,167.00595627476127,34.17570109610307,130.84723477764868,128.1483236224985,0.0,0.0,0.0,0.0,0.0,0.0,0.0,-34.17570109610308,0.0,0.0,-128.1483236224985,0.0,0.0,0.0,0.0,0.0,0.0,0.0,0.0,0,0,34.17570109610308,128.1483236224985,0.0,0.0,0.0,0.0,0.0,0.0,0.0,0.0,0.0,0.0,0.0,0.0,0.0,0.0,0.0,0.0,0.0,0.0,0.0,0.0,0.0,0.0,0.0,0.0,0.0,0.0,0.0,0.0,0.0
1784671586.765962,314753.6595998,0,0,8,0,0,54.390003,0.122,34.664136744018386,137.3952801717261,167.61270923389992,34.664136744018386,140.06096610176692,137.3952801717261,0.0,0.0,0.0,0.0,0.0,0.0,0.0,-34.664136744018386,0.0,0.0,-137.3952801717261,0.0,0.0,0.0,0.0,0.0,0.0,0.0,0.0,0,0,34.664136744018386,137.3952801717261,0.0,0.0,0.0,0.0,0.0,0.0,0.0,0.0,0.0,0.0,0.0,0.0,0.0,0.0,0.0,0.0,0.0,0.0,0.0,0.0,0.0,0.0,0.0,0.0,0.0,0.0,0.0,0.0,0.0
1784671586.7702165,314753.6638535,0,0,8,0,0,54.392489,0.207,35.00669715382986,143.0990143517804,166.27532829505157,35.00669715382986,145.52095503457772,143.09901435178045,0.0,0.0,0.0,0.0,0.0,0.0,0.0,-35.00669715382986,0.0,0.0,-143.0990143517804,0.0,0.0,0.0,0.0,0.0,0.0,0.0,0.0,0,0,35.00669715382986,143.0990143517804,0.0,0.0,0.0,0.0,0.0,0.0,0.0,0.0,0.0,0.0,0.0,0.0,0.0,0.0,0.0,0.0,0.0,0.0,0.0,0.0,0.0,0.0,0.0,0.0,0.0,0.0,0.0,0.0,0.0
1784671586.7708778,314753.6645189,0,0,8,0,0,54.395002,0.3289999999999999,35.36201594099645,149.53706053587723,164.61501126616812,35.36201594099645,152.87969011870254,149.53706053587726,0.0,0.0,0.0,0.0,0.0,0.0,0.0,-35.36201594099645,0.0,0.0,-149.53706053587723,0.0,0.0,0.0,0.0,0.0,0.0,0.0,0.0,0,0,35.36201594099645,149.53706053587723,0.0,0.0,0.0,0.0,0.0,0.0,0.0,0.0,0.0,0.0,0.0,0.0,0.0,0.0,0.0,0.0,0.0,0.0,0.0,0.0,0.0,0.0,0.0,0.0,0.0,0.0,0.0,0.0,0.0
1784671586.7734706,314753.6671087,0,0,8,0,0,54.397502,0.418,35.731699539652574,153.47310723748006,163.7002211336654,35.731699539652574,155.39093502850497,153.47310723748006,0.0,0.0,0.0,0.0,0.0,0.0,0.0,-35.731699539652574,0.0,0.0,-153.47310723748006,0.0,0.0,0.0,0.0,0.0,0.0,0.0,0.0,0,0,35.731699539652574,153.47310723748006,0.0,0.0,0.0,0.0,0.0,0.0,0.0,0.0,0.0,0.0,0.0,0.0,0.0,0.0,0.0,0.0,0.0,0.0,0.0,0.0,0.0,0.0,0.0,0.0,0.0,0.0,0.0,0.0,0.0
1784671586.7758515,314753.6694887,0,0,8,0,0,54.400003,0.509,36.11258119856699,158.34325570995958,164.18686080068093,36.11258119856699,160.53592459980746,158.34325570995958,0.0,0.0,0.0,0.0,0.0,0.0,0.0,-36.11258119856699,0.0,0.0,-158.34325570995958,0.0,0.0,0.0,0.0,0.0,0.0,0.0,0.0,0,0,36.11258119856699,158.34325570995958,0.0,0.0,0.0,0.0,0.0,0.0,0.0,0.0,0.0,0.0,0.0,0.0,0.0,0.0,0.0,0.0,0.0,0.0,0.0,0.0,0.0,0.0,0.0,0.0,0.0,0.0,0.0,0.0,0.0
1784671586.860394,314753.7540308,0,0,8,0,0,54.405005,0.726,36.90600384011448,169.54646896043002,163.96717005100308,36.90600384011448,172.91714950353708,169.54646896043002,0.0,0.0,0.0,0.0,0.0,0.0,0.0,-36.90600384011448,0.0,0.0,-169.54646896043002,0.0,0.0,0.0,0.0,0.0,0.0,0.0,0.0,0,0,36.90600384011448,169.54646896043002,0.0,0.0,0.0,0.0,0.0,0.0,0.0,0.0,0.0,0.0,0.0,0.0,0.0,0.0,0.0,0.0,0.0,0.0,0.0,0.0,0.0,0.0,0.0,0.0,0.0,0.0,0.0,0.0,0.0
1784671586.8606498,314753.7542892,0,0,8,0,0,54.407501,0.816,37.326501196688405,175.04386955129874,162.51598833798332,37.32650119668841,177.20464081295583,175.04386955129874,0.0,0.0,0.0,0.0,0.0,0.0,0.0,-37.326501196688405,0.0,0.0,-175.04386955129874,0.0,0.0,0.0,0.0,0.0,0.0,0.0,0.0,0,0,37.326501196688405,175.04386955129874,0.0,0.0,0.0,0.0,0.0,0.0,0.0,0.0,0.0,0.0,0.0,0.0,0.0,0.0,0.0,0.0,0.0,0.0,0.0,0.0,0.0,0.0,0.0,0.0,0.0,0.0,0.0,0.0,0.0
1784671586.860833,314753.7544739,0,0,8,0,0,54.410003,0.917,37.756774199449104,179.2701492577737,163.157447244768,37.756774199449104,181.05463300916853,179.27014925777374,0.0,0.0,0.0,0.0,0.0,0.0,0.0,-37.756774199449104,0.0,0.0,-179.2701492577737,0.0,0.0,0.0,0.0,0.0,0.0,0.0,0.0,0,0,37.756774199449104,179.2701492577737,0.0,0.0,0.0,0.0,0.0,0.0,0.0,0.0,0.0,0.0,0.0,0.0,0.0,0.0,0.0,0.0,0.0,0.0,0.0,0.0,0.0,0.0,0.0,0.0,0.0,0.0,0.0,0.0,0.0
1784671586.8609712,314753.754612,0,0,8,0,0,54.412504,1.014,38.19730522536681,183.4058886916044,165.30711568040786,38.19730522536681,185.35087430085144,183.4058886916044,0.0,0.0,0.0,0.0,0.0,0.0,0.0,-38.19730522536681,0.0,0.0,-183.4058886916044,0.0,0.0,0.0,0.0,0.0,0.0,0.0,0.0,0,0,38.19730522536681,183.4058886916044,0.0,0.0,0.0,0.0,0.0,0.0,0.0,0.0,0.0,0.0,0.0,0.0,0.0,0.0,0.0,0.0,0.0,0.0,0.0,0.0,0.0,0.0,0.0,0.0,0.0,0.0,0.0,0.0,0.0
1784671586.8611069,314753.7547477,0,0,8,0,0,54.415003,1.119,38.646680235545816,187.85126446430803,165.36091305024334,38.646680235545816,189.7871153087602,187.851264464308,0.0,0.0,0.0,0.0,0.0,0.0,0.0,-38.646680235545816,0.0,0.0,-187.85126446430803,0.0,0.0,0.0,0.0,0.0,0.0,0.0,0.0,0,0,38.646680235545816,187.85126446430803,0.0,0.0,0.0,0.0,0.0,0.0,0.0,0.0,0.0,0.0,0.0,0.0,0.0,0.0,0.0,0.0,0.0,0.0,0.0,0.0,0.0,0.0,0.0,0.0,0.0,0.0,0.0,0.0,0.0
1784671586.8616571,314753.7552967,0,0,8,0,0,54.417508,1.2260000000000002,39.10808551649388,193.0282218739232,164.06017594316944,39.10808551649388,195.8071031064747,193.0282218739232,0.0,0.0,0.0,0.0,0.0,0.0,0.0,-39.10808551649388,0.0,0.0,-193.0282218739232,0.0,0.0,0.0,0.0,0.0,0.0,0.0,0.0,0,0,39.10808551649388,193.0282218739232,0.0,0.0,0.0,0.0,0.0,0.0,0.0,0.0,0.0,0.0,0.0,0.0,0.0,0.0,0.0,0.0,0.0,0.0,0.0,0.0,0.0,0.0,0.0,0.0,0.0,0.0,0.0,0.0,0.0
1784671586.861935,314753.755576,0,0,8,0,0,54.420002,0.121,39.82332956631068,200.23122147878465,165.39656871970502,39.82332956631068,202.48333957399817,200.23122147878465,0.0,0.0,0.0,0.0,0.0,0.0,0.0,-39.82332956631068,0.0,0.0,-200.23122147878465,0.0,0.0,0.0,0.0,0.0,0.0,0.0,0.0,0,0,39.82332956631068,200.23122147878465,0.0,0.0,0.0,0.0,0.0,0.0,0.0,0.0,0.0,0.0,0.0,0.0,0.0,0.0,0.0,0.0,0.0,0.0,0.0,0.0,0.0,0.0,0.0,0.0,0.0,0.0,0.0,0.0,0.0
1784671586.8621056,314753.7557471,0,0,8,0,0,54.422501,0.206,40.31446954498899,203.6080814839824,167.14797669250794,40.31446954498899,205.5458333664401,203.6080814839824,0.0,0.0,0.0,0.0,0.0,0.0,0.0,-40.31446954498899,0.0,0.0,-203.6080814839824,0.0,0.0,0.0,0.0,0.0,0.0,0.0,0.0,0,0,40.31446954498899,203.6080814839824,0.0,0.0,0.0,0.0,0.0,0.0,0.0,0.0,0.0,0.0,0.0,0.0,0.0,0.0,0.0,0.0,0.0,0.0,0.0,0.0,0.0,0.0,0.0,0.0,0.0,0.0,0.0,0.0,0.0
1784671586.862229,314753.7558705,0,0,8,0,0,54.425002,0.304,40.8193603185648,210.5989291190733,160.99248702910944,40.8193603185648,213.13206798943204,210.5989291190733,0.0,0.0,0.0,0.0,0.0,0.0,0.0,-40.8193603185648,0.0,0.0,-210.5989291190733,0.0,0.0,0.0,0.0,0.0,0.0,0.0,0.0,0,0,40.8193603185648,210.5989291190733,0.0,0.0,0.0,0.0,0.0,0.0,0.0,0.0,0.0,0.0,0.0,0.0,0.0,0.0,0.0,0.0,0.0,0.0,0.0,0.0,0.0,0.0,0.0,0.0,0.0,0.0,0.0,0.0,0.0
1784671586.862348,314753.7559895,0,0,8,0,0,54.427502,0.4049999999999999,41.33309385036129,213.8352401490676,161.41168910886228,41.33309385036129,214.9608142826331,213.8352401490676,0.0,0.0,0.0,0.0,0.0,0.0,0.0,-41.33309385036129,0.0,0.0,-213.8352401490676,0.0,0.0,0.0,0.0,0.0,0.0,0.0,0.0,0,0,41.33309385036129,213.8352401490676,0.0,0.0,0.0,0.0,0.0,0.0,0.0,0.0,0.0,0.0,0.0,0.0,0.0,0.0,0.0,0.0,0.0,0.0,0.0,0.0,0.0,0.0,0.0,0.0,0.0,0.0,0.0,0.0,0.0
1784671586.8624938,314753.7561352,0,0,8,0,0,54.430002,0.504,41.85434151944492,217.1452456657952,171.10785236558218,41.85434151944492,218.9070562837512,217.1452456657952,0.0,0.0,0.0,0.0,0.0,0.0,0.0,-41.85434151944492,0.0,0.0,-217.1452456657952,0.0,0.0,0.0,0.0,0.0,0.0,0.0,0.0,0,0,41.85434151944492,217.1452456657952,0.0,0.0,0.0,0.0,0.0,0.0,0.0,0.0,0.0,0.0,0.0,0.0,0.0,0.0,0.0,0.0,0.0,0.0,0.0,0.0,0.0,0.0,0.0,0.0,0.0,0.0,0.0,0.0,0.0
1784671586.8626194,314753.7562608,0,0,8,0,0,54.432504,0.605,42.388254660588,222.9476463141964,173.0604679885762,42.388254660588,225.6532926093876,222.9476463141964,0.0,0.0,0.0,0.0,0.0,0.0,0.0,-42.388254660588,0.0,0.0,-222.9476463141964,0.0,0.0,0.0,0.0,0.0,0.0,0.0,0.0,0,0,42.388254660588,222.9476463141964,0.0,0.0,0.0,0.0,0.0,0.0,0.0,0.0,0.0,0.0,0.0,0.0,0.0,0.0,0.0,0.0,0.0,0.0,0.0,0.0,0.0,0.0,0.0,0.0,0.0,0.0,0.0,0.0,0.0
1784671586.8627577,314753.7563991,0,0,8,0,0,54.435008,0.7150000000000001,42.933602884186456,227.9415316238113,166.95748416896933,42.933602884186456,229.8795340429575,227.9415316238113,0.0,0.0,0.0,0.0,0.0,0.0,0.0,-42.933602884186456,0.0,0.0,-227.9415316238113,0.0,0.0,0.0,0.0,0.0,0.0,0.0,0.0,0,0,42.933602884186456,227.9415316238113,0.0,0.0,0.0,0.0,0.0,0.0,0.0,0.0,0.0,0.0,0.0,0.0,0.0,0.0,0.0,0.0,0.0,0.0,0.0,0.0,0.0,0.0,0.0,0.0,0.0,0.0,0.0,0.0,0.0
1784671586.862898,314753.7565393,0,0,8,0,0,54.437504,0.8099999999999999,43.48856219692826,230.94208258372623,166.21702656625266,43.48856219692826,232.26827920106223,230.9420825837262,0.0,0.0,0.0,0.0,0.0,0.0,0.0,-43.48856219692826,0.0,0.0,-230.94208258372623,0.0,0.0,0.0,0.0,0.0,0.0,0.0,0.0,0,0,43.48856219692826,230.94208258372623,0.0,0.0,0.0,0.0,0.0,0.0,0.0,0.0,0.0,0.0,0.0,0.0,0.0,0.0,0.0,0.0,0.0,0.0,0.0,0.0,0.0,0.0,0.0,0.0,0.0,0.0,0.0,0.0,0.0
1784671586.8630197,314753.7566612,0,0,8,0,0,54.440003,0.912,44.04934883154238,234.3910898022588,172.90798971312609,44.04934883154238,236.85326990746103,234.3910898022588,0.0,0.0,0.0,0.0,0.0,0.0,0.0,-44.04934883154238,0.0,0.0,-234.3910898022588,0.0,0.0,0.0,0.0,0.0,0.0,0.0,0.0,0,0,44.04934883154238,234.3910898022588,0.0,0.0,0.0,0.0,0.0,0.0,0.0,0.0,0.0,0.0,0.0,0.0,0.0,0.0,0.0,0.0,0.0,0.0,0.0,0.0,0.0,0.0,0.0,0.0,0.0,0.0,0.0,0.0,0.0
1784671586.8631237,314753.756765,0,0,8,0,0,54.442502,0.995,44.62589443528924,238.3224363431824,166.39008608535332,44.62589443528925,239.42576469311228,238.3224363431824,0.0,0.0,0.0,0.0,0.0,0.0,0.0,-44.62589443528924,0.0,0.0,-238.3224363431824,0.0,0.0,0.0,0.0,0.0,0.0,0.0,0.0,0,0,44.62589443528924,238.3224363431824,0.0,0.0,0.0,0.0,0.0,0.0,0.0,0.0,0.0,0.0,0.0,0.0,0.0,0.0,0.0,0.0,0.0,0.0,0.0,0.0,0.0,0.0,0.0,0.0,0.0,0.0,0.0,0.0,0.0
1784671586.863263,314753.756904,0,0,8,0,0,54.445003,1.109,45.20127709037097,240.4769072251032,162.91315883508273,45.20127709037097,241.14076121687975,240.47690722510325,0.0,0.0,0.0,0.0,0.0,0.0,0.0,-45.20127709037097,0.0,0.0,-240.4769072251032,0.0,0.0,0.0,0.0,0.0,0.0,0.0,0.0,0,0,45.20127709037097,240.4769072251032,0.0,0.0,0.0,0.0,0.0,0.0,0.0,0.0,0.0,0.0,0.0,0.0,0.0,0.0,0.0,0.0,0.0,0.0,0.0,0.0,0.0,0.0,0.0,0.0,0.0,0.0,0.0,0.0,0.0
1784671586.863366,314753.7570075,0,0,8,0,0,54.447503,1.209,45.782596804871645,241.68906400353168,165.81188279983283,45.782596804871645,242.4270086097054,241.68906400353168,0.0,0.0,0.0,0.0,0.0,0.0,0.0,-45.782596804871645,0.0,0.0,-241.68906400353168,0.0,0.0,0.0,0.0,0.0,0.0,0.0,0.0,0,0,45.782596804871645,241.68906400353168,0.0,0.0,0.0,0.0,0.0,0.0,0.0,0.0,0.0,0.0,0.0,0.0,0.0,0.0,0.0,0.0,0.0,0.0,0.0,0.0,0.0,0.0,0.0,0.0,0.0,0.0,0.0,0.0,0.0
1784671586.8634732,314753.7571146,0,0,8,0,0,54.450003,0.093,46.67059324914514,246.1251132456324,166.61107009541055,46.67059324914515,247.3707485889331,246.1251132456324,0.0,0.0,0.0,0.0,0.0,0.0,0.0,-46.67059324914514,0.0,0.0,-246.1251132456324,0.0,0.0,0.0,0.0,0.0,0.0,0.0,0.0,0,0,46.67059324914514,246.1251132456324,0.0,0.0,0.0,0.0,0.0,0.0,0.0,0.0,0.0,0.0,0.0,0.0,0.0,0.0,0.0,0.0,0.0,0.0,0.0,0.0,0.0,0.0,0.0,0.0,0.0,0.0,0.0,0.0,0.0
1784671586.8635793,314753.7572207,0,0,8,0,0,54.452513,0.209,47.26426589979792,247.1879299945005,163.49724725626268,47.26426589979791,247.44949842931024,247.1879299945005,0.0,0.0,0.0,0.0,0.0,0.0,0.0,-47.26426589979792,0.0,0.0,-247.1879299945005,0.0,0.0,0.0,0.0,0.0,0.0,0.0,0.0,0,0,47.26426589979792,247.1879299945005,0.0,0.0,0.0,0.0,0.0,0.0,0.0,0.0,0.0,0.0,0.0,0.0,0.0,0.0,0.0,0.0,0.0,0.0,0.0,0.0,0.0,0.0,0.0,0.0,0.0,0.0,0.0,0.0,0.0
1784671586.863685,314753.7573263,0,0,8,0,0,54.455002,0.293,47.8622801273252,248.06631755424877,170.23175479282176,47.86228012732519,248.6919959108152,248.0663175542488,0.0,0.0,0.0,0.0,0.0,0.0,0.0,-47.8622801273252,0.0,0.0,-248.06631755424877,0.0,0.0,0.0,0.0,0.0,0.0,0.0,0.0,0,0,47.8622801273252,248.06631755424877,0.0,0.0,0.0,0.0,0.0,0.0,0.0,0.0,0.0,0.0,0.0,0.0,0.0,0.0,0.0,0.0,0.0,0.0,0.0,0.0,0.0,0.0,0.0,0.0,0.0,0.0,0.0,0.0,0.0
1784671586.863788,314753.7574294,0,0,8,0,0,54.457503,0.379,48.46872035277632,251.03148718627065,171.82112081994055,48.46872035277632,252.541988107028,251.03148718627065,0.0,0.0,0.0,0.0,0.0,0.0,0.0,-48.46872035277632,0.0,0.0,-251.03148718627065,0.0,0.0,0.0,0.0,0.0,0.0,0.0,0.0,0,0,48.46872035277632,251.03148718627065,0.0,0.0,0.0,0.0,0.0,0.0,0.0,0.0,0.0,0.0,0.0,0.0,0.0,0.0,0.0,0.0,0.0,0.0,0.0,0.0,0.0,0.0,0.0,0.0,0.0,0.0,0.0,0.0,0.0
1784671586.8638947,314753.7575363,0,0,8,0,0,54.460004,0.496,49.07483473779328,253.85978620212293,166.42591869093718,49.07483473779328,254.86073340701972,253.85978620212293,0.0,0.0,0.0,0.0,0.0,0.0,0.0,-49.07483473779328,0.0,0.0,-253.85978620212293,0.0,0.0,0.0,0.0,0.0,0.0,0.0,0.0,0,0,49.07483473779328,253.85978620212293,0.0,0.0,0.0,0.0,0.0,0.0,0.0,0.0,0.0,0.0,0.0,0.0,0.0,0.0,0.0,0.0,0.0,0.0,0.0,0.0,0.0,0.0,0.0,0.0,0.0,0.0,0.0,0.0,0.0
1784671586.864001,314753.7576425,0,0,8,0,0,54.462502,0.5900000000000001,49.68867331373995,254.4702614531149,170.11318374692416,49.68867331373994,254.59823393909616,254.4702614531149,0.0,0.0,0.0,0.0,0.0,0.0,0.0,-49.68867331373995,0.0,0.0,-254.4702614531149,0.0,0.0,0.0,0.0,0.0,0.0,0.0,0.0,0,0,49.68867331373995,254.4702614531149,0.0,0.0,0.0,0.0,0.0,0.0,0.0,0.0,0.0,0.0,0.0,0.0,0.0,0.0,0.0,0.0,0.0,0.0,0.0,0.0,0.0,0.0,0.0,0.0,0.0,0.0,0.0,0.0,0.0
1784671586.8641076,314753.7577489,0,0,8,0,0,54.46502,0.717,50.30114048521591,255.72634328616743,172.01106231755054,50.30114048521591,256.6457297889002,255.7263432861674,0.0,0.0,0.0,0.0,0.0,0.0,0.0,-50.30114048521591,0.0,0.0,-255.72634328616743,0.0,0.0,0.0,0.0,0.0,0.0,0.0,0.0,0,0,50.30114048521591,255.72634328616743,0.0,0.0,0.0,0.0,0.0,0.0,0.0,0.0,0.0,0.0,0.0,0.0,0.0,0.0,0.0,0.0,0.0,0.0,0.0,0.0,0.0,0.0,0.0,0.0,0.0,0.0,0.0,0.0,0.0
1784671586.864213,314753.7578543,0,0,8,0,0,54.467504,0.8019999999999999,50.91980121847857,257.6874466739604,175.22088147646107,50.91980121847856,259.0257249647408,257.6874466739604,0.0,0.0,0.0,0.0,0.0,0.0,0.0,-50.91980121847857,0.0,0.0,-257.6874466739604,0.0,0.0,0.0,0.0,0.0,0.0,0.0,0.0,0,0,50.91980121847857,257.6874466739604,0.0,0.0,0.0,0.0,0.0,0.0,0.0,0.0,0.0,0.0,0.0,0.0,0.0,0.0,0.0,0.0,0.0,0.0,0.0,0.0,0.0,0.0,0.0,0.0,0.0,0.0,0.0,0.0,0.0
1784671586.864316,314753.7579573,0,0,8,0,0,54.470002,0.8989999999999999,51.54402143713746,259.34717283704305,172.53317540507055,51.54402143713746,259.8919732088887,259.34717283704305,0.0,0.0,0.0,0.0,0.0,0.0,0.0,-51.54402143713746,0.0,0.0,-259.34717283704305,0.0,0.0,0.0,0.0,0.0,0.0,0.0,0.0,0,0,51.54402143713746,259.34717283704305,0.0,0.0,0.0,0.0,0.0,0.0,0.0,0.0,0.0,0.0,0.0,0.0,0.0,0.0,0.0,0.0,0.0,0.0,0.0,0.0,0.0,0.0,0.0,0.0,0.0,0.0,0.0,0.0,0.0
1784671586.8644922,314753.7581336,0,0,8,0,0,54.4725,0.989,52.17084512858643,259.3382551363233,169.44642049788345,52.17084512858642,259.2882244326644,259.3382551363233,0.0,0.0,0.0,0.0,0.0,0.0,0.0,-52.17084512858643,0.0,0.0,-259.3382551363233,0.0,0.0,0.0,0.0,0.0,0.0,0.0,0.0,0,0,52.17084512858643,259.3382551363233,0.0,0.0,0.0,0.0,0.0,0.0,0.0,0.0,0.0,0.0,0.0,0.0,0.0,0.0,0.0,0.0,0.0,0.0,0.0,0.0,0.0,0.0,0.0,0.0,0.0,0.0,0.0,0.0,0.0
1784671586.8646011,314753.7582425,0,0,8,0,0,54.475002,1.096,52.79368702831896,259.0747033862223,171.0157822924857,52.79368702831896,258.99947501794844,259.0747033862223,0.0,0.0,0.0,0.0,0.0,0.0,0.0,-52.79368702831896,0.0,0.0,-259.0747033862223,0.0,0.0,0.0,0.0,0.0,0.0,0.0,0.0,0,0,52.79368702831896,259.0747033862223,0.0,0.0,0.0,0.0,0.0,0.0,0.0,0.0,0.0,0.0,0.0,0.0,0.0,0.0,0.0,0.0,0.0,0.0,0.0,0.0,0.0,0.0,0.0,0.0,0.0,0.0,0.0,0.0,0.0
1784671586.8647046,314753.7583459,0,0,8,0,0,54.477503,1.198,53.4171684330684,258.8586676287759,170.30185703204762,53.41716843306839,258.6932256387043,258.8586676287759,0.0,0.0,0.0,0.0,0.0,0.0,0.0,-53.4171684330684,0.0,0.0,-258.8586676287759,0.0,0.0,0.0,0.0,0.0,0.0,0.0,0.0,0,0,53.4171684330684,258.8586676287759,0.0,0.0,0.0,0.0,0.0,0.0,0.0,0.0,0.0,0.0,0.0,0.0,0.0,0.0,0.0,0.0,0.0,0.0,0.0,0.0,0.0,0.0,0.0,0.0,0.0,0.0,0.0,0.0,0.0
1784671586.864811,314753.7584524,0,0,8,0,0,54.480002,0.087,54.352740233490415,257.86327582911287,170.34737777828377,54.352740233490415,257.63447778474574,257.86327582911287,0.0,0.0,0.0,0.0,0.0,0.0,0.0,-54.352740233490415,0.0,0.0,-257.86327582911287,0.0,0.0,0.0,0.0,0.0,0.0,0.0,0.0,0,0,54.352740233490415,257.86327582911287,0.0,0.0,0.0,0.0,0.0,0.0,0.0,0.0,0.0,0.0,0.0,0.0,0.0,0.0,0.0,0.0,0.0,0.0,0.0,0.0,0.0,0.0,0.0,0.0,0.0,0.0,0.0,0.0,0.0
1784671586.8649137,314753.7585549,0,0,8,0,0,54.48252,0.203,54.97263274780825,256.85263676364906,170.06911530439504,54.97263274780825,256.3569803741843,256.85263676364906,0.0,0.0,0.0,0.0,0.0,0.0,0.0,-54.97263274780825,0.0,0.0,-256.85263676364906,0.0,0.0,0.0,0.0,0.0,0.0,0.0,0.0,0,0,54.97263274780825,256.85263676364906,0.0,0.0,0.0,0.0,0.0,0.0,0.0,0.0,0.0,0.0,0.0,0.0,0.0,0.0,0.0,0.0,0.0,0.0,0.0,0.0,0.0,0.0,0.0,0.0,0.0,0.0,0.0,0.0,0.0
1784671586.8650246,314753.7586657,0,0,8,0,0,54.485003,0.289,55.58626428243613,255.71340419901307,170.75922772046792,55.58626428243613,255.20198271532044,255.71340419901304,0.0,0.0,0.0,0.0,0.0,0.0,0.0,-55.58626428243613,0.0,0.0,-255.71340419901307,0.0,0.0,0.0,0.0,0.0,0.0,0.0,0.0,0,0,55.58626428243613,255.71340419901307,0.0,0.0,0.0,0.0,0.0,0.0,0.0,0.0,0.0,0.0,0.0,0.0,0.0,0.0,0.0,0.0,0.0,0.0,0.0,0.0,0.0,0.0,0.0,0.0,0.0,0.0,0.0,0.0,0.0
1784671586.8651264,314753.7587678,0,0,8,0,0,54.487502,0.383,56.20028895148782,255.18077327126431,170.75320948823116,56.20028895148782,254.94823322966096,255.18077327126431,0.0,0.0,0.0,0.0,0.0,0.0,0.0,-56.20028895148782,0.0,0.0,-255.18077327126431,0.0,0.0,0.0,0.0,0.0,0.0,0.0,0.0,0,0,56.20028895148782,255.18077327126431,0.0,0.0,0.0,0.0,0.0,0.0,0.0,0.0,0.0,0.0,0.0,0.0,0.0,0.0,0.0,0.0,0.0,0.0,0.0,0.0,0.0,0.0,0.0,0.0,0.0,0.0,0.0,0.0,0.0
1784671586.8678532,314753.7614886,0,0,8,0,0,54.490003,0.483,56.81144053014888,254.2871172025893,172.1201179657314,56.81144053014888,253.8369854821177,254.2871172025893,0.0,0.0,0.0,0.0,0.0,0.0,0.0,-56.81144053014888,0.0,0.0,-254.2871172025893,0.0,0.0,0.0,0.0,0.0,0.0,0.0,0.0,0,0,56.81144053014888,254.2871172025893,0.0,0.0,0.0,0.0,0.0,0.0,0.0,0.0,0.0,0.0,0.0,0.0,0.0,0.0,0.0,0.0,0.0,0.0,0.0,0.0,0.0,0.0,0.0,0.0,0.0,0.0,0.0,0.0,0.0
1784671586.868266,314753.7619063,0,0,8,0,0,54.492503,0.5820000000000001,57.41982174591257,253.0137293576421,170.79725203490966,57.41982174591257,252.34948849721735,253.0137293576421,0.0,0.0,0.0,0.0,0.0,0.0,0.0,-57.41982174591257,0.0,0.0,-253.0137293576421,0.0,0.0,0.0,0.0,0.0,0.0,0.0,0.0,0,0,57.41982174591257,253.0137293576421,0.0,0.0,0.0,0.0,0.0,0.0,0.0,0.0,0.0,0.0,0.0,0.0,0.0,0.0,0.0,0.0,0.0,0.0,0.0,0.0,0.0,0.0,0.0,0.0,0.0,0.0,0.0,0.0,0.0
1784671586.8725393,314753.7661789,0,0,8,0,0,54.495002,0.6880000000000001,58.02099174024039,250.61629996403025,172.7108672851939,58.02099174024039,249.5144942436425,250.61629996403025,0.0,0.0,0.0,0.0,0.0,0.0,0.0,-58.02099174024039,0.0,0.0,-250.61629996403025,0.0,0.0,0.0,0.0,0.0,0.0,0.0,0.0,0,0,58.02099174024039,250.61629996403025,0.0,0.0,0.0,0.0,0.0,0.0,0.0,0.0,0.0,0.0,0.0,0.0,0.0,0.0,0.0,0.0,0.0,0.0,0.0,0.0,0.0,0.0,0.0,0.0,0.0,0.0,0.0,0.0,0.0
1784671586.8736353,314753.767276,0,0,8,0,0,54.497502,0.777,58.62251895298016,249.2379701242133,177.7436277308616,58.62251895298016,248.7882457157206,249.2379701242133,0.0,0.0,0.0,0.0,0.0,0.0,0.0,-58.62251895298016,0.0,0.0,-249.2379701242133,0.0,0.0,0.0,0.0,0.0,0.0,0.0,0.0,0,0,58.62251895298016,249.2379701242133,0.0,0.0,0.0,0.0,0.0,0.0,0.0,0.0,0.0,0.0,0.0,0.0,0.0,0.0,0.0,0.0,0.0,0.0,0.0,0.0,0.0,0.0,0.0,0.0,0.0,0.0,0.0,0.0,0.0
1784671586.8774133,314753.771051,0,0,8,0,0,54.500003,0.888,59.2171139955133,247.71863244377369,173.59564727361587,59.2171139955133,246.65325004327528,247.71863244377369,0.0,0.0,0.0,0.0,0.0,0.0,0.0,-59.2171139955133,0.0,0.0,-247.71863244377369,0.0,0.0,0.0,0.0,0.0,0.0,0.0,0.0,0,0,59.2171139955133,247.71863244377369,0.0,0.0,0.0,0.0,0.0,0.0,0.0,0.0,0.0,0.0,0.0,0.0,0.0,0.0,0.0,0.0,0.0,0.0,0.0,0.0,0.0,0.0,0.0,0.0,0.0,0.0,0.0,0.0,0.0
1784671586.879742,314753.7733805,0,0,8,0,0,54.502503,0.977,59.81152264558977,245.1945052132752,168.63045307891164,59.811522645589775,244.4832544417736,245.1945052132752,0.0,0.0,0.0,0.0,0.0,0.0,0.0,-59.81152264558977,0.0,0.0,-245.1945052132752,0.0,0.0,0.0,0.0,0.0,0.0,0.0,0.0,0,0,59.81152264558977,245.1945052132752,0.0,0.0,0.0,0.0,0.0,0.0,0.0,0.0,0.0,0.0,0.0,0.0,0.0,0.0,0.0,0.0,0.0,0.0,0.0,0.0,0.0,0.0,0.0,0.0,0.0,0.0,0.0,0.0,0.0
1784671586.881203,314753.7748415,0,0,8,0,0,54.505003,1.085,60.39445338752084,241.8041608131449,173.77510281291694,60.39445338752084,240.0995133274495,241.80416081314493,0.0,0.0,0.0,0.0,0.0,0.0,0.0,-60.39445338752084,0.0,0.0,-241.8041608131449,0.0,0.0,0.0,0.0,0.0,0.0,0.0,0.0,0,0,60.39445338752084,241.8041608131449,0.0,0.0,0.0,0.0,0.0,0.0,0.0,0.0,0.0,0.0,0.0,0.0,0.0,0.0,0.0,0.0,0.0,0.0,0.0,0.0,0.0,0.0,0.0,0.0,0.0,0.0,0.0,0.0,0.0
1784671586.8833845,314753.7770224,0,0,8,0,0,54.507502,1.1820000000000002,60.97320923675524,239.07300293568832,173.0317079782515,60.97320923675524,237.39576880783648,239.07300293568835,0.0,0.0,0.0,0.0,0.0,0.0,0.0,-60.97320923675524,0.0,0.0,-239.07300293568832,0.0,0.0,0.0,0.0,0.0,0.0,0.0,0.0,0,0,60.97320923675524,239.07300293568832,0.0,0.0,0.0,0.0,0.0,0.0,0.0,0.0,0.0,0.0,0.0,0.0,0.0,0.0,0.0,0.0,0.0,0.0,0.0,0.0,0.0,0.0,0.0,0.0,0.0,0.0,0.0,0.0,0.0
1784671586.8941483,314753.7877868,0,0,8,0,0,54.510003,0.077,61.8261904740171,233.1145341618233,171.99652183347305,61.8261904740171,230.9907817905007,233.1145341618233,0.0,0.0,0.0,0.0,0.0,0.0,0.0,-61.8261904740171,0.0,0.0,-233.1145341618233,0.0,0.0,0.0,0.0,0.0,0.0,0.0,0.0,0,0,61.8261904740171,233.1145341618233,0.0,0.0,0.0,0.0,0.0,0.0,0.0,0.0,0.0,0.0,0.0,0.0,0.0,0.0,0.0,0.0,0.0,0.0,0.0,0.0,0.0,0.0,0.0,0.0,0.0,0.0,0.0,0.0,0.0
1784671586.9099364,314753.8035749,0,0,8,0,0,54.512534,0.206,62.380432773265504,229.3856348320003,172.05479751281032,62.380432773265504,227.8145382286252,229.3856348320003,0.0,0.0,0.0,0.0,0.0,0.0,0.0,-62.380432773265504,0.0,0.0,-229.3856348320003,0.0,0.0,0.0,0.0,0.0,0.0,0.0,0.0,0,0,62.380432773265504,229.3856348320003,0.0,0.0,0.0,0.0,0.0,0.0,0.0,0.0,0.0,0.0,0.0,0.0,0.0,0.0,0.0,0.0,0.0,0.0,0.0,0.0,0.0,0.0,0.0,0.0,0.0,0.0,0.0,0.0,0.0
1784671586.9103217,314753.8039616,0,0,8,0,0,54.515003,0.272,62.92558168291029,225.94513695678165,171.01725279423815,62.92558168291028,224.32329530524137,225.9451369567816,0.0,0.0,0.0,0.0,0.0,0.0,0.0,-62.92558168291029,0.0,0.0,-225.94513695678165,0.0,0.0,0.0,0.0,0.0,0.0,0.0,0.0,0,0,62.92558168291029,225.94513695678165,0.0,0.0,0.0,0.0,0.0,0.0,0.0,0.0,0.0,0.0,0.0,0.0,0.0,0.0,0.0,0.0,0.0,0.0,0.0,0.0,0.0,0.0,0.0,0.0,0.0,0.0,0.0,0.0,0.0
1784671586.9106188,314753.8042592,0,0,8,0,0,54.517502,0.365,63.46244249350241,222.2729823692445,172.53375273984045,63.46244249350241,220.75330254148045,222.2729823692445,0.0,0.0,0.0,0.0,0.0,0.0,0.0,-63.46244249350241,0.0,0.0,-222.2729823692445,0.0,0.0,0.0,0.0,0.0,0.0,0.0,0.0,0,0,63.46244249350241,222.2729823692445,0.0,0.0,0.0,0.0,0.0,0.0,0.0,0.0,0.0,0.0,0.0,0.0,0.0,0.0,0.0,0.0,0.0,0.0,0.0,0.0,0.0,0.0,0.0,0.0,0.0,0.0,0.0,0.0,0.0
1784671586.910783,314753.8044238,0,0,8,0,0,54.520002,0.471,63.988544880927016,218.94976662285188,174.26645983872152,63.988544880927016,217.507059121492,218.94976662285188,0.0,0.0,0.0,0.0,0.0,0.0,0.0,-63.988544880927016,0.0,0.0,-218.94976662285188,0.0,0.0,0.0,0.0,0.0,0.0,0.0,0.0,0,0,63.988544880927016,218.94976662285188,0.0,0.0,0.0,0.0,0.0,0.0,0.0,0.0,0.0,0.0,0.0,0.0,0.0,0.0,0.0,0.0,0.0,0.0,0.0,0.0,0.0,0.0,0.0,0.0,0.0,0.0,0.0,0.0,0.0
1784671586.9111707,314753.8048112,0,0,8,0,0,54.522504,0.57,64.50887392228195,215.69330314078132,174.9936952822693,64.50887392228195,214.19956582565467,215.69330314078135,0.0,0.0,0.0,0.0,0.0,0.0,0.0,-64.50887392228195,0.0,0.0,-215.69330314078132,0.0,0.0,0.0,0.0,0.0,0.0,0.0,0.0,0,0,64.50887392228195,215.69330314078132,0.0,0.0,0.0,0.0,0.0,0.0,0.0,0.0,0.0,0.0,0.0,0.0,0.0,0.0,0.0,0.0,0.0,0.0,0.0,0.0,0.0,0.0,0.0,0.0,0.0,0.0,0.0,0.0,0.0
1784671586.9114647,314753.8051051,0,0,8,0,0,54.525001,0.6759999999999999,65.01600142198018,210.2566789330548,172.68041192559986,65.01600142198018,206.9108305996428,210.2566789330548,0.0,0.0,0.0,0.0,0.0,0.0,0.0,-65.01600142198018,0.0,0.0,-210.2566789330548,0.0,0.0,0.0,0.0,0.0,0.0,0.0,0.0,0,0,65.01600142198018,210.2566789330548,0.0,0.0,0.0,0.0,0.0,0.0,0.0,0.0,0.0,0.0,0.0,0.0,0.0,0.0,0.0,0.0,0.0,0.0,0.0,0.0,0.0,0.0,0.0,0.0,0.0,0.0,0.0,0.0,0.0
1784671586.911719,314753.8053604,0,0,8,0,0,54.527502,0.766,65.51421997736863,204.796942544435,173.25076887269284,65.51421997736863,201.5295915072091,204.796942544435,0.0,0.0,0.0,0.0,0.0,0.0,0.0,-65.51421997736863,0.0,0.0,-204.796942544435,0.0,0.0,0.0,0.0,0.0,0.0,0.0,0.0,0,0,65.51421997736863,204.796942544435,0.0,0.0,0.0,0.0,0.0,0.0,0.0,0.0,0.0,0.0,0.0,0.0,0.0,0.0,0.0,0.0,0.0,0.0,0.0,0.0,0.0,0.0,0.0,0.0,0.0,0.0,0.0,0.0,0.0
1784671586.9119985,314753.8056395,0,0,8,0,0,54.530002,0.871,65.99965724147869,200.41985684312797,177.98431860851116,65.99965724147869,198.05584854835348,200.41985684312797,0.0,0.0,0.0,0.0,0.0,0.0,0.0,-65.99965724147869,0.0,0.0,-200.41985684312797,0.0,0.0,0.0,0.0,0.0,0.0,0.0,0.0,0,0,65.99965724147869,200.41985684312797,0.0,0.0,0.0,0.0,0.0,0.0,0.0,0.0,0.0,0.0,0.0,0.0,0.0,0.0,0.0,0.0,0.0,0.0,0.0,0.0,0.0,0.0,0.0,0.0,0.0,0.0,0.0,0.0,0.0
1784671586.9121456,314753.8057868,0,0,8,0,0,54.532503,0.975,66.47456585667095,196.143903644927,177.2437116794467,66.47456585667095,194.293356174782,196.143903644927,0.0,0.0,0.0,0.0,0.0,0.0,0.0,-66.47456585667095,0.0,0.0,-196.143903644927,0.0,0.0,0.0,0.0,0.0,0.0,0.0,0.0,0,0,66.47456585667095,196.143903644927,0.0,0.0,0.0,0.0,0.0,0.0,0.0,0.0,0.0,0.0,0.0,0.0,0.0,0.0,0.0,0.0,0.0,0.0,0.0,0.0,0.0,0.0,0.0,0.0,0.0,0.0,0.0,0.0,0.0
1784671586.912306,314753.8059473,0,0,8,0,0,54.535003,1.073,66.93832447281505,190.69211722225256,170.72120018533022,66.93832447281505,188.13336866084157,190.69211722225256,0.0,0.0,0.0,0.0,0.0,0.0,0.0,-66.93832447281505,0.0,0.0,-190.69211722225256,0.0,0.0,0.0,0.0,0.0,0.0,0.0,0.0,0,0,66.93832447281505,190.69211722225256,0.0,0.0,0.0,0.0,0.0,0.0,0.0,0.0,0.0,0.0,0.0,0.0,0.0,0.0,0.0,0.0,0.0,0.0,0.0,0.0,0.0,0.0,0.0,0.0,0.0,0.0,0.0,0.0,0.0
1784671586.9136662,314753.807304,0,0,8,0,0,54.537504,1.1720000000000002,67.38802471352942,184.84729398845192,174.91772233011312,67.38802471352942,182.28838050840943,184.8472939884519,0.0,0.0,0.0,0.0,0.0,0.0,0.0,-67.38802471352942,0.0,0.0,-184.84729398845192,0.0,0.0,0.0,0.0,0.0,0.0,0.0,0.0,0,0,67.38802471352942,184.84729398845192,0.0,0.0,0.0,0.0,0.0,0.0,0.0,0.0,0.0,0.0,0.0,0.0,0.0,0.0,0.0,0.0,0.0,0.0,0.0,0.0,0.0,0.0,0.0,0.0,0.0,0.0,0.0,0.0,0.0
1784671586.9157846,314753.8094246,0,0,8,0,0,54.540003,0.064,68.04102830324396,177.63084197041408,172.3271922800447,68.04102830324396,175.34089459069827,177.63084197041408,0.0,0.0,0.0,0.0,0.0,0.0,0.0,-68.04102830324396,0.0,0.0,-177.63084197041408,0.0,0.0,0.0,0.0,0.0,0.0,0.0,0.0,0,0,68.04102830324396,177.63084197041408,0.0,0.0,0.0,0.0,0.0,0.0,0.0,0.0,0.0,0.0,0.0,0.0,0.0,0.0,0.0,0.0,0.0,0.0,0.0,0.0,0.0,0.0,0.0,0.0,0.0,0.0,0.0,0.0,0.0
1784671586.9295924,314753.82323,0,0,8,0,0,54.542504,0.163,68.45508676786885,170.26525196849042,170.76655025971846,68.45508676786885,168.1746591163841,170.26525196849045,0.0,0.0,0.0,0.0,0.0,0.0,0.0,-68.45508676786885,0.0,0.0,-170.26525196849042,0.0,0.0,0.0,0.0,0.0,0.0,0.0,0.0,0,0,68.45508676786885,170.26525196849042,0.0,0.0,0.0,0.0,0.0,0.0,0.0,0.0,0.0,0.0,0.0,0.0,0.0,0.0,0.0,0.0,0.0,0.0,0.0,0.0,0.0,0.0,0.0,0.0,0.0,0.0,0.0,0.0,0.0
1784671586.9298046,314753.8234452,0,0,8,0,0,54.545002,0.258,68.85200375141264,163.0809242439093,176.2376527347266,68.85200375141264,161.0434235711264,163.0809242439093,0.0,0.0,0.0,0.0,0.0,0.0,0.0,-68.85200375141264,0.0,0.0,-163.0809242439093,0.0,0.0,0.0,0.0,0.0,0.0,0.0,0.0,0,0,68.85200375141264,163.0809242439093,0.0,0.0,0.0,0.0,0.0,0.0,0.0,0.0,0.0,0.0,0.0,0.0,0.0,0.0,0.0,0.0,0.0,0.0,0.0,0.0,0.0,0.0,0.0,0.0,0.0,0.0,0.0,0.0,0.0
1784671586.9299414,314753.8235826,0,0,8,0,0,54.547503,0.36,69.23642653276954,158.12102552476227,175.03773812611146,69.23642653276954,156.02093375152157,158.12102552476227,0.0,0.0,0.0,0.0,0.0,0.0,0.0,-69.23642653276954,0.0,0.0,-158.12102552476227,0.0,0.0,0.0,0.0,0.0,0.0,0.0,0.0,0,0,69.23642653276954,158.12102552476227,0.0,0.0,0.0,0.0,0.0,0.0,0.0,0.0,0.0,0.0,0.0,0.0,0.0,0.0,0.0,0.0,0.0,0.0,0.0,0.0,0.0,0.0,0.0,0.0,0.0,0.0,0.0,0.0,0.0
1784671586.930041,314753.8236827,0,0,8,0,0,54.550003,0.457,69.6073323224044,151.12067477734993,172.97508922772852,69.6073323224044,147.06095191306284,151.12067477734993,0.0,0.0,0.0,0.0,0.0,0.0,0.0,-69.6073323224044,0.0,0.0,-151.12067477734993,0.0,0.0,0.0,0.0,0.0,0.0,0.0,0.0,0,0,69.6073323224044,151.12067477734993,0.0,0.0,0.0,0.0,0.0,0.0,0.0,0.0,0.0,0.0,0.0,0.0,0.0,0.0,0.0,0.0,0.0,0.0,0.0,0.0,0.0,0.0,0.0,0.0,0.0,0.0,0.0,0.0,0.0
1784671586.9300988,314753.8237403,0,0,8,0,0,54.552503,0.555,69.9580513741927,143.140794567983,172.01828674912957,69.9580513741927,139.70221682893802,143.14079456798302,0.0,0.0,0.0,0.0,0.0,0.0,0.0,-69.9580513741927,0.0,0.0,-143.140794567983,0.0,0.0,0.0,0.0,0.0,0.0,0.0,0.0,0,0,69.9580513741927,143.140794567983,0.0,0.0,0.0,0.0,0.0,0.0,0.0,0.0,0.0,0.0,0.0,0.0,0.0,0.0,0.0,0.0,0.0,0.0,0.0,0.0,0.0,0.0,0.0,0.0,0.0,0.0,0.0,0.0,0.0
1784671586.9318428,314753.8254838,0,0,8,0,0,54.555003,0.6539999999999999,70.29079402947643,135.87911722144182,174.5919965366076,70.29079402947643,132.71098099990624,135.87911722144182,0.0,0.0,0.0,0.0,0.0,0.0,0.0,-70.29079402947643,0.0,0.0,-135.87911722144182,0.0,0.0,0.0,0.0,0.0,0.0,0.0,0.0,0,0,70.29079402947643,135.87911722144182,0.0,0.0,0.0,0.0,0.0,0.0,0.0,0.0,0.0,0.0,0.0,0.0,0.0,0.0,0.0,0.0,0.0,0.0,0.0,0.0,0.0,0.0,0.0,0.0,0.0,0.0,0.0,0.0,0.0
1784671586.9333906,314753.8270308,0,0,8,0,0,54.557503,0.76,70.60691726096213,129.552920588642,176.27310273898414,70.60691726096212,126.77849302483295,129.552920588642,0.0,0.0,0.0,0.0,0.0,0.0,0.0,-70.60691726096213,0.0,0.0,-129.552920588642,0.0,0.0,0.0,0.0,0.0,0.0,0.0,0.0,0,0,70.60691726096213,129.552920588642,0.0,0.0,0.0,0.0,0.0,0.0,0.0,0.0,0.0,0.0,0.0,0.0,0.0,0.0,0.0,0.0,0.0,0.0,0.0,0.0,0.0,0.0,0.0,0.0,0.0,0.0,0.0,0.0,0.0
1784671586.9358838,314753.8295226,0,0,8,0,0,54.560004,0.865,70.90901289840986,123.68685788394885,176.8673938280134,70.90901289840984,121.09100455315502,123.68685788394882,0.0,0.0,0.0,0.0,0.0,0.0,0.0,-70.90901289840986,0.0,0.0,-123.68685788394885,0.0,0.0,0.0,0.0,0.0,0.0,0.0,0.0,0,0,70.90901289840986,123.68685788394885,0.0,0.0,0.0,0.0,0.0,0.0,0.0,0.0,0.0,0.0,0.0,0.0,0.0,0.0,0.0,0.0,0.0,0.0,0.0,0.0,0.0,0.0,0.0,0.0,0.0,0.0,0.0,0.0,0.0
1784671586.941417,314753.8350551,0,0,8,0,0,54.562502,0.958,71.19614169491872,116.21624917155935,175.69914519274053,71.19614169491872,112.25352246639396,116.21624917155935,0.0,0.0,0.0,0.0,0.0,0.0,0.0,-71.19614169491872,0.0,0.0,-116.21624917155935,0.0,0.0,0.0,0.0,0.0,0.0,0.0,0.0,0,0,71.19614169491872,116.21624917155935,0.0,0.0,0.0,0.0,0.0,0.0,0.0,0.0,0.0,0.0,0.0,0.0,0.0,0.0,0.0,0.0,0.0,0.0,0.0,0.0,0.0,0.0,0.0,0.0,0.0,0.0,0.0,0.0,0.0
1784671586.941632,314753.8352725,0,0,8,0,0,54.565001,1.0579999999999998,71.4668675008775,109.68187077455455,175.86953135342637,71.4668675008775,105.7172857150964,109.68187077455455,0.0,0.0,0.0,0.0,0.0,0.0,0.0,-71.4668675008775,0.0,0.0,-109.68187077455455,0.0,0.0,0.0,0.0,0.0,0.0,0.0,0.0,0,0,71.4668675008775,109.68187077455455,0.0,0.0,0.0,0.0,0.0,0.0,0.0,0.0,0.0,0.0,0.0,0.0,0.0,0.0,0.0,0.0,0.0,0.0,0.0,0.0,0.0,0.0,0.0,0.0,0.0,0.0,0.0,0.0,0.0
1784671586.943414,314753.8370533,0,0,8,0,0,54.567504,1.161,71.72214087582188,103.23619262125584,176.63620197428477,71.72214087582188,99.338548644553,103.23619262125584,0.0,0.0,0.0,0.0,0.0,0.0,0.0,-71.72214087582188,0.0,0.0,-103.23619262125584,0.0,0.0,0.0,0.0,0.0,0.0,0.0,0.0,0,0,71.72214087582188,103.23619262125584,0.0,0.0,0.0,0.0,0.0,0.0,0.0,0.0,0.0,0.0,0.0,0.0,0.0,0.0,0.0,0.0,0.0,0.0,0.0,0.0,0.0,0.0,0.0,0.0,0.0,0.0,0.0,0.0,0.0
1784671586.9458325,314753.8394706,0,0,8,0,0,54.570005,0.052,72.07640214525168,94.0567809868681,174.94205523761434,72.07640214525168,92.04106343627704,94.0567809868681,0.0,0.0,0.0,0.0,0.0,0.0,0.0,-72.07640214525168,0.0,0.0,-94.0567809868681,0.0,0.0,0.0,0.0,0.0,0.0,0.0,0.0,0,0,72.07640214525168,94.0567809868681,0.0,0.0,0.0,0.0,0.0,0.0,0.0,0.0,0.0,0.0,0.0,0.0,0.0,0.0,0.0,0.0,0.0,0.0,0.0,0.0,0.0,0.0,0.0,0.0,0.0,0.0,0.0,0.0,0.0
1784671586.9483442,314753.8419838,0,0,8,0,0,54.572502,0.149,72.2855401774114,83.87504873160613,175.25596228054724,72.2855401774114,79.75608833745271,83.87504873160613,0.0,0.0,0.0,0.0,0.0,0.0,0.0,-72.2855401774114,0.0,0.0,-83.87504873160613,0.0,0.0,0.0,0.0,0.0,0.0,0.0,0.0,0,0,72.2855401774114,83.87504873160613,0.0,0.0,0.0,0.0,0.0,0.0,0.0,0.0,0.0,0.0,0.0,0.0,0.0,0.0,0.0,0.0,0.0,0.0,0.0,0.0,0.0,0.0,0.0,0.0,0.0,0.0,0.0,0.0,0.0
1784671586.951754,314753.8453935,0,0,8,0,0,54.575002,0.248,72.47424657636883,75.62014866073976,175.18902184747225,72.47424657636883,72.01235403370661,75.62014866073976,0.0,0.0,0.0,0.0,0.0,0.0,0.0,-72.47424657636883,0.0,0.0,-75.62014866073976,0.0,0.0,0.0,0.0,0.0,0.0,0.0,0.0,0,0,72.47424657636883,75.62014866073976,0.0,0.0,0.0,0.0,0.0,0.0,0.0,0.0,0.0,0.0,0.0,0.0,0.0,0.0,0.0,0.0,0.0,0.0,0.0,0.0,0.0,0.0,0.0,0.0,0.0,0.0,0.0,0.0,0.0
1784671586.953383,314753.8470216,0,0,8,0,0,54.577502,0.342,72.64476504899825,68.03763444347999,174.14597619079836,72.64476504899825,64.6973688609024,68.03763444347999,0.0,0.0,0.0,0.0,0.0,0.0,0.0,-72.64476504899825,0.0,0.0,-68.03763444347999,0.0,0.0,0.0,0.0,0.0,0.0,0.0,0.0,0,0,72.64476504899825,68.03763444347999,0.0,0.0,0.0,0.0,0.0,0.0,0.0,0.0,0.0,0.0,0.0,0.0,0.0,0.0,0.0,0.0,0.0,0.0,0.0,0.0,0.0,0.0,0.0,0.0,0.0,0.0,0.0,0.0,0.0
1784671586.9560685,314753.8497066,0,0,8,0,0,54.580003,0.446,72.7967142279564,60.55767004213892,174.0280195038448,72.7967142279564,57.18988407828754,60.55767004213892,0.0,0.0,0.0,0.0,0.0,0.0,0.0,-72.7967142279564,0.0,0.0,-60.55767004213892,0.0,0.0,0.0,0.0,0.0,0.0,0.0,0.0,0,0,72.7967142279564,60.55767004213892,0.0,0.0,0.0,0.0,0.0,0.0,0.0,0.0,0.0,0.0,0.0,0.0,0.0,0.0,0.0,0.0,0.0,0.0,0.0,0.0,0.0,0.0,0.0,0.0,0.0,0.0,0.0,0.0,0.0
1784671586.9584618,314753.8521013,0,0,8,0,0,54.582504,0.545,72.93152067020031,53.45838057229536,175.0828412641211,72.93152067020031,50.39989784133051,53.45838057229536,0.0,0.0,0.0,0.0,0.0,0.0,0.0,-72.93152067020031,0.0,0.0,-53.45838057229536,0.0,0.0,0.0,0.0,0.0,0.0,0.0,0.0,0,0,72.93152067020031,53.45838057229536,0.0,0.0,0.0,0.0,0.0,0.0,0.0,0.0,0.0,0.0,0.0,0.0,0.0,0.0,0.0,0.0,0.0,0.0,0.0,0.0,0.0,0.0,0.0,0.0,0.0,0.0,0.0,0.0,0.0
1784671586.961763,314753.8554024,0,0,8,0,0,54.585013,0.6629999999999999,73.04770125445698,45.1431161201614,175.77177995417222,73.04770125445697,40.63491763457272,45.1431161201614,0.0,0.0,0.0,0.0,0.0,0.0,0.0,-73.04770125445698,0.0,0.0,-45.1431161201614,0.0,0.0,0.0,0.0,0.0,0.0,0.0,0.0,0,0,73.04770125445698,45.1431161201614,0.0,0.0,0.0,0.0,0.0,0.0,0.0,0.0,0.0,0.0,0.0,0.0,0.0,0.0,0.0,0.0,0.0,0.0,0.0,0.0,0.0,0.0,0.0,0.0,0.0,0.0,0.0,0.0,0.0
1784671586.9635732,314753.8572127,0,0,8,0,0,54.587504,0.753,73.14758288355138,38.50867231744196,177.27963070258943,73.14758288355138,34.65867974817885,38.50867231744196,0.0,0.0,0.0,0.0,0.0,0.0,0.0,-73.14758288355138,0.0,0.0,-38.50867231744196,0.0,0.0,0.0,0.0,0.0,0.0,0.0,0.0,0,0,73.14758288355138,38.50867231744196,0.0,0.0,0.0,0.0,0.0,0.0,0.0,0.0,0.0,0.0,0.0,0.0,0.0,0.0,0.0,0.0,0.0,0.0,0.0,0.0,0.0,0.0,0.0,0.0,0.0,0.0,0.0,0.0,0.0
1784671586.9657943,314753.8594347,0,0,8,0,0,54.590003,0.848,73.23263577491473,32.39585235469664,177.9061582319399,73.23263577491473,28.769941684426165,32.39585235469664,0.0,0.0,0.0,0.0,0.0,0.0,0.0,-73.23263577491473,0.0,0.0,-32.39585235469664,0.0,0.0,0.0,0.0,0.0,0.0,0.0,0.0,0,0,73.23263577491473,32.39585235469664,0.0,0.0,0.0,0.0,0.0,0.0,0.0,0.0,0.0,0.0,0.0,0.0,0.0,0.0,0.0,0.0,0.0,0.0,0.0,0.0,0.0,0.0,0.0,0.0,0.0,0.0,0.0,0.0,0.0
1784671586.9682672,314753.8619081,0,0,8,0,0,54.592504,0.954,73.30273617519123,26.16187527404121,177.32245319853428,73.30273617519123,22.29495480897745,26.16187527404122,0.0,0.0,0.0,0.0,0.0,0.0,0.0,-73.30273617519123,0.0,0.0,-26.16187527404121,0.0,0.0,0.0,0.0,0.0,0.0,0.0,0.0,0,0,73.30273617519123,26.16187527404121,0.0,0.0,0.0,0.0,0.0,0.0,0.0,0.0,0.0,0.0,0.0,0.0,0.0,0.0,0.0,0.0,0.0,0.0,0.0,0.0,0.0,0.0,0.0,0.0,0.0,0.0,0.0,0.0,0.0
1784671586.9717214,314753.8653607,0,0,8,0,0,54.595004,1.05,73.3546319093512,18.863967360116664,177.4242568657782,73.3546319093512,15.697468181831065,18.863967360116664,0.0,0.0,0.0,0.0,0.0,0.0,0.0,-73.3546319093512,0.0,0.0,-18.863967360116664,0.0,0.0,0.0,0.0,0.0,0.0,0.0,0.0,0,0,73.3546319093512,18.863967360116664,0.0,0.0,0.0,0.0,0.0,0.0,0.0,0.0,0.0,0.0,0.0,0.0,0.0,0.0,0.0,0.0,0.0,0.0,0.0,0.0,0.0,0.0,0.0,0.0,0.0,0.0,0.0,0.0,0.0
1784671586.9733083,314753.8669469,0,0,8,0,0,54.597503,1.147,73.38994691110612,12.08379444312887,177.64430864931688,73.38994691110612,9.099981554684677,12.08379444312887,0.0,0.0,0.0,0.0,0.0,0.0,0.0,-73.38994691110612,0.0,0.0,-12.08379444312887,0.0,0.0,0.0,0.0,0.0,0.0,0.0,0.0,0,0,73.38994691110612,12.08379444312887,0.0,0.0,0.0,0.0,0.0,0.0,0.0,0.0,0.0,0.0,0.0,0.0,0.0,0.0,0.0,0.0,0.0,0.0,0.0,0.0,0.0,0.0,0.0,0.0,0.0,0.0,0.0,0.0,0.0
