received_at_unix_s,received_at_monotonic_s,run_id,seed,controller_fault_flags,controller_saturation_flags,imu_timestamp_us,t_sec,age_ms,pitch_deg,pitch_rate_dps,raw_acc_pitch_deg,fused_pitch_deg,gyro_pitch_rate_dps,filtered_pitch_rate_dps,u_sps,turn_sps,target_velocity_sps,vel_error,measured_vel_sps,velocity_p_term_deg,velocity_i_term_deg,pitch_error_deg,pitch_sp_deg,rate_setpoint_dps,rate_error_dps,command_saturated,actuator_fault,left_target_sps,right_target_sps,left_applied_sps,right_applied_sps,motor_update_dt_ms,motor_feedback_age_ms,left_actual_steps,right_actual_steps,plant_pitch_deg,plant_pitch_rate_dps,plant_position_m,plant_velocity_mps,target_wheel_velocity,actual_wheel_velocity,plant_velocity_error,f_cmd,f_app,external_force_n,external_com_bias_rad,x_ddot,theta_ddot,force_saturated,phase_error_steps,missed_steps,traction_limit_n,motor_force_limit_n,total_mass_scale,pitch_inertia_scale,motor_max_force_n,motor_no_load_speed_mps,motor_velocity_damping,motor_tau_s,traction_coefficient,pitch_damping,cart_damping,phase_error_limit_steps,tire_stiffness_n_per_m,tire_damping_n_s_per_m,wheel_equivalent_mass_kg
1784671657.369109,314824.2627499,0,0,8,0,0,3.802497,0.662,179.72914356782735,179.55644940365548,171.8855980972474,179.72914356782735,181.597131909544,179.55644940365548,0.0,0.0,0.0,0.0,0.0,0.0,0.0,-179.72914356782735,0.0,0.0,-179.55644940365548,0.0,0.0,0.0,0.0,0.0,0.0,0.0,0.0,0,0,179.72914356782735,179.55644940365548,0.0,0.0,0.0,0.0,0.0,0.0,0.0,0.0,0.0,0.0,0.0,0.0,0.0,0.0,0.0,0.0,0.0,0.0,0.0,0.0,0.0,0.0,0.0,0.0,0.0,0.0,0.0,0.0,0.0
1784671657.3693142,314824.2629557,0,0,8,0,0,3.804997,0.763,-179.83048073472602,184.85136777601195,163.35851924987298,-179.83048073472602,187.13587068273188,184.85136777601195,0.0,0.0,0.0,0.0,0.0,0.0,0.0,179.83048073472602,0.0,0.0,-184.85136777601195,0.0,0.0,0.0,0.0,0.0,0.0,0.0,0.0,0,0,-179.83048073472602,184.85136777601195,0.0,0.0,0.0,0.0,0.0,0.0,0.0,0.0,0.0,0.0,0.0,0.0,0.0,0.0,0.0,0.0,0.0,0.0,0.0,0.0,0.0,0.0,0.0,0.0,0.0,0.0,0.0,0.0,0.0
1784671657.3694527,314824.2630937,0,0,8,0,0,3.807497,0.86,-179.3799052111669,188.2301068936769,161.97293768717563,-179.3799052111669,189.51586585857248,188.2301068936769,0.0,0.0,0.0,0.0,0.0,0.0,0.0,179.3799052111669,0.0,0.0,-188.2301068936769,0.0,0.0,0.0,0.0,0.0,0.0,0.0,0.0,0,0,-179.3799052111669,188.2301068936769,0.0,0.0,0.0,0.0,0.0,0.0,0.0,0.0,0.0,0.0,0.0,0.0,0.0,0.0,0.0,0.0,0.0,0.0,0.0,0.0,0.0,0.0,0.0,0.0,0.0,0.0,0.0,0.0,0.0
1784671657.3695278,314824.2631694,0,0,8,0,0,3.809997,0.962,-178.9225015271129,191.7250586243206,172.1871827165004,-178.9225015271129,193.47085784195468,191.7250586243206,0.0,0.0,0.0,0.0,0.0,0.0,0.0,178.9225015271129,0.0,0.0,-191.7250586243206,0.0,0.0,0.0,0.0,0.0,0.0,0.0,0.0,0,0,-178.9225015271129,191.7250586243206,0.0,0.0,0.0,0.0,0.0,0.0,0.0,0.0,0.0,0.0,0.0,0.0,0.0,0.0,0.0,0.0,0.0,0.0,0.0,0.0,0.0,0.0,0.0,0.0,0.0,0.0,0.0,0.0,0.0
1784671657.3774154,314824.2710537,0,0,8,0,0,3.812497,1.06,-178.45283047471207,196.79150108023785,164.90829257132376,-178.45283047471207,199.0270965796708,196.7915010802378,0.0,0.0,0.0,0.0,0.0,0.0,0.0,178.45283047471207,0.0,0.0,-196.79150108023785,0.0,0.0,0.0,0.0,0.0,0.0,0.0,0.0,0,0,-178.45283047471207,196.79150108023785,0.0,0.0,0.0,0.0,0.0,0.0,0.0,0.0,0.0,0.0,0.0,0.0,0.0,0.0,0.0,0.0,0.0,0.0,0.0,0.0,0.0,0.0,0.0,0.0,0.0,0.0,0.0,0.0,0.0
1784671657.3779478,314824.2715863,0,0,8,0,0,3.814998,1.158,-177.97422877688285,199.67900636222535,157.5755206204806,-177.97422877688285,200.58459342268412,199.67900636222535,0.0,0.0,0.0,0.0,0.0,0.0,0.0,177.97422877688285,0.0,0.0,-199.67900636222535,0.0,0.0,0.0,0.0,0.0,0.0,0.0,0.0,0,0,-177.97422877688285,199.67900636222535,0.0,0.0,0.0,0.0,0.0,0.0,0.0,0.0,0.0,0.0,0.0,0.0,0.0,0.0,0.0,0.0,0.0,0.0,0.0,0.0,0.0,0.0,0.0,0.0,0.0,0.0,0.0,0.0,0.0
1784671657.379954,314824.2735934,0,0,8,0,0,3.817497,0.057,-177.24396806856956,204.99424205694217,171.4031619022654,-177.24396806856953,207.05083031586872,204.99424205694217,0.0,0.0,0.0,0.0,0.0,0.0,0.0,177.24396806856956,0.0,0.0,-204.99424205694217,0.0,0.0,0.0,0.0,0.0,0.0,0.0,0.0,0,0,-177.24396806856956,204.99424205694217,0.0,0.0,0.0,0.0,0.0,0.0,0.0,0.0,0.0,0.0,0.0,0.0,0.0,0.0,0.0,0.0,0.0,0.0,0.0,0.0,0.0,0.0,0.0,0.0,0.0,0.0,0.0,0.0,0.0
1784671657.3801186,314824.2737597,0,0,8,0,0,3.819997,0.156,-176.7429713169865,209.82145181545263,166.88356387460854,-176.7429713169865,211.8808205256629,209.82145181545263,0.0,0.0,0.0,0.0,0.0,0.0,0.0,176.7429713169865,0.0,0.0,-209.82145181545263,0.0,0.0,0.0,0.0,0.0,0.0,0.0,0.0,0,0,-176.7429713169865,209.82145181545263,0.0,0.0,0.0,0.0,0.0,0.0,0.0,0.0,0.0,0.0,0.0,0.0,0.0,0.0,0.0,0.0,0.0,0.0,0.0,0.0,0.0,0.0,0.0,0.0,0.0,0.0,0.0,0.0,0.0
1784671657.3810945,314824.2747338,0,0,8,0,0,3.822497,0.254,-176.23175578812612,213.6887457443894,163.98889146229553,-176.23175578812612,215.21456376829255,213.68874574438937,0.0,0.0,0.0,0.0,0.0,0.0,0.0,176.23175578812612,0.0,0.0,-213.6887457443894,0.0,0.0,0.0,0.0,0.0,0.0,0.0,0.0,0,0,-176.23175578812612,213.6887457443894,0.0,0.0,0.0,0.0,0.0,0.0,0.0,0.0,0.0,0.0,0.0,0.0,0.0,0.0,0.0,0.0,0.0,0.0,0.0,0.0,0.0,0.0,0.0,0.0,0.0,0.0,0.0,0.0,0.0
1784671657.3840728,314824.277711,0,0,8,0,0,3.824997,0.354,-175.71308162415292,216.9436490034444,168.34697336680338,-175.7130816241529,218.4170572769605,216.9436490034444,0.0,0.0,0.0,0.0,0.0,0.0,0.0,175.71308162415292,0.0,0.0,-216.9436490034444,0.0,0.0,0.0,0.0,0.0,0.0,0.0,0.0,0,0,-175.71308162415292,216.9436490034444,0.0,0.0,0.0,0.0,0.0,0.0,0.0,0.0,0.0,0.0,0.0,0.0,0.0,0.0,0.0,0.0,0.0,0.0,0.0,0.0,0.0,0.0,0.0,0.0,0.0,0.0,0.0,0.0,0.0
1784671657.3856783,314824.2793144,0,0,8,0,0,3.827497,0.453,-175.18503844127528,221.01212103420957,170.80818564929754,-175.18503844127528,222.94079810751043,221.01212103420957,0.0,0.0,0.0,0.0,0.0,0.0,0.0,175.18503844127528,0.0,0.0,-221.01212103420957,0.0,0.0,0.0,0.0,0.0,0.0,0.0,0.0,0,0,-175.18503844127528,221.01212103420957,0.0,0.0,0.0,0.0,0.0,0.0,0.0,0.0,0.0,0.0,0.0,0.0,0.0,0.0,0.0,0.0,0.0,0.0,0.0,0.0,0.0,0.0,0.0,0.0,0.0,0.0,0.0,0.0,0.0
1784671657.386856,314824.2804955,0,0,8,0,0,3.830034,0.589,-174.64568937700346,225.80897440874915,169.05010896803526,-174.64568937700346,227.8932880690023,225.80897440874912,0.0,0.0,0.0,0.0,0.0,0.0,0.0,174.64568937700346,0.0,0.0,-225.80897440874915,0.0,0.0,0.0,0.0,0.0,0.0,0.0,0.0,0,0,-174.64568937700346,225.80897440874915,0.0,0.0,0.0,0.0,0.0,0.0,0.0,0.0,0.0,0.0,0.0,0.0,0.0,0.0,0.0,0.0,0.0,0.0,0.0,0.0,0.0,0.0,0.0,0.0,0.0,0.0,0.0,0.0,0.0
1784671657.3890698,314824.2827082,0,0,8,0,0,3.832498,0.652,-174.09676655696896,229.34967715541475,162.11061343990764,-174.096766556969,230.6407824999359,229.34967715541472,0.0,0.0,0.0,0.0,0.0,0.0,0.0,174.09676655696896,0.0,0.0,-229.34967715541475,0.0,0.0,0.0,0.0,0.0,0.0,0.0,0.0,0,0,-174.09676655696896,229.34967715541475,0.0,0.0,0.0,0.0,0.0,0.0,0.0,0.0,0.0,0.0,0.0,0.0,0.0,0.0,0.0,0.0,0.0,0.0,0.0,0.0,0.0,0.0,0.0,0.0,0.0,0.0,0.0,0.0,0.0
1784671657.391375,314824.2850135,0,0,8,0,0,3.834999,0.751,-173.54141232897737,232.1432926511995,167.7536671403196,-173.54141232897737,233.8082760795473,232.1432926511995,0.0,0.0,0.0,0.0,0.0,0.0,0.0,173.54141232897737,0.0,0.0,-232.1432926511995,0.0,0.0,0.0,0.0,0.0,0.0,0.0,0.0,0,0,-173.54141232897737,232.1432926511995,0.0,0.0,0.0,0.0,0.0,0.0,0.0,0.0,0.0,0.0,0.0,0.0,0.0,0.0,0.0,0.0,0.0,0.0,0.0,0.0,0.0,0.0,0.0,0.0,0.0,0.0,0.0,0.0,0.0
1784671657.3944156,314824.2880546,0,0,8,0,0,3.837498,0.851,-172.97714841171336,236.1404649152416,171.619262533337,-172.97714841171333,237.798267991986,236.1404649152416,0.0,0.0,0.0,0.0,0.0,0.0,0.0,172.97714841171336,0.0,0.0,-236.1404649152416,0.0,0.0,0.0,0.0,0.0,0.0,0.0,0.0,0,0,-172.97714841171336,236.1404649152416,0.0,0.0,0.0,0.0,0.0,0.0,0.0,0.0,0.0,0.0,0.0,0.0,0.0,0.0,0.0,0.0,0.0,0.0,0.0,0.0,0.0,0.0,0.0,0.0,0.0,0.0,0.0,0.0,0.0
1784671657.3963425,314824.2899824,0,0,8,0,0,3.839997,0.948,-172.4064593222913,237.83471227254097,161.73489253149802,-172.4064593222913,238.27076703424845,237.834712272541,0.0,0.0,0.0,0.0,0.0,0.0,0.0,172.4064593222913,0.0,0.0,-237.83471227254097,0.0,0.0,0.0,0.0,0.0,0.0,0.0,0.0,0,0,-172.4064593222913,237.83471227254097,0.0,0.0,0.0,0.0,0.0,0.0,0.0,0.0,0.0,0.0,0.0,0.0,0.0,0.0,0.0,0.0,0.0,0.0,0.0,0.0,0.0,0.0,0.0,0.0,0.0,0.0,0.0,0.0,0.0
1784671657.3992577,314824.2928963,0,0,8,0,0,3.842498,1.049,-171.8343909807781,238.72287489648028,172.65391354896246,-171.8343909807781,239.36451481726343,238.72287489648028,0.0,0.0,0.0,0.0,0.0,0.0,0.0,171.8343909807781,0.0,0.0,-238.72287489648028,0.0,0.0,0.0,0.0,0.0,0.0,0.0,0.0,0,0,-171.8343909807781,238.72287489648028,0.0,0.0,0.0,0.0,0.0,0.0,0.0,0.0,0.0,0.0,0.0,0.0,0.0,0.0,0.0,0.0,0.0,0.0,0.0,0.0,0.0,0.0,0.0,0.0,0.0,0.0,0.0,0.0,0.0
1784671657.404194,314824.2978324,0,0,8,0,0,3.844997,1.147,-171.2556072411782,241.8514328837511,170.98935229499028,-171.2556072411782,243.25825692479685,241.8514328837511,0.0,0.0,0.0,0.0,0.0,0.0,0.0,171.2556072411782,0.0,0.0,-241.8514328837511,0.0,0.0,0.0,0.0,0.0,0.0,0.0,0.0,0,0,-171.2556072411782,241.8514328837511,0.0,0.0,0.0,0.0,0.0,0.0,0.0,0.0,0.0,0.0,0.0,0.0,0.0,0.0,0.0,0.0,0.0,0.0,0.0,0.0,0.0,0.0,0.0,0.0,0.0,0.0,0.0,0.0,0.0
1784671657.4045367,314824.298177,0,0,8,0,0,3.847498,0.046,-170.3831970740106,243.04891489925464,162.9739892162939,-170.3831970740106,242.80325784706253,243.04891489925464,0.0,0.0,0.0,0.0,0.0,0.0,0.0,170.3831970740106,0.0,0.0,-243.04891489925464,0.0,0.0,0.0,0.0,0.0,0.0,0.0,0.0,0,0,-170.3831970740106,243.04891489925464,0.0,0.0,0.0,0.0,0.0,0.0,0.0,0.0,0.0,0.0,0.0,0.0,0.0,0.0,0.0,0.0,0.0,0.0,0.0,0.0,0.0,0.0,0.0,0.0,0.0,0.0,0.0,0.0,0.0
1784671657.4124668,314824.306105,0,0,8,0,0,3.849996,0.142,-169.80088825014053,243.6980600262985,174.88366265428414,-169.80088825014056,244.28200484969884,243.6980600262985,0.0,0.0,0.0,0.0,0.0,0.0,0.0,169.80088825014053,0.0,0.0,-243.6980600262985,0.0,0.0,0.0,0.0,0.0,0.0,0.0,0.0,0,0,-169.80088825014053,243.6980600262985,0.0,0.0,0.0,0.0,0.0,0.0,0.0,0.0,0.0,0.0,0.0,0.0,0.0,0.0,0.0,0.0,0.0,0.0,0.0,0.0,0.0,0.0,0.0,0.0,0.0,0.0,0.0,0.0,0.0
1784671657.4126608,314824.3063019,0,0,8,0,0,3.852498,0.247,-169.21344577065702,246.87791722065955,172.25878191639734,-169.21344577065702,248.4119964783634,246.87791722065955,0.0,0.0,0.0,0.0,0.0,0.0,0.0,169.21344577065702,0.0,0.0,-246.87791722065955,0.0,0.0,0.0,0.0,0.0,0.0,0.0,0.0,0,0,-169.21344577065702,246.87791722065955,0.0,0.0,0.0,0.0,0.0,0.0,0.0,0.0,0.0,0.0,0.0,0.0,0.0,0.0,0.0,0.0,0.0,0.0,0.0,0.0,0.0,0.0,0.0,0.0,0.0,0.0,0.0,0.0,0.0
1784671657.4128122,314824.3064537,0,0,8,0,0,3.854997,0.3409999999999999,-168.61827847834005,248.7221748865336,165.73681058819668,-168.61827847834005,249.26949474024715,248.7221748865336,0.0,0.0,0.0,0.0,0.0,0.0,0.0,168.61827847834005,0.0,0.0,-248.7221748865336,0.0,0.0,0.0,0.0,0.0,0.0,0.0,0.0,0,0,-168.61827847834005,248.7221748865336,0.0,0.0,0.0,0.0,0.0,0.0,0.0,0.0,0.0,0.0,0.0,0.0,0.0,0.0,0.0,0.0,0.0,0.0,0.0,0.0,0.0,0.0,0.0,0.0,0.0,0.0,0.0,0.0,0.0
1784671657.413834,314824.3074732,0,0,8,0,0,3.857497,0.441,-168.02158508825343,249.88057836,168.69532808729804,-168.02158508825343,250.4419923636392,249.88057836000004,0.0,0.0,0.0,0.0,0.0,0.0,0.0,168.02158508825343,0.0,0.0,-249.88057836,0.0,0.0,0.0,0.0,0.0,0.0,0.0,0.0,0,0,-168.02158508825343,249.88057836,0.0,0.0,0.0,0.0,0.0,0.0,0.0,0.0,0.0,0.0,0.0,0.0,0.0,0.0,0.0,0.0,0.0,0.0,0.0,0.0,0.0,0.0,0.0,0.0,0.0,0.0,0.0,0.0,0.0
1784671657.4171584,314824.3107959,0,0,8,0,0,3.859998,0.541,-167.42115428222354,251.4816792574297,172.8570552780575,-167.4211542822235,252.3057385858968,251.4816792574297,0.0,0.0,0.0,0.0,0.0,0.0,0.0,167.42115428222354,0.0,0.0,-251.4816792574297,0.0,0.0,0.0,0.0,0.0,0.0,0.0,0.0,0,0,-167.42115428222354,251.4816792574297,0.0,0.0,0.0,0.0,0.0,0.0,0.0,0.0,0.0,0.0,0.0,0.0,0.0,0.0,0.0,0.0,0.0,0.0,0.0,0.0,0.0,0.0,0.0,0.0,0.0,0.0,0.0,0.0,0.0
1784671657.419016,314824.3126537,0,0,8,0,0,3.862498,0.64,-166.81670769029705,252.9709217914105,167.3724600219297,-166.81670769029708,253.4694862270247,252.97092179141043,0.0,0.0,0.0,0.0,0.0,0.0,0.0,166.81670769029705,0.0,0.0,-252.9709217914105,0.0,0.0,0.0,0.0,0.0,0.0,0.0,0.0,0,0,-166.81670769029705,252.9709217914105,0.0,0.0,0.0,0.0,0.0,0.0,0.0,0.0,0.0,0.0,0.0,0.0,0.0,0.0,0.0,0.0,0.0,0.0,0.0,0.0,0.0,0.0,0.0,0.0,0.0,0.0,0.0,0.0,0.0
1784671657.4259646,314824.3196016,0,0,8,0,0,3.864998,0.74,-166.2126563557454,252.34968639499905,164.32681892907183,-166.2126563557454,251.8507395081625,252.34968639499905,0.0,0.0,0.0,0.0,0.0,0.0,0.0,166.2126563557454,0.0,0.0,-252.34968639499905,0.0,0.0,0.0,0.0,0.0,0.0,0.0,0.0,0,0,-166.2126563557454,252.34968639499905,0.0,0.0,0.0,0.0,0.0,0.0,0.0,0.0,0.0,0.0,0.0,0.0,0.0,0.0,0.0,0.0,0.0,0.0,0.0,0.0,0.0,0.0,0.0,0.0,0.0,0.0,0.0,0.0,0.0
1784671657.426246,314824.3198873,0,0,8,0,0,3.867498,0.837,-165.61101383257736,251.0151991855743,171.7927477827401,-165.61101383257738,250.48574227495985,251.01519918557432,0.0,0.0,0.0,0.0,0.0,0.0,0.0,165.61101383257736,0.0,0.0,-251.0151991855743,0.0,0.0,0.0,0.0,0.0,0.0,0.0,0.0,0,0,-165.61101383257736,251.0151991855743,0.0,0.0,0.0,0.0,0.0,0.0,0.0,0.0,0.0,0.0,0.0,0.0,0.0,0.0,0.0,0.0,0.0,0.0,0.0,0.0,0.0,0.0,0.0,0.0,0.0,0.0,0.0,0.0,0.0
1784671657.426962,314824.3206027,0,0,8,0,0,3.869997,0.937,-165.01080821523843,251.21448631058777,171.06234300070025,-165.01080821523843,251.36074050137185,251.21448631058772,0.0,0.0,0.0,0.0,0.0,0.0,0.0,165.01080821523843,0.0,0.0,-251.21448631058777,0.0,0.0,0.0,0.0,0.0,0.0,0.0,0.0,0,0,-165.01080821523843,251.21448631058777,0.0,0.0,0.0,0.0,0.0,0.0,0.0,0.0,0.0,0.0,0.0,0.0,0.0,0.0,0.0,0.0,0.0,0.0,0.0,0.0,0.0,0.0,0.0,0.0,0.0,0.0,0.0,0.0,0.0
1784671657.429947,314824.3235864,0,0,8,0,0,3.872533,1.072,-164.41080717776595,250.56035884669527,164.8035125460183,-164.41080717776592,250.0657431262821,250.5603588466953,0.0,0.0,0.0,0.0,0.0,0.0,0.0,164.41080717776595,0.0,0.0,-250.56035884669527,0.0,0.0,0.0,0.0,0.0,0.0,0.0,0.0,0,0,-164.41080717776595,250.56035884669527,0.0,0.0,0.0,0.0,0.0,0.0,0.0,0.0,0.0,0.0,0.0,0.0,0.0,0.0,0.0,0.0,0.0,0.0,0.0,0.0,0.0,0.0,0.0,0.0,0.0,0.0,0.0,0.0,0.0
1784671657.4317732,314824.3254142,0,0,8,0,0,3.874997,1.1329999999999998,-163.81509160885903,248.2959733640168,169.8594752658279,-163.815091608859,247.3182486953484,248.2959733640168,0.0,0.0,0.0,0.0,0.0,0.0,0.0,163.81509160885903,0.0,0.0,-248.2959733640168,0.0,0.0,0.0,0.0,0.0,0.0,0.0,0.0,0,0,-163.81509160885903,248.2959733640168,0.0,0.0,0.0,0.0,0.0,0.0,0.0,0.0,0.0,0.0,0.0,0.0,0.0,0.0,0.0,0.0,0.0,0.0,0.0,0.0,0.0,0.0,0.0,0.0,0.0,0.0,0.0,0.0,0.0
1784671657.4356756,314824.3293144,0,0,8,0,0,3.877478,0.014,-162.92483529720974,248.57193931050492,175.1635858837126,-162.92483529720977,248.75324578666408,248.57193931050492,0.0,0.0,0.0,0.0,0.0,0.0,0.0,162.92483529720974,0.0,0.0,-248.57193931050492,0.0,0.0,0.0,0.0,0.0,0.0,0.0,0.0,0,0,-162.92483529720974,248.57193931050492,0.0,0.0,0.0,0.0,0.0,0.0,0.0,0.0,0.0,0.0,0.0,0.0,0.0,0.0,0.0,0.0,0.0,0.0,0.0,0.0,0.0,0.0,0.0,0.0,0.0,0.0,0.0,0.0,0.0
1784671657.4371724,314824.330811,0,0,8,0,0,3.879998,0.133,-162.33350024488317,246.44820732041865,164.63171907222863,-162.33350024488317,245.06075327120556,246.4482073204186,0.0,0.0,0.0,0.0,0.0,0.0,0.0,162.33350024488317,0.0,0.0,-246.44820732041865,0.0,0.0,0.0,0.0,0.0,0.0,0.0,0.0,0,0,-162.33350024488317,246.44820732041865,0.0,0.0,0.0,0.0,0.0,0.0,0.0,0.0,0.0,0.0,0.0,0.0,0.0,0.0,0.0,0.0,0.0,0.0,0.0,0.0,0.0,0.0,0.0,0.0,0.0,0.0,0.0,0.0,0.0
1784671657.4396353,314824.3332738,0,0,8,0,0,3.882497,0.2329999999999999,-161.75069280086785,243.11138090685435,170.67051166413714,-161.75069280086785,241.74450999310403,243.11138090685435,0.0,0.0,0.0,0.0,0.0,0.0,0.0,161.75069280086785,0.0,0.0,-243.11138090685435,0.0,0.0,0.0,0.0,0.0,0.0,0.0,0.0,0,0,-161.75069280086785,243.11138090685435,0.0,0.0,0.0,0.0,0.0,0.0,0.0,0.0,0.0,0.0,0.0,0.0,0.0,0.0,0.0,0.0,0.0,0.0,0.0,0.0,0.0,0.0,0.0,0.0,0.0,0.0,0.0,0.0,0.0
1784671657.441984,314824.3356232,0,0,8,0,0,3.884998,0.3339999999999999,-161.17207353369645,241.7908507182785,174.59611014143672,-161.17207353369645,241.3595107734828,241.79085071827848,0.0,0.0,0.0,0.0,0.0,0.0,0.0,161.17207353369645,0.0,0.0,-241.7908507182785,0.0,0.0,0.0,0.0,0.0,0.0,0.0,0.0,0,0,-161.17207353369645,241.7908507182785,0.0,0.0,0.0,0.0,0.0,0.0,0.0,0.0,0.0,0.0,0.0,0.0,0.0,0.0,0.0,0.0,0.0,0.0,0.0,0.0,0.0,0.0,0.0,0.0,0.0,0.0,0.0,0.0,0.0
1784671657.4499748,314824.343613,0,0,8,0,0,3.887497,0.429,-160.5946444510578,240.85153570756484,172.3083705756087,-160.5946444510578,240.34451283084488,240.85153570756484,0.0,0.0,0.0,0.0,0.0,0.0,0.0,160.5946444510578,0.0,0.0,-240.85153570756484,0.0,0.0,0.0,0.0,0.0,0.0,0.0,0.0,0,0,-160.5946444510578,240.85153570756484,0.0,0.0,0.0,0.0,0.0,0.0,0.0,0.0,0.0,0.0,0.0,0.0,0.0,0.0,0.0,0.0,0.0,0.0,0.0,0.0,0.0,0.0,0.0,0.0,0.0,0.0,0.0,0.0,0.0
1784671657.4528835,314824.3465207,0,0,8,0,0,3.889999,0.532,-160.0221733864803,239.16622977797357,172.3556394881937,-160.0221733864803,238.4457666795309,239.1662297779736,0.0,0.0,0.0,0.0,0.0,0.0,0.0,160.0221733864803,0.0,0.0,-239.16622977797357,0.0,0.0,0.0,0.0,0.0,0.0,0.0,0.0,0,0,-160.0221733864803,239.16622977797357,0.0,0.0,0.0,0.0,0.0,0.0,0.0,0.0,0.0,0.0,0.0,0.0,0.0,0.0,0.0,0.0,0.0,0.0,0.0,0.0,0.0,0.0,0.0,0.0,0.0,0.0,0.0,0.0,0.0
1784671657.453082,314824.3467231,0,0,8,0,0,3.892497,0.627,-159.45318366395003,237.18429331402427,170.61635960803022,-159.45318366395003,236.22327118444443,237.18429331402427,0.0,0.0,0.0,0.0,0.0,0.0,0.0,159.45318366395003,0.0,0.0,-237.18429331402427,0.0,0.0,0.0,0.0,0.0,0.0,0.0,0.0,0,0,-159.45318366395003,237.18429331402427,0.0,0.0,0.0,0.0,0.0,0.0,0.0,0.0,0.0,0.0,0.0,0.0,0.0,0.0,0.0,0.0,0.0,0.0,0.0,0.0,0.0,0.0,0.0,0.0,0.0,0.0,0.0,0.0,0.0
1784671657.4531438,314824.3467854,0,0,8,0,0,3.894998,0.727,-158.89203554408925,233.75520451100303,169.44601756261915,-158.89203554408925,232.15452943162867,233.755204511003,0.0,0.0,0.0,0.0,0.0,0.0,0.0,158.89203554408925,0.0,0.0,-233.75520451100303,0.0,0.0,0.0,0.0,0.0,0.0,0.0,0.0,0,0,-158.89203554408925,233.75520451100303,0.0,0.0,0.0,0.0,0.0,0.0,0.0,0.0,0.0,0.0,0.0,0.0,0.0,0.0,0.0,0.0,0.0,0.0,0.0,0.0,0.0,0.0,0.0,0.0,0.0,0.0,0.0,0.0,0.0
1784671657.4540718,314824.3477107,0,0,8,0,0,3.897497,0.8260000000000001,-158.33965309178134,230.2362224106764,176.34466850545837,-158.33965309178134,228.6982864373013,230.2362224106764,0.0,0.0,0.0,0.0,0.0,0.0,0.0,158.33965309178134,0.0,0.0,-230.2362224106764,0.0,0.0,0.0,0.0,0.0,0.0,0.0,0.0,0,0,-158.33965309178134,230.2362224106764,0.0,0.0,0.0,0.0,0.0,0.0,0.0,0.0,0.0,0.0,0.0,0.0,0.0,0.0,0.0,0.0,0.0,0.0,0.0,0.0,0.0,0.0,0.0,0.0,0.0,0.0,0.0,0.0,0.0
1784671657.4566014,314824.3502386,0,0,8,0,0,3.899997,0.924,-157.79285017014712,227.99354136144697,176.5369724437315,-157.79285017014715,226.9395400022132,227.99354136144697,0.0,0.0,0.0,0.0,0.0,0.0,0.0,157.79285017014712,0.0,0.0,-227.99354136144697,0.0,0.0,0.0,0.0,0.0,0.0,0.0,0.0,0,0,-157.79285017014712,227.99354136144697,0.0,0.0,0.0,0.0,0.0,0.0,0.0,0.0,0.0,0.0,0.0,0.0,0.0,0.0,0.0,0.0,0.0,0.0,0.0,0.0,0.0,0.0,0.0,0.0,0.0,0.0,0.0,0.0,0.0
1784671657.464929,314824.3585672,0,0,8,0,0,3.902497,1.023,-157.25535814512895,223.571929219132,169.28754401718038,-157.25535814512895,221.38330126449708,223.571929219132,0.0,0.0,0.0,0.0,0.0,0.0,0.0,157.25535814512895,0.0,0.0,-223.571929219132,0.0,0.0,0.0,0.0,0.0,0.0,0.0,0.0,0,0,-157.25535814512895,223.571929219132,0.0,0.0,0.0,0.0,0.0,0.0,0.0,0.0,0.0,0.0,0.0,0.0,0.0,0.0,0.0,0.0,0.0,0.0,0.0,0.0,0.0,0.0,0.0,0.0,0.0,0.0,0.0,0.0,0.0
1784671657.4667115,314824.3603486,0,0,8,0,0,3.904998,1.124,-156.73056761763084,218.2981728189792,172.60300996789667,-156.73056761763084,215.975812225271,218.2981728189792,0.0,0.0,0.0,0.0,0.0,0.0,0.0,156.73056761763084,0.0,0.0,-218.2981728189792,0.0,0.0,0.0,0.0,0.0,0.0,0.0,0.0,0,0,-156.73056761763084,218.2981728189792,0.0,0.0,0.0,0.0,0.0,0.0,0.0,0.0,0.0,0.0,0.0,0.0,0.0,0.0,0.0,0.0,0.0,0.0,0.0,0.0,0.0,0.0,0.0,0.0,0.0,0.0,0.0,0.0,0.0
1784671657.466974,314824.3606149,0,0,8,0,0,3.907497,0.0209999999999999,-155.96056152773727,213.27858107987777,177.3614920499671,-155.96056152773727,212.09082010000176,213.27858107987777,0.0,0.0,0.0,0.0,0.0,0.0,0.0,155.96056152773727,0.0,0.0,-213.27858107987777,0.0,0.0,0.0,0.0,0.0,0.0,0.0,0.0,0,0,-155.96056152773727,213.27858107987777,0.0,0.0,0.0,0.0,0.0,0.0,0.0,0.0,0.0,0.0,0.0,0.0,0.0,0.0,0.0,0.0,0.0,0.0,0.0,0.0,0.0,0.0,0.0,0.0,0.0,0.0,0.0,0.0,0.0
1784671657.4676445,314824.3612817,0,0,8,0,0,3.909997,0.118,-155.45597482606522,209.9788660532072,171.81117932402148,-155.45597482606522,208.30207777963787,209.9788660532072,0.0,0.0,0.0,0.0,0.0,0.0,0.0,155.45597482606522,0.0,0.0,-209.9788660532072,0.0,0.0,0.0,0.0,0.0,0.0,0.0,0.0,0,0,-155.45597482606522,209.9788660532072,0.0,0.0,0.0,0.0,0.0,0.0,0.0,0.0,0.0,0.0,0.0,0.0,0.0,0.0,0.0,0.0,0.0,0.0,0.0,0.0,0.0,0.0,0.0,0.0,0.0,0.0,0.0,0.0,0.0
1784671657.471142,314824.3647804,0,0,8,0,0,3.912498,0.221,-154.96347463434054,204.97847363887405,170.72085823742208,-154.96347463434054,202.5883393611676,204.97847363887408,0.0,0.0,0.0,0.0,0.0,0.0,0.0,154.96347463434054,0.0,0.0,-204.97847363887405,0.0,0.0,0.0,0.0,0.0,0.0,0.0,0.0,0,0,-154.96347463434054,204.97847363887405,0.0,0.0,0.0,0.0,0.0,0.0,0.0,0.0,0.0,0.0,0.0,0.0,0.0,0.0,0.0,0.0,0.0,0.0,0.0,0.0,0.0,0.0,0.0,0.0,0.0,0.0,0.0,0.0,0.0
1784671657.4717777,314824.3654167,0,0,8,0,0,3.915035,0.356,-154.4837956268994,199.13343739152037,170.02344587671553,-154.4837956268994,196.4546017940196,199.1334373915204,0.0,0.0,0.0,0.0,0.0,0.0,0.0,154.4837956268994,0.0,0.0,-199.13343739152037,0.0,0.0,0.0,0.0,0.0,0.0,0.0,0.0,0,0,-154.4837956268994,199.13343739152037,0.0,0.0,0.0,0.0,0.0,0.0,0.0,0.0,0.0,0.0,0.0,0.0,0.0,0.0,0.0,0.0,0.0,0.0,0.0,0.0,0.0,0.0,0.0,0.0,0.0,0.0,0.0,0.0,0.0
1784671657.4813745,314824.3750124,0,0,8,0,0,3.917497,0.418,-154.0185330017016,193.4273566422741,174.22419319753504,-154.0185330017016,190.98586287894463,193.4273566422741,0.0,0.0,0.0,0.0,0.0,0.0,0.0,154.0185330017016,0.0,0.0,-193.4273566422741,0.0,0.0,0.0,0.0,0.0,0.0,0.0,0.0,0,0,-154.0185330017016,193.4273566422741,0.0,0.0,0.0,0.0,0.0,0.0,0.0,0.0,0.0,0.0,0.0,0.0,0.0,0.0,0.0,0.0,0.0,0.0,0.0,0.0,0.0,0.0,0.0,0.0,0.0,0.0,0.0,0.0,0.0
1784671657.481489,314824.3751306,0,0,8,0,0,3.919996,0.515,-153.56819103119696,186.96282228940535,176.30128329361483,-153.56819103119696,184.3621263050059,186.96282228940535,0.0,0.0,0.0,0.0,0.0,0.0,0.0,153.56819103119696,0.0,0.0,-186.96282228940535,0.0,0.0,0.0,0.0,0.0,0.0,0.0,0.0,0,0,-153.56819103119696,186.96282228940535,0.0,0.0,0.0,0.0,0.0,0.0,0.0,0.0,0.0,0.0,0.0,0.0,0.0,0.0,0.0,0.0,0.0,0.0,0.0,0.0,0.0,0.0,0.0,0.0,0.0,0.0,0.0,0.0,0.0
1784671657.4815924,314824.3752337,0,0,8,0,0,3.922496,0.615,-153.1322326820425,180.99209509818755,173.42047890455095,-153.1322326820425,178.14963889748077,180.99209509818755,0.0,0.0,0.0,0.0,0.0,0.0,0.0,153.1322326820425,0.0,0.0,-180.99209509818755,0.0,0.0,0.0,0.0,0.0,0.0,0.0,0.0,0,0,-153.1322326820425,180.99209509818755,0.0,0.0,0.0,0.0,0.0,0.0,0.0,0.0,0.0,0.0,0.0,0.0,0.0,0.0,0.0,0.0,0.0,0.0,0.0,0.0,0.0,0.0,0.0,0.0,0.0,0.0,0.0,0.0,0.0
1784671657.483501,314824.3771379,0,0,8,0,0,3.924996,0.7150000000000001,-152.71172072386992,174.52000309277196,172.3118002416883,-152.71172072386992,171.6134021461832,174.52000309277193,0.0,0.0,0.0,0.0,0.0,0.0,0.0,152.71172072386992,0.0,0.0,-174.52000309277196,0.0,0.0,0.0,0.0,0.0,0.0,0.0,0.0,0,0,-152.71172072386992,174.52000309277196,0.0,0.0,0.0,0.0,0.0,0.0,0.0,0.0,0.0,0.0,0.0,0.0,0.0,0.0,0.0,0.0,0.0,0.0,0.0,0.0,0.0,0.0,0.0,0.0,0.0,0.0,0.0,0.0,0.0
1784671657.483923,314824.3775628,0,0,8,0,0,3.927496,0.8130000000000001,-152.30677387782757,167.8120131132684,173.12142424832538,-152.30677387782754,164.76216603337735,167.8120131132684,0.0,0.0,0.0,0.0,0.0,0.0,0.0,152.30677387782757,0.0,0.0,-167.8120131132684,0.0,0.0,0.0,0.0,0.0,0.0,0.0,0.0,0,0,-152.30677387782757,167.8120131132684,0.0,0.0,0.0,0.0,0.0,0.0,0.0,0.0,0.0,0.0,0.0,0.0,0.0,0.0,0.0,0.0,0.0,0.0,0.0,0.0,0.0,0.0,0.0,0.0,0.0,0.0,0.0,0.0,0.0
1784671657.4874444,314824.3810828,0,0,8,0,0,3.929998,0.914,-151.91874889420222,160.68769846080002,171.08662992799898,-151.91874889420222,157.3771810024602,160.68769846080002,0.0,0.0,0.0,0.0,0.0,0.0,0.0,151.91874889420222,0.0,0.0,-160.68769846080002,0.0,0.0,0.0,0.0,0.0,0.0,0.0,0.0,0,0,-151.91874889420222,160.68769846080002,0.0,0.0,0.0,0.0,0.0,0.0,0.0,0.0,0.0,0.0,0.0,0.0,0.0,0.0,0.0,0.0,0.0,0.0,0.0,0.0,0.0,0.0,0.0,0.0,0.0,0.0,0.0,0.0,0.0
1784671657.4899962,314824.3836341,0,0,8,0,0,3.932498,1.013,-151.54942296582726,152.73889327669875,170.52794013263292,-151.54942296582726,149.1259477273951,152.73889327669872,0.0,0.0,0.0,0.0,0.0,0.0,0.0,151.54942296582726,0.0,0.0,-152.73889327669875,0.0,0.0,0.0,0.0,0.0,0.0,0.0,0.0,0,0,-151.54942296582726,152.73889327669875,0.0,0.0,0.0,0.0,0.0,0.0,0.0,0.0,0.0,0.0,0.0,0.0,0.0,0.0,0.0,0.0,0.0,0.0,0.0,0.0,0.0,0.0,0.0,0.0,0.0,0.0,0.0,0.0,0.0
1784671657.4919243,314824.3855627,0,0,8,0,0,3.934997,1.11,-151.2001151912654,144.1695757076294,170.58175240159468,-151.2001151912654,140.2709656761058,144.1695757076294,0.0,0.0,0.0,0.0,0.0,0.0,0.0,151.2001151912654,0.0,0.0,-144.1695757076294,0.0,0.0,0.0,0.0,0.0,0.0,0.0,0.0,0,0,-151.2001151912654,144.1695757076294,0.0,0.0,0.0,0.0,0.0,0.0,0.0,0.0,0.0,0.0,0.0,0.0,0.0,0.0,0.0,0.0,0.0,0.0,0.0,0.0,0.0,0.0,0.0,0.0,0.0,0.0,0.0,0.0,0.0
1784671657.4946766,314824.3883155,0,0,8,0,0,3.937498,1.211,-150.8721495004627,135.3729287236575,170.04212820035903,-150.8721495004627,131.42473360708058,135.3729287236575,0.0,0.0,0.0,0.0,0.0,0.0,0.0,150.8721495004627,0.0,0.0,-135.3729287236575,0.0,0.0,0.0,0.0,0.0,0.0,0.0,0.0,0,0,-150.8721495004627,135.3729287236575,0.0,0.0,0.0,0.0,0.0,0.0,0.0,0.0,0.0,0.0,0.0,0.0,0.0,0.0,0.0,0.0,0.0,0.0,0.0,0.0,0.0,0.0,0.0,0.0,0.0,0.0,0.0,0.0,0.0
1784671657.4967575,314824.3903962,0,0,8,0,0,3.939997,0.108,-150.42892803392974,117.59281566796795,169.79640394224464,-150.42892803392974,112.2885223954504,117.59281566796795,0.0,0.0,0.0,0.0,0.0,0.0,0.0,150.42892803392974,0.0,0.0,-117.59281566796795,0.0,0.0,0.0,0.0,0.0,0.0,0.0,0.0,0,0,-150.42892803392974,117.59281566796795,0.0,0.0,0.0,0.0,0.0,0.0,0.0,0.0,0.0,0.0,0.0,0.0,0.0,0.0,0.0,0.0,0.0,0.0,0.0,0.0,0.0,0.0,0.0,0.0,0.0,0.0,0.0,0.0,0.0
1784671657.499615,314824.3932522,0,0,8,0,0,3.942497,0.206,-150.16826648464965,106.8000726642237,169.16163331964546,-150.16826648464965,102.07729309322252,106.80007266422368,0.0,0.0,0.0,0.0,0.0,0.0,0.0,150.16826648464965,0.0,0.0,-106.8000726642237,0.0,0.0,0.0,0.0,0.0,0.0,0.0,0.0,0,0,-150.16826648464965,106.8000726642237,0.0,0.0,0.0,0.0,0.0,0.0,0.0,0.0,0.0,0.0,0.0,0.0,0.0,0.0,0.0,0.0,0.0,0.0,0.0,0.0,0.0,0.0,0.0,0.0,0.0,0.0,0.0,0.0,0.0
1784671657.5024123,314824.3960503,0,0,8,0,0,3.944997,0.306,-149.93318383017993,96.2457426950888,168.59264016934648,-149.9331838301799,91.5423144472222,96.2457426950888,0.0,0.0,0.0,0.0,0.0,0.0,0.0,149.93318383017993,0.0,0.0,-96.2457426950888,0.0,0.0,0.0,0.0,0.0,0.0,0.0,0.0,0,0,-149.93318383017993,96.2457426950888,0.0,0.0,0.0,0.0,0.0,0.0,0.0,0.0,0.0,0.0,0.0,0.0,0.0,0.0,0.0,0.0,0.0,0.0,0.0,0.0,0.0,0.0,0.0,0.0,0.0,0.0,0.0,0.0,0.0
1784671657.5040932,314824.397733,0,0,8,0,0,3.947498,0.407,-149.723748377831,85.53004259418915,169.26974932548634,-149.723748377831,80.77108628009061,85.53004259418917,0.0,0.0,0.0,0.0,0.0,0.0,0.0,149.723748377831,0.0,0.0,-85.53004259418915,0.0,0.0,0.0,0.0,0.0,0.0,0.0,0.0,0,0,-149.723748377831,85.53004259418915,0.0,0.0,0.0,0.0,0.0,0.0,0.0,0.0,0.0,0.0,0.0,0.0,0.0,0.0,0.0,0.0,0.0,0.0,0.0,0.0,0.0,0.0,0.0,0.0,0.0,0.0,0.0,0.0,0.0
1784671657.506291,314824.3999315,0,0,8,0,0,3.949998,0.508,-149.539998622659,74.84231448371642,170.1478942399364,-149.539998622659,70.05235800654377,74.84231448371642,0.0,0.0,0.0,0.0,0.0,0.0,0.0,149.539998622659,0.0,0.0,-74.84231448371642,0.0,0.0,0.0,0.0,0.0,0.0,0.0,0.0,0,0,-149.539998622659,74.84231448371642,0.0,0.0,0.0,0.0,0.0,0.0,0.0,0.0,0.0,0.0,0.0,0.0,0.0,0.0,0.0,0.0,0.0,0.0,0.0,0.0,0.0,0.0,0.0,0.0,0.0,0.0,0.0,0.0,0.0
1784671657.5091157,314824.402753,0,0,8,0,0,3.952554,0.66,-149.38198491995493,63.86950274988988,170.3488153219626,-149.38198491995493,58.89613061979092,63.86950274988988,0.0,0.0,0.0,0.0,0.0,0.0,0.0,149.38198491995493,0.0,0.0,-63.86950274988988,0.0,0.0,0.0,0.0,0.0,0.0,0.0,0.0,0,0,-149.38198491995493,63.86950274988988,0.0,0.0,0.0,0.0,0.0,0.0,0.0,0.0,0.0,0.0,0.0,0.0,0.0,0.0,0.0,0.0,0.0,0.0,0.0,0.0,0.0,0.0,0.0,0.0,0.0,0.0,0.0,0.0,0.0
1784671657.5132575,314824.4068963,0,0,8,0,0,3.954997,0.7010000000000001,-149.2486152108663,52.69014891420631,169.55738433925663,-149.2486152108663,47.661153392660985,52.69014891420631,0.0,0.0,0.0,0.0,0.0,0.0,0.0,149.2486152108663,0.0,0.0,-52.69014891420631,0.0,0.0,0.0,0.0,0.0,0.0,0.0,0.0,0,0,-149.2486152108663,52.69014891420631,0.0,0.0,0.0,0.0,0.0,0.0,0.0,0.0,0.0,0.0,0.0,0.0,0.0,0.0,0.0,0.0,0.0,0.0,0.0,0.0,0.0,0.0,0.0,0.0,0.0,0.0,0.0,0.0,0.0
1784671657.514604,314824.4082435,0,0,8,0,0,3.957499,0.804,-149.14363733789995,40.72863051429244,168.51694973933786,-149.14363733789992,35.3411783647802,40.72863051429244,0.0,0.0,0.0,0.0,0.0,0.0,0.0,149.14363733789995,0.0,0.0,-40.72863051429244,0.0,0.0,0.0,0.0,0.0,0.0,0.0,0.0,0,0,-149.14363733789995,40.72863051429244,0.0,0.0,0.0,0.0,0.0,0.0,0.0,0.0,0.0,0.0,0.0,0.0,0.0,0.0,0.0,0.0,0.0,0.0,0.0,0.0,0.0,0.0,0.0,0.0,0.0,0.0,0.0,0.0,0.0
1784671657.518045,314824.4116821,0,0,8,0,0,3.959997,0.9,-149.068276664311,28.226719637631454,168.7476833742261,-149.068276664311,22.63620411727813,28.226719637631454,0.0,0.0,0.0,0.0,0.0,0.0,0.0,149.068276664311,0.0,0.0,-28.226719637631454,0.0,0.0,0.0,0.0,0.0,0.0,0.0,0.0,0,0,-149.068276664311,28.226719637631454,0.0,0.0,0.0,0.0,0.0,0.0,0.0,0.0,0.0,0.0,0.0,0.0,0.0,0.0,0.0,0.0,0.0,0.0,0.0,0.0,0.0,0.0,0.0,0.0,0.0,0.0,0.0,0.0,0.0
1784671657.5215642,314824.4152019,0,0,8,0,0,3.962498,1.0,-149.0332352340524,10.606960110735308,169.6642599770919,-149.0332352340524,3.526242852440312,10.606960110735308,0.0,0.0,0.0,0.0,0.0,0.0,0.0,149.0332352340524,0.0,0.0,-10.606960110735308,0.0,0.0,0.0,0.0,0.0,0.0,0.0,0.0,0,0,-149.0332352340524,10.606960110735308,0.0,0.0,0.0,0.0,0.0,0.0,0.0,0.0,0.0,0.0,0.0,0.0,0.0,0.0,0.0,0.0,0.0,0.0,0.0,0.0,0.0,0.0,0.0,0.0,0.0,0.0,0.0,0.0,0.0
1784671657.5218985,314824.4155378,0,0,8,0,0,3.964998,1.1,-149.0334053171987,-3.526194651441558,170.08270563967463,-149.03340531719869,-9.668730401852468,-3.5261946514415583,0.0,0.0,0.0,0.0,0.0,0.0,0.0,149.0334053171987,0.0,0.0,3.526194651441558,0.0,0.0,0.0,0.0,0.0,0.0,0.0,0.0,0,0,-149.0334053171987,-3.526194651441558,0.0,0.0,0.0,0.0,0.0,0.0,0.0,0.0,0.0,0.0,0.0,0.0,0.0,0.0,0.0,0.0,0.0,0.0,0.0,0.0,0.0,0.0,0.0,0.0,0.0,0.0,0.0,0.0,0.0
1784671657.523933,314824.4175728,0,0,8,0,0,3.967497,1.196,-149.0661201598177,-16.97740898652398,170.4669540513448,-149.0661201598177,-22.94245349652233,-16.97740898652398,0.0,0.0,0.0,0.0,0.0,0.0,0.0,149.0661201598177,0.0,0.0,16.97740898652398,0.0,0.0,0.0,0.0,0.0,0.0,0.0,0.0,0,0,-149.0661201598177,-16.97740898652398,0.0,0.0,0.0,0.0,0.0,0.0,0.0,0.0,0.0,0.0,0.0,0.0,0.0,0.0,0.0,0.0,0.0,0.0,0.0,0.0,0.0,0.0,0.0,0.0,0.0,0.0,0.0,0.0,0.0
1784671657.5266874,314824.4203245,0,0,8,0,0,3.969998,0.098,-149.1746452643166,-36.67461526704436,173.3497264373962,-149.1746452643166,-42.498663856830255,-36.67461526704436,0.0,0.0,0.0,0.0,0.0,0.0,0.0,149.1746452643166,0.0,0.0,36.67461526704436,0.0,0.0,0.0,0.0,0.0,0.0,0.0,0.0,0,0,-149.1746452643166,-36.67461526704436,0.0,0.0,0.0,0.0,0.0,0.0,0.0,0.0,0.0,0.0,0.0,0.0,0.0,0.0,0.0,0.0,0.0,0.0,0.0,0.0,0.0,0.0,0.0,0.0,0.0,0.0,0.0,0.0,0.0
1784671657.5293975,314824.4230348,0,0,8,0,0,3.972497,0.195,-149.28615010882032,-49.61719007691821,174.87316340795533,-149.2861501088203,-55.29113792697352,-49.61719007691821,0.0,0.0,0.0,0.0,0.0,0.0,0.0,149.28615010882032,0.0,0.0,49.61719007691821,0.0,0.0,0.0,0.0,0.0,0.0,0.0,0.0,0,0,-149.28615010882032,-49.61719007691821,0.0,0.0,0.0,0.0,0.0,0.0,0.0,0.0,0.0,0.0,0.0,0.0,0.0,0.0,0.0,0.0,0.0,0.0,0.0,0.0,0.0,0.0,0.0,0.0,0.0,0.0,0.0,0.0,0.0
1784671657.5328286,314824.4264691,0,0,8,0,0,3.974997,0.293,-149.4282854803293,-62.35689769335125,175.96578990343735,-149.4282854803293,-68.00486215673972,-62.35689769335125,0.0,0.0,0.0,0.0,0.0,0.0,0.0,149.4282854803293,0.0,0.0,62.35689769335125,0.0,0.0,0.0,0.0,0.0,0.0,0.0,0.0,0,0,-149.4282854803293,-62.35689769335125,0.0,0.0,0.0,0.0,0.0,0.0,0.0,0.0,0.0,0.0,0.0,0.0,0.0,0.0,0.0,0.0,0.0,0.0,0.0,0.0,0.0,0.0,0.0,0.0,0.0,0.0,0.0,0.0,0.0
1784671657.534752,314824.428391,0,0,8,0,0,3.977497,0.393,-149.60046791155972,-74.85580015452705,177.0026258970399,-149.60046791155972,-80.38608706046934,-74.85580015452705,0.0,0.0,0.0,0.0,0.0,0.0,0.0,149.60046791155972,0.0,0.0,74.85580015452705,0.0,0.0,0.0,0.0,0.0,0.0,0.0,0.0,0,0,-149.60046791155972,-74.85580015452705,0.0,0.0,0.0,0.0,0.0,0.0,0.0,0.0,0.0,0.0,0.0,0.0,0.0,0.0,0.0,0.0,0.0,0.0,0.0,0.0,0.0,0.0,0.0,0.0,0.0,0.0,0.0,0.0,0.0
1784671657.5370991,314824.4307375,0,0,8,0,0,3.979998,0.494,-149.80272839613315,-87.36709753912612,178.2702213754624,-149.80272839613315,-92.8635617691043,-87.3670975391261,0.0,0.0,0.0,0.0,0.0,0.0,0.0,149.80272839613315,0.0,0.0,87.36709753912612,0.0,0.0,0.0,0.0,0.0,0.0,0.0,0.0,0,0,-149.80272839613315,-87.36709753912612,0.0,0.0,0.0,0.0,0.0,0.0,0.0,0.0,0.0,0.0,0.0,0.0,0.0,0.0,0.0,0.0,0.0,0.0,0.0,0.0,0.0,0.0,0.0,0.0,0.0,0.0,0.0,0.0,0.0
1784671657.5403228,314824.4339606,0,0,8,0,0,3.982498,0.5910000000000001,-150.0458184744126,-104.5207980809595,179.78374682100275,-150.0458184744126,-111.31727436413313,-104.52079808095952,0.0,0.0,0.0,0.0,0.0,0.0,0.0,150.0458184744126,0.0,0.0,104.5207980809595,0.0,0.0,0.0,0.0,0.0,0.0,0.0,0.0,0,0,-150.0458184744126,-104.5207980809595,0.0,0.0,0.0,0.0,0.0,0.0,0.0,0.0,0.0,0.0,0.0,0.0,0.0,0.0,0.0,0.0,0.0,0.0,0.0,0.0,0.0,0.0,0.0,0.0,0.0,0.0,0.0,0.0,0.0
1784671657.542803,314824.4364411,0,0,8,0,0,3.984998,0.6920000000000001,-150.32317183102725,-117.90988952010612,-179.01846968349395,-150.32317183102728,-123.67224932107038,-117.90988952010612,0.0,0.0,0.0,0.0,0.0,0.0,0.0,150.32317183102725,0.0,0.0,117.90988952010612,0.0,0.0,0.0,0.0,0.0,0.0,0.0,0.0,0,0,-150.32317183102725,-117.90988952010612,0.0,0.0,0.0,0.0,0.0,0.0,0.0,0.0,0.0,0.0,0.0,0.0,0.0,0.0,0.0,0.0,0.0,0.0,0.0,0.0,0.0,0.0,0.0,0.0,0.0,0.0,0.0,0.0,0.0
1784671657.5450468,314824.4386851,0,0,8,0,0,3.987497,0.79,-150.6311984607908,-130.417850459487,-177.16081302712155,-150.63119846079078,-135.8697245972535,-130.417850459487,0.0,0.0,0.0,0.0,0.0,0.0,0.0,150.6311984607908,0.0,0.0,130.417850459487,0.0,0.0,0.0,0.0,0.0,0.0,0.0,0.0,0,0,-150.6311984607908,-130.417850459487,0.0,0.0,0.0,0.0,0.0,0.0,0.0,0.0,0.0,0.0,0.0,0.0,0.0,0.0,0.0,0.0,0.0,0.0,0.0,0.0,0.0,0.0,0.0,0.0,0.0,0.0,0.0,0.0,0.0
1784671657.5472293,314824.4408683,0,0,8,0,0,3.989998,0.889,-150.9685761269478,-142.53364486853803,-175.94015975776605,-150.96857612694782,-147.89220022815422,-142.53364486853803,0.0,0.0,0.0,0.0,0.0,0.0,0.0,150.9685761269478,0.0,0.0,142.53364486853803,0.0,0.0,0.0,0.0,0.0,0.0,0.0,0.0,0,0,-150.9685761269478,-142.53364486853803,0.0,0.0,0.0,0.0,0.0,0.0,0.0,0.0,0.0,0.0,0.0,0.0,0.0,0.0,0.0,0.0,0.0,0.0,0.0,0.0,0.0,0.0,0.0,0.0,0.0,0.0,0.0,0.0,0.0
1784671657.549615,314824.4432532,0,0,8,0,0,3.992498,0.988,-151.3348972010098,-154.70094542792117,-174.9828599788865,-151.33489720100982,-160.1596753624503,-154.70094542792117,0.0,0.0,0.0,0.0,0.0,0.0,0.0,151.3348972010098,0.0,0.0,154.70094542792117,0.0,0.0,0.0,0.0,0.0,0.0,0.0,0.0,0,0,-151.3348972010098,-154.70094542792117,0.0,0.0,0.0,0.0,0.0,0.0,0.0,0.0,0.0,0.0,0.0,0.0,0.0,0.0,0.0,0.0,0.0,0.0,0.0,0.0,0.0,0.0,0.0,0.0,0.0,0.0,0.0,0.0,0.0
1784671657.58791,314824.4815467,0,0,8,0,0,3.995033,1.123,-151.7302281100599,-166.77716675605538,-174.29539428711067,-151.73022811005987,-172.10340115297393,-166.77716675605538,0.0,0.0,0.0,0.0,0.0,0.0,0.0,151.7302281100599,0.0,0.0,166.77716675605538,0.0,0.0,0.0,0.0,0.0,0.0,0.0,0.0,0,0,-151.7302281100599,-166.77716675605538,0.0,0.0,0.0,0.0,0.0,0.0,0.0,0.0,0.0,0.0,0.0,0.0,0.0,0.0,0.0,0.0,0.0,0.0,0.0,0.0,0.0,0.0,0.0,0.0,0.0,0.0,0.0,0.0,0.0
1784671657.588174,314824.4818134,0,0,8,0,0,3.997498,1.1869999999999998,-152.15507234809354,-179.0891119254459,-173.84011484313916,-152.15507234809354,-184.57212587934475,-179.0891119254459,0.0,0.0,0.0,0.0,0.0,0.0,0.0,152.15507234809354,0.0,0.0,179.0891119254459,0.0,0.0,0.0,0.0,0.0,0.0,0.0,0.0,0,0,-152.15507234809354,-179.0891119254459,0.0,0.0,0.0,0.0,0.0,0.0,0.0,0.0,0.0,0.0,0.0,0.0,0.0,0.0,0.0,0.0,0.0,0.0,0.0,0.0,0.0,0.0,0.0,0.0,0.0,0.0,0.0,0.0,0.0
1784671657.5883446,314824.4819854,0,0,8,0,0,3.999997,0.0839999999999999,-152.84901405238185,-198.05058260153237,-172.13686392394328,-152.84901405238182,-203.7083370909749,-198.05058260153237,0.0,0.0,0.0,0.0,0.0,0.0,0.0,152.84901405238185,0.0,0.0,198.05058260153237,0.0,0.0,0.0,0.0,0.0,0.0,0.0,0.0,0,0,-152.84901405238185,-198.05058260153237,0.0,0.0,0.0,0.0,0.0,0.0,0.0,0.0,0.0,0.0,0.0,0.0,0.0,0.0,0.0,0.0,0.0,0.0,0.0,0.0,0.0,0.0,0.0,0.0,0.0,0.0,0.0,0.0,0.0
1784671657.5885506,314824.482192,0,0,8,0,0,4.002497,0.182,-153.35902976381007,-215.258405819877,-170.47287652549758,-153.35902976381007,-222.1270497569473,-215.258405819877,0.0,0.0,0.0,0.0,0.0,0.0,0.0,153.35902976381007,0.0,0.0,215.258405819877,0.0,0.0,0.0,0.0,0.0,0.0,0.0,0.0,0,0,-153.35902976381007,-215.258405819877,0.0,0.0,0.0,0.0,0.0,0.0,0.0,0.0,0.0,0.0,0.0,0.0,0.0,0.0,0.0,0.0,0.0,0.0,0.0,0.0,0.0,0.0,0.0,0.0,0.0,0.0,0.0,0.0,0.0
1784671657.5890143,314824.4826539,0,0,8,0,0,4.004997,0.283,-153.90265921374865,-229.09384524457107,-171.75227575435486,-153.90265921374865,-235.19077327727828,-229.09384524457104,0.0,0.0,0.0,0.0,0.0,0.0,0.0,153.90265921374865,0.0,0.0,229.09384524457107,0.0,0.0,0.0,0.0,0.0,0.0,0.0,0.0,0,0,-153.90265921374865,-229.09384524457107,0.0,0.0,0.0,0.0,0.0,0.0,0.0,0.0,0.0,0.0,0.0,0.0,0.0,0.0,0.0,0.0,0.0,0.0,0.0,0.0,0.0,0.0,0.0,0.0,0.0,0.0,0.0,0.0,0.0
1784671657.5893767,314824.4830168,0,0,8,0,0,4.007497,0.381,-154.48069140443974,-243.21012667096997,-172.52590518145803,-154.48069140443974,-249.43574440326543,-243.21012667096997,0.0,0.0,0.0,0.0,0.0,0.0,0.0,154.48069140443974,0.0,0.0,243.21012667096997,0.0,0.0,0.0,0.0,0.0,0.0,0.0,0.0,0,0,-154.48069140443974,-243.21012667096997,0.0,0.0,0.0,0.0,0.0,0.0,0.0,0.0,0.0,0.0,0.0,0.0,0.0,0.0,0.0,0.0,0.0,0.0,0.0,0.0,0.0,0.0,0.0,0.0,0.0,0.0,0.0,0.0,0.0
1784671657.5896971,314824.483337,0,0,8,0,0,4.009997,0.481,-155.091563898753,-257.05524944633044,-171.482516213465,-155.091563898753,-263.2169664692542,-257.05524944633044,0.0,0.0,0.0,0.0,0.0,0.0,0.0,155.091563898753,0.0,0.0,257.05524944633044,0.0,0.0,0.0,0.0,0.0,0.0,0.0,0.0,0,0,-155.091563898753,-257.05524944633044,0.0,0.0,0.0,0.0,0.0,0.0,0.0,0.0,0.0,0.0,0.0,0.0,0.0,0.0,0.0,0.0,0.0,0.0,0.0,0.0,0.0,0.0,0.0,0.0,0.0,0.0,0.0,0.0,0.0
1784671657.5899997,314824.4836397,0,0,8,0,0,4.012497,0.58,-155.7352332923505,-270.5050970882322,-170.159851476997,-155.7352332923505,-276.48193958166,-270.5050970882322,0.0,0.0,0.0,0.0,0.0,0.0,0.0,155.7352332923505,0.0,0.0,270.5050970882322,0.0,0.0,0.0,0.0,0.0,0.0,0.0,0.0,0,0,-155.7352332923505,-270.5050970882322,0.0,0.0,0.0,0.0,0.0,0.0,0.0,0.0,0.0,0.0,0.0,0.0,0.0,0.0,0.0,0.0,0.0,0.0,0.0,0.0,0.0,0.0,0.0,0.0,0.0,0.0,0.0,0.0,0.0
1784671657.5901794,314824.4838199,0,0,8,0,0,4.014997,0.679,-156.40747897551802,-281.9424964042849,-169.5349374620727,-156.40747897551802,-286.2556697706819,-281.9424964042849,0.0,0.0,0.0,0.0,0.0,0.0,0.0,156.40747897551802,0.0,0.0,281.9424964042849,0.0,0.0,0.0,0.0,0.0,0.0,0.0,0.0,0,0,-156.40747897551802,-281.9424964042849,0.0,0.0,0.0,0.0,0.0,0.0,0.0,0.0,0.0,0.0,0.0,0.0,0.0,0.0,0.0,0.0,0.0,0.0,0.0,0.0,0.0,0.0,0.0,0.0,0.0,0.0,0.0,0.0,0.0
1784671657.5903382,314824.4839789,0,0,8,0,0,4.017498,0.7789999999999999,-157.09187167345218,-285.6354057659998,-172.00243183960987,-157.09187167345218,-286.68441890162376,-285.6354057659998,0.0,0.0,0.0,0.0,0.0,0.0,0.0,157.09187167345218,0.0,0.0,285.6354057659998,0.0,0.0,0.0,0.0,0.0,0.0,0.0,0.0,0,0,-157.09187167345218,-285.6354057659998,0.0,0.0,0.0,0.0,0.0,0.0,0.0,0.0,0.0,0.0,0.0,0.0,0.0,0.0,0.0,0.0,0.0,0.0,0.0,0.0,0.0,0.0,0.0,0.0,0.0,0.0,0.0,0.0,0.0
1784671657.590479,314824.4841196,0,0,8,0,0,4.019997,0.877,-157.77933010620154,-286.4523551006381,-172.20646541542584,-157.77933010620154,-286.68441890162376,-286.4523551006381,0.0,0.0,0.0,0.0,0.0,0.0,0.0,157.77933010620154,0.0,0.0,286.4523551006381,0.0,0.0,0.0,0.0,0.0,0.0,0.0,0.0,0,0,-157.77933010620154,-286.4523551006381,0.0,0.0,0.0,0.0,0.0,0.0,0.0,0.0,0.0,0.0,0.0,0.0,0.0,0.0,0.0,0.0,0.0,0.0,0.0,0.0,0.0,0.0,0.0,0.0,0.0,0.0,0.0,0.0,0.0
1784671657.5905795,314824.4842206,0,0,8,0,0,4.022499,0.977,-158.46775341587477,-286.6331137469897,-171.48833198216556,-158.46775341587477,-286.68441890162376,-286.6331137469897,0.0,0.0,0.0,0.0,0.0,0.0,0.0,158.46775341587477,0.0,0.0,286.6331137469897,0.0,0.0,0.0,0.0,0.0,0.0,0.0,0.0,0,0,-158.46775341587477,-286.6331137469897,0.0,0.0,0.0,0.0,0.0,0.0,0.0,0.0,0.0,0.0,0.0,0.0,0.0,0.0,0.0,0.0,0.0,0.0,0.0,0.0,0.0,0.0,0.0,0.0,0.0,0.0,0.0,0.0,0.0
1784671657.59065,314824.4842914,0,0,8,0,0,4.024997,1.075,-159.15575342671494,-286.67306198725873,-168.31401061328745,-159.15575342671494,-286.68441890162376,-286.67306198725873,0.0,0.0,0.0,0.0,0.0,0.0,0.0,159.15575342671494,0.0,0.0,286.67306198725873,0.0,0.0,0.0,0.0,0.0,0.0,0.0,0.0,0,0,-159.15575342671494,-286.67306198725873,0.0,0.0,0.0,0.0,0.0,0.0,0.0,0.0,0.0,0.0,0.0,0.0,0.0,0.0,0.0,0.0,0.0,0.0,0.0,0.0,0.0,0.0,0.0,0.0,0.0,0.0,0.0,0.0,0.0
1784671657.5907202,314824.4843615,0,0,8,0,0,4.027498,1.174,-159.84435997215377,-286.6819080910398,-170.12510397468105,-159.84435997215377,-286.68441890162376,-286.6819080910398,0.0,0.0,0.0,0.0,0.0,0.0,0.0,159.84435997215377,0.0,0.0,286.6819080910398,0.0,0.0,0.0,0.0,0.0,0.0,0.0,0.0,0,0,-159.84435997215377,-286.6819080910398,0.0,0.0,0.0,0.0,0.0,0.0,0.0,0.0,0.0,0.0,0.0,0.0,0.0,0.0,0.0,0.0,0.0,0.0,0.0,0.0,0.0,0.0,0.0,0.0,0.0,0.0,0.0,0.0,0.0
1784671657.59079,314824.4844313,0,0,8,0,0,4.029997,0.072,-160.87670816623748,-286.68415757112297,-170.00079637861526,-160.87670816623748,-286.68441890162376,-286.684157571123,0.0,0.0,0.0,0.0,0.0,0.0,0.0,160.87670816623748,0.0,0.0,286.68415757112297,0.0,0.0,0.0,0.0,0.0,0.0,0.0,0.0,0,0,-160.87670816623748,-286.68415757112297,0.0,0.0,0.0,0.0,0.0,0.0,0.0,0.0,0.0,0.0,0.0,0.0,0.0,0.0,0.0,0.0,0.0,0.0,0.0,0.0,0.0,0.0,0.0,0.0,0.0,0.0,0.0,0.0,0.0
1784671657.5933125,314824.4869517,0,0,8,0,0,4.032498,0.172,-161.5650372390721,-286.6843610898126,-168.41467457962372,-161.5650372390721,-286.68441890162376,-286.6843610898126,0.0,0.0,0.0,0.0,0.0,0.0,0.0,161.5650372390721,0.0,0.0,286.6843610898126,0.0,0.0,0.0,0.0,0.0,0.0,0.0,0.0,0,0,-161.5650372390721,-286.6843610898126,0.0,0.0,0.0,0.0,0.0,0.0,0.0,0.0,0.0,0.0,0.0,0.0,0.0,0.0,0.0,0.0,0.0,0.0,0.0,0.0,0.0,0.0,0.0,0.0,0.0,0.0,0.0,0.0,0.0
1784671657.5936692,314824.487309,0,0,8,0,0,4.034998,0.2709999999999999,-162.25336648085528,-286.6844061124334,-171.33543639307558,-162.25336648085528,-286.68441890162376,-286.6844061124334,0.0,0.0,0.0,0.0,0.0,0.0,0.0,162.25336648085528,0.0,0.0,286.6844061124334,0.0,0.0,0.0,0.0,0.0,0.0,0.0,0.0,0,0,-162.25336648085528,-286.6844061124334,0.0,0.0,0.0,0.0,0.0,0.0,0.0,0.0,0.0,0.0,0.0,0.0,0.0,0.0,0.0,0.0,0.0,0.0,0.0,0.0,0.0,0.0,0.0,0.0,0.0,0.0,0.0,0.0,0.0
1784671657.5943482,314824.4879878,0,0,8,0,0,4.037533,0.4049999999999999,-162.94169576001954,-286.6844160723855,-171.86260039672214,-162.94169576001954,-286.68441890162376,-286.6844160723855,0.0,0.0,0.0,0.0,0.0,0.0,0.0,162.94169576001954,0.0,0.0,286.6844160723855,0.0,0.0,0.0,0.0,0.0,0.0,0.0,0.0,0,0,-162.94169576001954,-286.6844160723855,0.0,0.0,0.0,0.0,0.0,0.0,0.0,0.0,0.0,0.0,0.0,0.0,0.0,0.0,0.0,0.0,0.0,0.0,0.0,0.0,0.0,0.0,0.0,0.0,0.0,0.0,0.0,0.0,0.0
1784671657.5966482,314824.4902875,0,0,8,0,0,4.039997,0.469,-163.62973836303487,-286.6844182753433,-170.95182591219677,-163.62973836303485,-286.68441890162376,-286.6844182753433,0.0,0.0,0.0,0.0,0.0,0.0,0.0,163.62973836303487,0.0,0.0,286.6844182753433,0.0,0.0,0.0,0.0,0.0,0.0,0.0,0.0,0,0,-163.62973836303487,-286.6844182753433,0.0,0.0,0.0,0.0,0.0,0.0,0.0,0.0,0.0,0.0,0.0,0.0,0.0,0.0,0.0,0.0,0.0,0.0,0.0,0.0,0.0,0.0,0.0,0.0,0.0,0.0,0.0,0.0,0.0
1784671657.600045,314824.4936836,0,0,8,0,0,4.042497,0.5599999999999999,-164.32036112764874,-286.684418763772,-169.1170499739316,-164.32036112764874,-286.68441890162376,-286.684418763772,0.0,0.0,0.0,0.0,0.0,0.0,0.0,164.32036112764874,0.0,0.0,286.684418763772,0.0,0.0,0.0,0.0,0.0,0.0,0.0,0.0,0,0,-164.32036112764874,-286.684418763772,0.0,0.0,0.0,0.0,0.0,0.0,0.0,0.0,0.0,0.0,0.0,0.0,0.0,0.0,0.0,0.0,0.0,0.0,0.0,0.0,0.0,0.0,0.0,0.0,0.0,0.0,0.0,0.0,0.0
1784671657.6015007,314824.4951412,0,0,8,0,0,4.044997,0.6669999999999999,-165.00639694196582,-286.68441887097435,-171.7741906231223,-165.00639694196585,-286.68441890162376,-286.68441887097435,0.0,0.0,0.0,0.0,0.0,0.0,0.0,165.00639694196582,0.0,0.0,286.68441887097435,0.0,0.0,0.0,0.0,0.0,0.0,0.0,0.0,0,0,-165.00639694196582,-286.68441887097435,0.0,0.0,0.0,0.0,0.0,0.0,0.0,0.0,0.0,0.0,0.0,0.0,0.0,0.0,0.0,0.0,0.0,0.0,0.0,0.0,0.0,0.0,0.0,0.0,0.0,0.0,0.0,0.0,0.0
1784671657.6040852,314824.497723,0,0,8,0,0,4.047497,0.7649999999999999,-165.69501291614208,-286.68441889484774,-171.89827593946853,-165.6950129161421,-286.68441890162376,-286.68441889484774,0.0,0.0,0.0,0.0,0.0,0.0,0.0,165.69501291614208,0.0,0.0,286.68441889484774,0.0,0.0,0.0,0.0,0.0,0.0,0.0,0.0,0,0,-165.69501291614208,-286.68441889484774,0.0,0.0,0.0,0.0,0.0,0.0,0.0,0.0,0.0,0.0,0.0,0.0,0.0,0.0,0.0,0.0,0.0,0.0,0.0,0.0,0.0,0.0,0.0,0.0,0.0,0.0,0.0,0.0,0.0
1784671657.6064222,314824.5000614,0,0,8,0,0,4.049997,0.864,-166.38334220591926,-286.68441890012474,-168.47005750756253,-166.3833422059193,-286.68441890162376,-286.68441890012474,0.0,0.0,0.0,0.0,0.0,0.0,0.0,166.38334220591926,0.0,0.0,286.68441890012474,0.0,0.0,0.0,0.0,0.0,0.0,0.0,0.0,0,0,-166.38334220591926,-286.68441890012474,0.0,0.0,0.0,0.0,0.0,0.0,0.0,0.0,0.0,0.0,0.0,0.0,0.0,0.0,0.0,0.0,0.0,0.0,0.0,0.0,0.0,0.0,0.0,0.0,0.0,0.0,0.0,0.0,0.0
1784671657.6089802,314824.5026191,0,0,8,0,0,4.052497,0.963,-167.07167149570083,-286.68441890129213,-172.8051367460047,-167.07167149570083,-286.68441890162376,-286.68441890129213,0.0,0.0,0.0,0.0,0.0,0.0,0.0,167.07167149570083,0.0,0.0,286.68441890129213,0.0,0.0,0.0,0.0,0.0,0.0,0.0,0.0,0,0,-167.07167149570083,-286.68441890129213,0.0,0.0,0.0,0.0,0.0,0.0,0.0,0.0,0.0,0.0,0.0,0.0,0.0,0.0,0.0,0.0,0.0,0.0,0.0,0.0,0.0,0.0,0.0,0.0,0.0,0.0,0.0,0.0,0.0
1784671657.612631,314824.5062709,0,0,8,0,0,4.054997,1.0610000000000002,-167.76028746990224,-286.68441890155043,-174.0861010871591,-167.76028746990227,-286.68441890162376,-286.68441890155043,0.0,0.0,0.0,0.0,0.0,0.0,0.0,167.76028746990224,0.0,0.0,286.68441890155043,0.0,0.0,0.0,0.0,0.0,0.0,0.0,0.0,0,0,-167.76028746990224,-286.68441890155043,0.0,0.0,0.0,0.0,0.0,0.0,0.0,0.0,0.0,0.0,0.0,0.0,0.0,0.0,0.0,0.0,0.0,0.0,0.0,0.0,0.0,0.0,0.0,0.0,0.0,0.0,0.0,0.0,0.0
1784671657.614037,314824.5076768,0,0,8,0,0,4.057497,1.162,-168.44804339084718,-286.6844189016075,-171.33492319043947,-168.4480433908472,-286.68441890162376,-286.6844189016075,0.0,0.0,0.0,0.0,0.0,0.0,0.0,168.44804339084718,0.0,0.0,286.6844189016075,0.0,0.0,0.0,0.0,0.0,0.0,0.0,0.0,0,0,-168.44804339084718,-286.6844189016075,0.0,0.0,0.0,0.0,0.0,0.0,0.0,0.0,0.0,0.0,0.0,0.0,0.0,0.0,0.0,0.0,0.0,0.0,0.0,0.0,0.0,0.0,0.0,0.0,0.0,0.0,0.0,0.0,0.0
1784671657.6202462,314824.5138848,0,0,8,0,0,4.059997,0.061,-169.48039398331196,-286.68441890162205,-172.31881161296695,-169.48039398331193,-286.68441890162376,-286.68441890162205,0.0,0.0,0.0,0.0,0.0,0.0,0.0,169.48039398331196,0.0,0.0,286.68441890162205,0.0,0.0,0.0,0.0,0.0,0.0,0.0,0.0,0,0,-169.48039398331196,-286.68441890162205,0.0,0.0,0.0,0.0,0.0,0.0,0.0,0.0,0.0,0.0,0.0,0.0,0.0,0.0,0.0,0.0,0.0,0.0,0.0,0.0,0.0,0.0,0.0,0.0,0.0,0.0,0.0,0.0,0.0
1784671657.6204944,314824.5141352,0,0,8,0,0,4.062497,0.158,-170.16929664193253,-286.68441890162336,-172.9603061093425,-170.16929664193253,-286.68441890162376,-286.68441890162336,0.0,0.0,0.0,0.0,0.0,0.0,0.0,170.16929664193253,0.0,0.0,286.68441890162336,0.0,0.0,0.0,0.0,0.0,0.0,0.0,0.0,0,0,-170.16929664193253,-286.68441890162336,0.0,0.0,0.0,0.0,0.0,0.0,0.0,0.0,0.0,0.0,0.0,0.0,0.0,0.0,0.0,0.0,0.0,0.0,0.0,0.0,0.0,0.0,0.0,0.0,0.0,0.0,0.0,0.0,0.0
1784671657.6213326,314824.5149735,0,0,8,0,0,4.064997,0.258,-170.85733924729644,-286.6844189016237,-174.06368610111522,-170.85733924729644,-286.68441890162376,-286.6844189016237,0.0,0.0,0.0,0.0,0.0,0.0,0.0,170.85733924729644,0.0,0.0,286.6844189016237,0.0,0.0,0.0,0.0,0.0,0.0,0.0,0.0,0,0,-170.85733924729644,-286.6844189016237,0.0,0.0,0.0,0.0,0.0,0.0,0.0,0.0,0.0,0.0,0.0,0.0,0.0,0.0,0.0,0.0,0.0,0.0,0.0,0.0,0.0,0.0,0.0,0.0,0.0,0.0,0.0,0.0,0.0
1784671657.6238804,314824.5175206,0,0,8,0,0,4.067497,0.357,-171.54566853707922,-286.6844189016237,-173.73222714886342,-171.54566853707925,-286.68441890162376,-286.68441890162376,0.0,0.0,0.0,0.0,0.0,0.0,0.0,171.54566853707922,0.0,0.0,286.6844189016237,0.0,0.0,0.0,0.0,0.0,0.0,0.0,0.0,0,0,-171.54566853707922,-286.6844189016237,0.0,0.0,0.0,0.0,0.0,0.0,0.0,0.0,0.0,0.0,0.0,0.0,0.0,0.0,0.0,0.0,0.0,0.0,0.0,0.0,0.0,0.0,0.0,0.0,0.0,0.0,0.0,0.0,0.0
1784671657.6271496,314824.5207886,0,0,8,0,0,4.069999,0.458,-172.233997826862,-286.6844189016237,-173.5749850211437,-172.23399782686204,-286.68441890162376,-286.68441890162376,0.0,0.0,0.0,0.0,0.0,0.0,0.0,172.233997826862,0.0,0.0,286.6844189016237,0.0,0.0,0.0,0.0,0.0,0.0,0.0,0.0,0,0,-172.233997826862,-286.6844189016237,0.0,0.0,0.0,0.0,0.0,0.0,0.0,0.0,0.0,0.0,0.0,0.0,0.0,0.0,0.0,0.0,0.0,0.0,0.0,0.0,0.0,0.0,0.0,0.0,0.0,0.0,0.0,0.0,0.0
1784671657.6289694,314824.5226094,0,0,8,0,0,4.072497,0.5559999999999999,-172.92204043222594,-286.6844189016237,-176.0525012167978,-172.92204043222594,-286.68441890162376,-286.68441890162376,0.0,0.0,0.0,0.0,0.0,0.0,0.0,172.92204043222594,0.0,0.0,286.6844189016237,0.0,0.0,0.0,0.0,0.0,0.0,0.0,0.0,0,0,-172.92204043222594,-286.6844189016237,0.0,0.0,0.0,0.0,0.0,0.0,0.0,0.0,0.0,0.0,0.0,0.0,0.0,0.0,0.0,0.0,0.0,0.0,0.0,0.0,0.0,0.0,0.0,0.0,0.0,0.0,0.0,0.0,0.0
1784671657.631668,314824.5253064,0,0,8,0,0,4.074998,0.6539999999999999,-173.61094309084655,-286.6844189016237,-176.52960100322258,-173.61094309084655,-286.68441890162376,-286.68441890162376,0.0,0.0,0.0,0.0,0.0,0.0,0.0,173.61094309084655,0.0,0.0,286.6844189016237,0.0,0.0,0.0,0.0,0.0,0.0,0.0,0.0,0,0,-173.61094309084655,-286.6844189016237,0.0,0.0,0.0,0.0,0.0,0.0,0.0,0.0,0.0,0.0,0.0,0.0,0.0,0.0,0.0,0.0,0.0,0.0,0.0,0.0,0.0,0.0,0.0,0.0,0.0,0.0,0.0,0.0,0.0
1784671657.636484,314824.5301221,0,0,8,0,0,4.077498,0.755,-174.29869901179154,-286.6844189016237,-174.97390683830577,-174.29869901179154,-286.68441890162376,-286.68441890162376,0.0,0.0,0.0,0.0,0.0,0.0,0.0,174.29869901179154,0.0,0.0,286.6844189016237,0.0,0.0,0.0,0.0,0.0,0.0,0.0,0.0,0,0,-174.29869901179154,-286.6844189016237,0.0,0.0,0.0,0.0,0.0,0.0,0.0,0.0,0.0,0.0,0.0,0.0,0.0,0.0,0.0,0.0,0.0,0.0,0.0,0.0,0.0,0.0,0.0,0.0,0.0,0.0,0.0,0.0,0.0
1784671657.6365883,314824.5302291,0,0,8,0,0,4.08003,0.886,-174.98702830157433,-286.6844189016237,-176.34313010984422,-174.98702830157433,-286.68441890162376,-286.68441890162376,0.0,0.0,0.0,0.0,0.0,0.0,0.0,174.98702830157433,0.0,0.0,286.6844189016237,0.0,0.0,0.0,0.0,0.0,0.0,0.0,0.0,0,0,-174.98702830157433,-286.6844189016237,0.0,0.0,0.0,0.0,0.0,0.0,0.0,0.0,0.0,0.0,0.0,0.0,0.0,0.0,0.0,0.0,0.0,0.0,0.0,0.0,0.0,0.0,0.0,0.0,0.0,0.0,0.0,0.0,0.0
1784671657.6392908,314824.5329281,0,0,8,0,0,4.082498,0.952,-175.67564427577602,-286.6844189016237,-176.143381301404,-175.67564427577605,-286.68441890162376,-286.68441890162376,0.0,0.0,0.0,0.0,0.0,0.0,0.0,175.67564427577602,0.0,0.0,286.6844189016237,0.0,0.0,0.0,0.0,0.0,0.0,0.0,0.0,0,0,-175.67564427577602,-286.6844189016237,0.0,0.0,0.0,0.0,0.0,0.0,0.0,0.0,0.0,0.0,0.0,0.0,0.0,0.0,0.0,0.0,0.0,0.0,0.0,0.0,0.0,0.0,0.0,0.0,0.0,0.0,0.0,0.0,0.0
1784671657.6415198,314824.5351591,0,0,8,0,0,4.084997,1.0510000000000002,-176.36368688113993,-286.6844189016237,-175.5298957487596,-176.36368688113993,-286.68441890162376,-286.68441890162376,0.0,0.0,0.0,0.0,0.0,0.0,0.0,176.36368688113993,0.0,0.0,286.6844189016237,0.0,0.0,0.0,0.0,0.0,0.0,0.0,0.0,0,0,-176.36368688113993,-286.6844189016237,0.0,0.0,0.0,0.0,0.0,0.0,0.0,0.0,0.0,0.0,0.0,0.0,0.0,0.0,0.0,0.0,0.0,0.0,0.0,0.0,0.0,0.0,0.0,0.0,0.0,0.0,0.0,0.0,0.0
1784671657.6443794,314824.5380172,0,0,8,0,0,4.087498,1.15,-177.05230285534165,-286.6844189016237,-178.64595484318812,-177.05230285534162,-286.68441890162376,-286.68441890162376,0.0,0.0,0.0,0.0,0.0,0.0,0.0,177.05230285534165,0.0,0.0,286.6844189016237,0.0,0.0,0.0,0.0,0.0,0.0,0.0,0.0,0,0,-177.05230285534165,-286.6844189016237,0.0,0.0,0.0,0.0,0.0,0.0,0.0,0.0,0.0,0.0,0.0,0.0,0.0,0.0,0.0,0.0,0.0,0.0,0.0,0.0,0.0,0.0,0.0,0.0,0.0,0.0,0.0,0.0,0.0
1784671657.6465564,314824.5401954,0,0,8,0,0,4.089997,0.047,-178.08494013222528,-286.6844189016237,-175.34611433972404,-178.08494013222528,-286.68441890162376,-286.68441890162376,0.0,0.0,0.0,0.0,0.0,0.0,0.0,178.08494013222528,0.0,0.0,286.6844189016237,0.0,0.0,0.0,0.0,0.0,0.0,0.0,0.0,0,0,-178.08494013222528,-286.6844189016237,0.0,0.0,0.0,0.0,0.0,0.0,0.0,0.0,0.0,0.0,0.0,0.0,0.0,0.0,0.0,0.0,0.0,0.0,0.0,0.0,0.0,0.0,0.0,0.0,0.0,0.0,0.0,0.0,0.0
1784671657.649166,314824.5428041,0,0,8,0,0,4.092497,0.147,-178.77298273758916,-286.6844189016237,-178.40491867409096,-178.77298273758916,-286.68441890162376,-286.68441890162376,0.0,0.0,0.0,0.0,0.0,0.0,0.0,178.77298273758916,0.0,0.0,286.6844189016237,0.0,0.0,0.0,0.0,0.0,0.0,0.0,0.0,0,0,-178.77298273758916,-286.6844189016237,0.0,0.0,0.0,0.0,0.0,0.0,0.0,0.0,0.0,0.0,0.0,0.0,0.0,0.0,0.0,0.0,0.0,0.0,0.0,0.0,0.0,0.0,0.0,0.0,0.0,0.0,0.0,0.0,0.0
1784671657.652615,314824.5462537,0,0,8,0,0,4.094997,0.246,-179.46131202737195,-286.6844189016237,-179.01843479009767,-179.46131202737195,-286.68441890162376,-286.68441890162376,0.0,0.0,0.0,0.0,0.0,0.0,0.0,179.46131202737195,0.0,0.0,286.6844189016237,0.0,0.0,0.0,0.0,0.0,0.0,0.0,0.0,0,0,-179.46131202737195,-286.6844189016237,0.0,0.0,0.0,0.0,0.0,0.0,0.0,0.0,0.0,0.0,0.0,0.0,0.0,0.0,0.0,0.0,0.0,0.0,0.0,0.0,0.0,0.0,0.0,0.0,0.0,0.0,0.0,0.0,0.0
1784671657.6540618,314824.5477003,0,0,8,0,0,4.097497,0.345,179.85035868284524,-286.6844189016237,-177.20803966762415,179.85035868284524,-286.68441890162376,-286.68441890162376,0.0,0.0,0.0,0.0,0.0,0.0,0.0,-179.85035868284524,0.0,0.0,286.6844189016237,0.0,0.0,0.0,0.0,0.0,0.0,0.0,0.0,0,0,179.85035868284524,-286.6844189016237,0.0,0.0,0.0,0.0,0.0,0.0,0.0,0.0,0.0,0.0,0.0,0.0,0.0,0.0,0.0,0.0,0.0,0.0,0.0,0.0,0.0,0.0,0.0,0.0,0.0,0.0,0.0,0.0,0.0
1784671657.6565857,314824.550224,0,0,8,0,0,4.099998,0.446,179.16231607748134,-286.6844189016237,-178.4774833254961,179.16231607748136,-286.68441890162376,-286.68441890162376,0.0,0.0,0.0,0.0,0.0,0.0,0.0,-179.16231607748134,0.0,0.0,286.6844189016237,0.0,0.0,0.0,0.0,0.0,0.0,0.0,0.0,0,0,179.16231607748134,-286.6844189016237,0.0,0.0,0.0,0.0,0.0,0.0,0.0,0.0,0.0,0.0,0.0,0.0,0.0,0.0,0.0,0.0,0.0,0.0,0.0,0.0,0.0,0.0,0.0,0.0,0.0,0.0,0.0,0.0,0.0
1784671657.6713269,314824.5649641,0,0,8,0,0,4.102498,0.5429999999999999,178.47341341886076,-286.6844189016237,177.65945935279993,178.47341341886076,-286.68441890162376,-286.68441890162376,0.0,0.0,0.0,0.0,0.0,0.0,0.0,-178.47341341886076,0.0,0.0,286.6844189016237,0.0,0.0,0.0,0.0,0.0,0.0,0.0,0.0,0,0,178.47341341886076,-286.6844189016237,0.0,0.0,0.0,0.0,0.0,0.0,0.0,0.0,0.0,0.0,0.0,0.0,0.0,0.0,0.0,0.0,0.0,0.0,0.0,0.0,0.0,0.0,0.0,0.0,0.0,0.0,0.0,0.0,0.0
1784671657.7011373,314824.5947759,0,0,8,0,0,4.104997,0.643,177.78565749791576,-286.6844189016237,-177.0683705492088,177.78565749791576,-286.68441890162376,-286.68441890162376,0.0,0.0,0.0,0.0,0.0,0.0,0.0,-177.78565749791576,0.0,0.0,286.6844189016237,0.0,0.0,0.0,0.0,0.0,0.0,0.0,0.0,0,0,177.78565749791576,-286.6844189016237,0.0,0.0,0.0,0.0,0.0,0.0,0.0,0.0,0.0,0.0,0.0,0.0,0.0,0.0,0.0,0.0,0.0,0.0,0.0,0.0,0.0,0.0,0.0,0.0,0.0,0.0,0.0,0.0,0.0
1784671657.701486,314824.5951251,0,0,8,0,0,4.107498,0.743,177.09732820813298,-286.6844189016237,179.38676277412333,177.09732820813298,-286.68441890162376,-286.68441890162376,0.0,0.0,0.0,0.0,0.0,0.0,0.0,-177.09732820813298,0.0,0.0,286.6844189016237,0.0,0.0,0.0,0.0,0.0,0.0,0.0,0.0,0,0,177.09732820813298,-286.6844189016237,0.0,0.0,0.0,0.0,0.0,0.0,0.0,0.0,0.0,0.0,0.0,0.0,0.0,0.0,0.0,0.0,0.0,0.0,0.0,0.0,0.0,0.0,0.0,0.0,0.0,0.0,0.0,0.0,0.0
1784671657.701842,314824.5954811,0,0,8,0,0,4.109997,0.841,176.40899891835016,-286.6844189016237,179.28002316023432,176.4089989183502,-286.68441890162376,-286.68441890162376,0.0,0.0,0.0,0.0,0.0,0.0,0.0,-176.40899891835016,0.0,0.0,286.6844189016237,0.0,0.0,0.0,0.0,0.0,0.0,0.0,0.0,0,0,176.40899891835016,-286.6844189016237,0.0,0.0,0.0,0.0,0.0,0.0,0.0,0.0,0.0,0.0,0.0,0.0,0.0,0.0,0.0,0.0,0.0,0.0,0.0,0.0,0.0,0.0,0.0,0.0,0.0,0.0,0.0,0.0,0.0
1784671657.7021627,314824.5958029,0,0,8,0,0,4.112497,0.939,175.7203829441485,-286.6844189016237,-179.37522734107364,175.7203829441485,-286.68441890162376,-286.68441890162376,0.0,0.0,0.0,0.0,0.0,0.0,0.0,-175.7203829441485,0.0,0.0,286.6844189016237,0.0,0.0,0.0,0.0,0.0,0.0,0.0,0.0,0,0,175.7203829441485,-286.6844189016237,0.0,0.0,0.0,0.0,0.0,0.0,0.0,0.0,0.0,0.0,0.0,0.0,0.0,0.0,0.0,0.0,0.0,0.0,0.0,0.0,0.0,0.0,0.0,0.0,0.0,0.0,0.0,0.0,0.0
1784671657.7024496,314824.5960899,0,0,8,0,0,4.114997,1.037,175.0317669699468,-286.6844189016237,-179.32869476228413,175.0317669699468,-286.68441890162376,-286.68441890162376,0.0,0.0,0.0,0.0,0.0,0.0,0.0,-175.0317669699468,0.0,0.0,286.6844189016237,0.0,0.0,0.0,0.0,0.0,0.0,0.0,0.0,0,0,175.0317669699468,-286.6844189016237,0.0,0.0,0.0,0.0,0.0,0.0,0.0,0.0,0.0,0.0,0.0,0.0,0.0,0.0,0.0,0.0,0.0,0.0,0.0,0.0,0.0,0.0,0.0,0.0,0.0,0.0,0.0,0.0,0.0
1784671657.7027273,314824.5963678,0,0,8,0,0,4.117498,1.139,174.3440110490018,-286.6844189016237,178.05130430069144,174.34401104900178,-286.68441890162376,-286.68441890162376,0.0,0.0,0.0,0.0,0.0,0.0,0.0,-174.3440110490018,0.0,0.0,286.6844189016237,0.0,0.0,0.0,0.0,0.0,0.0,0.0,0.0,0,0,174.3440110490018,-286.6844189016237,0.0,0.0,0.0,0.0,0.0,0.0,0.0,0.0,0.0,0.0,0.0,0.0,0.0,0.0,0.0,0.0,0.0,0.0,0.0,0.0,0.0,0.0,0.0,0.0,0.0,0.0,0.0,0.0,0.0
1784671657.7028632,314824.5965044,0,0,8,0,0,4.119998,0.038,173.31166045653706,-286.6844189016237,178.19064002834125,173.31166045653706,-286.68441890162376,-286.68441890162376,0.0,0.0,0.0,0.0,0.0,0.0,0.0,-173.31166045653706,0.0,0.0,286.6844189016237,0.0,0.0,0.0,0.0,0.0,0.0,0.0,0.0,0,0,173.31166045653706,-286.6844189016237,0.0,0.0,0.0,0.0,0.0,0.0,0.0,0.0,0.0,0.0,0.0,0.0,0.0,0.0,0.0,0.0,0.0,0.0,0.0,0.0,0.0,0.0,0.0,0.0,0.0,0.0,0.0,0.0,0.0
1784671657.7029989,314824.59664,0,0,8,0,0,4.122533,0.171,172.62304448233536,-286.6844189016237,-179.08330980111347,172.62304448233536,-286.68441890162376,-286.68441890162376,0.0,0.0,0.0,0.0,0.0,0.0,0.0,-172.62304448233536,0.0,0.0,286.6844189016237,0.0,0.0,0.0,0.0,0.0,0.0,0.0,0.0,0,0,172.62304448233536,-286.6844189016237,0.0,0.0,0.0,0.0,0.0,0.0,0.0,0.0,0.0,0.0,0.0,0.0,0.0,0.0,0.0,0.0,0.0,0.0,0.0,0.0,0.0,0.0,0.0,0.0,0.0,0.0,0.0,0.0,0.0
1784671657.7031903,314824.5968313,0,0,8,0,0,4.124997,0.2339999999999999,171.93471519255257,-286.6844189016237,174.72755545758292,171.93471519255257,-286.68441890162376,-286.68441890162376,0.0,0.0,0.0,0.0,0.0,0.0,0.0,-171.93471519255257,0.0,0.0,286.6844189016237,0.0,0.0,0.0,0.0,0.0,0.0,0.0,0.0,0,0,171.93471519255257,-286.6844189016237,0.0,0.0,0.0,0.0,0.0,0.0,0.0,0.0,0.0,0.0,0.0,0.0,0.0,0.0,0.0,0.0,0.0,0.0,0.0,0.0,0.0,0.0,0.0,0.0,0.0,0.0,0.0,0.0,0.0
1784671657.7033284,314824.5969695,0,0,8,0,0,4.127497,0.333,171.24638590276976,-286.6844189016237,179.31348212103993,171.2463859027698,-286.68441890162376,-286.68441890162376,0.0,0.0,0.0,0.0,0.0,0.0,0.0,-171.24638590276976,0.0,0.0,286.6844189016237,0.0,0.0,0.0,0.0,0.0,0.0,0.0,0.0,0,0,171.24638590276976,-286.6844189016237,0.0,0.0,0.0,0.0,0.0,0.0,0.0,0.0,0.0,0.0,0.0,0.0,0.0,0.0,0.0,0.0,0.0,0.0,0.0,0.0,0.0,0.0,0.0,0.0,0.0,0.0,0.0,0.0,0.0
1784671657.7034612,314824.5971024,0,0,8,0,0,4.129998,0.433,170.55805661298697,-286.6844189016237,178.19939944364748,170.55805661298697,-286.68441890162376,-286.68441890162376,0.0,0.0,0.0,0.0,0.0,0.0,0.0,-170.55805661298697,0.0,0.0,286.6844189016237,0.0,0.0,0.0,0.0,0.0,0.0,0.0,0.0,0,0,170.55805661298697,-286.6844189016237,0.0,0.0,0.0,0.0,0.0,0.0,0.0,0.0,0.0,0.0,0.0,0.0,0.0,0.0,0.0,0.0,0.0,0.0,0.0,0.0,0.0,0.0,0.0,0.0,0.0,0.0,0.0,0.0,0.0
1784671657.7035904,314824.5972315,0,0,8,0,0,4.132497,0.531,169.86972732320416,-286.6844189016237,-177.15280043200505,169.86972732320416,-286.68441890162376,-286.68441890162376,0.0,0.0,0.0,0.0,0.0,0.0,0.0,-169.86972732320416,0.0,0.0,286.6844189016237,0.0,0.0,0.0,0.0,0.0,0.0,0.0,0.0,0,0,169.86972732320416,-286.6844189016237,0.0,0.0,0.0,0.0,0.0,0.0,0.0,0.0,0.0,0.0,0.0,0.0,0.0,0.0,0.0,0.0,0.0,0.0,0.0,0.0,0.0,0.0,0.0,0.0,0.0,0.0,0.0,0.0,0.0
1784671657.703654,314824.5972957,0,0,8,0,0,4.134998,0.631,169.18139803342137,-286.6844189016237,174.8710499044132,169.18139803342137,-286.68441890162376,-286.68441890162376,0.0,0.0,0.0,0.0,0.0,0.0,0.0,-169.18139803342137,0.0,0.0,286.6844189016237,0.0,0.0,0.0,0.0,0.0,0.0,0.0,0.0,0,0,169.18139803342137,-286.6844189016237,0.0,0.0,0.0,0.0,0.0,0.0,0.0,0.0,0.0,0.0,0.0,0.0,0.0,0.0,0.0,0.0,0.0,0.0,0.0,0.0,0.0,0.0,0.0,0.0,0.0,0.0,0.0,0.0,0.0
1784671657.7037215,314824.5973628,0,0,8,0,0,4.137497,0.73,168.4933554280575,-286.6844189016237,178.63906710224936,168.49335542805747,-286.68441890162376,-286.68441890162376,0.0,0.0,0.0,0.0,0.0,0.0,0.0,-168.4933554280575,0.0,0.0,286.6844189016237,0.0,0.0,0.0,0.0,0.0,0.0,0.0,0.0,0,0,168.4933554280575,-286.6844189016237,0.0,0.0,0.0,0.0,0.0,0.0,0.0,0.0,0.0,0.0,0.0,0.0,0.0,0.0,0.0,0.0,0.0,0.0,0.0,0.0,0.0,0.0,0.0,0.0,0.0,0.0,0.0,0.0,0.0
1784671657.7037888,314824.5974294,0,0,8,0,0,4.139998,0.83,167.80502613827468,-286.6844189016237,176.2973804702933,167.80502613827466,-286.68441890162376,-286.68441890162376,0.0,0.0,0.0,0.0,0.0,0.0,0.0,-167.80502613827468,0.0,0.0,286.6844189016237,0.0,0.0,0.0,0.0,0.0,0.0,0.0,0.0,0,0,167.80502613827468,-286.6844189016237,0.0,0.0,0.0,0.0,0.0,0.0,0.0,0.0,0.0,0.0,0.0,0.0,0.0,0.0,0.0,0.0,0.0,0.0,0.0,0.0,0.0,0.0,0.0,0.0,0.0,0.0,0.0,0.0,0.0
1784671657.7039323,314824.5975733,0,0,8,0,0,4.142497,0.926,167.11612347965408,-286.6844189016237,179.55972347510234,167.11612347965405,-286.68441890162376,-286.68441890162376,0.0,0.0,0.0,0.0,0.0,0.0,0.0,-167.11612347965408,0.0,0.0,286.6844189016237,0.0,0.0,0.0,0.0,0.0,0.0,0.0,0.0,0,0,167.11612347965408,-286.6844189016237,0.0,0.0,0.0,0.0,0.0,0.0,0.0,0.0,0.0,0.0,0.0,0.0,0.0,0.0,0.0,0.0,0.0,0.0,0.0,0.0,0.0,0.0,0.0,0.0,0.0,0.0,0.0,0.0,0.0
1784671657.7040513,314824.5976924,0,0,8,0,0,4.144998,1.028,166.42836755870906,-286.6844189016237,176.50205229191653,166.42836755870906,-286.68441890162376,-286.68441890162376,0.0,0.0,0.0,0.0,0.0,0.0,0.0,-166.42836755870906,0.0,0.0,286.6844189016237,0.0,0.0,0.0,0.0,0.0,0.0,0.0,0.0,0,0,166.42836755870906,-286.6844189016237,0.0,0.0,0.0,0.0,0.0,0.0,0.0,0.0,0.0,0.0,0.0,0.0,0.0,0.0,0.0,0.0,0.0,0.0,0.0,0.0,0.0,0.0,0.0,0.0,0.0,0.0,0.0,0.0,0.0
1784671657.7051766,314824.5988175,0,0,8,0,0,4.147497,1.125,165.73975158450736,-286.6844189016237,171.90075158982614,165.73975158450736,-286.68441890162376,-286.68441890162376,0.0,0.0,0.0,0.0,0.0,0.0,0.0,-165.73975158450736,0.0,0.0,286.6844189016237,0.0,0.0,0.0,0.0,0.0,0.0,0.0,0.0,0,0,165.73975158450736,-286.6844189016237,0.0,0.0,0.0,0.0,0.0,0.0,0.0,0.0,0.0,0.0,0.0,0.0,0.0,0.0,0.0,0.0,0.0,0.0,0.0,0.0,0.0,0.0,0.0,0.0,0.0,0.0,0.0,0.0,0.0
1784671657.7072515,314824.6008924,0,0,8,0,0,4.149997,0.022,164.7068276232048,-286.6844189016237,-179.88801580857626,164.7068276232048,-286.68441890162376,-286.68441890162376,0.0,0.0,0.0,0.0,0.0,0.0,0.0,-164.7068276232048,0.0,0.0,286.6844189016237,0.0,0.0,0.0,0.0,0.0,0.0,0.0,0.0,0,0,164.7068276232048,-286.6844189016237,0.0,0.0,0.0,0.0,0.0,0.0,0.0,0.0,0.0,0.0,0.0,0.0,0.0,0.0,0.0,0.0,0.0,0.0,0.0,0.0,0.0,0.0,0.0,0.0,0.0,0.0,0.0,0.0,0.0
1784671657.709543,314824.6031818,0,0,8,0,0,4.152498,0.125,164.0193583866787,-286.6844189016237,174.4673896293422,164.0193583866787,-286.68441890162376,-286.68441890162376,0.0,0.0,0.0,0.0,0.0,0.0,0.0,-164.0193583866787,0.0,0.0,286.6844189016237,0.0,0.0,0.0,0.0,0.0,0.0,0.0,0.0,0,0,164.0193583866787,-286.6844189016237,0.0,0.0,0.0,0.0,0.0,0.0,0.0,0.0,0.0,0.0,0.0,0.0,0.0,0.0,0.0,0.0,0.0,0.0,0.0,0.0,0.0,0.0,0.0,0.0,0.0,0.0,0.0,0.0,0.0
1784671657.7112556,314824.6048967,0,0,8,0,0,4.154998,0.223,163.3354841162349,-283.25549833942017,-179.455173714539,163.3354841162349,-280.67318108617343,-283.25549833942017,0.0,0.0,0.0,0.0,0.0,0.0,0.0,-163.3354841162349,0.0,0.0,283.25549833942017,0.0,0.0,0.0,0.0,0.0,0.0,0.0,0.0,0,0,163.3354841162349,-283.25549833942017,0.0,0.0,0.0,0.0,0.0,0.0,0.0,0.0,0.0,0.0,0.0,0.0,0.0,0.0,0.0,0.0,0.0,0.0,0.0,0.0,0.0,0.0,0.0,0.0,0.0,0.0,0.0,0.0,0.0
1784671657.714396,314824.6080357,0,0,8,0,0,4.157498,0.322,162.67565703807367,-271.5592306000713,179.82937760339334,162.67565703807367,-265.7807112726414,-271.5592306000713,0.0,0.0,0.0,0.0,0.0,0.0,0.0,-162.67565703807367,0.0,0.0,271.5592306000713,0.0,0.0,0.0,0.0,0.0,0.0,0.0,0.0,0,0,162.67565703807367,-271.5592306000713,0.0,0.0,0.0,0.0,0.0,0.0,0.0,0.0,0.0,0.0,0.0,0.0,0.0,0.0,0.0,0.0,0.0,0.0,0.0,0.0,0.0,0.0,0.0,0.0,0.0,0.0,0.0,0.0,0.0
1784671657.7186666,314824.6123051,0,0,8,0,0,4.159998,0.422,162.0466965811336,-259.1298894106112,172.28839606184115,162.0466965811336,-253.9069853402307,-259.1298894106112,0.0,0.0,0.0,0.0,0.0,0.0,0.0,-162.0466965811336,0.0,0.0,259.1298894106112,0.0,0.0,0.0,0.0,0.0,0.0,0.0,0.0,0,0,162.0466965811336,-259.1298894106112,0.0,0.0,0.0,0.0,0.0,0.0,0.0,0.0,0.0,0.0,0.0,0.0,0.0,0.0,0.0,0.0,0.0,0.0,0.0,0.0,0.0,0.0,0.0,0.0,0.0,0.0,0.0,0.0,0.0
1784671657.719958,314824.6135971,0,0,8,0,0,4.162497,0.518,161.44361813351958,-248.1920896453252,174.80734270660906,161.44361813351958,-243.2670069070609,-248.1920896453252,0.0,0.0,0.0,0.0,0.0,0.0,0.0,-161.44361813351958,0.0,0.0,248.1920896453252,0.0,0.0,0.0,0.0,0.0,0.0,0.0,0.0,0,0,161.44361813351958,-248.1920896453252,0.0,0.0,0.0,0.0,0.0,0.0,0.0,0.0,0.0,0.0,0.0,0.0,0.0,0.0,0.0,0.0,0.0,0.0,0.0,0.0,0.0,0.0,0.0,0.0,0.0,0.0,0.0,0.0,0.0
1784671657.721457,314824.6150965,0,0,8,0,0,4.165029,0.651,160.87222965349466,-235.20231296727104,-177.97545158118368,160.87222965349466,-229.07453567465848,-235.20231296727107,0.0,0.0,0.0,0.0,0.0,0.0,0.0,-160.87222965349466,0.0,0.0,235.20231296727104,0.0,0.0,0.0,0.0,0.0,0.0,0.0,0.0,0,0,160.87222965349466,-235.20231296727104,0.0,0.0,0.0,0.0,0.0,0.0,0.0,0.0,0.0,0.0,0.0,0.0,0.0,0.0,0.0,0.0,0.0,0.0,0.0,0.0,0.0,0.0,0.0,0.0,0.0,0.0,0.0,0.0,0.0
1784671657.7238612,314824.6175019,0,0,8,0,0,4.167497,0.718,160.33650446946848,-220.4545529330793,174.27731149018413,160.33650446946848,-214.0333161626364,-220.4545529330793,0.0,0.0,0.0,0.0,0.0,0.0,0.0,-160.33650446946848,0.0,0.0,220.4545529330793,0.0,0.0,0.0,0.0,0.0,0.0,0.0,0.0,0,0,160.33650446946848,-220.4545529330793,0.0,0.0,0.0,0.0,0.0,0.0,0.0,0.0,0.0,0.0,0.0,0.0,0.0,0.0,0.0,0.0,0.0,0.0,0.0,0.0,0.0,0.0,0.0,0.0,0.0,0.0,0.0,0.0,0.0
1784671657.7263017,314824.6199426,0,0,8,0,0,4.169997,0.8170000000000001,159.83511925575615,-205.6047483362502,166.54555536386067,159.83511925575615,-198.21334822910765,-205.6047483362502,0.0,0.0,0.0,0.0,0.0,0.0,0.0,-159.83511925575615,0.0,0.0,205.6047483362502,0.0,0.0,0.0,0.0,0.0,0.0,0.0,0.0,0,0,159.83511925575615,-205.6047483362502,0.0,0.0,0.0,0.0,0.0,0.0,0.0,0.0,0.0,0.0,0.0,0.0,0.0,0.0,0.0,0.0,0.0,0.0,0.0,0.0,0.0,0.0,0.0,0.0,0.0,0.0,0.0,0.0,0.0
1784671657.7299688,314824.6236088,0,0,8,0,0,4.172498,0.916,159.36891475518337,-191.5033464471362,173.26426609419235,159.36891475518337,-185.23712453141783,-191.5033464471362,0.0,0.0,0.0,0.0,0.0,0.0,0.0,-159.36891475518337,0.0,0.0,191.5033464471362,0.0,0.0,0.0,0.0,0.0,0.0,0.0,0.0,0,0,159.36891475518337,-191.5033464471362,0.0,0.0,0.0,0.0,0.0,0.0,0.0,0.0,0.0,0.0,0.0,0.0,0.0,0.0,0.0,0.0,0.0,0.0,0.0,0.0,0.0,0.0,0.0,0.0,0.0,0.0,0.0,0.0,0.0
1784671657.7313938,314824.6250337,0,0,8,0,0,4.174997,1.013,158.93851513624216,-176.1874518825959,-179.62521091801537,158.93851513624216,-169.16340711222963,-176.18745188259592,0.0,0.0,0.0,0.0,0.0,0.0,0.0,-158.93851513624216,0.0,0.0,176.1874518825959,0.0,0.0,0.0,0.0,0.0,0.0,0.0,0.0,0,0,158.93851513624216,-176.1874518825959,0.0,0.0,0.0,0.0,0.0,0.0,0.0,0.0,0.0,0.0,0.0,0.0,0.0,0.0,0.0,0.0,0.0,0.0,0.0,0.0,0.0,0.0,0.0,0.0,0.0,0.0,0.0,0.0,0.0
1784671657.7346408,314824.6282798,0,0,8,0,0,4.177498,1.1150000000000002,158.54535295636808,-161.30716091657553,169.91762568455422,158.54535295636808,-155.04968572020428,-161.30716091657553,0.0,0.0,0.0,0.0,0.0,0.0,0.0,-158.54535295636808,0.0,0.0,161.30716091657553,0.0,0.0,0.0,0.0,0.0,0.0,0.0,0.0,0,0,158.54535295636808,-161.30716091657553,0.0,0.0,0.0,0.0,0.0,0.0,0.0,0.0,0.0,0.0,0.0,0.0,0.0,0.0,0.0,0.0,0.0,0.0,0.0,0.0,0.0,0.0,0.0,0.0,0.0,0.0,0.0,0.0,0.0
1784671657.7364466,314824.6300856,0,0,8,0,0,4.179997,0.012,158.01025367602912,-143.74730790377347,172.3649734411676,158.01025367602915,-138.60846904592302,-143.7473079037735,0.0,0.0,0.0,0.0,0.0,0.0,0.0,-158.01025367602912,0.0,0.0,143.74730790377347,0.0,0.0,0.0,0.0,0.0,0.0,0.0,0.0,0,0,158.01025367602912,-143.74730790377347,0.0,0.0,0.0,0.0,0.0,0.0,0.0,0.0,0.0,0.0,0.0,0.0,0.0,0.0,0.0,0.0,0.0,0.0,0.0,0.0,0.0,0.0,0.0,0.0,0.0,0.0,0.0,0.0,0.0
1784671657.7404904,314824.6341287,0,0,8,0,0,4.182497,0.108,157.68963074143863,-130.92596120042003,178.70568758197382,157.68963074143863,-124.92349678483951,-130.92596120042,0.0,0.0,0.0,0.0,0.0,0.0,0.0,-157.68963074143863,0.0,0.0,130.92596120042003,0.0,0.0,0.0,0.0,0.0,0.0,0.0,0.0,0,0,157.68963074143863,-130.92596120042003,0.0,0.0,0.0,0.0,0.0,0.0,0.0,0.0,0.0,0.0,0.0,0.0,0.0,0.0,0.0,0.0,0.0,0.0,0.0,0.0,0.0,0.0,0.0,0.0,0.0,0.0,0.0,0.0,0.0
1784671657.7420657,314824.6357043,0,0,8,0,0,4.184998,0.212,157.4041750683584,-116.31021266405668,176.7643761049441,157.40417506835843,-109.68977766300682,-116.31021266405668,0.0,0.0,0.0,0.0,0.0,0.0,0.0,-157.4041750683584,0.0,0.0,116.31021266405668,0.0,0.0,0.0,0.0,0.0,0.0,0.0,0.0,0,0,157.4041750683584,-116.31021266405668,0.0,0.0,0.0,0.0,0.0,0.0,0.0,0.0,0.0,0.0,0.0,0.0,0.0,0.0,0.0,0.0,0.0,0.0,0.0,0.0,0.0,0.0,0.0,0.0,0.0,0.0,0.0,0.0,0.0
1784671657.7444117,314824.6380511,0,0,8,0,0,4.187498,0.311,157.15305287265798,-102.0663751779756,173.94709626076374,157.15305287265798,-95.908555597018,-102.0663751779756,0.0,0.0,0.0,0.0,0.0,0.0,0.0,-157.15305287265798,0.0,0.0,102.0663751779756,0.0,0.0,0.0,0.0,0.0,0.0,0.0,0.0,0,0,157.15305287265798,-102.0663751779756,0.0,0.0,0.0,0.0,0.0,0.0,0.0,0.0,0.0,0.0,0.0,0.0,0.0,0.0,0.0,0.0,0.0,0.0,0.0,0.0,0.0,0.0,0.0,0.0,0.0,0.0,0.0,0.0,0.0
1784671657.7474637,314824.6411031,0,0,8,0,0,4.189998,0.41,156.93377030291015,-88.41123390483014,174.65816713805984,156.93377030291015,-82.3898329989528,-88.41123390483014,0.0,0.0,0.0,0.0,0.0,0.0,0.0,-156.93377030291015,0.0,0.0,88.41123390483014,0.0,0.0,0.0,0.0,0.0,0.0,0.0,0.0,0,0,156.93377030291015,-88.41123390483014,0.0,0.0,0.0,0.0,0.0,0.0,0.0,0.0,0.0,0.0,0.0,0.0,0.0,0.0,0.0,0.0,0.0,0.0,0.0,0.0,0.0,0.0,0.0,0.0,0.0,0.0,0.0,0.0,0.0
1784671657.749872,314824.6435096,0,0,8,0,0,4.192498,0.508,156.75744184286555,-69.03143330446139,175.45579506421308,156.7574418428656,-61.25862583110328,-69.03143330446139,0.0,0.0,0.0,0.0,0.0,0.0,0.0,-156.75744184286555,0.0,0.0,69.03143330446139,0.0,0.0,0.0,0.0,0.0,0.0,0.0,0.0,0,0,156.75744184286555,-69.03143330446139,0.0,0.0,0.0,0.0,0.0,0.0,0.0,0.0,0.0,0.0,0.0,0.0,0.0,0.0,0.0,0.0,0.0,0.0,0.0,0.0,0.0,0.0,0.0,0.0,0.0,0.0,0.0,0.0,0.0
1784671657.7513945,314824.6450354,0,0,8,0,0,4.194997,0.606,156.6188502115569,-54.20171234149179,173.19868517601844,156.6188502115569,-47.949902807376944,-54.20171234149179,0.0,0.0,0.0,0.0,0.0,0.0,0.0,-156.6188502115569,0.0,0.0,54.20171234149179,0.0,0.0,0.0,0.0,0.0,0.0,0.0,0.0,0,0,156.6188502115569,-54.20171234149179,0.0,0.0,0.0,0.0,0.0,0.0,0.0,0.0,0.0,0.0,0.0,0.0,0.0,0.0,0.0,0.0,0.0,0.0,0.0,0.0,0.0,0.0,0.0,0.0,0.0,0.0,0.0,0.0,0.0
1784671657.754654,314824.6482922,0,0,8,0,0,4.197497,0.7060000000000001,156.51237595989608,-41.15924280299712,173.28354517032923,156.51237595989608,-35.46367811647787,-41.15924280299712,0.0,0.0,0.0,0.0,0.0,0.0,0.0,-156.51237595989608,0.0,0.0,41.15924280299712,0.0,0.0,0.0,0.0,0.0,0.0,0.0,0.0,0,0,156.51237595989608,-41.15924280299712,0.0,0.0,0.0,0.0,0.0,0.0,0.0,0.0,0.0,0.0,0.0,0.0,0.0,0.0,0.0,0.0,0.0,0.0,0.0,0.0,0.0,0.0,0.0,0.0,0.0,0.0,0.0,0.0,0.0
1784671657.757324,314824.6509623,0,0,8,0,0,4.199997,0.805,156.43657682370494,-28.3590744191131,174.13297873108496,156.43657682370494,-22.653704081806367,-28.3590744191131,0.0,0.0,0.0,0.0,0.0,0.0,0.0,-156.43657682370494,0.0,0.0,28.3590744191131,0.0,0.0,0.0,0.0,0.0,0.0,0.0,0.0,0,0,156.43657682370494,-28.3590744191131,0.0,0.0,0.0,0.0,0.0,0.0,0.0,0.0,0.0,0.0,0.0,0.0,0.0,0.0,0.0,0.0,0.0,0.0,0.0,0.0,0.0,0.0,0.0,0.0,0.0,0.0,0.0,0.0,0.0
1784671657.759788,314824.6534262,0,0,8,0,0,4.202497,0.903,156.39152206161793,-15.627071925981022,172.18236533368363,156.39152206161793,-10.071229586001982,-15.627071925981022,0.0,0.0,0.0,0.0,0.0,0.0,0.0,-156.39152206161793,0.0,0.0,15.627071925981022,0.0,0.0,0.0,0.0,0.0,0.0,0.0,0.0,0,0,156.39152206161793,-15.627071925981022,0.0,0.0,0.0,0.0,0.0,0.0,0.0,0.0,0.0,0.0,0.0,0.0,0.0,0.0,0.0,0.0,0.0,0.0,0.0,0.0,0.0,0.0,0.0,0.0,0.0,0.0,0.0,0.0,0.0
1784671657.7615242,314824.6551613,0,0,8,0,0,4.204998,1.006,156.3754400577861,-3.759003687310176,170.7576885010615,156.37544005778614,1.4962469671644996,-3.759003687310176,0.0,0.0,0.0,0.0,0.0,0.0,0.0,-156.3754400577861,0.0,0.0,3.759003687310176,0.0,0.0,0.0,0.0,0.0,0.0,0.0,0.0,0,0,156.3754400577861,-3.759003687310176,0.0,0.0,0.0,0.0,0.0,0.0,0.0,0.0,0.0,0.0,0.0,0.0,0.0,0.0,0.0,0.0,0.0,0.0,0.0,0.0,0.0,0.0,0.0,0.0,0.0,0.0,0.0,0.0,0.0
1784671657.7746496,314824.6682884,0,0,8,0,0,4.207532,1.136,156.3874141724228,7.839728055505893,170.8620660388625,156.3874141724228,12.906223839576825,7.839728055505894,0.0,0.0,0.0,0.0,0.0,0.0,0.0,-156.3874141724228,0.0,0.0,-7.839728055505893,0.0,0.0,0.0,0.0,0.0,0.0,0.0,0.0,0,0,156.3874141724228,7.839728055505893,0.0,0.0,0.0,0.0,0.0,0.0,0.0,0.0,0.0,0.0,0.0,0.0,0.0,0.0,0.0,0.0,0.0,0.0,0.0,0.0,0.0,0.0,0.0,0.0,0.0,0.0,0.0,0.0,0.0
1784671657.7786365,314824.6722761,0,0,8,0,0,4.209998,1.202,156.4266853700829,19.238684307166206,169.95397184101083,156.4266853700829,24.359950623309743,19.238684307166206,0.0,0.0,0.0,0.0,0.0,0.0,0.0,-156.4266853700829,0.0,0.0,-19.238684307166206,0.0,0.0,0.0,0.0,0.0,0.0,0.0,0.0,0,0,156.4266853700829,19.238684307166206,0.0,0.0,0.0,0.0,0.0,0.0,0.0,0.0,0.0,0.0,0.0,0.0,0.0,0.0,0.0,0.0,0.0,0.0,0.0,0.0,0.0,0.0,0.0,0.0,0.0,0.0,0.0,0.0,0.0
1784671657.779014,314824.6726539,0,0,8,0,0,4.212497,0.0989999999999999,156.53894821908304,38.388739368537024,167.20789514254326,156.53894821908304,45.57865761380045,38.388739368537024,0.0,0.0,0.0,0.0,0.0,0.0,0.0,-156.53894821908304,0.0,0.0,-38.388739368537024,0.0,0.0,0.0,0.0,0.0,0.0,0.0,0.0,0,0,156.53894821908304,38.388739368537024,0.0,0.0,0.0,0.0,0.0,0.0,0.0,0.0,0.0,0.0,0.0,0.0,0.0,0.0,0.0,0.0,0.0,0.0,0.0,0.0,0.0,0.0,0.0,0.0,0.0,0.0,0.0,0.0,0.0
1784671657.7793276,314824.6729681,0,0,8,0,0,4.214997,0.1969999999999999,156.65363388253965,50.585403991166935,166.8294844431143,156.65363388253965,55.62363725301008,50.585403991166935,0.0,0.0,0.0,0.0,0.0,0.0,0.0,-156.65363388253965,0.0,0.0,-50.585403991166935,0.0,0.0,0.0,0.0,0.0,0.0,0.0,0.0,0,0,156.65363388253965,50.585403991166935,0.0,0.0,0.0,0.0,0.0,0.0,0.0,0.0,0.0,0.0,0.0,0.0,0.0,0.0,0.0,0.0,0.0,0.0,0.0,0.0,0.0,0.0,0.0,0.0,0.0,0.0,0.0,0.0,0.0
1784671657.7796192,314824.67326,0,0,8,0,0,4.217497,0.297,156.7940052042334,61.01126541469007,165.86472262329949,156.7940052042334,65.4936172469373,61.01126541469007,0.0,0.0,0.0,0.0,0.0,0.0,0.0,-156.7940052042334,0.0,0.0,-61.01126541469007,0.0,0.0,0.0,0.0,0.0,0.0,0.0,0.0,0,0,156.7940052042334,61.01126541469007,0.0,0.0,0.0,0.0,0.0,0.0,0.0,0.0,0.0,0.0,0.0,0.0,0.0,0.0,0.0,0.0,0.0,0.0,0.0,0.0,0.0,0.0,0.0,0.0,0.0,0.0,0.0,0.0,0.0
1784671657.7798934,314824.6735338,0,0,8,0,0,4.219997,0.397,156.95803419928305,70.78697850221445,164.84785134841547,156.95803419928308,75.1273477197333,70.78697850221445,0.0,0.0,0.0,0.0,0.0,0.0,0.0,-156.95803419928305,0.0,0.0,-70.78697850221445,0.0,0.0,0.0,0.0,0.0,0.0,0.0,0.0,0,0,156.95803419928305,70.78697850221445,0.0,0.0,0.0,0.0,0.0,0.0,0.0,0.0,0.0,0.0,0.0,0.0,0.0,0.0,0.0,0.0,0.0,0.0,0.0,0.0,0.0,0.0,0.0,0.0,0.0,0.0,0.0,0.0,0.0
1784671657.7918491,314824.6854861,0,0,8,0,0,4.222497,0.4929999999999999,157.14544367891443,80.35793403283886,164.578157819133,157.14544367891443,84.61232849403925,80.35793403283886,0.0,0.0,0.0,0.0,0.0,0.0,0.0,-157.14544367891443,0.0,0.0,-80.35793403283886,0.0,0.0,0.0,0.0,0.0,0.0,0.0,0.0,0,0,157.14544367891443,80.35793403283886,0.0,0.0,0.0,0.0,0.0,0.0,0.0,0.0,0.0,0.0,0.0,0.0,0.0,0.0,0.0,0.0,0.0,0.0,0.0,0.0,0.0,0.0,0.0,0.0,0.0,0.0,0.0,0.0,0.0
1784671657.792217,314824.6858572,0,0,8,0,0,4.224998,0.5950000000000001,157.35554372658066,89.94131753088826,163.76066307250625,157.35554372658066,94.1410591796658,89.94131753088824,0.0,0.0,0.0,0.0,0.0,0.0,0.0,-157.35554372658066,0.0,0.0,-89.94131753088826,0.0,0.0,0.0,0.0,0.0,0.0,0.0,0.0,0,0,157.35554372658066,89.94131753088826,0.0,0.0,0.0,0.0,0.0,0.0,0.0,0.0,0.0,0.0,0.0,0.0,0.0,0.0,0.0,0.0,0.0,0.0,0.0,0.0,0.0,0.0,0.0,0.0,0.0,0.0,0.0,0.0,0.0
1784671657.7929258,314824.6865668,0,0,8,0,0,4.227497,0.694,157.58835293905517,99.31281841071444,162.6436665512435,157.58835293905517,103.41604037963288,99.31281841071444,0.0,0.0,0.0,0.0,0.0,0.0,0.0,-157.58835293905517,0.0,0.0,-99.31281841071444,0.0,0.0,0.0,0.0,0.0,0.0,0.0,0.0,0,0,157.58835293905517,99.31281841071444,0.0,0.0,0.0,0.0,0.0,0.0,0.0,0.0,0.0,0.0,0.0,0.0,0.0,0.0,0.0,0.0,0.0,0.0,0.0,0.0,0.0,0.0,0.0,0.0,0.0,0.0,0.0,0.0,0.0
1784671657.793109,314824.6867499,0,0,8,0,0,4.229997,0.7919999999999999,157.84325364605618,108.3430437481018,160.7231548388843,157.84325364605618,112.2885223954504,108.3430437481018,0.0,0.0,0.0,0.0,0.0,0.0,0.0,-157.84325364605618,0.0,0.0,-108.3430437481018,0.0,0.0,0.0,0.0,0.0,0.0,0.0,0.0,0,0,157.84325364605618,108.3430437481018,0.0,0.0,0.0,0.0,0.0,0.0,0.0,0.0,0.0,0.0,0.0,0.0,0.0,0.0,0.0,0.0,0.0,0.0,0.0,0.0,0.0,0.0,0.0,0.0,0.0,0.0,0.0,0.0,0.0
1784671657.7932477,314824.6868889,0,0,8,0,0,4.232497,0.891,158.12172470870854,119.25573529610377,160.65142337394028,158.12172470870854,125.07224648332956,119.25573529610377,0.0,0.0,0.0,0.0,0.0,0.0,0.0,-158.12172470870854,0.0,0.0,-119.25573529610377,0.0,0.0,0.0,0.0,0.0,0.0,0.0,0.0,0,0,158.12172470870854,119.25573529610377,0.0,0.0,0.0,0.0,0.0,0.0,0.0,0.0,0.0,0.0,0.0,0.0,0.0,0.0,0.0,0.0,0.0,0.0,0.0,0.0,0.0,0.0,0.0,0.0,0.0,0.0,0.0,0.0,0.0
1784671657.794179,314824.6878165,0,0,8,0,0,4.234998,0.99,158.42715369807226,129.61881510316076,161.28736281623375,158.42715369807223,133.98847841046774,129.61881510316076,0.0,0.0,0.0,0.0,0.0,0.0,0.0,-158.42715369807226,0.0,0.0,-129.61881510316076,0.0,0.0,0.0,0.0,0.0,0.0,0.0,0.0,0,0,158.42715369807226,129.61881510316076,0.0,0.0,0.0,0.0,0.0,0.0,0.0,0.0,0.0,0.0,0.0,0.0,0.0,0.0,0.0,0.0,0.0,0.0,0.0,0.0,0.0,0.0,0.0,0.0,0.0,0.0,0.0,0.0,0.0
1784671657.7945557,314824.6881953,0,0,8,0,0,4.237498,1.091,158.75462940393336,138.7558808534853,160.846583219518,158.75462940393336,142.75596063911584,138.7558808534853,0.0,0.0,0.0,0.0,0.0,0.0,0.0,-158.75462940393336,0.0,0.0,-138.7558808534853,0.0,0.0,0.0,0.0,0.0,0.0,0.0,0.0,0,0,158.75462940393336,138.7558808534853,0.0,0.0,0.0,0.0,0.0,0.0,0.0,0.0,0.0,0.0,0.0,0.0,0.0,0.0,0.0,0.0,0.0,0.0,0.0,0.0,0.0,0.0,0.0,0.0,0.0,0.0,0.0,0.0,0.0
1784671657.7965164,314824.6901559,0,0,8,0,0,4.239998,1.1900000000000002,159.10350382088282,147.41166735048304,157.50993578833868,159.10350382088282,151.15594361267094,147.41166735048304,0.0,0.0,0.0,0.0,0.0,0.0,0.0,-159.10350382088282,0.0,0.0,-147.41166735048304,0.0,0.0,0.0,0.0,0.0,0.0,0.0,0.0,0,0,159.10350382088282,147.41166735048304,0.0,0.0,0.0,0.0,0.0,0.0,0.0,0.0,0.0,0.0,0.0,0.0,0.0,0.0,0.0,0.0,0.0,0.0,0.0,0.0,0.0,0.0,0.0,0.0,0.0,0.0,0.0,0.0,0.0
1784671657.7988205,314824.6924604,0,0,8,0,0,4.242498,0.087,159.6618316921926,158.6619951232205,159.63050517360364,159.6618316921926,161.98842165565134,158.6619951232205,0.0,0.0,0.0,0.0,0.0,0.0,0.0,-159.6618316921926,0.0,0.0,-158.6619951232205,0.0,0.0,0.0,0.0,0.0,0.0,0.0,0.0,0,0,159.6618316921926,158.6619951232205,0.0,0.0,0.0,0.0,0.0,0.0,0.0,0.0,0.0,0.0,0.0,0.0,0.0,0.0,0.0,0.0,0.0,0.0,0.0,0.0,0.0,0.0,0.0,0.0,0.0,0.0,0.0,0.0,0.0
1784671657.8018885,314824.6955271,0,0,8,0,0,4.244998,0.187,160.05674725728122,166.57286473306195,160.15575676459068,160.05674725728122,170.16965507260343,166.57286473306195,0.0,0.0,0.0,0.0,0.0,0.0,0.0,-160.05674725728122,0.0,0.0,-166.57286473306195,0.0,0.0,0.0,0.0,0.0,0.0,0.0,0.0,0,0,160.05674725728122,166.57286473306195,0.0,0.0,0.0,0.0,0.0,0.0,0.0,0.0,0.0,0.0,0.0,0.0,0.0,0.0,0.0,0.0,0.0,0.0,0.0,0.0,0.0,0.0,0.0,0.0,0.0,0.0,0.0,0.0,0.0
1784671657.804031,314824.6976693,0,0,8,0,0,4.247497,0.286,160.47064288653223,174.32926439016973,159.35814528825225,160.47064288653223,177.65963989069004,174.32926439016973,0.0,0.0,0.0,0.0,0.0,0.0,0.0,-160.47064288653223,0.0,0.0,-174.32926439016973,0.0,0.0,0.0,0.0,0.0,0.0,0.0,0.0,0,0,160.47064288653223,174.32926439016973,0.0,0.0,0.0,0.0,0.0,0.0,0.0,0.0,0.0,0.0,0.0,0.0,0.0,0.0,0.0,0.0,0.0,0.0,0.0,0.0,0.0,0.0,0.0,0.0,0.0,0.0,0.0,0.0,0.0
1784671657.806563,314824.7002016,0,0,8,0,0,4.250031,0.418,160.9023872237285,181.56251718248728,158.54610764417595,160.9023872237285,184.79087543594773,181.56251718248728,0.0,0.0,0.0,0.0,0.0,0.0,0.0,-160.9023872237285,0.0,0.0,-181.56251718248728,0.0,0.0,0.0,0.0,0.0,0.0,0.0,0.0,0,0,160.9023872237285,181.56251718248728,0.0,0.0,0.0,0.0,0.0,0.0,0.0,0.0,0.0,0.0,0.0,0.0,0.0,0.0,0.0,0.0,0.0,0.0,0.0,0.0,0.0,0.0,0.0,0.0,0.0,0.0,0.0,0.0,0.0
1784671657.8088975,314824.7025359,0,0,8,0,0,4.252497,0.483,161.3513762899174,188.88416643707035,159.32169776625742,161.3513762899174,192.22836036044964,188.88416643707035,0.0,0.0,0.0,0.0,0.0,0.0,0.0,-161.3513762899174,0.0,0.0,-188.88416643707035,0.0,0.0,0.0,0.0,0.0,0.0,0.0,0.0,0,0,161.3513762899174,188.88416643707035,0.0,0.0,0.0,0.0,0.0,0.0,0.0,0.0,0.0,0.0,0.0,0.0,0.0,0.0,0.0,0.0,0.0,0.0,0.0,0.0,0.0,0.0,0.0,0.0,0.0,0.0,0.0,0.0,0.0
1784671657.8117735,314824.7054127,0,0,8,0,0,4.254997,0.5820000000000001,161.8246649218595,199.57906687537897,160.59333647700336,161.8246649218595,203.94458661210615,199.579066875379,0.0,0.0,0.0,0.0,0.0,0.0,0.0,-161.8246649218595,0.0,0.0,-199.57906687537897,0.0,0.0,0.0,0.0,0.0,0.0,0.0,0.0,0,0,161.8246649218595,199.57906687537897,0.0,0.0,0.0,0.0,0.0,0.0,0.0,0.0,0.0,0.0,0.0,0.0,0.0,0.0,0.0,0.0,0.0,0.0,0.0,0.0,0.0,0.0,0.0,0.0,0.0,0.0,0.0,0.0,0.0
1784671657.815109,314824.7087487,0,0,8,0,0,4.257498,0.683,162.3197703709275,208.50107605907257,159.8310667545262,162.3197703709275,212.42331942603835,208.50107605907257,0.0,0.0,0.0,0.0,0.0,0.0,0.0,-162.3197703709275,0.0,0.0,-208.50107605907257,0.0,0.0,0.0,0.0,0.0,0.0,0.0,0.0,0,0,162.3197703709275,208.50107605907257,0.0,0.0,0.0,0.0,0.0,0.0,0.0,0.0,0.0,0.0,0.0,0.0,0.0,0.0,0.0,0.0,0.0,0.0,0.0,0.0,0.0,0.0,0.0,0.0,0.0,0.0,0.0,0.0,0.0
1784671657.8175344,314824.7111722,0,0,8,0,0,4.259997,0.781,162.8345163412463,216.1788801298541,154.19687216082772,162.8345163412463,219.3620553614854,216.1788801298541,0.0,0.0,0.0,0.0,0.0,0.0,0.0,-162.8345163412463,0.0,0.0,-216.1788801298541,0.0,0.0,0.0,0.0,0.0,0.0,0.0,0.0,0,0,162.8345163412463,216.1788801298541,0.0,0.0,0.0,0.0,0.0,0.0,0.0,0.0,0.0,0.0,0.0,0.0,0.0,0.0,0.0,0.0,0.0,0.0,0.0,0.0,0.0,0.0,0.0,0.0,0.0,0.0,0.0,0.0,0.0
1784671657.819903,314824.7135417,0,0,8,0,0,4.262497,0.879,163.36645909979092,223.2664071882339,159.20193262934177,163.36645909979092,226.47579094221487,223.2664071882339,0.0,0.0,0.0,0.0,0.0,0.0,0.0,-163.36645909979092,0.0,0.0,-223.2664071882339,0.0,0.0,0.0,0.0,0.0,0.0,0.0,0.0,0,0,163.36645909979092,223.2664071882339,0.0,0.0,0.0,0.0,0.0,0.0,0.0,0.0,0.0,0.0,0.0,0.0,0.0,0.0,0.0,0.0,0.0,0.0,0.0,0.0,0.0,0.0,0.0,0.0,0.0,0.0,0.0,0.0,0.0
1784671657.821352,314824.7149893,0,0,8,0,0,4.264998,0.98,163.91678176682748,231.3337066931076,158.27654390706329,163.91678176682748,234.94577377388288,231.3337066931076,0.0,0.0,0.0,0.0,0.0,0.0,0.0,-163.91678176682748,0.0,0.0,-231.3337066931076,0.0,0.0,0.0,0.0,0.0,0.0,0.0,0.0,0,0,163.91678176682748,231.3337066931076,0.0,0.0,0.0,0.0,0.0,0.0,0.0,0.0,0.0,0.0,0.0,0.0,0.0,0.0,0.0,0.0,0.0,0.0,0.0,0.0,0.0,0.0,0.0,0.0,0.0,0.0,0.0,0.0,0.0
1784671657.8239462,314824.7175848,0,0,8,0,0,4.267498,1.0790000000000002,164.48550105476443,238.54230774143625,156.17083651331762,164.48550105476443,241.51701045423687,238.54230774143625,0.0,0.0,0.0,0.0,0.0,0.0,0.0,-164.48550105476443,0.0,0.0,-238.54230774143625,0.0,0.0,0.0,0.0,0.0,0.0,0.0,0.0,0,0,164.48550105476443,238.54230774143625,0.0,0.0,0.0,0.0,0.0,0.0,0.0,0.0,0.0,0.0,0.0,0.0,0.0,0.0,0.0,0.0,0.0,0.0,0.0,0.0,0.0,0.0,0.0,0.0,0.0,0.0,0.0,0.0,0.0
1784671657.826699,314824.7203378,0,0,8,0,0,4.269997,1.177,165.07091248971724,245.631459007578,162.78932545669002,165.07091248971727,248.8494955915694,245.631459007578,0.0,0.0,0.0,0.0,0.0,0.0,0.0,-165.07091248971724,0.0,0.0,-245.631459007578,0.0,0.0,0.0,0.0,0.0,0.0,0.0,0.0,0,0,165.07091248971724,245.631459007578,0.0,0.0,0.0,0.0,0.0,0.0,0.0,0.0,0.0,0.0,0.0,0.0,0.0,0.0,0.0,0.0,0.0,0.0,0.0,0.0,0.0,0.0,0.0,0.0,0.0,0.0,0.0,0.0,0.0
1784671657.8293812,314824.7230208,0,0,8,0,0,4.272497,0.075,165.98514558043723,257.6681959824075,158.70308150133198,165.98514558043726,260.9857209919037,257.6681959824075,0.0,0.0,0.0,0.0,0.0,0.0,0.0,-165.98514558043723,0.0,0.0,-257.6681959824075,0.0,0.0,0.0,0.0,0.0,0.0,0.0,0.0,0,0,165.98514558043723,257.6681959824075,0.0,0.0,0.0,0.0,0.0,0.0,0.0,0.0,0.0,0.0,0.0,0.0,0.0,0.0,0.0,0.0,0.0,0.0,0.0,0.0,0.0,0.0,0.0,0.0,0.0,0.0,0.0,0.0,0.0
1784671657.831649,314824.7252885,0,0,8,0,0,4.274998,0.175,166.61969685342538,266.2648297681775,158.5902966180826,166.61969685342538,269.7794531673442,266.2648297681775,0.0,0.0,0.0,0.0,0.0,0.0,0.0,-166.61969685342538,0.0,0.0,-266.2648297681775,0.0,0.0,0.0,0.0,0.0,0.0,0.0,0.0,0,0,166.61969685342538,266.2648297681775,0.0,0.0,0.0,0.0,0.0,0.0,0.0,0.0,0.0,0.0,0.0,0.0,0.0,0.0,0.0,0.0,0.0,0.0,0.0,0.0,0.0,0.0,0.0,0.0,0.0,0.0,0.0,0.0,0.0
1784671657.8340957,314824.7277301,0,0,8,0,0,4.277498,0.2739999999999999,167.27321928798844,274.2044187770168,166.11121426382653,167.27321928798844,277.78568693901383,274.2044187770168,0.0,0.0,0.0,0.0,0.0,0.0,0.0,-167.27321928798844,0.0,0.0,-274.2044187770168,0.0,0.0,0.0,0.0,0.0,0.0,0.0,0.0,0,0,167.27321928798844,274.2044187770168,0.0,0.0,0.0,0.0,0.0,0.0,0.0,0.0,0.0,0.0,0.0,0.0,0.0,0.0,0.0,0.0,0.0,0.0,0.0,0.0,0.0,0.0,0.0,0.0,0.0,0.0,0.0,0.0,0.0
1784671657.8390932,314824.7327309,0,0,8,0,0,4.279997,0.373,167.94538751706855,281.9693557475515,163.98485603737353,167.94538751706855,285.34567161521346,281.9693557475515,0.0,0.0,0.0,0.0,0.0,0.0,0.0,-167.94538751706855,0.0,0.0,-281.9693557475515,0.0,0.0,0.0,0.0,0.0,0.0,0.0,0.0,0,0,167.94538751706855,281.9693557475515,0.0,0.0,0.0,0.0,0.0,0.0,0.0,0.0,0.0,0.0,0.0,0.0,0.0,0.0,0.0,0.0,0.0,0.0,0.0,0.0,0.0,0.0,0.0,0.0,0.0,0.0,0.0,0.0,0.0
1784671657.8393862,314824.7330265,0,0,8,0,0,4.282498,0.472,168.63008794767367,285.6420027936344,165.64686608909952,168.63008794767367,286.68441890162376,285.6420027936344,0.0,0.0,0.0,0.0,0.0,0.0,0.0,-168.63008794767367,0.0,0.0,-285.6420027936344,0.0,0.0,0.0,0.0,0.0,0.0,0.0,0.0,0,0,168.63008794767367,285.6420027936344,0.0,0.0,0.0,0.0,0.0,0.0,0.0,0.0,0.0,0.0,0.0,0.0,0.0,0.0,0.0,0.0,0.0,0.0,0.0,0.0,0.0,0.0,0.0,0.0,0.0,0.0,0.0,0.0,0.0
1784671657.8412857,314824.7349261,0,0,8,0,0,4.284998,0.5720000000000001,169.3172651191849,286.4536695635577,157.98714978802755,169.31726511918487,286.68441890162376,286.4536695635577,0.0,0.0,0.0,0.0,0.0,0.0,0.0,-169.3172651191849,0.0,0.0,-286.4536695635577,0.0,0.0,0.0,0.0,0.0,0.0,0.0,0.0,0,0,169.3172651191849,286.4536695635577,0.0,0.0,0.0,0.0,0.0,0.0,0.0,0.0,0.0,0.0,0.0,0.0,0.0,0.0,0.0,0.0,0.0,0.0,0.0,0.0,0.0,0.0,0.0,0.0,0.0,0.0,0.0,0.0,0.0
1784671657.844046,314824.7376079,0,0,8,0,0,4.287498,0.669,170.00597619207483,286.63343639454433,164.42236516997664,170.00597619207483,286.68441890162376,286.63343639454433,0.0,0.0,0.0,0.0,0.0,0.0,0.0,-170.00597619207483,0.0,0.0,-286.63343639454433,0.0,0.0,0.0,0.0,0.0,0.0,0.0,0.0,0,0,170.00597619207483,286.63343639454433,0.0,0.0,0.0,0.0,0.0,0.0,0.0,0.0,0.0,0.0,0.0,0.0,0.0,0.0,0.0,0.0,0.0,0.0,0.0,0.0,0.0,0.0,0.0,0.0,0.0,0.0,0.0,0.0,0.0
1784671657.846716,314824.7403553,0,0,8,0,0,4.289998,0.769,170.69397646540827,286.6731334085549,159.6531622081963,170.69397646540827,286.68441890162376,286.673133408555,0.0,0.0,0.0,0.0,0.0,0.0,0.0,-170.69397646540827,0.0,0.0,-286.6731334085549,0.0,0.0,0.0,0.0,0.0,0.0,0.0,0.0,0,0,170.69397646540827,286.6731334085549,0.0,0.0,0.0,0.0,0.0,0.0,0.0,0.0,0.0,0.0,0.0,0.0,0.0,0.0,0.0,0.0,0.0,0.0,0.0,0.0,0.0,0.0,0.0,0.0,0.0,0.0,0.0,0.0,0.0
1784671657.848929,314824.7425696,0,0,8,0,0,4.292531,0.903,171.38172302113497,286.6819191735723,161.83260419063996,171.38172302113497,286.68441890162376,286.6819191735723,0.0,0.0,0.0,0.0,0.0,0.0,0.0,-171.38172302113497,0.0,0.0,-286.6819191735723,0.0,0.0,0.0,0.0,0.0,0.0,0.0,0.0,0,0,171.38172302113497,286.6819191735723,0.0,0.0,0.0,0.0,0.0,0.0,0.0,0.0,0.0,0.0,0.0,0.0,0.0,0.0,0.0,0.0,0.0,0.0,0.0,0.0,0.0,0.0,0.0,0.0,0.0,0.0,0.0,0.0,0.0
1784671657.851518,314824.7451571,0,0,8,0,0,4.294998,0.966,172.0709102888383,286.6838669505114,161.50591132995228,172.0709102888383,286.68441890162376,286.6838669505114,0.0,0.0,0.0,0.0,0.0,0.0,0.0,-172.0709102888383,0.0,0.0,-286.6838669505114,0.0,0.0,0.0,0.0,0.0,0.0,0.0,0.0,0,0,172.0709102888383,286.6838669505114,0.0,0.0,0.0,0.0,0.0,0.0,0.0,0.0,0.0,0.0,0.0,0.0,0.0,0.0,0.0,0.0,0.0,0.0,0.0,0.0,0.0,0.0,0.0,0.0,0.0,0.0,0.0,0.0,0.0
1784671657.853894,314824.7475345,0,0,8,0,0,4.297497,1.066,172.75866575151474,286.6842966448761,164.7631920197511,172.7586657515147,286.68441890162376,286.6842966448761,0.0,0.0,0.0,0.0,0.0,0.0,0.0,-172.75866575151474,0.0,0.0,-286.6842966448761,0.0,0.0,0.0,0.0,0.0,0.0,0.0,0.0,0,0,172.75866575151474,286.6842966448761,0.0,0.0,0.0,0.0,0.0,0.0,0.0,0.0,0.0,0.0,0.0,0.0,0.0,0.0,0.0,0.0,0.0,0.0,0.0,0.0,0.0,0.0,0.0,0.0,0.0,0.0,0.0,0.0,0.0
1784671657.8566818,314824.750319,0,0,8,0,0,4.299997,1.163,173.44756830862843,286.6843918898214,167.24942372368608,173.44756830862843,286.68441890162376,286.6843918898214,0.0,0.0,0.0,0.0,0.0,0.0,0.0,-173.44756830862843,0.0,0.0,-286.6843918898214,0.0,0.0,0.0,0.0,0.0,0.0,0.0,0.0,0,0,173.44756830862843,286.6843918898214,0.0,0.0,0.0,0.0,0.0,0.0,0.0,0.0,0.0,0.0,0.0,0.0,0.0,0.0,0.0,0.0,0.0,0.0,0.0,0.0,0.0,0.0,0.0,0.0,0.0,0.0,0.0,0.0,0.0
1784671657.8589544,314824.752593,0,0,8,0,0,4.302497,0.062,174.4799188752839,286.684416090178,164.94918653488722,174.4799188752839,286.68441890162376,286.684416090178,0.0,0.0,0.0,0.0,0.0,0.0,0.0,-174.4799188752839,0.0,0.0,-286.684416090178,0.0,0.0,0.0,0.0,0.0,0.0,0.0,0.0,0,0,174.4799188752839,286.684416090178,0.0,0.0,0.0,0.0,0.0,0.0,0.0,0.0,0.0,0.0,0.0,0.0,0.0,0.0,0.0,0.0,0.0,0.0,0.0,0.0,0.0,0.0,0.0,0.0,0.0,0.0,0.0,0.0,0.0
1784671657.8613508,314824.7549901,0,0,8,0,0,4.304997,0.162,175.1679614783134,286.6844182792819,165.852774530992,175.1679614783134,286.68441890162376,286.68441827928183,0.0,0.0,0.0,0.0,0.0,0.0,0.0,-175.1679614783134,0.0,0.0,-286.6844182792819,0.0,0.0,0.0,0.0,0.0,0.0,0.0,0.0,0,0,175.1679614783134,286.6844182792819,0.0,0.0,0.0,0.0,0.0,0.0,0.0,0.0,0.0,0.0,0.0,0.0,0.0,0.0,0.0,0.0,0.0,0.0,0.0,0.0,0.0,0.0,0.0,0.0,0.0,0.0,0.0,0.0,0.0
1784671657.8640816,314824.7577202,0,0,8,0,0,4.307498,0.263,175.8560040831607,286.6844187638621,164.31289411638537,175.8560040831607,286.68441890162376,286.6844187638621,0.0,0.0,0.0,0.0,0.0,0.0,0.0,-175.8560040831607,0.0,0.0,-286.6844187638621,0.0,0.0,0.0,0.0,0.0,0.0,0.0,0.0,0,0,175.8560040831607,286.6844187638621,0.0,0.0,0.0,0.0,0.0,0.0,0.0,0.0,0.0,0.0,0.0,0.0,0.0,0.0,0.0,0.0,0.0,0.0,0.0,0.0,0.0,0.0,0.0,0.0,0.0,0.0,0.0,0.0,0.0
1784671657.8729029,314824.7665415,0,0,8,0,0,4.309999,0.362,176.54462005724804,286.6844188711671,165.46870163266018,176.54462005724804,286.68441890162376,286.6844188711671,0.0,0.0,0.0,0.0,0.0,0.0,0.0,-176.54462005724804,0.0,0.0,-286.6844188711671,0.0,0.0,0.0,0.0,0.0,0.0,0.0,0.0,0,0,176.54462005724804,286.6844188711671,0.0,0.0,0.0,0.0,0.0,0.0,0.0,0.0,0.0,0.0,0.0,0.0,0.0,0.0,0.0,0.0,0.0,0.0,0.0,0.0,0.0,0.0,0.0,0.0,0.0,0.0,0.0,0.0,0.0
1784671657.8973956,314824.7910341,0,0,8,0,0,4.312497,0.4589999999999999,177.23294934700556,286.6844188948861,161.023821403365,177.23294934700556,286.68441890162376,286.6844188948861,0.0,0.0,0.0,0.0,0.0,0.0,0.0,-177.23294934700556,0.0,0.0,-286.6844188948861,0.0,0.0,0.0,0.0,0.0,0.0,0.0,0.0,0,0,177.23294934700556,286.6844188948861,0.0,0.0,0.0,0.0,0.0,0.0,0.0,0.0,0.0,0.0,0.0,0.0,0.0,0.0,0.0,0.0,0.0,0.0,0.0,0.0,0.0,0.0,0.0,0.0,0.0,0.0,0.0,0.0,0.0
1784671657.8976274,314824.7912684,0,0,8,0,0,4.314998,0.559,177.92127863678277,286.68441890013327,169.18462996523442,177.92127863678277,286.68441890162376,286.68441890013327,0.0,0.0,0.0,0.0,0.0,0.0,0.0,-177.92127863678277,0.0,0.0,-286.68441890013327,0.0,0.0,0.0,0.0,0.0,0.0,0.0,0.0,0,0,177.92127863678277,286.68441890013327,0.0,0.0,0.0,0.0,0.0,0.0,0.0,0.0,0.0,0.0,0.0,0.0,0.0,0.0,0.0,0.0,0.0,0.0,0.0,0.0,0.0,0.0,0.0,0.0,0.0,0.0,0.0,0.0,0.0
1784671657.8977685,314824.7914095,0,0,8,0,0,4.317497,0.6579999999999999,178.6081904819468,286.68441890129384,165.95641197866627,178.60819048194682,286.68441890162376,286.68441890129384,0.0,0.0,0.0,0.0,0.0,0.0,0.0,-178.6081904819468,0.0,0.0,-286.68441890129384,0.0,0.0,0.0,0.0,0.0,0.0,0.0,0.0,0,0,178.6081904819468,286.68441890129384,0.0,0.0,0.0,0.0,0.0,0.0,0.0,0.0,0.0,0.0,0.0,0.0,0.0,0.0,0.0,0.0,0.0,0.0,0.0,0.0,0.0,0.0,0.0,0.0,0.0,0.0,0.0,0.0,0.0
1784671657.8979397,314824.7915808,0,0,8,0,0,4.319998,0.758,179.29425730920966,286.6844189015508,170.81573990181192,179.29425730920966,286.68441890162376,286.6844189015508,0.0,0.0,0.0,0.0,0.0,0.0,0.0,-179.29425730920966,0.0,0.0,-286.6844189015508,0.0,0.0,0.0,0.0,0.0,0.0,0.0,0.0,0,0,179.29425730920966,286.6844189015508,0.0,0.0,0.0,0.0,0.0,0.0,0.0,0.0,0.0,0.0,0.0,0.0,0.0,0.0,0.0,0.0,0.0,0.0,0.0,0.0,0.0,0.0,0.0,0.0,0.0,0.0,0.0,0.0,0.0
1784671657.8980649,314824.7917063,0,0,8,0,0,4.322497,0.855,179.9806098787692,286.6844189016076,169.09875889302288,179.9806098787692,286.68441890162376,286.6844189016076,0.0,0.0,0.0,0.0,0.0,0.0,0.0,-179.9806098787692,0.0,0.0,-286.6844189016076,0.0,0.0,0.0,0.0,0.0,0.0,0.0,0.0,0,0,179.9806098787692,286.6844189016076,0.0,0.0,0.0,0.0,0.0,0.0,0.0,0.0,0.0,0.0,0.0,0.0,0.0,0.0,0.0,0.0,0.0,0.0,0.0,0.0,0.0,0.0,0.0,0.0,0.0,0.0,0.0,0.0,0.0
1784671657.898254,314824.7918938,0,0,8,0,0,4.324998,0.955,-179.33332329396765,286.6844189016202,166.57756636356575,-179.33332329396765,286.68441890162376,286.6844189016202,0.0,0.0,0.0,0.0,0.0,0.0,0.0,179.33332329396765,0.0,0.0,-286.6844189016202,0.0,0.0,0.0,0.0,0.0,0.0,0.0,0.0,0,0,-179.33332329396765,286.6844189016202,0.0,0.0,0.0,0.0,0.0,0.0,0.0,0.0,0.0,0.0,0.0,0.0,0.0,0.0,0.0,0.0,0.0,0.0,0.0,0.0,0.0,0.0,0.0,0.0,0.0,0.0,0.0,0.0,0.0
1784671657.8983915,314824.7920321,0,0,8,0,0,4.327497,1.053,-178.64725646670453,286.68441890162296,168.1906842926593,-178.6472564667045,286.68441890162376,286.68441890162296,0.0,0.0,0.0,0.0,0.0,0.0,0.0,178.64725646670453,0.0,0.0,-286.68441890162296,0.0,0.0,0.0,0.0,0.0,0.0,0.0,0.0,0,0,-178.64725646670453,286.68441890162296,0.0,0.0,0.0,0.0,0.0,0.0,0.0,0.0,0.0,0.0,0.0,0.0,0.0,0.0,0.0,0.0,0.0,0.0,0.0,0.0,0.0,0.0,0.0,0.0,0.0,0.0,0.0,0.0,0.0
1784671657.8985398,314824.7921801,0,0,8,0,0,4.330033,1.189,-177.96147538173784,286.6844189016236,162.22735091040985,-177.96147538173787,286.68441890162376,286.6844189016236,0.0,0.0,0.0,0.0,0.0,0.0,0.0,177.96147538173784,0.0,0.0,-286.6844189016236,0.0,0.0,0.0,0.0,0.0,0.0,0.0,0.0,0,0,-177.96147538173784,286.6844189016236,0.0,0.0,0.0,0.0,0.0,0.0,0.0,0.0,0.0,0.0,0.0,0.0,0.0,0.0,0.0,0.0,0.0,0.0,0.0,0.0,0.0,0.0,0.0,0.0,0.0,0.0,0.0,0.0,0.0
1784671657.89896,314824.7925993,0,0,8,0,0,4.332498,0.051,-176.93194652739632,286.6844189016237,170.73109205380928,-176.93194652739632,286.68441890162376,286.6844189016237,0.0,0.0,0.0,0.0,0.0,0.0,0.0,176.93194652739632,0.0,0.0,-286.6844189016237,0.0,0.0,0.0,0.0,0.0,0.0,0.0,0.0,0,0,-176.93194652739632,286.6844189016237,0.0,0.0,0.0,0.0,0.0,0.0,0.0,0.0,0.0,0.0,0.0,0.0,0.0,0.0,0.0,0.0,0.0,0.0,0.0,0.0,0.0,0.0,0.0,0.0,0.0,0.0,0.0,0.0,0.0
1784671657.8992586,314824.7928996,0,0,8,0,0,4.334997,0.15,-176.2461654424294,286.6844189016237,169.31328715789337,-176.24616544242937,286.68441890162376,286.68441890162376,0.0,0.0,0.0,0.0,0.0,0.0,0.0,176.2461654424294,0.0,0.0,-286.6844189016237,0.0,0.0,0.0,0.0,0.0,0.0,0.0,0.0,0,0,-176.2461654424294,286.6844189016237,0.0,0.0,0.0,0.0,0.0,0.0,0.0,0.0,0.0,0.0,0.0,0.0,0.0,0.0,0.0,0.0,0.0,0.0,0.0,0.0,0.0,0.0,0.0,0.0,0.0,0.0,0.0,0.0,0.0
1784671657.899397,314824.7930379,0,0,8,0,0,4.337498,0.25,-175.56009861516625,286.6844189016237,166.95514742655837,-175.56009861516625,286.68441890162376,286.68441890162376,0.0,0.0,0.0,0.0,0.0,0.0,0.0,175.56009861516625,0.0,0.0,-286.6844189016237,0.0,0.0,0.0,0.0,0.0,0.0,0.0,0.0,0,0,-175.56009861516625,286.6844189016237,0.0,0.0,0.0,0.0,0.0,0.0,0.0,0.0,0.0,0.0,0.0,0.0,0.0,0.0,0.0,0.0,0.0,0.0,0.0,0.0,0.0,0.0,0.0,0.0,0.0,0.0,0.0,0.0,0.0
1784671657.8995223,314824.7931638,0,0,8,0,0,4.339998,0.349,-174.8740317879031,286.6844189016237,171.1435505028308,-174.8740317879031,286.68441890162376,286.68441890162376,0.0,0.0,0.0,0.0,0.0,0.0,0.0,174.8740317879031,0.0,0.0,-286.6844189016237,0.0,0.0,0.0,0.0,0.0,0.0,0.0,0.0,0,0,-174.8740317879031,286.6844189016237,0.0,0.0,0.0,0.0,0.0,0.0,0.0,0.0,0.0,0.0,0.0,0.0,0.0,0.0,0.0,0.0,0.0,0.0,0.0,0.0,0.0,0.0,0.0,0.0,0.0,0.0,0.0,0.0,0.0
1784671657.9015768,314824.7952148,0,0,8,0,0,4.342498,0.446,-174.1873934760461,286.6844189016237,168.43640187204457,-174.18739347604608,286.68441890162376,286.68441890162376,0.0,0.0,0.0,0.0,0.0,0.0,0.0,174.1873934760461,0.0,0.0,-286.6844189016237,0.0,0.0,0.0,0.0,0.0,0.0,0.0,0.0,0,0,-174.1873934760461,286.6844189016237,0.0,0.0,0.0,0.0,0.0,0.0,0.0,0.0,0.0,0.0,0.0,0.0,0.0,0.0,0.0,0.0,0.0,0.0,0.0,0.0,0.0,0.0,0.0,0.0,0.0,0.0,0.0,0.0,0.0
1784671657.9018288,314824.7954696,0,0,8,0,0,4.344997,0.5469999999999999,-173.50218387567153,286.6844189016237,164.4321487400625,-173.5021838756715,286.68441890162376,286.68441890162376,0.0,0.0,0.0,0.0,0.0,0.0,0.0,173.50218387567153,0.0,0.0,-286.6844189016237,0.0,0.0,0.0,0.0,0.0,0.0,0.0,0.0,0,0,-173.50218387567153,286.6844189016237,0.0,0.0,0.0,0.0,0.0,0.0,0.0,0.0,0.0,0.0,0.0,0.0,0.0,0.0,0.0,0.0,0.0,0.0,0.0,0.0,0.0,0.0,0.0,0.0,0.0,0.0,0.0,0.0,0.0
1784671657.9105685,314824.8042069,0,0,8,0,0,4.347498,0.647,-172.8161170484084,286.6844189016237,169.36573595636634,-172.8161170484084,286.68441890162376,286.68441890162376,0.0,0.0,0.0,0.0,0.0,0.0,0.0,172.8161170484084,0.0,0.0,-286.6844189016237,0.0,0.0,0.0,0.0,0.0,0.0,0.0,0.0,0,0,-172.8161170484084,286.6844189016237,0.0,0.0,0.0,0.0,0.0,0.0,0.0,0.0,0.0,0.0,0.0,0.0,0.0,0.0,0.0,0.0,0.0,0.0,0.0,0.0,0.0,0.0,0.0,0.0,0.0,0.0,0.0,0.0,0.0
1784671657.910795,314824.8044362,0,0,8,0,0,4.349997,0.745,-172.13005022114524,286.6844189016237,171.3328581413814,-172.13005022114524,286.68441890162376,286.68441890162376,0.0,0.0,0.0,0.0,0.0,0.0,0.0,172.13005022114524,0.0,0.0,-286.6844189016237,0.0,0.0,0.0,0.0,0.0,0.0,0.0,0.0,0,0,-172.13005022114524,286.6844189016237,0.0,0.0,0.0,0.0,0.0,0.0,0.0,0.0,0.0,0.0,0.0,0.0,0.0,0.0,0.0,0.0,0.0,0.0,0.0,0.0,0.0,0.0,0.0,0.0,0.0,0.0,0.0,0.0,0.0
1784671657.910957,314824.8045985,0,0,8,0,0,4.352497,0.844,-171.44398339388212,286.6844189016237,171.3735308736882,-171.4439833938821,286.68441890162376,286.68441890162376,0.0,0.0,0.0,0.0,0.0,0.0,0.0,171.44398339388212,0.0,0.0,-286.6844189016237,0.0,0.0,0.0,0.0,0.0,0.0,0.0,0.0,0,0,-171.44398339388212,286.6844189016237,0.0,0.0,0.0,0.0,0.0,0.0,0.0,0.0,0.0,0.0,0.0,0.0,0.0,0.0,0.0,0.0,0.0,0.0,0.0,0.0,0.0,0.0,0.0,0.0,0.0,0.0,0.0,0.0,0.0
1784671657.9117763,314824.8054159,0,0,8,0,0,4.354997,0.942,-170.75649912200143,286.6844189016237,166.5054280385339,-170.75649912200143,286.68441890162376,286.68441890162376,0.0,0.0,0.0,0.0,0.0,0.0,0.0,170.75649912200143,0.0,0.0,-286.6844189016237,0.0,0.0,0.0,0.0,0.0,0.0,0.0,0.0,0,0,-170.75649912200143,286.6844189016237,0.0,0.0,0.0,0.0,0.0,0.0,0.0,0.0,0.0,0.0,0.0,0.0,0.0,0.0,0.0,0.0,0.0,0.0,0.0,0.0,0.0,0.0,0.0,0.0,0.0,0.0,0.0,0.0,0.0
1784671657.914005,314824.8076438,0,0,8,0,0,4.357498,1.043,-170.06845651663755,286.6844189016237,173.1757461353417,-170.06845651663755,286.68441890162376,286.68441890162376,0.0,0.0,0.0,0.0,0.0,0.0,0.0,170.06845651663755,0.0,0.0,-286.6844189016237,0.0,0.0,0.0,0.0,0.0,0.0,0.0,0.0,0,0,-170.06845651663755,286.6844189016237,0.0,0.0,0.0,0.0,0.0,0.0,0.0,0.0,0.0,0.0,0.0,0.0,0.0,0.0,0.0,0.0,0.0,0.0,0.0,0.0,0.0,0.0,0.0,0.0,0.0,0.0,0.0,0.0,0.0
1784671657.9206796,314824.8143181,0,0,8,0,0,4.359997,1.14,-169.37984054243586,286.6844189016237,171.8878546464373,-169.37984054243583,286.68441890162376,286.68441890162376,0.0,0.0,0.0,0.0,0.0,0.0,0.0,169.37984054243586,0.0,0.0,-286.6844189016237,0.0,0.0,0.0,0.0,0.0,0.0,0.0,0.0,0,0,-169.37984054243586,286.6844189016237,0.0,0.0,0.0,0.0,0.0,0.0,0.0,0.0,0.0,0.0,0.0,0.0,0.0,0.0,0.0,0.0,0.0,0.0,0.0,0.0,0.0,0.0,0.0,0.0,0.0,0.0,0.0,0.0,0.0
1784671657.920884,314824.8145251,0,0,8,0,0,4.362498,0.039,-168.34720326555217,286.6844189016237,165.95544185031457,-168.3472032655522,286.68441890162376,286.68441890162376,0.0,0.0,0.0,0.0,0.0,0.0,0.0,168.34720326555217,0.0,0.0,-286.6844189016237,0.0,0.0,0.0,0.0,0.0,0.0,0.0,0.0,0,0,-168.34720326555217,286.6844189016237,0.0,0.0,0.0,0.0,0.0,0.0,0.0,0.0,0.0,0.0,0.0,0.0,0.0,0.0,0.0,0.0,0.0,0.0,0.0,0.0,0.0,0.0,0.0,0.0,0.0,0.0,0.0,0.0,0.0
1784671657.9219103,314824.8155495,0,0,8,0,0,4.364997,0.1389999999999999,-167.6594473446072,286.6844189016237,173.53626440108292,-167.6594473446072,286.68441890162376,286.68441890162376,0.0,0.0,0.0,0.0,0.0,0.0,0.0,167.6594473446072,0.0,0.0,-286.6844189016237,0.0,0.0,0.0,0.0,0.0,0.0,0.0,0.0,0,0,-167.6594473446072,286.6844189016237,0.0,0.0,0.0,0.0,0.0,0.0,0.0,0.0,0.0,0.0,0.0,0.0,0.0,0.0,0.0,0.0,0.0,0.0,0.0,0.0,0.0,0.0,0.0,0.0,0.0,0.0,0.0,0.0,0.0
1784671657.9252696,314824.8189084,0,0,8,0,0,4.367498,0.239,-166.97111805482436,286.6844189016237,173.22580298728482,-166.9711180548244,286.68441890162376,286.68441890162376,0.0,0.0,0.0,0.0,0.0,0.0,0.0,166.97111805482436,0.0,0.0,-286.6844189016237,0.0,0.0,0.0,0.0,0.0,0.0,0.0,0.0,0,0,-166.97111805482436,286.6844189016237,0.0,0.0,0.0,0.0,0.0,0.0,0.0,0.0,0.0,0.0,0.0,0.0,0.0,0.0,0.0,0.0,0.0,0.0,0.0,0.0,0.0,0.0,0.0,0.0,0.0,0.0,0.0,0.0,0.0
1784671657.928211,314824.8218496,0,0,8,0,0,4.369998,0.337,-166.28250208062266,286.6844189016237,169.56093656836455,-166.28250208062266,286.68441890162376,286.68441890162376,0.0,0.0,0.0,0.0,0.0,0.0,0.0,166.28250208062266,0.0,0.0,-286.6844189016237,0.0,0.0,0.0,0.0,0.0,0.0,0.0,0.0,0,0,-166.28250208062266,286.6844189016237,0.0,0.0,0.0,0.0,0.0,0.0,0.0,0.0,0.0,0.0,0.0,0.0,0.0,0.0,0.0,0.0,0.0,0.0,0.0,0.0,0.0,0.0,0.0,0.0,0.0,0.0,0.0,0.0,0.0
1784671657.9288428,314824.8224823,0,0,8,0,0,4.372531,0.471,-165.59474615967767,286.6844189016237,173.9870359469004,-165.59474615967767,286.68441890162376,286.68441890162376,0.0,0.0,0.0,0.0,0.0,0.0,0.0,165.59474615967767,0.0,0.0,-286.6844189016237,0.0,0.0,0.0,0.0,0.0,0.0,0.0,0.0,0,0,-165.59474615967767,286.6844189016237,0.0,0.0,0.0,0.0,0.0,0.0,0.0,0.0,0.0,0.0,0.0,0.0,0.0,0.0,0.0,0.0,0.0,0.0,0.0,0.0,0.0,0.0,0.0,0.0,0.0,0.0,0.0,0.0,0.0
1784671657.931679,314824.8253184,0,0,8,0,0,4.374998,0.535,-164.9058435010571,286.6844189016237,174.3975389053734,-164.90584350105706,286.68441890162376,286.68441890162376,0.0,0.0,0.0,0.0,0.0,0.0,0.0,164.9058435010571,0.0,0.0,-286.6844189016237,0.0,0.0,0.0,0.0,0.0,0.0,0.0,0.0,0,0,-164.9058435010571,286.6844189016237,0.0,0.0,0.0,0.0,0.0,0.0,0.0,0.0,0.0,0.0,0.0,0.0,0.0,0.0,0.0,0.0,0.0,0.0,0.0,0.0,0.0,0.0,0.0,0.0,0.0,0.0,0.0,0.0,0.0
1784671657.9341235,314824.8277594,0,0,8,0,0,4.377497,0.634,-164.2178008956932,286.6844189016237,168.37925503166,-164.2178008956932,286.68441890162376,286.68441890162376,0.0,0.0,0.0,0.0,0.0,0.0,0.0,164.2178008956932,0.0,0.0,-286.6844189016237,0.0,0.0,0.0,0.0,0.0,0.0,0.0,0.0,0,0,-164.2178008956932,286.6844189016237,0.0,0.0,0.0,0.0,0.0,0.0,0.0,0.0,0.0,0.0,0.0,0.0,0.0,0.0,0.0,0.0,0.0,0.0,0.0,0.0,0.0,0.0,0.0,0.0,0.0,0.0,0.0,0.0,0.0
1784671657.9369953,314824.8306335,0,0,8,0,0,4.379998,0.734,-163.5294716059104,286.6844189016237,171.72992799470424,-163.5294716059104,286.68441890162376,286.68441890162376,0.0,0.0,0.0,0.0,0.0,0.0,0.0,163.5294716059104,0.0,0.0,-286.6844189016237,0.0,0.0,0.0,0.0,0.0,0.0,0.0,0.0,0,0,-163.5294716059104,286.6844189016237,0.0,0.0,0.0,0.0,0.0,0.0,0.0,0.0,0.0,0.0,0.0,0.0,0.0,0.0,0.0,0.0,0.0,0.0,0.0,0.0,0.0,0.0,0.0,0.0,0.0,0.0,0.0,0.0,0.0
1784671657.9408886,314824.8345274,0,0,8,0,0,4.382498,0.833,-162.84114231612762,286.6844189016237,174.78365824060214,-162.84114231612762,286.68441890162376,286.68441890162376,0.0,0.0,0.0,0.0,0.0,0.0,0.0,162.84114231612762,0.0,0.0,-286.6844189016237,0.0,0.0,0.0,0.0,0.0,0.0,0.0,0.0,0,0,-162.84114231612762,286.6844189016237,0.0,0.0,0.0,0.0,0.0,0.0,0.0,0.0,0.0,0.0,0.0,0.0,0.0,0.0,0.0,0.0,0.0,0.0,0.0,0.0,0.0,0.0,0.0,0.0,0.0,0.0,0.0,0.0,0.0
1784671657.9417462,314824.835386,0,0,8,0,0,4.384997,0.931,-162.1528130263448,286.6844189016237,170.88412071384738,-162.1528130263448,286.68441890162376,286.68441890162376,0.0,0.0,0.0,0.0,0.0,0.0,0.0,162.1528130263448,0.0,0.0,-286.6844189016237,0.0,0.0,0.0,0.0,0.0,0.0,0.0,0.0,0,0,-162.1528130263448,286.6844189016237,0.0,0.0,0.0,0.0,0.0,0.0,0.0,0.0,0.0,0.0,0.0,0.0,0.0,0.0,0.0,0.0,0.0,0.0,0.0,0.0,0.0,0.0,0.0,0.0,0.0,0.0,0.0,0.0,0.0
1784671657.944494,314824.838132,0,0,8,0,0,4.387497,1.029,-161.4641970521431,286.6844189016237,174.0282448294133,-161.4641970521431,286.68441890162376,286.68441890162376,0.0,0.0,0.0,0.0,0.0,0.0,0.0,161.4641970521431,0.0,0.0,-286.6844189016237,0.0,0.0,0.0,0.0,0.0,0.0,0.0,0.0,0,0,-161.4641970521431,286.6844189016237,0.0,0.0,0.0,0.0,0.0,0.0,0.0,0.0,0.0,0.0,0.0,0.0,0.0,0.0,0.0,0.0,0.0,0.0,0.0,0.0,0.0,0.0,0.0,0.0,0.0,0.0,0.0,0.0,0.0
1784671657.947981,314824.8416205,0,0,8,0,0,4.389997,1.129,-160.7761544467792,286.6844189016237,176.3286089022476,-160.7761544467792,286.68441890162376,286.68441890162376,0.0,0.0,0.0,0.0,0.0,0.0,0.0,160.7761544467792,0.0,0.0,-286.6844189016237,0.0,0.0,0.0,0.0,0.0,0.0,0.0,0.0,0,0,-160.7761544467792,286.6844189016237,0.0,0.0,0.0,0.0,0.0,0.0,0.0,0.0,0.0,0.0,0.0,0.0,0.0,0.0,0.0,0.0,0.0,0.0,0.0,0.0,0.0,0.0,0.0,0.0,0.0,0.0,0.0,0.0,0.0
1784671657.9507253,314824.844362,0,0,8,0,0,4.392498,0.027,-159.74323048547666,286.6844189016237,169.78908404189266,-159.74323048547666,286.68441890162376,286.68441890162376,0.0,0.0,0.0,0.0,0.0,0.0,0.0,159.74323048547666,0.0,0.0,-286.6844189016237,0.0,0.0,0.0,0.0,0.0,0.0,0.0,0.0,0,0,-159.74323048547666,286.6844189016237,0.0,0.0,0.0,0.0,0.0,0.0,0.0,0.0,0.0,0.0,0.0,0.0,0.0,0.0,0.0,0.0,0.0,0.0,0.0,0.0,0.0,0.0,0.0,0.0,0.0,0.0,0.0,0.0,0.0
1784671657.9527366,314824.8463748,0,0,8,0,0,4.394997,0.129,-159.05604793336943,286.6844189016237,171.95799014200617,-159.05604793336943,286.68441890162376,286.68441890162376,0.0,0.0,0.0,0.0,0.0,0.0,0.0,159.05604793336943,0.0,0.0,-286.6844189016237,0.0,0.0,0.0,0.0,0.0,0.0,0.0,0.0,0,0,-159.05604793336943,286.6844189016237,0.0,0.0,0.0,0.0,0.0,0.0,0.0,0.0,0.0,0.0,0.0,0.0,0.0,0.0,0.0,0.0,0.0,0.0,0.0,0.0,0.0,0.0,0.0,0.0,0.0,0.0,0.0,0.0,0.0
1784671657.955232,314824.8488698,0,0,8,0,0,4.397497,0.228,-158.36771864358664,286.6844189016237,175.54680006676028,-158.36771864358664,286.68441890162376,286.68441890162376,0.0,0.0,0.0,0.0,0.0,0.0,0.0,158.36771864358664,0.0,0.0,-286.6844189016237,0.0,0.0,0.0,0.0,0.0,0.0,0.0,0.0,0,0,-158.36771864358664,286.6844189016237,0.0,0.0,0.0,0.0,0.0,0.0,0.0,0.0,0.0,0.0,0.0,0.0,0.0,0.0,0.0,0.0,0.0,0.0,0.0,0.0,0.0,0.0,0.0,0.0,0.0,0.0,0.0,0.0,0.0
1784671657.9565768,314824.8502134,0,0,8,0,0,4.399998,0.326,-157.67881598496604,286.6844189016237,174.0729125090997,-157.67881598496604,286.68441890162376,286.68441890162376,0.0,0.0,0.0,0.0,0.0,0.0,0.0,157.67881598496604,0.0,0.0,-286.6844189016237,0.0,0.0,0.0,0.0,0.0,0.0,0.0,0.0,0,0,-157.67881598496604,286.6844189016237,0.0,0.0,0.0,0.0,0.0,0.0,0.0,0.0,0.0,0.0,0.0,0.0,0.0,0.0,0.0,0.0,0.0,0.0,0.0,0.0,0.0,0.0,0.0,0.0,0.0,0.0,0.0,0.0,0.0
1784671657.9588723,314824.8525106,0,0,8,0,0,4.402497,0.423,-156.99020001076434,286.6844189016237,172.1289758488827,-156.99020001076434,286.68441890162376,286.68441890162376,0.0,0.0,0.0,0.0,0.0,0.0,0.0,156.99020001076434,0.0,0.0,-286.6844189016237,0.0,0.0,0.0,0.0,0.0,0.0,0.0,0.0,0,0,-156.99020001076434,286.6844189016237,0.0,0.0,0.0,0.0,0.0,0.0,0.0,0.0,0.0,0.0,0.0,0.0,0.0,0.0,0.0,0.0,0.0,0.0,0.0,0.0,0.0,0.0,0.0,0.0,0.0,0.0,0.0,0.0,0.0
1784671657.9621968,314824.8558343,0,0,8,0,0,4.404997,0.523,-156.3021574054005,286.6844189016237,175.64204598076591,-156.30215740540046,286.68441890162376,286.68441890162376,0.0,0.0,0.0,0.0,0.0,0.0,0.0,156.3021574054005,0.0,0.0,-286.6844189016237,0.0,0.0,0.0,0.0,0.0,0.0,0.0,0.0,0,0,-156.3021574054005,286.6844189016237,0.0,0.0,0.0,0.0,0.0,0.0,0.0,0.0,0.0,0.0,0.0,0.0,0.0,0.0,0.0,0.0,0.0,0.0,0.0,0.0,0.0,0.0,0.0,0.0,0.0,0.0,0.0,0.0,0.0
1784671657.9639318,314824.8575708,0,0,8,0,0,4.407497,0.621,-155.61354143119877,286.6844189016237,174.66014453338627,-155.61354143119877,286.68441890162376,286.68441890162376,0.0,0.0,0.0,0.0,0.0,0.0,0.0,155.61354143119877,0.0,0.0,-286.6844189016237,0.0,0.0,0.0,0.0,0.0,0.0,0.0,0.0,0,0,-155.61354143119877,286.6844189016237,0.0,0.0,0.0,0.0,0.0,0.0,0.0,0.0,0.0,0.0,0.0,0.0,0.0,0.0,0.0,0.0,0.0,0.0,0.0,0.0,0.0,0.0,0.0,0.0,0.0,0.0,0.0,0.0,0.0
1784671657.9666731,314824.860309,0,0,8,0,0,4.409999,0.723,-154.9254988258349,286.6844189016237,170.02759701644402,-154.9254988258349,286.68441890162376,286.68441890162376,0.0,0.0,0.0,0.0,0.0,0.0,0.0,154.9254988258349,0.0,0.0,-286.6844189016237,0.0,0.0,0.0,0.0,0.0,0.0,0.0,0.0,0,0,-154.9254988258349,286.6844189016237,0.0,0.0,0.0,0.0,0.0,0.0,0.0,0.0,0.0,0.0,0.0,0.0,0.0,0.0,0.0,0.0,0.0,0.0,0.0,0.0,0.0,0.0,0.0,0.0,0.0,0.0,0.0,0.0,0.0
1784671657.9773333,314824.8709691,0,0,8,0,0,4.412498,0.821,-154.23716953605208,286.6844189016237,174.34754223646158,-154.23716953605208,286.68441890162376,286.68441890162376,0.0,0.0,0.0,0.0,0.0,0.0,0.0,154.23716953605208,0.0,0.0,-286.6844189016237,0.0,0.0,0.0,0.0,0.0,0.0,0.0,0.0,0,0,-154.23716953605208,286.6844189016237,0.0,0.0,0.0,0.0,0.0,0.0,0.0,0.0,0.0,0.0,0.0,0.0,0.0,0.0,0.0,0.0,0.0,0.0,0.0,0.0,0.0,0.0,0.0,0.0,0.0,0.0,0.0,0.0,0.0
1784671657.97746,314824.8711015,0,0,8,0,0,4.415031,0.952,-153.5485535618504,286.6844189016237,175.62681279457192,-153.5485535618504,286.68441890162376,286.68441890162376,0.0,0.0,0.0,0.0,0.0,0.0,0.0,153.5485535618504,0.0,0.0,-286.6844189016237,0.0,0.0,0.0,0.0,0.0,0.0,0.0,0.0,0,0,-153.5485535618504,286.6844189016237,0.0,0.0,0.0,0.0,0.0,0.0,0.0,0.0,0.0,0.0,0.0,0.0,0.0,0.0,0.0,0.0,0.0,0.0,0.0,0.0,0.0,0.0,0.0,0.0,0.0,0.0,0.0,0.0,0.0
1784671657.9798045,314824.8734445,0,0,8,0,0,4.417497,1.018,-152.86051095648654,286.6844189016237,176.3184540298064,-152.8605109564865,286.68441890162376,286.68441890162376,0.0,0.0,0.0,0.0,0.0,0.0,0.0,152.86051095648654,0.0,0.0,-286.6844189016237,0.0,0.0,0.0,0.0,0.0,0.0,0.0,0.0,0,0,-152.86051095648654,286.6844189016237,0.0,0.0,0.0,0.0,0.0,0.0,0.0,0.0,0.0,0.0,0.0,0.0,0.0,0.0,0.0,0.0,0.0,0.0,0.0,0.0,0.0,0.0,0.0,0.0,0.0,0.0,0.0,0.0,0.0
1784671657.979893,314824.8735346,0,0,8,0,0,4.419997,1.117,-152.17218166670372,286.6844189016237,171.29769309246507,-152.17218166670372,286.68441890162376,286.68441890162376,0.0,0.0,0.0,0.0,0.0,0.0,0.0,152.17218166670372,0.0,0.0,-286.6844189016237,0.0,0.0,0.0,0.0,0.0,0.0,0.0,0.0,0,0,-152.17218166670372,286.6844189016237,0.0,0.0,0.0,0.0,0.0,0.0,0.0,0.0,0.0,0.0,0.0,0.0,0.0,0.0,0.0,0.0,0.0,0.0,0.0,0.0,0.0,0.0,0.0,0.0,0.0,0.0,0.0,0.0,0.0
1784671657.9803438,314824.873983,0,0,8,0,0,4.422498,0.015,-151.13925770540118,286.6844189016237,176.4305333168134,-151.13925770540118,286.68441890162376,286.68441890162376,0.0,0.0,0.0,0.0,0.0,0.0,0.0,151.13925770540118,0.0,0.0,-286.6844189016237,0.0,0.0,0.0,0.0,0.0,0.0,0.0,0.0,0,0,-151.13925770540118,286.6844189016237,0.0,0.0,0.0,0.0,0.0,0.0,0.0,0.0,0.0,0.0,0.0,0.0,0.0,0.0,0.0,0.0,0.0,0.0,0.0,0.0,0.0,0.0,0.0,0.0,0.0,0.0,0.0,0.0,0.0
1784671657.9812984,314824.8749388,0,0,8,0,0,4.424997,0.114,-150.45121510003727,286.6844189016237,177.37101936752313,-150.45121510003727,286.68441890162376,286.68441890162376,0.0,0.0,0.0,0.0,0.0,0.0,0.0,150.45121510003727,0.0,0.0,-286.6844189016237,0.0,0.0,0.0,0.0,0.0,0.0,0.0,0.0,0,0,-150.45121510003727,286.6844189016237,0.0,0.0,0.0,0.0,0.0,0.0,0.0,0.0,0.0,0.0,0.0,0.0,0.0,0.0,0.0,0.0,0.0,0.0,0.0,0.0,0.0,0.0,0.0,0.0,0.0,0.0,0.0,0.0,0.0
1784671657.9951785,314824.8888163,0,0,8,0,0,4.427498,0.215,-149.76317249467337,286.6844189016237,171.33679364775122,-149.76317249467337,286.68441890162376,286.68441890162376,0.0,0.0,0.0,0.0,0.0,0.0,0.0,149.76317249467337,0.0,0.0,-286.6844189016237,0.0,0.0,0.0,0.0,0.0,0.0,0.0,0.0,0,0,-149.76317249467337,286.6844189016237,0.0,0.0,0.0,0.0,0.0,0.0,0.0,0.0,0.0,0.0,0.0,0.0,0.0,0.0,0.0,0.0,0.0,0.0,0.0,0.0,0.0,0.0,0.0,0.0,0.0,0.0,0.0,0.0,0.0
1784671658.0049162,314824.8985535,0,0,8,0,0,4.429997,0.312,-149.07455652047165,286.6844189016237,175.7058264058109,-149.07455652047165,286.68441890162376,286.68441890162376,0.0,0.0,0.0,0.0,0.0,0.0,0.0,149.07455652047165,0.0,0.0,-286.6844189016237,0.0,0.0,0.0,0.0,0.0,0.0,0.0,0.0,0,0,-149.07455652047165,286.6844189016237,0.0,0.0,0.0,0.0,0.0,0.0,0.0,0.0,0.0,0.0,0.0,0.0,0.0,0.0,0.0,0.0,0.0,0.0,0.0,0.0,0.0,0.0,0.0,0.0,0.0,0.0,0.0,0.0,0.0
1784671658.0054464,314824.8990853,0,0,8,0,0,4.432497,0.412,-148.38651391510777,286.6844189016237,175.76090996393708,-148.38651391510777,286.68441890162376,286.68441890162376,0.0,0.0,0.0,0.0,0.0,0.0,0.0,148.38651391510777,0.0,0.0,-286.6844189016237,0.0,0.0,0.0,0.0,0.0,0.0,0.0,0.0,0,0,-148.38651391510777,286.6844189016237,0.0,0.0,0.0,0.0,0.0,0.0,0.0,0.0,0.0,0.0,0.0,0.0,0.0,0.0,0.0,0.0,0.0,0.0,0.0,0.0,0.0,0.0,0.0,0.0,0.0,0.0,0.0,0.0,0.0
1784671658.0058486,314824.8994881,0,0,8,0,0,4.434997,0.51,-147.69789794090607,286.6844189016237,176.87053689547557,-147.6978979409061,286.68441890162376,286.68441890162376,0.0,0.0,0.0,0.0,0.0,0.0,0.0,147.69789794090607,0.0,0.0,-286.6844189016237,0.0,0.0,0.0,0.0,0.0,0.0,0.0,0.0,0,0,-147.69789794090607,286.6844189016237,0.0,0.0,0.0,0.0,0.0,0.0,0.0,0.0,0.0,0.0,0.0,0.0,0.0,0.0,0.0,0.0,0.0,0.0,0.0,0.0,0.0,0.0,0.0,0.0,0.0,0.0,0.0,0.0,0.0
1784671658.0060651,314824.8997043,0,0,8,0,0,4.437498,0.611,-147.00985533554217,286.6844189016237,177.9005934707811,-147.0098553355422,286.68441890162376,286.68441890162376,0.0,0.0,0.0,0.0,0.0,0.0,0.0,147.00985533554217,0.0,0.0,-286.6844189016237,0.0,0.0,0.0,0.0,0.0,0.0,0.0,0.0,0,0,-147.00985533554217,286.6844189016237,0.0,0.0,0.0,0.0,0.0,0.0,0.0,0.0,0.0,0.0,0.0,0.0,0.0,0.0,0.0,0.0,0.0,0.0,0.0,0.0,0.0,0.0,0.0,0.0,0.0,0.0,0.0,0.0,0.0
1784671658.0062354,314824.8998763,0,0,8,0,0,4.439997,0.709,-146.32152604575938,286.6844189016237,174.58854370165895,-146.32152604575938,286.68441890162376,286.68441890162376,0.0,0.0,0.0,0.0,0.0,0.0,0.0,146.32152604575938,0.0,0.0,-286.6844189016237,0.0,0.0,0.0,0.0,0.0,0.0,0.0,0.0,0,0,-146.32152604575938,286.6844189016237,0.0,0.0,0.0,0.0,0.0,0.0,0.0,0.0,0.0,0.0,0.0,0.0,0.0,0.0,0.0,0.0,0.0,0.0,0.0,0.0,0.0,0.0,0.0,0.0,0.0,0.0,0.0,0.0,0.0
1784671658.0063064,314824.8999479,0,0,8,0,0,4.442497,0.808,-145.6331967559766,286.6844189016237,176.81002942976792,-145.6331967559766,286.68441890162376,286.68441890162376,0.0,0.0,0.0,0.0,0.0,0.0,0.0,145.6331967559766,0.0,0.0,-286.6844189016237,0.0,0.0,0.0,0.0,0.0,0.0,0.0,0.0,0,0,-145.6331967559766,286.6844189016237,0.0,0.0,0.0,0.0,0.0,0.0,0.0,0.0,0.0,0.0,0.0,0.0,0.0,0.0,0.0,0.0,0.0,0.0,0.0,0.0,0.0,0.0,0.0,0.0,0.0,0.0,0.0,0.0,0.0
1784671658.006354,314824.8999957,0,0,8,0,0,4.444997,0.907,-144.9448674661938,286.6844189016237,-179.4748135752963,-144.94486746619378,286.68441890162376,286.68441890162376,0.0,0.0,0.0,0.0,0.0,0.0,0.0,144.9448674661938,0.0,0.0,-286.6844189016237,0.0,0.0,0.0,0.0,0.0,0.0,0.0,0.0,0,0,-144.9448674661938,286.6844189016237,0.0,0.0,0.0,0.0,0.0,0.0,0.0,0.0,0.0,0.0,0.0,0.0,0.0,0.0,0.0,0.0,0.0,0.0,0.0,0.0,0.0,0.0,0.0,0.0,0.0,0.0,0.0,0.0,0.0
1784671658.0063984,314824.9000402,0,0,8,0,0,4.447498,1.006,-144.2562514919921,286.6844189016237,176.5523405304818,-144.2562514919921,286.68441890162376,286.68441890162376,0.0,0.0,0.0,0.0,0.0,0.0,0.0,144.2562514919921,0.0,0.0,-286.6844189016237,0.0,0.0,0.0,0.0,0.0,0.0,0.0,0.0,0,0,-144.2562514919921,286.6844189016237,0.0,0.0,0.0,0.0,0.0,0.0,0.0,0.0,0.0,0.0,0.0,0.0,0.0,0.0,0.0,0.0,0.0,0.0,0.0,0.0,0.0,0.0,0.0,0.0,0.0,0.0,0.0,0.0,0.0
1784671658.006442,314824.9000839,0,0,8,0,0,4.449997,1.105,-143.57218234384948,284.505466324154,-179.33084506195755,-143.57218234384948,282.7381769005057,284.505466324154,0.0,0.0,0.0,0.0,0.0,0.0,0.0,143.57218234384948,0.0,0.0,-284.505466324154,0.0,0.0,0.0,0.0,0.0,0.0,0.0,0.0,0,0,-143.57218234384948,284.505466324154,0.0,0.0,0.0,0.0,0.0,0.0,0.0,0.0,0.0,0.0,0.0,0.0,0.0,0.0,0.0,0.0,0.0,0.0,0.0,0.0,0.0,0.0,0.0,0.0,0.0,0.0,0.0,0.0,0.0
1784671658.0104606,314824.9041002,0,0,8,0,0,4.452498,1.2049999999999998,-142.9062912250825,275.7522889137837,176.84239442078655,-142.9062912250825,271.2582001699804,275.7522889137837,0.0,0.0,0.0,0.0,0.0,0.0,0.0,142.9062912250825,0.0,0.0,-275.7522889137837,0.0,0.0,0.0,0.0,0.0,0.0,0.0,0.0,0,0,-142.9062912250825,275.7522889137837,0.0,0.0,0.0,0.0,0.0,0.0,0.0,0.0,0.0,0.0,0.0,0.0,0.0,0.0,0.0,0.0,0.0,0.0,0.0,0.0,0.0,0.0,0.0,0.0,0.0,0.0,0.0,0.0,0.0
1784671658.01324,314824.9068772,0,0,8,0,0,4.454998,0.103,-141.96333170534996,255.8657969342559,178.23899472054774,-141.96333170534996,249.74199378250964,255.8657969342559,0.0,0.0,0.0,0.0,0.0,0.0,0.0,141.96333170534996,0.0,0.0,-255.8657969342559,0.0,0.0,0.0,0.0,0.0,0.0,0.0,0.0,0,0,-141.96333170534996,255.8657969342559,0.0,0.0,0.0,0.0,0.0,0.0,0.0,0.0,0.0,0.0,0.0,0.0,0.0,0.0,0.0,0.0,0.0,0.0,0.0,0.0,0.0,0.0,0.0,0.0,0.0,0.0,0.0,0.0,0.0
1784671658.0145493,314824.908187,0,0,8,0,0,4.457533,0.237,-141.3744500759745,243.11168469864324,-178.58228300334565,-141.3744500759745,237.61451836443948,243.11168469864327,0.0,0.0,0.0,0.0,0.0,0.0,0.0,141.3744500759745,0.0,0.0,-243.11168469864324,0.0,0.0,0.0,0.0,0.0,0.0,0.0,0.0,0,0,-141.3744500759745,243.11168469864324,0.0,0.0,0.0,0.0,0.0,0.0,0.0,0.0,0.0,0.0,0.0,0.0,0.0,0.0,0.0,0.0,0.0,0.0,0.0,0.0,0.0,0.0,0.0,0.0,0.0,0.0,0.0,0.0,0.0
1784671658.016527,314824.910164,0,0,8,0,0,4.459997,0.3,-140.81632747595967,230.03076170238825,176.17158867670244,-140.81632747595967,224.05204585505365,230.03076170238825,0.0,0.0,0.0,0.0,0.0,0.0,0.0,140.81632747595967,0.0,0.0,-230.03076170238825,0.0,0.0,0.0,0.0,0.0,0.0,0.0,0.0,0,0,-140.81632747595967,230.03076170238825,0.0,0.0,0.0,0.0,0.0,0.0,0.0,0.0,0.0,0.0,0.0,0.0,0.0,0.0,0.0,0.0,0.0,0.0,0.0,0.0,0.0,0.0,0.0,0.0,0.0,0.0,0.0,0.0,0.0
1784671658.0191562,314824.912794,0,0,8,0,0,4.462497,0.398,-140.29725798754404,211.33654001298072,175.81241965710308,-140.29725798754404,201.2145921457008,211.3365400129807,0.0,0.0,0.0,0.0,0.0,0.0,0.0,140.29725798754404,0.0,0.0,-211.33654001298072,0.0,0.0,0.0,0.0,0.0,0.0,0.0,0.0,0,0,-140.29725798754404,211.33654001298072,0.0,0.0,0.0,0.0,0.0,0.0,0.0,0.0,0.0,0.0,0.0,0.0,0.0,0.0,0.0,0.0,0.0,0.0,0.0,0.0,0.0,0.0,0.0,0.0,0.0,0.0,0.0,0.0,0.0
1784671658.0214732,314824.9151113,0,0,8,0,0,4.464998,0.499,-139.8232947096742,194.56193794129592,179.9052059237599,-139.8232947096742,187.69586954763557,194.5619379412959,0.0,0.0,0.0,0.0,0.0,0.0,0.0,139.8232947096742,0.0,0.0,-194.56193794129592,0.0,0.0,0.0,0.0,0.0,0.0,0.0,0.0,0,0,-139.8232947096742,194.56193794129592,0.0,0.0,0.0,0.0,0.0,0.0,0.0,0.0,0.0,0.0,0.0,0.0,0.0,0.0,0.0,0.0,0.0,0.0,0.0,0.0,0.0,0.0,0.0,0.0,0.0,0.0,0.0,0.0,0.0
1784671658.023939,314824.9175765,0,0,8,0,0,4.467497,0.597,-139.3827486826457,181.07914103165288,-177.05863732178184,-139.3827486826457,175.1221450340953,181.07914103165288,0.0,0.0,0.0,0.0,0.0,0.0,0.0,139.3827486826457,0.0,0.0,-181.07914103165288,0.0,0.0,0.0,0.0,0.0,0.0,0.0,0.0,0,0,-139.3827486826457,181.07914103165288,0.0,0.0,0.0,0.0,0.0,0.0,0.0,0.0,0.0,0.0,0.0,0.0,0.0,0.0,0.0,0.0,0.0,0.0,0.0,0.0,0.0,0.0,0.0,0.0,0.0,0.0,0.0,0.0,0.0
1784671658.0264397,314824.9200777,0,0,8,0,0,4.469998,0.6970000000000001,-138.97438306106653,167.6236098348664,179.80613162647492,-138.97438306106653,161.58592247150182,167.6236098348664,0.0,0.0,0.0,0.0,0.0,0.0,0.0,138.97438306106653,0.0,0.0,-167.6236098348664,0.0,0.0,0.0,0.0,0.0,0.0,0.0,0.0,0,0,-138.97438306106653,167.6236098348664,0.0,0.0,0.0,0.0,0.0,0.0,0.0,0.0,0.0,0.0,0.0,0.0,0.0,0.0,0.0,0.0,0.0,0.0,0.0,0.0,0.0,0.0,0.0,0.0,0.0,0.0,0.0,0.0,0.0
1784671658.0305605,314824.9241977,0,0,8,0,0,4.472497,0.796,-138.6000944069417,153.2756520266271,177.64191919764872,-138.6000944069417,146.84220235645984,153.27565202662714,0.0,0.0,0.0,0.0,0.0,0.0,0.0,138.6000944069417,0.0,0.0,-153.2756520266271,0.0,0.0,0.0,0.0,0.0,0.0,0.0,0.0,0,0,-138.6000944069417,153.2756520266271,0.0,0.0,0.0,0.0,0.0,0.0,0.0,0.0,0.0,0.0,0.0,0.0,0.0,0.0,0.0,0.0,0.0,0.0,0.0,0.0,0.0,0.0,0.0,0.0,0.0,0.0,0.0,0.0,0.0
1784671658.0318332,314824.9254717,0,0,8,0,0,4.474997,0.893,-138.26120022472736,138.14082155832685,176.20513429490856,-138.26120022472736,131.34598376670354,138.14082155832685,0.0,0.0,0.0,0.0,0.0,0.0,0.0,138.26120022472736,0.0,0.0,-138.14082155832685,0.0,0.0,0.0,0.0,0.0,0.0,0.0,0.0,0,0,-138.26120022472736,138.14082155832685,0.0,0.0,0.0,0.0,0.0,0.0,0.0,0.0,0.0,0.0,0.0,0.0,0.0,0.0,0.0,0.0,0.0,0.0,0.0,0.0,0.0,0.0,0.0,0.0,0.0,0.0,0.0,0.0,0.0
1784671658.03417,314824.9278075,0,0,8,0,0,4.477498,0.995,-137.9601704444582,122.598205108773,178.4642048443631,-137.96017044445816,115.7972652833625,122.598205108773,0.0,0.0,0.0,0.0,0.0,0.0,0.0,137.9601704444582,0.0,0.0,-122.598205108773,0.0,0.0,0.0,0.0,0.0,0.0,0.0,0.0,0,0,-137.9601704444582,122.598205108773,0.0,0.0,0.0,0.0,0.0,0.0,0.0,0.0,0.0,0.0,0.0,0.0,0.0,0.0,0.0,0.0,0.0,0.0,0.0,0.0,0.0,0.0,0.0,0.0,0.0,0.0,0.0,0.0,0.0
1784671658.0365727,314824.9302104,0,0,8,0,0,4.479997,1.093,-137.69540713738778,107.51760482277707,-177.85539040900323,-137.6954071373878,100.94854538115106,107.51760482277706,0.0,0.0,0.0,0.0,0.0,0.0,0.0,137.69540713738778,0.0,0.0,-107.51760482277707,0.0,0.0,0.0,0.0,0.0,0.0,0.0,0.0,0,0,-137.69540713738778,107.51760482277707,0.0,0.0,0.0,0.0,0.0,0.0,0.0,0.0,0.0,0.0,0.0,0.0,0.0,0.0,0.0,0.0,0.0,0.0,0.0,0.0,0.0,0.0,0.0,0.0,0.0,0.0,0.0,0.0,0.0
1784671658.0394998,314824.9331379,0,0,8,0,0,4.482931,0.424,-137.36375085850264,85.67769361902216,-178.54504991170268,-137.36375085850264,79.14358957896431,85.67769361902218,0.0,0.0,0.0,0.0,0.0,0.0,0.0,137.36375085850264,0.0,0.0,-85.67769361902216,0.0,0.0,0.0,0.0,0.0,0.0,0.0,0.0,0,0,-137.36375085850264,85.67769361902216,0.0,0.0,0.0,0.0,0.0,0.0,0.0,0.0,0.0,0.0,0.0,0.0,0.0,0.0,0.0,0.0,0.0,0.0,0.0,0.0,0.0,0.0,0.0,0.0,0.0,0.0,0.0,0.0,0.0
1784671658.0413277,314824.9349661,0,0,8,0,0,4.484998,0.091,-137.19730973038733,64.6040795799165,-178.4166589315124,-137.19730973038736,56.1573861711214,64.6040795799165,0.0,0.0,0.0,0.0,0.0,0.0,0.0,137.19730973038733,0.0,0.0,-64.6040795799165,0.0,0.0,0.0,0.0,0.0,0.0,0.0,0.0,0,0,-137.19730973038733,64.6040795799165,0.0,0.0,0.0,0.0,0.0,0.0,0.0,0.0,0.0,0.0,0.0,0.0,0.0,0.0,0.0,0.0,0.0,0.0,0.0,0.0,0.0,0.0,0.0,0.0,0.0,0.0,0.0,0.0,0.0
1784671658.0438726,314824.9375129,0,0,8,0,0,4.487497,0.19,-137.07175450507188,48.3888432982254,-176.79329850244494,-137.07175450507188,41.40491607381527,48.3888432982254,0.0,0.0,0.0,0.0,0.0,0.0,0.0,137.07175450507188,0.0,0.0,-48.3888432982254,0.0,0.0,0.0,0.0,0.0,0.0,0.0,0.0,0,0,-137.07175450507188,48.3888432982254,0.0,0.0,0.0,0.0,0.0,0.0,0.0,0.0,0.0,0.0,0.0,0.0,0.0,0.0,0.0,0.0,0.0,0.0,0.0,0.0,0.0,0.0,0.0,0.0,0.0,0.0,0.0,0.0,0.0
1784671658.0464246,314824.9400634,0,0,8,0,0,4.489998,0.289,-136.9822709230124,33.57847785273747,-175.51496924250952,-136.9822709230124,27.05494516065867,33.57847785273747,0.0,0.0,0.0,0.0,0.0,0.0,0.0,136.9822709230124,0.0,0.0,-33.57847785273747,0.0,0.0,0.0,0.0,0.0,0.0,0.0,0.0,0,0,-136.9822709230124,33.57847785273747,0.0,0.0,0.0,0.0,0.0,0.0,0.0,0.0,0.0,0.0,0.0,0.0,0.0,0.0,0.0,0.0,0.0,0.0,0.0,0.0,0.0,0.0,0.0,0.0,0.0,0.0,0.0,0.0,0.0
1784671658.0538232,314824.9474602,0,0,8,0,0,4.492497,0.388,-136.92781890050372,19.07684713547883,-176.17867624247452,-136.92781890050372,12.661224336181467,19.07684713547883,0.0,0.0,0.0,0.0,0.0,0.0,0.0,136.92781890050372,0.0,0.0,-19.07684713547883,0.0,0.0,0.0,0.0,0.0,0.0,0.0,0.0,0,0,-136.92781890050372,19.07684713547883,0.0,0.0,0.0,0.0,0.0,0.0,0.0,0.0,0.0,0.0,0.0,0.0,0.0,0.0,0.0,0.0,0.0,0.0,0.0,0.0,0.0,0.0,0.0,0.0,0.0,0.0,0.0,0.0,0.0
1784671658.054417,314824.9480558,0,0,8,0,0,4.494997,0.485,-136.9078927252092,4.643999784029188,-176.4191045426917,-136.9078927252092,-1.828746293201055,4.643999784029188,0.0,0.0,0.0,0.0,0.0,0.0,0.0,136.9078927252092,0.0,0.0,-4.643999784029188,0.0,0.0,0.0,0.0,0.0,0.0,0.0,0.0,0,0,-136.9078927252092,4.643999784029188,0.0,0.0,0.0,0.0,0.0,0.0,0.0,0.0,0.0,0.0,0.0,0.0,0.0,0.0,0.0,0.0,0.0,0.0,0.0,0.0,0.0,0.0,0.0,0.0,0.0,0.0,0.0,0.0,0.0
1784671658.0548146,314824.948453,0,0,8,0,0,4.497498,0.587,-136.92293172575762,-9.956063831923684,-176.12219240054603,-136.92293172575765,-16.511216532394215,-9.956063831923684,0.0,0.0,0.0,0.0,0.0,0.0,0.0,136.92293172575762,0.0,0.0,9.956063831923684,0.0,0.0,0.0,0.0,0.0,0.0,0.0,0.0,0,0,-136.92293172575762,-9.956063831923684,0.0,0.0,0.0,0.0,0.0,0.0,0.0,0.0,0.0,0.0,0.0,0.0,0.0,0.0,0.0,0.0,0.0,0.0,0.0,0.0,0.0,0.0,0.0,0.0,0.0,0.0,0.0,0.0,0.0
1784671658.0565546,314824.9501932,0,0,8,0,0,4.500034,0.722,-136.9726171390068,-24.24708766064096,-175.68737317044872,-136.9726171390068,-30.563688048570743,-24.24708766064096,0.0,0.0,0.0,0.0,0.0,0.0,0.0,136.9726171390068,0.0,0.0,24.24708766064096,0.0,0.0,0.0,0.0,0.0,0.0,0.0,0.0,0,0,-136.9726171390068,-24.24708766064096,0.0,0.0,0.0,0.0,0.0,0.0,0.0,0.0,0.0,0.0,0.0,0.0,0.0,0.0,0.0,0.0,0.0,0.0,0.0,0.0,0.0,0.0,0.0,0.0,0.0,0.0,0.0,0.0,0.0
1784671658.0592074,314824.9528469,0,0,8,0,0,4.502498,0.784,-137.05649655228186,-38.4555666364101,-174.37311137491997,-137.05649655228186,-44.72990933418083,-38.4555666364101,0.0,0.0,0.0,0.0,0.0,0.0,0.0,137.05649655228186,0.0,0.0,38.4555666364101,0.0,0.0,0.0,0.0,0.0,0.0,0.0,0.0,0,0,-137.05649655228186,-38.4555666364101,0.0,0.0,0.0,0.0,0.0,0.0,0.0,0.0,0.0,0.0,0.0,0.0,0.0,0.0,0.0,0.0,0.0,0.0,0.0,0.0,0.0,0.0,0.0,0.0,0.0,0.0,0.0,0.0,0.0
1784671658.0614915,314824.9551305,0,0,8,0,0,4.504997,0.883,-137.17811137618554,-55.842687037100696,-172.14753199708755,-137.17811137618554,-65.02986818693894,-55.84268703710069,0.0,0.0,0.0,0.0,0.0,0.0,0.0,137.17811137618554,0.0,0.0,55.842687037100696,0.0,0.0,0.0,0.0,0.0,0.0,0.0,0.0,0,0,-137.17811137618554,-55.842687037100696,0.0,0.0,0.0,0.0,0.0,0.0,0.0,0.0,0.0,0.0,0.0,0.0,0.0,0.0,0.0,0.0,0.0,0.0,0.0,0.0,0.0,0.0,0.0,0.0,0.0,0.0,0.0,0.0,0.0
1784671658.0637794,314824.9574195,0,0,8,0,0,4.507498,0.983,-137.34075472658105,-71.32019148209528,-170.4445074181589,-137.340754726581,-77.6823425408563,-71.32019148209528,0.0,0.0,0.0,0.0,0.0,0.0,0.0,137.34075472658105,0.0,0.0,71.32019148209528,0.0,0.0,0.0,0.0,0.0,0.0,0.0,0.0,0,0,-137.34075472658105,-71.32019148209528,0.0,0.0,0.0,0.0,0.0,0.0,0.0,0.0,0.0,0.0,0.0,0.0,0.0,0.0,0.0,0.0,0.0,0.0,0.0,0.0,0.0,0.0,0.0,0.0,0.0,0.0,0.0,0.0,0.0
1784671658.066593,314824.9602328,0,0,8,0,0,4.509997,1.081,-137.53602545027317,-84.59478971008707,-169.61276019136903,-137.53602545027317,-90.39606677062248,-84.59478971008707,0.0,0.0,0.0,0.0,0.0,0.0,0.0,137.53602545027317,0.0,0.0,84.59478971008707,0.0,0.0,0.0,0.0,0.0,0.0,0.0,0.0,0,0,-137.53602545027317,-84.59478971008707,0.0,0.0,0.0,0.0,0.0,0.0,0.0,0.0,0.0,0.0,0.0,0.0,0.0,0.0,0.0,0.0,0.0,0.0,0.0,0.0,0.0,0.0,0.0,0.0,0.0,0.0,0.0,0.0,0.0
1784671658.070029,314824.9636675,0,0,8,0,0,4.512497,1.1800000000000002,-137.76208065462865,-97.31130166167678,-168.2052076254727,-137.76208065462865,-102.92604137284216,-97.31130166167678,0.0,0.0,0.0,0.0,0.0,0.0,0.0,137.76208065462865,0.0,0.0,97.31130166167678,0.0,0.0,0.0,0.0,0.0,0.0,0.0,0.0,0,0,-137.76208065462865,-97.31130166167678,0.0,0.0,0.0,0.0,0.0,0.0,0.0,0.0,0.0,0.0,0.0,0.0,0.0,0.0,0.0,0.0,0.0,0.0,0.0,0.0,0.0,0.0,0.0,0.0,0.0,0.0,0.0,0.0,0.0
1784671658.0842729,314824.9779101,0,0,8,0,0,4.514997,0.078,-138.15581143091802,-115.27809877383642,-166.41430255301506,-138.15581143091802,-120.55725563504372,-115.27809877383642,0.0,0.0,0.0,0.0,0.0,0.0,0.0,138.15581143091802,0.0,0.0,115.27809877383642,0.0,0.0,0.0,0.0,0.0,0.0,0.0,0.0,0,0,-138.15581143091802,-115.27809877383642,0.0,0.0,0.0,0.0,0.0,0.0,0.0,0.0,0.0,0.0,0.0,0.0,0.0,0.0,0.0,0.0,0.0,0.0,0.0,0.0,0.0,0.0,0.0,0.0,0.0,0.0,0.0,0.0,0.0
1784671658.0847526,314824.9783924,0,0,8,0,0,4.517497,0.177,-138.45397313141373,-127.1288246176912,-165.99858737704528,-138.45397313141373,-132.36098170934142,-127.1288246176912,0.0,0.0,0.0,0.0,0.0,0.0,0.0,138.45397313141373,0.0,0.0,127.1288246176912,0.0,0.0,0.0,0.0,0.0,0.0,0.0,0.0,0,0,-138.45397313141373,-127.1288246176912,0.0,0.0,0.0,0.0,0.0,0.0,0.0,0.0,0.0,0.0,0.0,0.0,0.0,0.0,0.0,0.0,0.0,0.0,0.0,0.0,0.0,0.0,0.0,0.0,0.0,0.0,0.0,0.0,0.0
1784671658.0850782,314824.9787185,0,0,8,0,0,4.519997,0.277,-138.77957864837717,-138.49190106006176,-165.93598303099142,-138.77957864837717,-143.50845911383016,-138.49190106006176,0.0,0.0,0.0,0.0,0.0,0.0,0.0,138.77957864837717,0.0,0.0,138.49190106006176,0.0,0.0,0.0,0.0,0.0,0.0,0.0,0.0,0,0,-138.77957864837717,-138.49190106006176,0.0,0.0,0.0,0.0,0.0,0.0,0.0,0.0,0.0,0.0,0.0,0.0,0.0,0.0,0.0,0.0,0.0,0.0,0.0,0.0,0.0,0.0,0.0,0.0,0.0,0.0,0.0,0.0,0.0
1784671658.0853755,314824.9790156,0,0,8,0,0,4.522497,0.375,-139.13260912369444,-149.83976397688616,-165.62639102099774,-139.13260912369444,-154.9271859685066,-149.83976397688613,0.0,0.0,0.0,0.0,0.0,0.0,0.0,139.13260912369444,0.0,0.0,149.83976397688616,0.0,0.0,0.0,0.0,0.0,0.0,0.0,0.0,0,0,-139.13260912369444,-149.83976397688616,0.0,0.0,0.0,0.0,0.0,0.0,0.0,0.0,0.0,0.0,0.0,0.0,0.0,0.0,0.0,0.0,0.0,0.0,0.0,0.0,0.0,0.0,0.0,0.0,0.0,0.0,0.0,0.0,0.0
1784671658.0855842,314824.979225,0,0,8,0,0,4.524997,0.474,-139.51472445743963,-160.98668734513288,-165.30329669882633,-139.51472445743963,-165.9259136745053,-160.98668734513288,0.0,0.0,0.0,0.0,0.0,0.0,0.0,139.51472445743963,0.0,0.0,160.98668734513288,0.0,0.0,0.0,0.0,0.0,0.0,0.0,0.0,0,0,-139.51472445743963,-160.98668734513288,0.0,0.0,0.0,0.0,0.0,0.0,0.0,0.0,0.0,0.0,0.0,0.0,0.0,0.0,0.0,0.0,0.0,0.0,0.0,0.0,0.0,0.0,0.0,0.0,0.0,0.0,0.0,0.0,0.0
1784671658.085734,314824.9793754,0,0,8,0,0,4.527497,0.574,-139.93267511600595,-176.78701446852585,-166.3691222522237,-139.93267511600592,-183.15462875255733,-176.78701446852585,0.0,0.0,0.0,0.0,0.0,0.0,0.0,139.93267511600595,0.0,0.0,176.78701446852585,0.0,0.0,0.0,0.0,0.0,0.0,0.0,0.0,0,0,-139.93267511600595,-176.78701446852585,0.0,0.0,0.0,0.0,0.0,0.0,0.0,0.0,0.0,0.0,0.0,0.0,0.0,0.0,0.0,0.0,0.0,0.0,0.0,0.0,0.0,0.0,0.0,0.0,0.0,0.0,0.0,0.0,0.0
1784671658.086358,314824.979999,0,0,8,0,0,4.529999,0.675,-140.38235023868322,-189.40600281235191,-166.08341824157785,-140.3823502386832,-194.8446050574215,-189.40600281235191,0.0,0.0,0.0,0.0,0.0,0.0,0.0,140.38235023868322,0.0,0.0,189.40600281235191,0.0,0.0,0.0,0.0,0.0,0.0,0.0,0.0,0,0,-140.38235023868322,-189.40600281235191,0.0,0.0,0.0,0.0,0.0,0.0,0.0,0.0,0.0,0.0,0.0,0.0,0.0,0.0,0.0,0.0,0.0,0.0,0.0,0.0,0.0,0.0,0.0,0.0,0.0,0.0,0.0,0.0,0.0
1784671658.1020513,314824.9956879,0,0,8,0,0,4.532498,0.773,-140.86068404053142,-201.2969179052912,-167.12143099603398,-140.8606840405314,-206.6570811139833,-201.2969179052912,0.0,0.0,0.0,0.0,0.0,0.0,0.0,140.86068404053142,0.0,0.0,201.2969179052912,0.0,0.0,0.0,0.0,0.0,0.0,0.0,0.0,0,0,-140.86068404053142,-201.2969179052912,0.0,0.0,0.0,0.0,0.0,0.0,0.0,0.0,0.0,0.0,0.0,0.0,0.0,0.0,0.0,0.0,0.0,0.0,0.0,0.0,0.0,0.0,0.0,0.0,0.0,0.0,0.0,0.0,0.0
1784671658.102448,314824.9960877,0,0,8,0,0,4.534998,0.87,-141.36886911408783,-213.61863184516375,-168.01347688872133,-141.3688691140878,-219.08205592903357,-213.61863184516372,0.0,0.0,0.0,0.0,0.0,0.0,0.0,141.36886911408783,0.0,0.0,213.61863184516375,0.0,0.0,0.0,0.0,0.0,0.0,0.0,0.0,0,0,-141.36886911408783,-213.61863184516375,0.0,0.0,0.0,0.0,0.0,0.0,0.0,0.0,0.0,0.0,0.0,0.0,0.0,0.0,0.0,0.0,0.0,0.0,0.0,0.0,0.0,0.0,0.0,0.0,0.0,0.0,0.0,0.0,0.0
1784671658.102662,314824.9963034,0,0,8,0,0,4.537498,0.971,-141.9051117799842,-225.53247430673403,-165.0586632724223,-141.9051117799842,-230.77203223389773,-225.5324743067341,0.0,0.0,0.0,0.0,0.0,0.0,0.0,141.9051117799842,0.0,0.0,225.53247430673403,0.0,0.0,0.0,0.0,0.0,0.0,0.0,0.0,0,0,-141.9051117799842,-225.53247430673403,0.0,0.0,0.0,0.0,0.0,0.0,0.0,0.0,0.0,0.0,0.0,0.0,0.0,0.0,0.0,0.0,0.0,0.0,0.0,0.0,0.0,0.0,0.0,0.0,0.0,0.0,0.0,0.0,0.0
1784671658.102947,314824.9965858,0,0,8,0,0,4.539997,1.0679999999999998,-142.46916518973185,-236.605844237637,-166.4994634341949,-142.46916518973185,-241.43826061385985,-236.605844237637,0.0,0.0,0.0,0.0,0.0,0.0,0.0,142.46916518973185,0.0,0.0,236.605844237637,0.0,0.0,0.0,0.0,0.0,0.0,0.0,0.0,0,0,-142.46916518973185,-236.605844237637,0.0,0.0,0.0,0.0,0.0,0.0,0.0,0.0,0.0,0.0,0.0,0.0,0.0,0.0,0.0,0.0,0.0,0.0,0.0,0.0,0.0,0.0,0.0,0.0,0.0,0.0,0.0,0.0,0.0
1784671658.103295,314824.9969352,0,0,8,0,0,4.542534,1.2049999999999998,-143.05909550338865,-247.6249697284597,-167.24105503287336,-143.05909550338865,-252.53323812476384,-247.62496972845963,0.0,0.0,0.0,0.0,0.0,0.0,0.0,143.05909550338865,0.0,0.0,247.6249697284597,0.0,0.0,0.0,0.0,0.0,0.0,0.0,0.0,0,0,-143.05909550338865,-247.6249697284597,0.0,0.0,0.0,0.0,0.0,0.0,0.0,0.0,0.0,0.0,0.0,0.0,0.0,0.0,0.0,0.0,0.0,0.0,0.0,0.0,0.0,0.0,0.0,0.0,0.0,0.0,0.0,0.0,0.0
1784671658.1043153,314824.9979544,0,0,8,0,0,4.544997,0.067,-143.99828669298665,-266.4185260235041,-173.949039206301,-143.99828669298665,-272.395697864316,-266.4185260235041,0.0,0.0,0.0,0.0,0.0,0.0,0.0,143.99828669298665,0.0,0.0,266.4185260235041,0.0,0.0,0.0,0.0,0.0,0.0,0.0,0.0,0,0,-143.99828669298665,-266.4185260235041,0.0,0.0,0.0,0.0,0.0,0.0,0.0,0.0,0.0,0.0,0.0,0.0,0.0,0.0,0.0,0.0,0.0,0.0,0.0,0.0,0.0,0.0,0.0,0.0,0.0,0.0,0.0,0.0,0.0
1784671658.104499,314824.9981402,0,0,8,0,0,4.547497,0.166,-144.670222319724,-281.67201004114725,-164.8159408468344,-144.670222319724,-286.57066913219023,-281.6720100411472,0.0,0.0,0.0,0.0,0.0,0.0,0.0,144.670222319724,0.0,0.0,281.67201004114725,0.0,0.0,0.0,0.0,0.0,0.0,0.0,0.0,0,0,-144.670222319724,-281.67201004114725,0.0,0.0,0.0,0.0,0.0,0.0,0.0,0.0,0.0,0.0,0.0,0.0,0.0,0.0,0.0,0.0,0.0,0.0,0.0,0.0,0.0,0.0,0.0,0.0,0.0,0.0,0.0,0.0,0.0
1784671658.106547,314825.0001857,0,0,8,0,0,4.549998,0.265,-145.35694028525967,-285.57626497764574,-166.8048898470609,-145.35694028525964,-286.68441890162376,-285.57626497764574,0.0,0.0,0.0,0.0,0.0,0.0,0.0,145.35694028525967,0.0,0.0,285.57626497764574,0.0,0.0,0.0,0.0,0.0,0.0,0.0,0.0,0,0,-145.35694028525967,-285.57626497764574,0.0,0.0,0.0,0.0,0.0,0.0,0.0,0.0,0.0,0.0,0.0,0.0,0.0,0.0,0.0,0.0,0.0,0.0,0.0,0.0,0.0,0.0,0.0,0.0,0.0,0.0,0.0,0.0,0.0
1784671658.1091125,314825.0027502,0,0,8,0,0,4.552497,0.364,-146.0463242835422,-286.43911783377445,-170.519363236838,-146.0463242835422,-286.68441890162376,-286.4391178337744,0.0,0.0,0.0,0.0,0.0,0.0,0.0,146.0463242835422,0.0,0.0,286.43911783377445,0.0,0.0,0.0,0.0,0.0,0.0,0.0,0.0,0,0,-146.0463242835422,-286.43911783377445,0.0,0.0,0.0,0.0,0.0,0.0,0.0,0.0,0.0,0.0,0.0,0.0,0.0,0.0,0.0,0.0,0.0,0.0,0.0,0.0,0.0,0.0,0.0,0.0,0.0,0.0,0.0,0.0,0.0
1784671658.1143377,314825.007976,0,0,8,0,0,4.554998,0.464,-146.73671242077924,-286.63015313863394,-168.4278814013404,-146.73671242077924,-286.68441890162376,-286.63015313863394,0.0,0.0,0.0,0.0,0.0,0.0,0.0,146.73671242077924,0.0,0.0,286.63015313863394,0.0,0.0,0.0,0.0,0.0,0.0,0.0,0.0,0,0,-146.73671242077924,-286.63015313863394,0.0,0.0,0.0,0.0,0.0,0.0,0.0,0.0,0.0,0.0,0.0,0.0,0.0,0.0,0.0,0.0,0.0,0.0,0.0,0.0,0.0,0.0,0.0,0.0,0.0,0.0,0.0,0.0,0.0
1784671658.114671,314825.0083112,0,0,8,0,0,4.557497,0.565,-147.42526547525762,-286.6723915221268,-166.45600036936366,-147.42526547525762,-286.68441890162376,-286.6723915221268,0.0,0.0,0.0,0.0,0.0,0.0,0.0,147.42526547525762,0.0,0.0,286.6723915221268,0.0,0.0,0.0,0.0,0.0,0.0,0.0,0.0,0,0,-147.42526547525762,-286.6723915221268,0.0,0.0,0.0,0.0,0.0,0.0,0.0,0.0,0.0,0.0,0.0,0.0,0.0,0.0,0.0,0.0,0.0,0.0,0.0,0.0,0.0,0.0,0.0,0.0,0.0,0.0,0.0,0.0,0.0
1784671658.1164985,314825.0101365,0,0,8,0,0,4.559997,0.661,-148.11444483670556,-286.6817632025418,-171.758897137148,-148.11444483670556,-286.68441890162376,-286.6817632025418,0.0,0.0,0.0,0.0,0.0,0.0,0.0,148.11444483670556,0.0,0.0,286.6817632025418,0.0,0.0,0.0,0.0,0.0,0.0,0.0,0.0,0,0,-148.11444483670556,-286.6817632025418,0.0,0.0,0.0,0.0,0.0,0.0,0.0,0.0,0.0,0.0,0.0,0.0,0.0,0.0,0.0,0.0,0.0,0.0,0.0,0.0,0.0,0.0,0.0,0.0,0.0,0.0,0.0,0.0,0.0
1784671658.1189735,314825.0126122,0,0,8,0,0,4.562497,0.759,-148.80305860608684,-286.68383177406884,-174.3441046241186,-148.8030586060868,-286.68441890162376,-286.68383177406884,0.0,0.0,0.0,0.0,0.0,0.0,0.0,148.80305860608684,0.0,0.0,286.68383177406884,0.0,0.0,0.0,0.0,0.0,0.0,0.0,0.0,0,0,-148.80305860608684,-286.68383177406884,0.0,0.0,0.0,0.0,0.0,0.0,0.0,0.0,0.0,0.0,0.0,0.0,0.0,0.0,0.0,0.0,0.0,0.0,0.0,0.0,0.0,0.0,0.0,0.0,0.0,0.0,0.0,0.0,0.0
1784671658.1216936,314825.0153316,0,0,8,0,0,4.564998,0.859,-149.49138740845518,-286.6842890166419,-171.40421560556382,-149.49138740845518,-286.68441890162376,-286.684289016642,0.0,0.0,0.0,0.0,0.0,0.0,0.0,149.49138740845518,0.0,0.0,286.6842890166419,0.0,0.0,0.0,0.0,0.0,0.0,0.0,0.0,0,0,-149.49138740845518,-286.6842890166419,0.0,0.0,0.0,0.0,0.0,0.0,0.0,0.0,0.0,0.0,0.0,0.0,0.0,0.0,0.0,0.0,0.0,0.0,0.0,0.0,0.0,0.0,0.0,0.0,0.0,0.0,0.0,0.0,0.0
1784671658.12399,314825.017628,0,0,8,0,0,4.567497,0.957,-150.1797165903979,-286.68439016833,-173.94164206421354,-150.1797165903979,-286.68441890162376,-286.68439016833,0.0,0.0,0.0,0.0,0.0,0.0,0.0,150.1797165903979,0.0,0.0,286.68439016833,0.0,0.0,0.0,0.0,0.0,0.0,0.0,0.0,0,0,-150.1797165903979,-286.68439016833,0.0,0.0,0.0,0.0,0.0,0.0,0.0,0.0,0.0,0.0,0.0,0.0,0.0,0.0,0.0,0.0,0.0,0.0,0.0,0.0,0.0,0.0,0.0,0.0,0.0,0.0,0.0,0.0,0.0
1784671658.1278603,314825.0214988,0,0,8,0,0,4.569997,1.057,-150.8677591719069,-286.6844125412189,-172.44509368256635,-150.8677591719069,-286.68441890162376,-286.6844125412189,0.0,0.0,0.0,0.0,0.0,0.0,0.0,150.8677591719069,0.0,0.0,286.6844125412189,0.0,0.0,0.0,0.0,0.0,0.0,0.0,0.0,0,0,-150.8677591719069,-286.6844125412189,0.0,0.0,0.0,0.0,0.0,0.0,0.0,0.0,0.0,0.0,0.0,0.0,0.0,0.0,0.0,0.0,0.0,0.0,0.0,0.0,0.0,0.0,0.0,0.0,0.0,0.0,0.0,0.0,0.0
1784671658.129152,314825.0227898,0,0,8,0,0,4.572497,1.156,-151.55608845641083,-286.6844174945682,-173.75085145251683,-151.55608845641083,-286.68441890162376,-286.6844174945682,0.0,0.0,0.0,0.0,0.0,0.0,0.0,151.55608845641083,0.0,0.0,286.6844174945682,0.0,0.0,0.0,0.0,0.0,0.0,0.0,0.0,0,0,-151.55608845641083,-286.6844174945682,0.0,0.0,0.0,0.0,0.0,0.0,0.0,0.0,0.0,0.0,0.0,0.0,0.0,0.0,0.0,0.0,0.0,0.0,0.0,0.0,0.0,0.0,0.0,0.0,0.0,0.0,0.0,0.0,0.0
1784671658.1317174,314825.0253578,0,0,8,0,0,4.574997,0.055,-152.58843904753186,-286.6844187551744,-172.98918592469892,-152.58843904753186,-286.68441890162376,-286.6844187551744,0.0,0.0,0.0,0.0,0.0,0.0,0.0,152.58843904753186,0.0,0.0,286.6844187551744,0.0,0.0,0.0,0.0,0.0,0.0,0.0,0.0,0,0,-152.58843904753186,-286.6844187551744,0.0,0.0,0.0,0.0,0.0,0.0,0.0,0.0,0.0,0.0,0.0,0.0,0.0,0.0,0.0,0.0,0.0,0.0,0.0,0.0,0.0,0.0,0.0,0.0,0.0,0.0,0.0,0.0,0.0
1784671658.134681,314825.028319,0,0,8,0,0,4.577498,0.154,-153.277055021612,-286.6844188692465,-173.11623093239152,-153.277055021612,-286.68441890162376,-286.68441886924643,0.0,0.0,0.0,0.0,0.0,0.0,0.0,153.277055021612,0.0,0.0,286.6844188692465,0.0,0.0,0.0,0.0,0.0,0.0,0.0,0.0,0,0,-153.277055021612,-286.6844188692465,0.0,0.0,0.0,0.0,0.0,0.0,0.0,0.0,0.0,0.0,0.0,0.0,0.0,0.0,0.0,0.0,0.0,0.0,0.0,0.0,0.0,0.0,0.0,0.0,0.0,0.0,0.0,0.0,0.0
1784671658.1364503,314825.0300889,0,0,8,0,0,4.579997,0.252,-153.96538431136796,-286.6844188944612,-173.59045032669422,-153.96538431136793,-286.68441890162376,-286.6844188944612,0.0,0.0,0.0,0.0,0.0,0.0,0.0,153.96538431136796,0.0,0.0,286.6844188944612,0.0,0.0,0.0,0.0,0.0,0.0,0.0,0.0,0,0,-153.96538431136796,-286.6844188944612,0.0,0.0,0.0,0.0,0.0,0.0,0.0,0.0,0.0,0.0,0.0,0.0,0.0,0.0,0.0,0.0,0.0,0.0,0.0,0.0,0.0,0.0,0.0,0.0,0.0,0.0,0.0,0.0,0.0
1784671658.139691,314825.0333293,0,0,8,0,0,4.582498,0.352,-154.65371360114477,-286.68441890003925,-175.33578536318896,-154.65371360114477,-286.68441890162376,-286.68441890003925,0.0,0.0,0.0,0.0,0.0,0.0,0.0,154.65371360114477,0.0,0.0,286.68441890003925,0.0,0.0,0.0,0.0,0.0,0.0,0.0,0.0,0,0,-154.65371360114477,-286.68441890003925,0.0,0.0,0.0,0.0,0.0,0.0,0.0,0.0,0.0,0.0,0.0,0.0,0.0,0.0,0.0,0.0,0.0,0.0,0.0,0.0,0.0,0.0,0.0,0.0,0.0,0.0,0.0,0.0,0.0
1784671658.141535,314825.0351733,0,0,8,0,0,4.585029,0.483,-155.34175620650737,-286.684418901273,-174.05471351802305,-155.34175620650737,-286.68441890162376,-286.68441890127303,0.0,0.0,0.0,0.0,0.0,0.0,0.0,155.34175620650737,0.0,0.0,286.684418901273,0.0,0.0,0.0,0.0,0.0,0.0,0.0,0.0,0,0,-155.34175620650737,-286.684418901273,0.0,0.0,0.0,0.0,0.0,0.0,0.0,0.0,0.0,0.0,0.0,0.0,0.0,0.0,0.0,0.0,0.0,0.0,0.0,0.0,0.0,0.0,0.0,0.0,0.0,0.0,0.0,0.0,0.0
1784671658.1441162,314825.0377543,0,0,8,0,0,4.587497,0.549,-156.03037218070878,-286.68441890154617,-175.99458476769271,-156.03037218070878,-286.68441890162376,-286.68441890154617,0.0,0.0,0.0,0.0,0.0,0.0,0.0,156.03037218070878,0.0,0.0,286.68441890154617,0.0,0.0,0.0,0.0,0.0,0.0,0.0,0.0,0,0,-156.03037218070878,-286.68441890154617,0.0,0.0,0.0,0.0,0.0,0.0,0.0,0.0,0.0,0.0,0.0,0.0,0.0,0.0,0.0,0.0,0.0,0.0,0.0,0.0,0.0,0.0,0.0,0.0,0.0,0.0,0.0,0.0,0.0
1784671658.1464856,314825.0401241,0,0,8,0,0,4.589997,0.648,-156.7187014704915,-286.6844189016066,-174.25416507036368,-156.7187014704915,-286.68441890162376,-286.6844189016066,0.0,0.0,0.0,0.0,0.0,0.0,0.0,156.7187014704915,0.0,0.0,286.6844189016066,0.0,0.0,0.0,0.0,0.0,0.0,0.0,0.0,0,0,-156.7187014704915,-286.6844189016066,0.0,0.0,0.0,0.0,0.0,0.0,0.0,0.0,0.0,0.0,0.0,0.0,0.0,0.0,0.0,0.0,0.0,0.0,0.0,0.0,0.0,0.0,0.0,0.0,0.0,0.0,0.0,0.0,0.0
1784671658.1495128,314825.0431503,0,0,8,0,0,4.592497,0.748,-157.4067440758554,-286.68441890161995,-174.2775639979495,-157.4067440758554,-286.68441890162376,-286.68441890161995,0.0,0.0,0.0,0.0,0.0,0.0,0.0,157.4067440758554,0.0,0.0,286.68441890161995,0.0,0.0,0.0,0.0,0.0,0.0,0.0,0.0,0,0,-157.4067440758554,-286.68441890161995,0.0,0.0,0.0,0.0,0.0,0.0,0.0,0.0,0.0,0.0,0.0,0.0,0.0,0.0,0.0,0.0,0.0,0.0,0.0,0.0,0.0,0.0,0.0,0.0,0.0,0.0,0.0,0.0,0.0
1784671658.1516452,314825.0452831,0,0,8,0,0,4.594997,0.837,-158.0979402098272,-286.68441890162285,-175.4847273206631,-158.0979402098272,-286.68441890162376,-286.68441890162285,0.0,0.0,0.0,0.0,0.0,0.0,0.0,158.0979402098272,0.0,0.0,286.68441890162285,0.0,0.0,0.0,0.0,0.0,0.0,0.0,0.0,0,0,-158.0979402098272,-286.68441890162285,0.0,0.0,0.0,0.0,0.0,0.0,0.0,0.0,0.0,0.0,0.0,0.0,0.0,0.0,0.0,0.0,0.0,0.0,0.0,0.0,0.0,0.0,0.0,0.0,0.0,0.0,0.0,0.0,0.0
1784671658.1617556,314825.0553926,0,0,8,0,0,4.597497,0.946,-158.783402655421,-286.6844189016236,-174.23398469088204,-158.783402655421,-286.68441890162376,-286.6844189016236,0.0,0.0,0.0,0.0,0.0,0.0,0.0,158.783402655421,0.0,0.0,286.6844189016236,0.0,0.0,0.0,0.0,0.0,0.0,0.0,0.0,0,0,-158.783402655421,-286.6844189016236,0.0,0.0,0.0,0.0,0.0,0.0,0.0,0.0,0.0,0.0,0.0,0.0,0.0,0.0,0.0,0.0,0.0,0.0,0.0,0.0,0.0,0.0,0.0,0.0,0.0,0.0,0.0,0.0,0.0
1784671658.1626034,314825.0562413,0,0,8,0,0,4.599997,1.045,-159.47173194520377,-286.6844189016237,-175.9662803705113,-159.47173194520377,-286.68441890162376,-286.6844189016237,0.0,0.0,0.0,0.0,0.0,0.0,0.0,159.47173194520377,0.0,0.0,286.6844189016237,0.0,0.0,0.0,0.0,0.0,0.0,0.0,0.0,0,0,-159.47173194520377,-286.6844189016237,0.0,0.0,0.0,0.0,0.0,0.0,0.0,0.0,0.0,0.0,0.0,0.0,0.0,0.0,0.0,0.0,0.0,0.0,0.0,0.0,0.0,0.0,0.0,0.0,0.0,0.0,0.0,0.0,0.0
1784671658.1631188,314825.056759,0,0,8,0,0,4.602498,1.145,-160.1600612349866,-286.6844189016237,-176.7036572877306,-160.1600612349866,-286.68441890162376,-286.68441890162376,0.0,0.0,0.0,0.0,0.0,0.0,0.0,160.1600612349866,0.0,0.0,286.6844189016237,0.0,0.0,0.0,0.0,0.0,0.0,0.0,0.0,0,0,-160.1600612349866,-286.6844189016237,0.0,0.0,0.0,0.0,0.0,0.0,0.0,0.0,0.0,0.0,0.0,0.0,0.0,0.0,0.0,0.0,0.0,0.0,0.0,0.0,0.0,0.0,0.0,0.0,0.0,0.0,0.0,0.0,0.0
1784671658.163428,314825.0570685,0,0,8,0,0,4.604998,0.043,-161.19269851187022,-286.6844189016237,-176.1667971839011,-161.19269851187022,-286.68441890162376,-286.68441890162376,0.0,0.0,0.0,0.0,0.0,0.0,0.0,161.19269851187022,0.0,0.0,286.6844189016237,0.0,0.0,0.0,0.0,0.0,0.0,0.0,0.0,0,0,-161.19269851187022,-286.6844189016237,0.0,0.0,0.0,0.0,0.0,0.0,0.0,0.0,0.0,0.0,0.0,0.0,0.0,0.0,0.0,0.0,0.0,0.0,0.0,0.0,0.0,0.0,0.0,0.0,0.0,0.0,0.0,0.0,0.0
1784671658.1638565,314825.0574957,0,0,8,0,0,4.607498,0.143,-161.8807411172341,-286.6844189016237,-173.6728121221022,-161.88074111723412,-286.68441890162376,-286.68441890162376,0.0,0.0,0.0,0.0,0.0,0.0,0.0,161.8807411172341,0.0,0.0,286.6844189016237,0.0,0.0,0.0,0.0,0.0,0.0,0.0,0.0,0,0,-161.8807411172341,-286.6844189016237,0.0,0.0,0.0,0.0,0.0,0.0,0.0,0.0,0.0,0.0,0.0,0.0,0.0,0.0,0.0,0.0,0.0,0.0,0.0,0.0,0.0,0.0,0.0,0.0,0.0,0.0,0.0,0.0,0.0
1784671658.1664877,314825.0601273,0,0,8,0,0,4.609998,0.241,-162.56935709143582,-286.6844189016237,-178.4339368963173,-162.56935709143582,-286.68441890162376,-286.68441890162376,0.0,0.0,0.0,0.0,0.0,0.0,0.0,162.56935709143582,0.0,0.0,286.6844189016237,0.0,0.0,0.0,0.0,0.0,0.0,0.0,0.0,0,0,-162.56935709143582,-286.6844189016237,0.0,0.0,0.0,0.0,0.0,0.0,0.0,0.0,0.0,0.0,0.0,0.0,0.0,0.0,0.0,0.0,0.0,0.0,0.0,0.0,0.0,0.0,0.0,0.0,0.0,0.0,0.0,0.0,0.0
1784671658.169002,314825.0626405,0,0,8,0,0,4.612497,0.34,-163.25739969679972,-286.6844189016237,-174.3271092817572,-163.2573996967997,-286.68441890162376,-286.68441890162376,0.0,0.0,0.0,0.0,0.0,0.0,0.0,163.25739969679972,0.0,0.0,286.6844189016237,0.0,0.0,0.0,0.0,0.0,0.0,0.0,0.0,0,0,-163.25739969679972,-286.6844189016237,0.0,0.0,0.0,0.0,0.0,0.0,0.0,0.0,0.0,0.0,0.0,0.0,0.0,0.0,0.0,0.0,0.0,0.0,0.0,0.0,0.0,0.0,0.0,0.0,0.0,0.0,0.0,0.0,0.0
1784671658.1713796,314825.0650187,0,0,8,0,0,4.614998,0.438,-163.94630235542033,-286.6844189016237,-173.56657498440268,-163.9463023554203,-286.68441890162376,-286.68441890162376,0.0,0.0,0.0,0.0,0.0,0.0,0.0,163.94630235542033,0.0,0.0,286.6844189016237,0.0,0.0,0.0,0.0,0.0,0.0,0.0,0.0,0,0,-163.94630235542033,-286.6844189016237,0.0,0.0,0.0,0.0,0.0,0.0,0.0,0.0,0.0,0.0,0.0,0.0,0.0,0.0,0.0,0.0,0.0,0.0,0.0,0.0,0.0,0.0,0.0,0.0,0.0,0.0,0.0,0.0,0.0
1784671658.1848722,314825.0785077,0,0,8,0,0,4.617498,0.539,-164.6340582763653,-286.6844189016237,179.8940304357562,-164.6340582763653,-286.68441890162376,-286.68441890162376,0.0,0.0,0.0,0.0,0.0,0.0,0.0,164.6340582763653,0.0,0.0,286.6844189016237,0.0,0.0,0.0,0.0,0.0,0.0,0.0,0.0,0,0,-164.6340582763653,-286.6844189016237,0.0,0.0,0.0,0.0,0.0,0.0,0.0,0.0,0.0,0.0,0.0,0.0,0.0,0.0,0.0,0.0,0.0,0.0,0.0,0.0,0.0,0.0,0.0,0.0,0.0,0.0,0.0,0.0,0.0
1784671658.185017,314825.0786581,0,0,8,0,0,4.619998,0.638,-165.32238756614808,-286.6844189016237,-176.89383538422624,-165.32238756614808,-286.68441890162376,-286.68441890162376,0.0,0.0,0.0,0.0,0.0,0.0,0.0,165.32238756614808,0.0,0.0,286.6844189016237,0.0,0.0,0.0,0.0,0.0,0.0,0.0,0.0,0,0,-165.32238756614808,-286.6844189016237,0.0,0.0,0.0,0.0,0.0,0.0,0.0,0.0,0.0,0.0,0.0,0.0,0.0,0.0,0.0,0.0,0.0,0.0,0.0,0.0,0.0,0.0,0.0,0.0,0.0,0.0,0.0,0.0,0.0
1784671658.1850903,314825.0787314,0,0,8,0,0,4.622498,0.736,-166.0110035403498,-286.6844189016237,-174.56805665574674,-166.0110035403498,-286.68441890162376,-286.68441890162376,0.0,0.0,0.0,0.0,0.0,0.0,0.0,166.0110035403498,0.0,0.0,286.6844189016237,0.0,0.0,0.0,0.0,0.0,0.0,0.0,0.0,0,0,-166.0110035403498,-286.6844189016237,0.0,0.0,0.0,0.0,0.0,0.0,0.0,0.0,0.0,0.0,0.0,0.0,0.0,0.0,0.0,0.0,0.0,0.0,0.0,0.0,0.0,0.0,0.0,0.0,0.0,0.0,0.0,0.0,0.0
1784671658.1851556,314825.0787973,0,0,8,0,0,4.624997,0.834,-166.69933283013262,-286.6844189016237,-179.14643648265104,-166.6993328301326,-286.68441890162376,-286.68441890162376,0.0,0.0,0.0,0.0,0.0,0.0,0.0,166.69933283013262,0.0,0.0,286.6844189016237,0.0,0.0,0.0,0.0,0.0,0.0,0.0,0.0,0,0,-166.69933283013262,-286.6844189016237,0.0,0.0,0.0,0.0,0.0,0.0,0.0,0.0,0.0,0.0,0.0,0.0,0.0,0.0,0.0,0.0,0.0,0.0,0.0,0.0,0.0,0.0,0.0,0.0,0.0,0.0,0.0,0.0,0.0
1784671658.1852171,314825.0788585,0,0,8,0,0,4.627531,0.967,-167.3876621199154,-286.6844189016237,-175.45013507560256,-167.3876621199154,-286.68441890162376,-286.68441890162376,0.0,0.0,0.0,0.0,0.0,0.0,0.0,167.3876621199154,0.0,0.0,286.6844189016237,0.0,0.0,0.0,0.0,0.0,0.0,0.0,0.0,0,0,-167.3876621199154,-286.6844189016237,0.0,0.0,0.0,0.0,0.0,0.0,0.0,0.0,0.0,0.0,0.0,0.0,0.0,0.0,0.0,0.0,0.0,0.0,0.0,0.0,0.0,0.0,0.0,0.0,0.0,0.0,0.0,0.0,0.0
1784671658.1865857,314825.080223,0,0,8,0,0,4.629997,1.033,-168.0757047252793,-286.6844189016237,-177.7740998913432,-168.0757047252793,-286.68441890162376,-286.68441890162376,0.0,0.0,0.0,0.0,0.0,0.0,0.0,168.0757047252793,0.0,0.0,286.6844189016237,0.0,0.0,0.0,0.0,0.0,0.0,0.0,0.0,0,0,-168.0757047252793,-286.6844189016237,0.0,0.0,0.0,0.0,0.0,0.0,0.0,0.0,0.0,0.0,0.0,0.0,0.0,0.0,0.0,0.0,0.0,0.0,0.0,0.0,0.0,0.0,0.0,0.0,0.0,0.0,0.0,0.0,0.0
1784671658.1968708,314825.0905084,0,0,8,0,0,4.632497,1.132,-168.7640340150621,-286.6844189016237,-176.38197687350046,-168.7640340150621,-286.68441890162376,-286.68441890162376,0.0,0.0,0.0,0.0,0.0,0.0,0.0,168.7640340150621,0.0,0.0,286.6844189016237,0.0,0.0,0.0,0.0,0.0,0.0,0.0,0.0,0,0,-168.7640340150621,-286.6844189016237,0.0,0.0,0.0,0.0,0.0,0.0,0.0,0.0,0.0,0.0,0.0,0.0,0.0,0.0,0.0,0.0,0.0,0.0,0.0,0.0,0.0,0.0,0.0,0.0,0.0,0.0,0.0,0.0,0.0
1784671658.197097,314825.0907368,0,0,8,0,0,4.634998,0.031,-169.79667129194573,-286.6844189016237,-178.794070266259,-169.79667129194576,-286.68441890162376,-286.68441890162376,0.0,0.0,0.0,0.0,0.0,0.0,0.0,169.79667129194573,0.0,0.0,286.6844189016237,0.0,0.0,0.0,0.0,0.0,0.0,0.0,0.0,0,0,-169.79667129194573,-286.6844189016237,0.0,0.0,0.0,0.0,0.0,0.0,0.0,0.0,0.0,0.0,0.0,0.0,0.0,0.0,0.0,0.0,0.0,0.0,0.0,0.0,0.0,0.0,0.0,0.0,0.0,0.0,0.0,0.0,0.0
1784671658.1982138,314825.091855,0,0,8,0,0,4.637498,0.1299999999999999,-170.48500058172857,-286.6844189016237,-175.82626334656197,-170.48500058172854,-286.68441890162376,-286.68441890162376,0.0,0.0,0.0,0.0,0.0,0.0,0.0,170.48500058172857,0.0,0.0,286.6844189016237,0.0,0.0,0.0,0.0,0.0,0.0,0.0,0.0,0,0,-170.48500058172857,-286.6844189016237,0.0,0.0,0.0,0.0,0.0,0.0,0.0,0.0,0.0,0.0,0.0,0.0,0.0,0.0,0.0,0.0,0.0,0.0,0.0,0.0,0.0,0.0,0.0,0.0,0.0,0.0,0.0,0.0,0.0
1784671658.1984856,314825.0921254,0,0,8,0,0,4.639998,0.23,-171.17304318709245,-286.6844189016237,179.3780892337444,-171.17304318709245,-286.68441890162376,-286.68441890162376,0.0,0.0,0.0,0.0,0.0,0.0,0.0,171.17304318709245,0.0,0.0,286.6844189016237,0.0,0.0,0.0,0.0,0.0,0.0,0.0,0.0,0,0,-171.17304318709245,-286.6844189016237,0.0,0.0,0.0,0.0,0.0,0.0,0.0,0.0,0.0,0.0,0.0,0.0,0.0,0.0,0.0,0.0,0.0,0.0,0.0,0.0,0.0,0.0,0.0,0.0,0.0,0.0,0.0,0.0,0.0
1784671658.2015035,314825.0951414,0,0,8,0,0,4.642497,0.3269999999999999,-171.86165916129417,-286.6844189016237,-179.34294588644562,-171.86165916129417,-286.68441890162376,-286.68441890162376,0.0,0.0,0.0,0.0,0.0,0.0,0.0,171.86165916129417,0.0,0.0,286.6844189016237,0.0,0.0,0.0,0.0,0.0,0.0,0.0,0.0,0,0,-171.86165916129417,-286.6844189016237,0.0,0.0,0.0,0.0,0.0,0.0,0.0,0.0,0.0,0.0,0.0,0.0,0.0,0.0,0.0,0.0,0.0,0.0,0.0,0.0,0.0,0.0,0.0,0.0,0.0,0.0,0.0,0.0,0.0
1784671658.201696,314825.0953368,0,0,8,0,0,4.644997,0.426,-172.54998845107696,-286.6844189016237,-174.8034894563535,-172.54998845107696,-286.68441890162376,-286.68441890162376,0.0,0.0,0.0,0.0,0.0,0.0,0.0,172.54998845107696,0.0,0.0,286.6844189016237,0.0,0.0,0.0,0.0,0.0,0.0,0.0,0.0,0,0,-172.54998845107696,-286.6844189016237,0.0,0.0,0.0,0.0,0.0,0.0,0.0,0.0,0.0,0.0,0.0,0.0,0.0,0.0,0.0,0.0,0.0,0.0,0.0,0.0,0.0,0.0,0.0,0.0,0.0,0.0,0.0,0.0,0.0
1784671658.2110791,314825.1047168,0,0,8,0,0,4.647497,0.525,-173.23831774085974,-286.6844189016237,179.9650237430433,-173.23831774085974,-286.68441890162376,-286.68441890162376,0.0,0.0,0.0,0.0,0.0,0.0,0.0,173.23831774085974,0.0,0.0,286.6844189016237,0.0,0.0,0.0,0.0,0.0,0.0,0.0,0.0,0,0,-173.23831774085974,-286.6844189016237,0.0,0.0,0.0,0.0,0.0,0.0,0.0,0.0,0.0,0.0,0.0,0.0,0.0,0.0,0.0,0.0,0.0,0.0,0.0,0.0,0.0,0.0,0.0,0.0,0.0,0.0,0.0,0.0,0.0
1784671658.2114775,314825.1051175,0,0,8,0,0,4.649999,0.626,-173.92664703064256,-286.6844189016237,-179.61156806629955,-173.92664703064256,-286.68441890162376,-286.68441890162376,0.0,0.0,0.0,0.0,0.0,0.0,0.0,173.92664703064256,0.0,0.0,286.6844189016237,0.0,0.0,0.0,0.0,0.0,0.0,0.0,0.0,0,0,-173.92664703064256,-286.6844189016237,0.0,0.0,0.0,0.0,0.0,0.0,0.0,0.0,0.0,0.0,0.0,0.0,0.0,0.0,0.0,0.0,0.0,0.0,0.0,0.0,0.0,0.0,0.0,0.0,0.0,0.0,0.0,0.0,0.0
1784671658.2117915,314825.1054321,0,0,8,0,0,4.652497,0.7240000000000001,-174.61468963600643,-286.6844189016237,-179.53123113571846,-174.61468963600643,-286.68441890162376,-286.68441890162376,0.0,0.0,0.0,0.0,0.0,0.0,0.0,174.61468963600643,0.0,0.0,286.6844189016237,0.0,0.0,0.0,0.0,0.0,0.0,0.0,0.0,0,0,-174.61468963600643,-286.6844189016237,0.0,0.0,0.0,0.0,0.0,0.0,0.0,0.0,0.0,0.0,0.0,0.0,0.0,0.0,0.0,0.0,0.0,0.0,0.0,0.0,0.0,0.0,0.0,0.0,0.0,0.0,0.0,0.0,0.0
1784671658.2120872,314825.1057272,0,0,8,0,0,4.654998,0.8220000000000001,-175.30359229462704,-286.6844189016237,-177.9901082268218,-175.30359229462704,-286.68441890162376,-286.68441890162376,0.0,0.0,0.0,0.0,0.0,0.0,0.0,175.30359229462704,0.0,0.0,286.6844189016237,0.0,0.0,0.0,0.0,0.0,0.0,0.0,0.0,0,0,-175.30359229462704,-286.6844189016237,0.0,0.0,0.0,0.0,0.0,0.0,0.0,0.0,0.0,0.0,0.0,0.0,0.0,0.0,0.0,0.0,0.0,0.0,0.0,0.0,0.0,0.0,0.0,0.0,0.0,0.0,0.0,0.0,0.0
1784671658.2149389,314825.1085772,0,0,8,0,0,4.657498,0.923,-175.991348215572,-286.6844189016237,179.44817637146463,-175.99134821557203,-286.68441890162376,-286.68441890162376,0.0,0.0,0.0,0.0,0.0,0.0,0.0,175.991348215572,0.0,0.0,286.6844189016237,0.0,0.0,0.0,0.0,0.0,0.0,0.0,0.0,0,0,-175.991348215572,-286.6844189016237,0.0,0.0,0.0,0.0,0.0,0.0,0.0,0.0,0.0,0.0,0.0,0.0,0.0,0.0,0.0,0.0,0.0,0.0,0.0,0.0,0.0,0.0,0.0,0.0,0.0,0.0,0.0,0.0,0.0
1784671658.2165987,314825.1102371,0,0,8,0,0,4.659997,1.021,-176.67967750535485,-286.6844189016237,179.06564522944117,-176.67967750535482,-286.68441890162376,-286.68441890162376,0.0,0.0,0.0,0.0,0.0,0.0,0.0,176.67967750535485,0.0,0.0,286.6844189016237,0.0,0.0,0.0,0.0,0.0,0.0,0.0,0.0,0,0,-176.67967750535485,-286.6844189016237,0.0,0.0,0.0,0.0,0.0,0.0,0.0,0.0,0.0,0.0,0.0,0.0,0.0,0.0,0.0,0.0,0.0,0.0,0.0,0.0,0.0,0.0,0.0,0.0,0.0,0.0,0.0,0.0,0.0
1784671658.2190268,314825.1126651,0,0,8,0,0,4.662497,1.12,-177.36800679513763,-286.6844189016237,-175.21259784529383,-177.3680067951376,-286.68441890162376,-286.68441890162376,0.0,0.0,0.0,0.0,0.0,0.0,0.0,177.36800679513763,0.0,0.0,286.6844189016237,0.0,0.0,0.0,0.0,0.0,0.0,0.0,0.0,0,0,-177.36800679513763,-286.6844189016237,0.0,0.0,0.0,0.0,0.0,0.0,0.0,0.0,0.0,0.0,0.0,0.0,0.0,0.0,0.0,0.0,0.0,0.0,0.0,0.0,0.0,0.0,0.0,0.0,0.0,0.0,0.0,0.0,0.0
1784671658.2215652,314825.1152035,0,0,8,0,0,4.664998,0.019,-178.4006440720213,-286.6844189016237,179.70501745592222,-178.4006440720213,-286.68441890162376,-286.68441890162376,0.0,0.0,0.0,0.0,0.0,0.0,0.0,178.4006440720213,0.0,0.0,286.6844189016237,0.0,0.0,0.0,0.0,0.0,0.0,0.0,0.0,0,0,-178.4006440720213,-286.6844189016237,0.0,0.0,0.0,0.0,0.0,0.0,0.0,0.0,0.0,0.0,0.0,0.0,0.0,0.0,0.0,0.0,0.0,0.0,0.0,0.0,0.0,0.0,0.0,0.0,0.0,0.0,0.0,0.0,0.0
1784671658.2240117,314825.1176503,0,0,8,0,0,4.667498,0.119,-179.08868667738517,-286.6844189016237,176.97597136384718,-179.08868667738517,-286.68441890162376,-286.68441890162376,0.0,0.0,0.0,0.0,0.0,0.0,0.0,179.08868667738517,0.0,0.0,286.6844189016237,0.0,0.0,0.0,0.0,0.0,0.0,0.0,0.0,0,0,-179.08868667738517,-286.6844189016237,0.0,0.0,0.0,0.0,0.0,0.0,0.0,0.0,0.0,0.0,0.0,0.0,0.0,0.0,0.0,0.0,0.0,0.0,0.0,0.0,0.0,0.0,0.0,0.0,0.0,0.0,0.0,0.0,0.0
1784671658.2267797,314825.1204169,0,0,8,0,0,4.670027,0.245,-179.77758933600575,-286.6844189016237,-177.56975863302642,-179.77758933600578,-286.68441890162376,-286.68441890162376,0.0,0.0,0.0,0.0,0.0,0.0,0.0,179.77758933600575,0.0,0.0,286.6844189016237,0.0,0.0,0.0,0.0,0.0,0.0,0.0,0.0,0,0,-179.77758933600575,-286.6844189016237,0.0,0.0,0.0,0.0,0.0,0.0,0.0,0.0,0.0,0.0,0.0,0.0,0.0,0.0,0.0,0.0,0.0,0.0,0.0,0.0,0.0,0.0,0.0,0.0,0.0,0.0,0.0,0.0,0.0
1784671658.2289956,314825.1226347,0,0,8,0,0,4.672498,0.317,179.53465474304923,-286.6844189016237,179.07163443404147,179.53465474304923,-286.68441890162376,-286.68441890162376,0.0,0.0,0.0,0.0,0.0,0.0,0.0,-179.53465474304923,0.0,0.0,286.6844189016237,0.0,0.0,0.0,0.0,0.0,0.0,0.0,0.0,0,0,179.53465474304923,-286.6844189016237,0.0,0.0,0.0,0.0,0.0,0.0,0.0,0.0,0.0,0.0,0.0,0.0,0.0,0.0,0.0,0.0,0.0,0.0,0.0,0.0,0.0,0.0,0.0,0.0,0.0,0.0,0.0,0.0,0.0
1784671658.2316308,314825.1252697,0,0,8,0,0,4.674997,0.414,178.84603876884754,-286.6844189016237,175.29352971639923,178.8460387688475,-286.68441890162376,-286.68441890162376,0.0,0.0,0.0,0.0,0.0,0.0,0.0,-178.84603876884754,0.0,0.0,286.6844189016237,0.0,0.0,0.0,0.0,0.0,0.0,0.0,0.0,0,0,178.84603876884754,-286.6844189016237,0.0,0.0,0.0,0.0,0.0,0.0,0.0,0.0,0.0,0.0,0.0,0.0,0.0,0.0,0.0,0.0,0.0,0.0,0.0,0.0,0.0,0.0,0.0,0.0,0.0,0.0,0.0,0.0,0.0
1784671658.2343268,314825.1279632,0,0,8,0,0,4.677498,0.514,178.15770947906475,-286.6844189016237,178.4194156866641,178.15770947906472,-286.68441890162376,-286.68441890162376,0.0,0.0,0.0,0.0,0.0,0.0,0.0,-178.15770947906475,0.0,0.0,286.6844189016237,0.0,0.0,0.0,0.0,0.0,0.0,0.0,0.0,0,0,178.15770947906475,-286.6844189016237,0.0,0.0,0.0,0.0,0.0,0.0,0.0,0.0,0.0,0.0,0.0,0.0,0.0,0.0,0.0,0.0,0.0,0.0,0.0,0.0,0.0,0.0,0.0,0.0,0.0,0.0,0.0,0.0,0.0
1784671658.2632082,314825.1568459,0,0,8,0,0,4.679997,0.6130000000000001,177.46966687370085,-286.6844189016237,-174.3550889500032,177.46966687370082,-286.68441890162376,-286.68441890162376,0.0,0.0,0.0,0.0,0.0,0.0,0.0,-177.46966687370085,0.0,0.0,286.6844189016237,0.0,0.0,0.0,0.0,0.0,0.0,0.0,0.0,0,0,177.46966687370085,-286.6844189016237,0.0,0.0,0.0,0.0,0.0,0.0,0.0,0.0,0.0,0.0,0.0,0.0,0.0,0.0,0.0,0.0,0.0,0.0,0.0,0.0,0.0,0.0,0.0,0.0,0.0,0.0,0.0,0.0,0.0
1784671658.263719,314825.1573595,0,0,8,0,0,4.682497,0.7110000000000001,176.78105089949912,-286.6844189016237,176.84979589102866,176.78105089949912,-286.68441890162376,-286.68441890162376,0.0,0.0,0.0,0.0,0.0,0.0,0.0,-176.78105089949912,0.0,0.0,286.6844189016237,0.0,0.0,0.0,0.0,0.0,0.0,0.0,0.0,0,0,176.78105089949912,-286.6844189016237,0.0,0.0,0.0,0.0,0.0,0.0,0.0,0.0,0.0,0.0,0.0,0.0,0.0,0.0,0.0,0.0,0.0,0.0,0.0,0.0,0.0,0.0,0.0,0.0,0.0,0.0,0.0,0.0,0.0
1784671658.2641685,314825.1578085,0,0,8,0,0,4.684998,0.8109999999999999,176.09272160971634,-286.6844189016237,176.83871086955105,176.09272160971634,-286.68441890162376,-286.68441890162376,0.0,0.0,0.0,0.0,0.0,0.0,0.0,-176.09272160971634,0.0,0.0,286.6844189016237,0.0,0.0,0.0,0.0,0.0,0.0,0.0,0.0,0,0,176.09272160971634,-286.6844189016237,0.0,0.0,0.0,0.0,0.0,0.0,0.0,0.0,0.0,0.0,0.0,0.0,0.0,0.0,0.0,0.0,0.0,0.0,0.0,0.0,0.0,0.0,0.0,0.0,0.0,0.0,0.0,0.0,0.0
1784671658.2644503,314825.1580909,0,0,8,0,0,4.687498,0.911,175.40467900435243,-286.6844189016237,179.60163794004305,175.40467900435243,-286.68441890162376,-286.68441890162376,0.0,0.0,0.0,0.0,0.0,0.0,0.0,-175.40467900435243,0.0,0.0,286.6844189016237,0.0,0.0,0.0,0.0,0.0,0.0,0.0,0.0,0,0,175.40467900435243,-286.6844189016237,0.0,0.0,0.0,0.0,0.0,0.0,0.0,0.0,0.0,0.0,0.0,0.0,0.0,0.0,0.0,0.0,0.0,0.0,0.0,0.0,0.0,0.0,0.0,0.0,0.0,0.0,0.0,0.0,0.0
1784671658.264776,314825.158415,0,0,8,0,0,4.689997,1.009,174.71634971456965,-286.6844189016237,177.90988354318796,174.71634971456965,-286.68441890162376,-286.68441890162376,0.0,0.0,0.0,0.0,0.0,0.0,0.0,-174.71634971456965,0.0,0.0,286.6844189016237,0.0,0.0,0.0,0.0,0.0,0.0,0.0,0.0,0,0,174.71634971456965,-286.6844189016237,0.0,0.0,0.0,0.0,0.0,0.0,0.0,0.0,0.0,0.0,0.0,0.0,0.0,0.0,0.0,0.0,0.0,0.0,0.0,0.0,0.0,0.0,0.0,0.0,0.0,0.0,0.0,0.0,0.0
1784671658.265122,314825.158758,0,0,8,0,0,4.692497,1.108,174.02802042478683,-286.6844189016237,-179.87270992962357,174.02802042478683,-286.68441890162376,-286.68441890162376,0.0,0.0,0.0,0.0,0.0,0.0,0.0,-174.02802042478683,0.0,0.0,286.6844189016237,0.0,0.0,0.0,0.0,0.0,0.0,0.0,0.0,0,0,174.02802042478683,-286.6844189016237,0.0,0.0,0.0,0.0,0.0,0.0,0.0,0.0,0.0,0.0,0.0,0.0,0.0,0.0,0.0,0.0,0.0,0.0,0.0,0.0,0.0,0.0,0.0,0.0,0.0,0.0,0.0,0.0,0.0
1784671658.26545,314825.1590897,0,0,8,0,0,4.694998,1.209,173.33997781942293,-286.6844189016237,173.23589952218194,173.33997781942293,-286.68441890162376,-286.68441890162376,0.0,0.0,0.0,0.0,0.0,0.0,0.0,-173.33997781942293,0.0,0.0,286.6844189016237,0.0,0.0,0.0,0.0,0.0,0.0,0.0,0.0,0,0,173.33997781942293,-286.6844189016237,0.0,0.0,0.0,0.0,0.0,0.0,0.0,0.0,0.0,0.0,0.0,0.0,0.0,0.0,0.0,0.0,0.0,0.0,0.0,0.0,0.0,0.0,0.0,0.0,0.0,0.0,0.0,0.0,0.0
1784671658.265793,314825.1594332,0,0,8,0,0,4.697497,0.105,172.30705385812036,-286.6844189016237,179.09200609763187,172.30705385812036,-286.68441890162376,-286.68441890162376,0.0,0.0,0.0,0.0,0.0,0.0,0.0,-172.30705385812036,0.0,0.0,286.6844189016237,0.0,0.0,0.0,0.0,0.0,0.0,0.0,0.0,0,0,172.30705385812036,-286.6844189016237,0.0,0.0,0.0,0.0,0.0,0.0,0.0,0.0,0.0,0.0,0.0,0.0,0.0,0.0,0.0,0.0,0.0,0.0,0.0,0.0,0.0,0.0,0.0,0.0,0.0,0.0,0.0,0.0,0.0
1784671658.2659876,314825.1596283,0,0,8,0,0,4.699997,0.205,171.61901125275645,-286.6844189016237,175.4591110773646,171.61901125275645,-286.68441890162376,-286.68441890162376,0.0,0.0,0.0,0.0,0.0,0.0,0.0,-171.61901125275645,0.0,0.0,286.6844189016237,0.0,0.0,0.0,0.0,0.0,0.0,0.0,0.0,0,0,171.61901125275645,-286.6844189016237,0.0,0.0,0.0,0.0,0.0,0.0,0.0,0.0,0.0,0.0,0.0,0.0,0.0,0.0,0.0,0.0,0.0,0.0,0.0,0.0,0.0,0.0,0.0,0.0,0.0,0.0,0.0,0.0,0.0
1784671658.2660618,314825.1597033,0,0,8,0,0,4.702498,0.304,170.9309130644934,-286.2532898935729,-177.85825535820803,170.93091306449344,-285.8706705510606,-286.25328989357286,0.0,0.0,0.0,0.0,0.0,0.0,0.0,-170.9309130644934,0.0,0.0,286.2532898935729,0.0,0.0,0.0,0.0,0.0,0.0,0.0,0.0,0,0,170.9309130644934,-286.2532898935729,0.0,0.0,0.0,0.0,0.0,0.0,0.0,0.0,0.0,0.0,0.0,0.0,0.0,0.0,0.0,0.0,0.0,0.0,0.0,0.0,0.0,0.0,0.0,0.0,0.0,0.0,0.0,0.0,0.0
1784671658.2661257,314825.1597672,0,0,8,0,0,4.704998,0.4029999999999999,170.2565323995558,-279.75591211042445,-178.87682529401118,170.25653239955577,-276.0969403620387,-279.75591211042445,0.0,0.0,0.0,0.0,0.0,0.0,0.0,-170.2565323995558,0.0,0.0,279.75591211042445,0.0,0.0,0.0,0.0,0.0,0.0,0.0,0.0,0,0,170.2565323995558,-279.75591211042445,0.0,0.0,0.0,0.0,0.0,0.0,0.0,0.0,0.0,0.0,0.0,0.0,0.0,0.0,0.0,0.0,0.0,0.0,0.0,0.0,0.0,0.0,0.0,0.0,0.0,0.0,0.0,0.0,0.0
1784671658.2662396,314825.159881,0,0,8,0,0,4.707498,0.502,169.6041861803514,-270.3337892065905,175.33153846547572,169.6041861803514,-266.2357103503756,-270.3337892065905,0.0,0.0,0.0,0.0,0.0,0.0,0.0,-169.6041861803514,0.0,0.0,270.3337892065905,0.0,0.0,0.0,0.0,0.0,0.0,0.0,0.0,0,0,169.6041861803514,-270.3337892065905,0.0,0.0,0.0,0.0,0.0,0.0,0.0,0.0,0.0,0.0,0.0,0.0,0.0,0.0,0.0,0.0,0.0,0.0,0.0,0.0,0.0,0.0,0.0,0.0,0.0,0.0,0.0,0.0,0.0
1784671658.266611,314825.1602522,0,0,8,0,0,4.709998,0.601,168.9727786841719,-261.7937021806728,177.3350999446887,168.97277868417194,-258.01947700436705,-261.7937021806728,0.0,0.0,0.0,0.0,0.0,0.0,0.0,-168.9727786841719,0.0,0.0,261.7937021806728,0.0,0.0,0.0,0.0,0.0,0.0,0.0,0.0,0,0,168.9727786841719,-261.7937021806728,0.0,0.0,0.0,0.0,0.0,0.0,0.0,0.0,0.0,0.0,0.0,0.0,0.0,0.0,0.0,0.0,0.0,0.0,0.0,0.0,0.0,0.0,0.0,0.0,0.0,0.0,0.0,0.0,0.0
1784671658.269025,314825.1626633,0,0,8,0,0,4.712527,0.73,168.3648995386646,-251.4955033669729,-178.93421933576136,168.3648995386646,-246.6445000610112,-251.49550336697288,0.0,0.0,0.0,0.0,0.0,0.0,0.0,-168.3648995386646,0.0,0.0,251.4955033669729,0.0,0.0,0.0,0.0,0.0,0.0,0.0,0.0,0,0,168.3648995386646,-251.4955033669729,0.0,0.0,0.0,0.0,0.0,0.0,0.0,0.0,0.0,0.0,0.0,0.0,0.0,0.0,0.0,0.0,0.0,0.0,0.0,0.0,0.0,0.0,0.0,0.0,0.0,0.0,0.0,0.0,0.0
1784671658.27148,314825.165119,0,0,8,0,0,4.714997,0.7969999999999999,167.78564133625284,-238.1126938079552,175.56065710141056,167.7856413362529,-231.21828132936784,-238.1126938079552,0.0,0.0,0.0,0.0,0.0,0.0,0.0,-167.78564133625284,0.0,0.0,238.1126938079552,0.0,0.0,0.0,0.0,0.0,0.0,0.0,0.0,0,0,167.78564133625284,-238.1126938079552,0.0,0.0,0.0,0.0,0.0,0.0,0.0,0.0,0.0,0.0,0.0,0.0,0.0,0.0,0.0,0.0,0.0,0.0,0.0,0.0,0.0,0.0,0.0,0.0,0.0,0.0,0.0,0.0,0.0
1784671658.2742672,314825.1679048,0,0,8,0,0,4.717497,0.898,167.23648947706457,-227.3155083394445,170.0778471485383,167.2364894770646,-222.80954837354864,-227.3155083394445,0.0,0.0,0.0,0.0,0.0,0.0,0.0,-167.23648947706457,0.0,0.0,227.3155083394445,0.0,0.0,0.0,0.0,0.0,0.0,0.0,0.0,0,0,167.23648947706457,-227.3155083394445,0.0,0.0,0.0,0.0,0.0,0.0,0.0,0.0,0.0,0.0,0.0,0.0,0.0,0.0,0.0,0.0,0.0,0.0,0.0,0.0,0.0,0.0,0.0,0.0,0.0,0.0,0.0,0.0,0.0
1784671658.320042,314825.2136801,0,0,8,0,0,4.719998,0.998,166.7124868092074,-216.2622054884852,178.40885972880542,166.7124868092074,-211.06707217509972,-216.26220548848517,0.0,0.0,0.0,0.0,0.0,0.0,0.0,-166.7124868092074,0.0,0.0,216.2622054884852,0.0,0.0,0.0,0.0,0.0,0.0,0.0,0.0,0,0,166.7124868092074,-216.2622054884852,0.0,0.0,0.0,0.0,0.0,0.0,0.0,0.0,0.0,0.0,0.0,0.0,0.0,0.0,0.0,0.0,0.0,0.0,0.0,0.0,0.0,0.0,0.0,0.0,0.0,0.0,0.0,0.0,0.0
1784671658.3204105,314825.2140502,0,0,8,0,0,4.722497,1.096,166.2183153546532,-203.56583338675887,176.16939774474608,166.2183153546532,-197.88959888533523,-203.56583338675887,0.0,0.0,0.0,0.0,0.0,0.0,0.0,-166.2183153546532,0.0,0.0,203.56583338675887,0.0,0.0,0.0,0.0,0.0,0.0,0.0,0.0,0,0,166.2183153546532,-203.56583338675887,0.0,0.0,0.0,0.0,0.0,0.0,0.0,0.0,0.0,0.0,0.0,0.0,0.0,0.0,0.0,0.0,0.0,0.0,0.0,0.0,0.0,0.0,0.0,0.0,0.0,0.0,0.0,0.0,0.0
1784671658.3207326,314825.2143731,0,0,8,0,0,4.724998,1.195,165.75175699764034,-192.6751666306897,167.83058363101634,165.75175699764034,-188.22961846574688,-192.6751666306897,0.0,0.0,0.0,0.0,0.0,0.0,0.0,-165.75175699764034,0.0,0.0,192.6751666306897,0.0,0.0,0.0,0.0,0.0,0.0,0.0,0.0,0,0,165.75175699764034,-192.6751666306897,0.0,0.0,0.0,0.0,0.0,0.0,0.0,0.0,0.0,0.0,0.0,0.0,0.0,0.0,0.0,0.0,0.0,0.0,0.0,0.0,0.0,0.0,0.0,0.0,0.0,0.0,0.0,0.0,0.0
1784671658.3209896,314825.2146308,0,0,8,0,0,4.727497,0.094,165.0937360678535,-178.93463509430262,-179.25491978789867,165.0937360678535,-174.49214631107864,-178.9346350943026,0.0,0.0,0.0,0.0,0.0,0.0,0.0,-165.0937360678535,0.0,0.0,178.93463509430262,0.0,0.0,0.0,0.0,0.0,0.0,0.0,0.0,0,0,165.0937360678535,-178.93463509430262,0.0,0.0,0.0,0.0,0.0,0.0,0.0,0.0,0.0,0.0,0.0,0.0,0.0,0.0,0.0,0.0,0.0,0.0,0.0,0.0,0.0,0.0,0.0,0.0,0.0,0.0,0.0,0.0,0.0
1784671658.3211277,314825.214769,0,0,8,0,0,4.729997,0.191,164.68801916070996,-166.55120297459334,-177.2972190990268,164.68801916070993,-160.8246740145234,-166.5512029745933,0.0,0.0,0.0,0.0,0.0,0.0,0.0,-164.68801916070996,0.0,0.0,166.55120297459334,0.0,0.0,0.0,0.0,0.0,0.0,0.0,0.0,0,0,164.68801916070996,-166.55120297459334,0.0,0.0,0.0,0.0,0.0,0.0,0.0,0.0,0.0,0.0,0.0,0.0,0.0,0.0,0.0,0.0,0.0,0.0,0.0,0.0,0.0,0.0,0.0,0.0,0.0,0.0,0.0,0.0,0.0
1784671658.3213425,314825.2149825,0,0,8,0,0,4.732497,0.292,164.3126030162082,-154.60810034383866,172.26990950015934,164.3126030162082,-149.58969678739348,-154.60810034383863,0.0,0.0,0.0,0.0,0.0,0.0,0.0,-164.3126030162082,0.0,0.0,154.60810034383866,0.0,0.0,0.0,0.0,0.0,0.0,0.0,0.0,0,0,164.3126030162082,-154.60810034383866,0.0,0.0,0.0,0.0,0.0,0.0,0.0,0.0,0.0,0.0,0.0,0.0,0.0,0.0,0.0,0.0,0.0,0.0,0.0,0.0,0.0,0.0,0.0,0.0,0.0,0.0,0.0,0.0,0.0
1784671658.3215396,314825.2151809,0,0,8,0,0,4.734997,0.389,163.96236399149765,-143.43749715088157,171.8483031340665,163.96236399149765,-137.66347096139808,-143.43749715088154,0.0,0.0,0.0,0.0,0.0,0.0,0.0,-163.96236399149765,0.0,0.0,143.43749715088157,0.0,0.0,0.0,0.0,0.0,0.0,0.0,0.0,0,0,163.96236399149765,-143.43749715088157,0.0,0.0,0.0,0.0,0.0,0.0,0.0,0.0,0.0,0.0,0.0,0.0,0.0,0.0,0.0,0.0,0.0,0.0,0.0,0.0,0.0,0.0,0.0,0.0,0.0,0.0,0.0,0.0,0.0
1784671658.3216798,314825.215321,0,0,8,0,0,4.737498,0.49,163.6420287075878,-131.35275303553135,-177.8984189167049,163.6420287075878,-125.91224478068509,-131.35275303553135,0.0,0.0,0.0,0.0,0.0,0.0,0.0,-163.6420287075878,0.0,0.0,131.35275303553135,0.0,0.0,0.0,0.0,0.0,0.0,0.0,0.0,0,0,163.6420287075878,-131.35275303553135,0.0,0.0,0.0,0.0,0.0,0.0,0.0,0.0,0.0,0.0,0.0,0.0,0.0,0.0,0.0,0.0,0.0,0.0,0.0,0.0,0.0,0.0,0.0,0.0,0.0,0.0,0.0,0.0,0.0
1784671658.3218222,314825.2154635,0,0,8,0,0,4.739998,0.5900000000000001,163.35254120433044,-118.343217842937,-177.5396494542999,163.35254120433044,-112.62102172148698,-118.343217842937,0.0,0.0,0.0,0.0,0.0,0.0,0.0,-163.35254120433044,0.0,0.0,118.343217842937,0.0,0.0,0.0,0.0,0.0,0.0,0.0,0.0,0,0,163.35254120433044,-118.343217842937,0.0,0.0,0.0,0.0,0.0,0.0,0.0,0.0,0.0,0.0,0.0,0.0,0.0,0.0,0.0,0.0,0.0,0.0,0.0,0.0,0.0,0.0,0.0,0.0,0.0,0.0,0.0,0.0,0.0
1784671658.3219526,314825.2155937,0,0,8,0,0,4.742497,0.687,163.08968680070004,-106.6110135342927,174.0132262795331,163.08968680070004,-101.60479405096004,-106.6110135342927,0.0,0.0,0.0,0.0,0.0,0.0,0.0,-163.08968680070004,0.0,0.0,106.6110135342927,0.0,0.0,0.0,0.0,0.0,0.0,0.0,0.0,0,0,163.08968680070004,-106.6110135342927,0.0,0.0,0.0,0.0,0.0,0.0,0.0,0.0,0.0,0.0,0.0,0.0,0.0,0.0,0.0,0.0,0.0,0.0,0.0,0.0,0.0,0.0,0.0,0.0,0.0,0.0,0.0,0.0,0.0
1784671658.3221064,314825.2157451,0,0,8,0,0,4.744997,0.786,162.8535267606319,-95.59109908314312,176.29200176601566,162.8535267606319,-90.67606620307431,-95.59109908314312,0.0,0.0,0.0,0.0,0.0,0.0,0.0,-162.8535267606319,0.0,0.0,95.59109908314312,0.0,0.0,0.0,0.0,0.0,0.0,0.0,0.0,0,0,162.8535267606319,-95.59109908314312,0.0,0.0,0.0,0.0,0.0,0.0,0.0,0.0,0.0,0.0,0.0,0.0,0.0,0.0,0.0,0.0,0.0,0.0,0.0,0.0,0.0,0.0,0.0,0.0,0.0,0.0,0.0,0.0,0.0
1784671658.3255582,314825.2191976,0,0,8,0,0,4.747497,0.885,162.64576548715414,-83.47244091548816,175.26276962273374,162.6457654871541,-78.04109181368521,-83.47244091548816,0.0,0.0,0.0,0.0,0.0,0.0,0.0,-162.64576548715414,0.0,0.0,83.47244091548816,0.0,0.0,0.0,0.0,0.0,0.0,0.0,0.0,0,0,162.64576548715414,-83.47244091548816,0.0,0.0,0.0,0.0,0.0,0.0,0.0,0.0,0.0,0.0,0.0,0.0,0.0,0.0,0.0,0.0,0.0,0.0,0.0,0.0,0.0,0.0,0.0,0.0,0.0,0.0,0.0,0.0,0.0
1784671658.3258717,314825.2195116,0,0,8,0,0,4.750034,1.021,162.4679418494862,-70.95006561059327,170.85938925068814,162.4679418494862,-65.42361738882434,-70.95006561059327,0.0,0.0,0.0,0.0,0.0,0.0,0.0,-162.4679418494862,0.0,0.0,70.95006561059327,0.0,0.0,0.0,0.0,0.0,0.0,0.0,0.0,0,0,162.4679418494862,-70.95006561059327,0.0,0.0,0.0,0.0,0.0,0.0,0.0,0.0,0.0,0.0,0.0,0.0,0.0,0.0,0.0,0.0,0.0,0.0,0.0,0.0,0.0,0.0,0.0,0.0,0.0,0.0,0.0,0.0,0.0
1784671658.3260777,314825.2197188,0,0,8,0,0,4.752498,1.085,162.31916713791037,-59.03933503009295,170.79323581801523,162.31916713791037,-53.794890959809024,-59.03933503009296,0.0,0.0,0.0,0.0,0.0,0.0,0.0,-162.31916713791037,0.0,0.0,59.03933503009295,0.0,0.0,0.0,0.0,0.0,0.0,0.0,0.0,0,0,162.31916713791037,-59.03933503009295,0.0,0.0,0.0,0.0,0.0,0.0,0.0,0.0,0.0,0.0,0.0,0.0,0.0,0.0,0.0,0.0,0.0,0.0,0.0,0.0,0.0,0.0,0.0,0.0,0.0,0.0,0.0,0.0,0.0
1784671658.3261998,314825.2198415,0,0,8,0,0,4.754997,1.183,162.19864440082145,-47.19649026377176,173.05041414854549,162.19864440082142,-41.86866513381362,-47.19649026377176,0.0,0.0,0.0,0.0,0.0,0.0,0.0,-162.19864440082145,0.0,0.0,47.19649026377176,0.0,0.0,0.0,0.0,0.0,0.0,0.0,0.0,0,0,162.19864440082145,-47.19649026377176,0.0,0.0,0.0,0.0,0.0,0.0,0.0,0.0,0.0,0.0,0.0,0.0,0.0,0.0,0.0,0.0,0.0,0.0,0.0,0.0,0.0,0.0,0.0,0.0,0.0,0.0,0.0,0.0,0.0
1784671658.326336,314825.2199772,0,0,8,0,0,4.757498,0.082,162.08224790341896,-24.05730960406368,174.21529009703258,162.08224790341896,-17.246215042580285,-24.05730960406368,0.0,0.0,0.0,0.0,0.0,0.0,0.0,-162.08224790341896,0.0,0.0,24.05730960406368,0.0,0.0,0.0,0.0,0.0,0.0,0.0,0.0,0,0,162.08224790341896,-24.05730960406368,0.0,0.0,0.0,0.0,0.0,0.0,0.0,0.0,0.0,0.0,0.0,0.0,0.0,0.0,0.0,0.0,0.0,0.0,0.0,0.0,0.0,0.0,0.0,0.0,0.0,0.0,0.0,0.0,0.0
1784671658.3264673,314825.2201085,0,0,8,0,0,4.759997,0.181,162.04784993716694,-11.22579675189186,175.55543968919798,162.04784993716694,-5.704988436206162,-11.22579675189186,0.0,0.0,0.0,0.0,0.0,0.0,0.0,-162.04784993716694,0.0,0.0,11.22579675189186,0.0,0.0,0.0,0.0,0.0,0.0,0.0,0.0,0,0,162.04784993716694,-11.22579675189186,0.0,0.0,0.0,0.0,0.0,0.0,0.0,0.0,0.0,0.0,0.0,0.0,0.0,0.0,0.0,0.0,0.0,0.0,0.0,0.0,0.0,0.0,0.0,0.0,0.0,0.0,0.0,0.0,0.0
1784671658.3265972,314825.2202384,0,0,8,0,0,4.762497,0.2779999999999999,162.0420377235352,0.4755108131477862,177.27960685619874,162.0420377235352,5.608738631300843,0.4755108131477862,0.0,0.0,0.0,0.0,0.0,0.0,0.0,-162.0420377235352,0.0,0.0,-0.4755108131477862,0.0,0.0,0.0,0.0,0.0,0.0,0.0,0.0,0,0,162.0420377235352,0.4755108131477862,0.0,0.0,0.0,0.0,0.0,0.0,0.0,0.0,0.0,0.0,0.0,0.0,0.0,0.0,0.0,0.0,0.0,0.0,0.0,0.0,0.0,0.0,0.0,0.0,0.0,0.0,0.0,0.0,0.0
1784671658.326738,314825.2203792,0,0,8,0,0,4.764997,0.378,162.06399746932198,11.958817692584546,176.59788546468624,162.06399746932198,16.948715645600206,11.958817692584546,0.0,0.0,0.0,0.0,0.0,0.0,0.0,-162.06399746932198,0.0,0.0,-11.958817692584546,0.0,0.0,0.0,0.0,0.0,0.0,0.0,0.0,0,0,162.06399746932198,11.958817692584546,0.0,0.0,0.0,0.0,0.0,0.0,0.0,0.0,0.0,0.0,0.0,0.0,0.0,0.0,0.0,0.0,0.0,0.0,0.0,0.0,0.0,0.0,0.0,0.0,0.0,0.0,0.0,0.0,0.0
1784671658.3268027,314825.2204442,0,0,8,0,0,4.767497,0.477,162.11260615651506,22.972783819018915,175.87222250417017,162.11260615651503,27.816193617637097,22.97278381901891,0.0,0.0,0.0,0.0,0.0,0.0,0.0,-162.11260615651506,0.0,0.0,-22.972783819018915,0.0,0.0,0.0,0.0,0.0,0.0,0.0,0.0,0,0,162.11260615651506,22.972783819018915,0.0,0.0,0.0,0.0,0.0,0.0,0.0,0.0,0.0,0.0,0.0,0.0,0.0,0.0,0.0,0.0,0.0,0.0,0.0,0.0,0.0,0.0,0.0,0.0,0.0,0.0,0.0,0.0,0.0
1784671658.3268702,314825.2205117,0,0,8,0,0,4.769997,0.5770000000000001,162.1866108059362,33.38099294146458,174.2839904438384,162.18661080593623,37.90492316816732,33.38099294146458,0.0,0.0,0.0,0.0,0.0,0.0,0.0,-162.1866108059362,0.0,0.0,-33.38099294146458,0.0,0.0,0.0,0.0,0.0,0.0,0.0,0.0,0,0,162.1866108059362,33.38099294146458,0.0,0.0,0.0,0.0,0.0,0.0,0.0,0.0,0.0,0.0,0.0,0.0,0.0,0.0,0.0,0.0,0.0,0.0,0.0,0.0,0.0,0.0,0.0,0.0,0.0,0.0,0.0,0.0,0.0
1784671658.32892,314825.2225609,0,0,8,0,0,4.772498,0.6769999999999999,162.28476492147135,43.33486569889372,172.66221635692318,162.28476492147135,47.69615332171747,43.33486569889373,0.0,0.0,0.0,0.0,0.0,0.0,0.0,-162.28476492147135,0.0,0.0,-43.33486569889372,0.0,0.0,0.0,0.0,0.0,0.0,0.0,0.0,0,0,162.28476492147135,43.33486569889372,0.0,0.0,0.0,0.0,0.0,0.0,0.0,0.0,0.0,0.0,0.0,0.0,0.0,0.0,0.0,0.0,0.0,0.0,0.0,0.0,0.0,0.0,0.0,0.0,0.0,0.0,0.0,0.0,0.0
1784671658.3319037,314825.2255422,0,0,8,0,0,4.774997,0.7739999999999999,162.40591676591166,52.77333204190661,170.9813922863964,162.40591676591166,56.918634628099824,52.77333204190661,0.0,0.0,0.0,0.0,0.0,0.0,0.0,-162.40591676591166,0.0,0.0,-52.77333204190661,0.0,0.0,0.0,0.0,0.0,0.0,0.0,0.0,0,0,162.40591676591166,52.77333204190661,0.0,0.0,0.0,0.0,0.0,0.0,0.0,0.0,0.0,0.0,0.0,0.0,0.0,0.0,0.0,0.0,0.0,0.0,0.0,0.0,0.0,0.0,0.0,0.0,0.0,0.0,0.0,0.0,0.0
1784671658.3354807,314825.2291196,0,0,8,0,0,4.777498,0.875,162.55173849693702,64.15905839465928,169.4340114481614,162.55173849693702,70.20110770503379,64.15905839465928,0.0,0.0,0.0,0.0,0.0,0.0,0.0,-162.55173849693702,0.0,0.0,-64.15905839465928,0.0,0.0,0.0,0.0,0.0,0.0,0.0,0.0,0,0,162.55173849693702,64.15905839465928,0.0,0.0,0.0,0.0,0.0,0.0,0.0,0.0,0.0,0.0,0.0,0.0,0.0,0.0,0.0,0.0,0.0,0.0,0.0,0.0,0.0,0.0,0.0,0.0,0.0,0.0,0.0,0.0,0.0
1784671658.3364356,314825.2300754,0,0,8,0,0,4.779998,0.974,162.72454721791064,74.36022651686886,168.4762782961027,162.72454721791064,78.60109067858889,74.36022651686886,0.0,0.0,0.0,0.0,0.0,0.0,0.0,-162.72454721791064,0.0,0.0,-74.36022651686886,0.0,0.0,0.0,0.0,0.0,0.0,0.0,0.0,0,0,162.72454721791064,74.36022651686886,0.0,0.0,0.0,0.0,0.0,0.0,0.0,0.0,0.0,0.0,0.0,0.0,0.0,0.0,0.0,0.0,0.0,0.0,0.0,0.0,0.0,0.0,0.0,0.0,0.0,0.0,0.0,0.0,0.0
1784671658.3389988,314825.2326398,0,0,8,0,0,4.782498,1.073,162.919101426565,83.18417201301347,166.9926384407328,162.91910142656496,87.0098236344081,83.18417201301345,0.0,0.0,0.0,0.0,0.0,0.0,0.0,-162.919101426565,0.0,0.0,-83.18417201301347,0.0,0.0,0.0,0.0,0.0,0.0,0.0,0.0,0,0,162.919101426565,83.18417201301347,0.0,0.0,0.0,0.0,0.0,0.0,0.0,0.0,0.0,0.0,0.0,0.0,0.0,0.0,0.0,0.0,0.0,0.0,0.0,0.0,0.0,0.0,0.0,0.0,0.0,0.0,0.0,0.0,0.0
1784671658.341531,314825.2351723,0,0,8,0,0,4.784997,1.171,163.1331800321052,91.15996941536194,165.5391435636754,163.1331800321052,94.70980802683358,91.15996941536194,0.0,0.0,0.0,0.0,0.0,0.0,0.0,-163.1331800321052,0.0,0.0,-91.15996941536194,0.0,0.0,0.0,0.0,0.0,0.0,0.0,0.0,0,0,163.1331800321052,91.15996941536194,0.0,0.0,0.0,0.0,0.0,0.0,0.0,0.0,0.0,0.0,0.0,0.0,0.0,0.0,0.0,0.0,0.0,0.0,0.0,0.0,0.0,0.0,0.0,0.0,0.0,0.0,0.0,0.0,0.0
1784671658.34426,314825.2379001,0,0,8,0,0,4.787498,0.0699999999999999,163.48945573254588,102.76356982065082,164.0207702724579,163.48945573254585,106.23353466867948,102.76356982065082,0.0,0.0,0.0,0.0,0.0,0.0,0.0,-163.48945573254588,0.0,0.0,-102.76356982065082,0.0,0.0,0.0,0.0,0.0,0.0,0.0,0.0,0,0,163.48945573254588,102.76356982065082,0.0,0.0,0.0,0.0,0.0,0.0,0.0,0.0,0.0,0.0,0.0,0.0,0.0,0.0,0.0,0.0,0.0,0.0,0.0,0.0,0.0,0.0,0.0,0.0,0.0,0.0,0.0,0.0,0.0
1784671658.346599,314825.2402402,0,0,8,0,0,4.789998,0.1689999999999999,163.7495354395671,110.10370071800102,163.12884098627896,163.7495354395671,113.26852040903184,110.10370071800102,0.0,0.0,0.0,0.0,0.0,0.0,0.0,-163.7495354395671,0.0,0.0,-110.10370071800102,0.0,0.0,0.0,0.0,0.0,0.0,0.0,0.0,0,0,163.7495354395671,110.10370071800102,0.0,0.0,0.0,0.0,0.0,0.0,0.0,0.0,0.0,0.0,0.0,0.0,0.0,0.0,0.0,0.0,0.0,0.0,0.0,0.0,0.0,0.0,0.0,0.0,0.0,0.0,0.0,0.0,0.0
1784671658.3504992,314825.2441373,0,0,8,0,0,4.79253,0.301,164.02703011443248,117.39964388013892,162.34761524226883,164.02703011443248,120.55725563504372,117.39964388013892,0.0,0.0,0.0,0.0,0.0,0.0,0.0,-164.02703011443248,0.0,0.0,-117.39964388013892,0.0,0.0,0.0,0.0,0.0,0.0,0.0,0.0,0,0,164.02703011443248,117.39964388013892,0.0,0.0,0.0,0.0,0.0,0.0,0.0,0.0,0.0,0.0,0.0,0.0,0.0,0.0,0.0,0.0,0.0,0.0,0.0,0.0,0.0,0.0,0.0,0.0,0.0,0.0,0.0,0.0,0.0
1784671658.3516598,314825.2452998,0,0,8,0,0,4.794998,0.367,164.3216862420681,124.45715844187818,161.65845170341782,164.32168624206807,127.62724130445255,124.45715844187818,0.0,0.0,0.0,0.0,0.0,0.0,0.0,-164.3216862420681,0.0,0.0,-124.45715844187818,0.0,0.0,0.0,0.0,0.0,0.0,0.0,0.0,0,0,164.3216862420681,124.45715844187818,0.0,0.0,0.0,0.0,0.0,0.0,0.0,0.0,0.0,0.0,0.0,0.0,0.0,0.0,0.0,0.0,0.0,0.0,0.0,0.0,0.0,0.0,0.0,0.0,0.0,0.0,0.0,0.0,0.0
1784671658.3622825,314825.2559211,0,0,8,0,0,4.797497,0.465,164.63327267336345,131.5474346509072,161.20897798297565,164.63327267336345,134.69722697386143,131.5474346509072,0.0,0.0,0.0,0.0,0.0,0.0,0.0,-164.63327267336345,0.0,0.0,-131.5474346509072,0.0,0.0,0.0,0.0,0.0,0.0,0.0,0.0,0,0,164.63327267336345,131.5474346509072,0.0,0.0,0.0,0.0,0.0,0.0,0.0,0.0,0.0,0.0,0.0,0.0,0.0,0.0,0.0,0.0,0.0,0.0,0.0,0.0,0.0,0.0,0.0,0.0,0.0,0.0,0.0,0.0,0.0
1784671658.3624594,314825.2561008,0,0,8,0,0,4.799997,0.565,164.96672869421332,141.0792593982251,160.28857480889528,164.96672869421332,144.882206329297,141.0792593982251,0.0,0.0,0.0,0.0,0.0,0.0,0.0,-164.96672869421332,0.0,0.0,-141.0792593982251,0.0,0.0,0.0,0.0,0.0,0.0,0.0,0.0,0,0,164.96672869421332,141.0792593982251,0.0,0.0,0.0,0.0,0.0,0.0,0.0,0.0,0.0,0.0,0.0,0.0,0.0,0.0,0.0,0.0,0.0,0.0,0.0,0.0,0.0,0.0,0.0,0.0,0.0,0.0,0.0,0.0,0.0
1784671658.3626225,314825.2562637,0,0,8,0,0,4.802497,0.6629999999999999,165.31949561789563,148.7042198920795,159.91477772997663,165.31949561789563,151.96969196323408,148.7042198920795,0.0,0.0,0.0,0.0,0.0,0.0,0.0,-165.31949561789563,0.0,0.0,-148.7042198920795,0.0,0.0,0.0,0.0,0.0,0.0,0.0,0.0,0,0,165.31949561789563,148.7042198920795,0.0,0.0,0.0,0.0,0.0,0.0,0.0,0.0,0.0,0.0,0.0,0.0,0.0,0.0,0.0,0.0,0.0,0.0,0.0,0.0,0.0,0.0,0.0,0.0,0.0,0.0,0.0,0.0,0.0
1784671658.3627431,314825.2563844,0,0,8,0,0,4.804997,0.763,165.6894513931567,155.9820735800386,159.65300384819113,165.6894513931567,159.24092722471772,155.98207358003856,0.0,0.0,0.0,0.0,0.0,0.0,0.0,-165.6894513931567,0.0,0.0,-155.9820735800386,0.0,0.0,0.0,0.0,0.0,0.0,0.0,0.0,0,0,165.6894513931567,155.9820735800386,0.0,0.0,0.0,0.0,0.0,0.0,0.0,0.0,0.0,0.0,0.0,0.0,0.0,0.0,0.0,0.0,0.0,0.0,0.0,0.0,0.0,0.0,0.0,0.0,0.0,0.0,0.0,0.0,0.0
1784671658.3639083,314825.257548,0,0,8,0,0,4.807497,0.862,166.07730542771355,163.32641944017905,158.7254478253236,166.07730542771355,166.50341250393723,163.32641944017908,0.0,0.0,0.0,0.0,0.0,0.0,0.0,-166.07730542771355,0.0,0.0,-163.32641944017905,0.0,0.0,0.0,0.0,0.0,0.0,0.0,0.0,0,0,166.07730542771355,163.32641944017905,0.0,0.0,0.0,0.0,0.0,0.0,0.0,0.0,0.0,0.0,0.0,0.0,0.0,0.0,0.0,0.0,0.0,0.0,0.0,0.0,0.0,0.0,0.0,0.0,0.0,0.0,0.0,0.0,0.0
1784671658.366415,314825.2600532,0,0,8,0,0,4.809998,0.962,166.48192926058172,170.2290464468536,160.3496001630401,166.48192926058172,173.25839881183774,170.2290464468536,0.0,0.0,0.0,0.0,0.0,0.0,0.0,-166.48192926058172,0.0,0.0,-170.2290464468536,0.0,0.0,0.0,0.0,0.0,0.0,0.0,0.0,0,0,166.48192926058172,170.2290464468536,0.0,0.0,0.0,0.0,0.0,0.0,0.0,0.0,0.0,0.0,0.0,0.0,0.0,0.0,0.0,0.0,0.0,0.0,0.0,0.0,0.0,0.0,0.0,0.0,0.0,0.0,0.0,0.0,0.0
1784671658.369352,314825.2629908,0,0,8,0,0,4.812497,1.065,166.9029182024688,177.55244501898562,160.008184534196,166.9029182024688,180.8446334348297,177.55244501898562,0.0,0.0,0.0,0.0,0.0,0.0,0.0,-166.9029182024688,0.0,0.0,-177.55244501898562,0.0,0.0,0.0,0.0,0.0,0.0,0.0,0.0,0,0,166.9029182024688,177.55244501898562,0.0,0.0,0.0,0.0,0.0,0.0,0.0,0.0,0.0,0.0,0.0,0.0,0.0,0.0,0.0,0.0,0.0,0.0,0.0,0.0,0.0,0.0,0.0,0.0,0.0,0.0,0.0,0.0,0.0
1784671658.371425,314825.2650632,0,0,8,0,0,4.814999,1.161,167.34286080969952,184.566426544683,161.11864819264406,167.3428608096995,187.59961974273023,184.566426544683,0.0,0.0,0.0,0.0,0.0,0.0,0.0,-167.34286080969952,0.0,0.0,-184.566426544683,0.0,0.0,0.0,0.0,0.0,0.0,0.0,0.0,0,0,167.34286080969952,184.566426544683,0.0,0.0,0.0,0.0,0.0,0.0,0.0,0.0,0.0,0.0,0.0,0.0,0.0,0.0,0.0,0.0,0.0,0.0,0.0,0.0,0.0,0.0,0.0,0.0,0.0,0.0,0.0,0.0,0.0
1784671658.3753247,314825.2689627,0,0,8,0,0,4.817497,0.06,168.03281448509287,195.431412689937,165.29418385683394,168.03281448509284,198.7995970408037,195.43141268993705,0.0,0.0,0.0,0.0,0.0,0.0,0.0,-168.03281448509287,0.0,0.0,-195.431412689937,0.0,0.0,0.0,0.0,0.0,0.0,0.0,0.0,0,0,168.03281448509287,195.431412689937,0.0,0.0,0.0,0.0,0.0,0.0,0.0,0.0,0.0,0.0,0.0,0.0,0.0,0.0,0.0,0.0,0.0,0.0,0.0,0.0,0.0,0.0,0.0,0.0,0.0,0.0,0.0,0.0,0.0
1784671658.3765278,314825.2701686,0,0,8,0,0,4.819998,0.16,168.52159957419963,205.84848381405652,162.17575665579488,168.52159957419963,209.8858245694436,205.8484838140565,0.0,0.0,0.0,0.0,0.0,0.0,0.0,-168.52159957419963,0.0,0.0,-205.84848381405652,0.0,0.0,0.0,0.0,0.0,0.0,0.0,0.0,0,0,168.52159957419963,205.84848381405652,0.0,0.0,0.0,0.0,0.0,0.0,0.0,0.0,0.0,0.0,0.0,0.0,0.0,0.0,0.0,0.0,0.0,0.0,0.0,0.0,0.0,0.0,0.0,0.0,0.0,0.0,0.0,0.0,0.0
1784671658.389524,314825.2831614,0,0,8,0,0,4.822497,0.258,169.0283108229359,212.70585680440809,159.49854115953372,169.02831082293594,215.6608128637627,212.70585680440803,0.0,0.0,0.0,0.0,0.0,0.0,0.0,-169.0283108229359,0.0,0.0,-212.70585680440809,0.0,0.0,0.0,0.0,0.0,0.0,0.0,0.0,0,0,169.0283108229359,212.70585680440809,0.0,0.0,0.0,0.0,0.0,0.0,0.0,0.0,0.0,0.0,0.0,0.0,0.0,0.0,0.0,0.0,0.0,0.0,0.0,0.0,0.0,0.0,0.0,0.0,0.0,0.0,0.0,0.0,0.0
1784671658.3897886,314825.2834282,0,0,8,0,0,4.824997,0.357,169.55103095132588,219.46482652402744,164.89591310959258,169.55103095132588,222.58204883468156,219.46482652402747,0.0,0.0,0.0,0.0,0.0,0.0,0.0,-169.55103095132588,0.0,0.0,-219.46482652402744,0.0,0.0,0.0,0.0,0.0,0.0,0.0,0.0,0,0,169.55103095132588,219.46482652402744,0.0,0.0,0.0,0.0,0.0,0.0,0.0,0.0,0.0,0.0,0.0,0.0,0.0,0.0,0.0,0.0,0.0,0.0,0.0,0.0,0.0,0.0,0.0,0.0,0.0,0.0,0.0,0.0,0.0
1784671658.390098,314825.2837376,0,0,8,0,0,4.827497,0.457,170.09161645173242,227.17741899110007,161.25438771758596,170.09161645173242,230.6145325531436,227.1774189911001,0.0,0.0,0.0,0.0,0.0,0.0,0.0,-170.09161645173242,0.0,0.0,-227.17741899110007,0.0,0.0,0.0,0.0,0.0,0.0,0.0,0.0,0,0,170.09161645173242,227.17741899110007,0.0,0.0,0.0,0.0,0.0,0.0,0.0,0.0,0.0,0.0,0.0,0.0,0.0,0.0,0.0,0.0,0.0,0.0,0.0,0.0,0.0,0.0,0.0,0.0,0.0,0.0,0.0,0.0,0.0
1784671658.390303,314825.2839426,0,0,8,0,0,4.829998,0.5559999999999999,170.64960555797546,233.8159114701242,160.1543936254801,170.6496055579755,236.50327061689623,233.8159114701242,0.0,0.0,0.0,0.0,0.0,0.0,0.0,-170.64960555797546,0.0,0.0,-233.8159114701242,0.0,0.0,0.0,0.0,0.0,0.0,0.0,0.0,0,0,170.64960555797546,233.8159114701242,0.0,0.0,0.0,0.0,0.0,0.0,0.0,0.0,0.0,0.0,0.0,0.0,0.0,0.0,0.0,0.0,0.0,0.0,0.0,0.0,0.0,0.0,0.0,0.0,0.0,0.0,0.0,0.0,0.0
1784671658.3905227,314825.2841637,0,0,8,0,0,4.832497,0.655,171.22264293347277,240.6196603403209,168.04864644825324,171.2226429334728,243.9145055946058,240.6196603403209,0.0,0.0,0.0,0.0,0.0,0.0,0.0,-171.22264293347277,0.0,0.0,-240.6196603403209,0.0,0.0,0.0,0.0,0.0,0.0,0.0,0.0,0,0,171.22264293347277,240.6196603403209,0.0,0.0,0.0,0.0,0.0,0.0,0.0,0.0,0.0,0.0,0.0,0.0,0.0,0.0,0.0,0.0,0.0,0.0,0.0,0.0,0.0,0.0,0.0,0.0,0.0,0.0,0.0,0.0,0.0
1784671658.3913934,314825.2850345,0,0,8,0,0,4.835026,0.7829999999999999,171.81540161584653,248.99496409921156,166.07741969164013,171.81540161584653,252.75198768136687,248.9949640992116,0.0,0.0,0.0,0.0,0.0,0.0,0.0,-171.81540161584653,0.0,0.0,-248.99496409921156,0.0,0.0,0.0,0.0,0.0,0.0,0.0,0.0,0,0,171.81540161584653,248.99496409921156,0.0,0.0,0.0,0.0,0.0,0.0,0.0,0.0,0.0,0.0,0.0,0.0,0.0,0.0,0.0,0.0,0.0,0.0,0.0,0.0,0.0,0.0,0.0,0.0,0.0,0.0,0.0,0.0,0.0
1784671658.4013789,314825.2950162,0,0,8,0,0,4.837498,0.853,172.42506346584244,255.8422998137197,161.75606057966397,172.42506346584244,258.60572581606306,255.8422998137197,0.0,0.0,0.0,0.0,0.0,0.0,0.0,-172.42506346584244,0.0,0.0,-255.8422998137197,0.0,0.0,0.0,0.0,0.0,0.0,0.0,0.0,0,0,172.42506346584244,255.8422998137197,0.0,0.0,0.0,0.0,0.0,0.0,0.0,0.0,0.0,0.0,0.0,0.0,0.0,0.0,0.0,0.0,0.0,0.0,0.0,0.0,0.0,0.0,0.0,0.0,0.0,0.0,0.0,0.0,0.0
1784671658.4047098,314825.2983477,0,0,8,0,0,4.839997,0.952,173.04635583084692,261.10877314891786,164.75772742927774,173.04635583084692,263.4094660790649,261.10877314891786,0.0,0.0,0.0,0.0,0.0,0.0,0.0,-173.04635583084692,0.0,0.0,-261.10877314891786,0.0,0.0,0.0,0.0,0.0,0.0,0.0,0.0,0,0,173.04635583084692,261.10877314891786,0.0,0.0,0.0,0.0,0.0,0.0,0.0,0.0,0.0,0.0,0.0,0.0,0.0,0.0,0.0,0.0,0.0,0.0,0.0,0.0,0.0,0.0,0.0,0.0,0.0,0.0,0.0,0.0,0.0
1784671658.4049454,314825.2985852,0,0,8,0,0,4.842497,1.0510000000000002,173.68583080499093,269.18200044651866,167.98523143230278,173.68583080499096,272.56194752733427,269.18200044651866,0.0,0.0,0.0,0.0,0.0,0.0,0.0,-173.68583080499093,0.0,0.0,-269.18200044651866,0.0,0.0,0.0,0.0,0.0,0.0,0.0,0.0,0,0,173.68583080499093,269.18200044651866,0.0,0.0,0.0,0.0,0.0,0.0,0.0,0.0,0.0,0.0,0.0,0.0,0.0,0.0,0.0,0.0,0.0,0.0,0.0,0.0,0.0,0.0,0.0,0.0,0.0,0.0,0.0,0.0,0.0
1784671658.40509,314825.2987306,0,0,8,0,0,4.844997,1.152,174.34186477951135,276.187808890372,170.92403928838678,174.34186477951135,279.3606837465554,276.187808890372,0.0,0.0,0.0,0.0,0.0,0.0,0.0,-174.34186477951135,0.0,0.0,-276.187808890372,0.0,0.0,0.0,0.0,0.0,0.0,0.0,0.0,0,0,174.34186477951135,276.187808890372,0.0,0.0,0.0,0.0,0.0,0.0,0.0,0.0,0.0,0.0,0.0,0.0,0.0,0.0,0.0,0.0,0.0,0.0,0.0,0.0,0.0,0.0,0.0,0.0,0.0,0.0,0.0,0.0,0.0
1784671658.4051726,314825.2988137,0,0,8,0,0,4.847497,0.047,175.35590517048752,284.5670318058819,166.21466663357177,175.35590517048752,286.3519195755872,284.5670318058819,0.0,0.0,0.0,0.0,0.0,0.0,0.0,-175.35590517048752,0.0,0.0,-284.5670318058819,0.0,0.0,0.0,0.0,0.0,0.0,0.0,0.0,0,0,175.35590517048752,284.5670318058819,0.0,0.0,0.0,0.0,0.0,0.0,0.0,0.0,0.0,0.0,0.0,0.0,0.0,0.0,0.0,0.0,0.0,0.0,0.0,0.0,0.0,0.0,0.0,0.0,0.0,0.0,0.0,0.0,0.0
1784671658.4064648,314825.3001031,0,0,8,0,0,4.849997,0.146,176.04011587237989,286.1898662042681,170.2345414947014,176.04011587237989,286.68441890162376,286.1898662042681,0.0,0.0,0.0,0.0,0.0,0.0,0.0,-176.04011587237989,0.0,0.0,-286.1898662042681,0.0,0.0,0.0,0.0,0.0,0.0,0.0,0.0,0,0,176.04011587237989,286.1898662042681,0.0,0.0,0.0,0.0,0.0,0.0,0.0,0.0,0.0,0.0,0.0,0.0,0.0,0.0,0.0,0.0,0.0,0.0,0.0,0.0,0.0,0.0,0.0,0.0,0.0,0.0,0.0,0.0,0.0
1784671658.4094086,314825.3030453,0,0,8,0,0,4.852498,0.245,176.72605795820647,286.57508214809,166.83314118968167,176.72605795820647,286.68441890162376,286.57508214809,0.0,0.0,0.0,0.0,0.0,0.0,0.0,-176.72605795820647,0.0,0.0,-286.57508214809,0.0,0.0,0.0,0.0,0.0,0.0,0.0,0.0,0,0,176.72605795820647,286.57508214809,0.0,0.0,0.0,0.0,0.0,0.0,0.0,0.0,0.0,0.0,0.0,0.0,0.0,0.0,0.0,0.0,0.0,0.0,0.0,0.0,0.0,0.0,0.0,0.0,0.0,0.0,0.0,0.0,0.0
1784671658.411556,314825.3051951,0,0,8,0,0,4.854998,0.3429999999999999,177.41231975396173,286.6602465015191,162.50175444693775,177.41231975396173,286.68441890162376,286.6602465015191,0.0,0.0,0.0,0.0,0.0,0.0,0.0,-177.41231975396173,0.0,0.0,-286.6602465015191,0.0,0.0,0.0,0.0,0.0,0.0,0.0,0.0,0,0,177.41231975396173,286.6602465015191,0.0,0.0,0.0,0.0,0.0,0.0,0.0,0.0,0.0,0.0,0.0,0.0,0.0,0.0,0.0,0.0,0.0,0.0,0.0,0.0,0.0,0.0,0.0,0.0,0.0,0.0,0.0,0.0,0.0
1784671658.4139788,314825.3076181,0,0,8,0,0,4.857498,0.442,178.09836651152025,286.67907145757687,164.71940076365695,178.09836651152025,286.68441890162376,286.6790714575768,0.0,0.0,0.0,0.0,0.0,0.0,0.0,-178.09836651152025,0.0,0.0,-286.67907145757687,0.0,0.0,0.0,0.0,0.0,0.0,0.0,0.0,0,0,178.09836651152025,286.67907145757687,0.0,0.0,0.0,0.0,0.0,0.0,0.0,0.0,0.0,0.0,0.0,0.0,0.0,0.0,0.0,0.0,0.0,0.0,0.0,0.0,0.0,0.0,0.0,0.0,0.0,0.0,0.0,0.0,0.0
1784671658.4164965,314825.3101348,0,0,8,0,0,4.859997,0.541,178.78414315693627,286.68323519085345,165.13930966817804,178.78414315693624,286.68441890162376,286.68323519085345,0.0,0.0,0.0,0.0,0.0,0.0,0.0,-178.78414315693627,0.0,0.0,-286.68323519085345,0.0,0.0,0.0,0.0,0.0,0.0,0.0,0.0,0,0,178.78414315693627,286.68323519085345,0.0,0.0,0.0,0.0,0.0,0.0,0.0,0.0,0.0,0.0,0.0,0.0,0.0,0.0,0.0,0.0,0.0,0.0,0.0,0.0,0.0,0.0,0.0,0.0,0.0,0.0,0.0,0.0,0.0
1784671658.4268572,314825.3204944,0,0,8,0,0,4.862498,0.639,179.47078048598556,286.68415736872737,167.60429040043593,179.47078048598553,286.68441890162376,286.68415736872737,0.0,0.0,0.0,0.0,0.0,0.0,0.0,-179.47078048598556,0.0,0.0,-286.68415736872737,0.0,0.0,0.0,0.0,0.0,0.0,0.0,0.0,0,0,179.47078048598556,286.68415736872737,0.0,0.0,0.0,0.0,0.0,0.0,0.0,0.0,0.0,0.0,0.0,0.0,0.0,0.0,0.0,0.0,0.0,0.0,0.0,0.0,0.0,0.0,0.0,0.0,0.0,0.0,0.0,0.0,0.0
1784671658.4320471,314825.3256852,0,0,8,0,0,4.864997,0.739,-179.84372438848698,286.68436097228795,165.51945788832563,-179.84372438848698,286.68441890162376,286.68436097228795,0.0,0.0,0.0,0.0,0.0,0.0,0.0,179.84372438848698,0.0,0.0,-286.68436097228795,0.0,0.0,0.0,0.0,0.0,0.0,0.0,0.0,0,0,-179.84372438848698,286.68436097228795,0.0,0.0,0.0,0.0,0.0,0.0,0.0,0.0,0.0,0.0,0.0,0.0,0.0,0.0,0.0,0.0,0.0,0.0,0.0,0.0,0.0,0.0,0.0,0.0,0.0,0.0,0.0,0.0,0.0
1784671658.4323106,314825.3259517,0,0,8,0,0,4.867497,0.8360000000000001,-179.1570861247218,286.6844061025285,167.4337379542891,-179.1570861247218,286.68441890162376,286.68440610252844,0.0,0.0,0.0,0.0,0.0,0.0,0.0,179.1570861247218,0.0,0.0,-286.6844061025285,0.0,0.0,0.0,0.0,0.0,0.0,0.0,0.0,0,0,-179.1570861247218,286.6844061025285,0.0,0.0,0.0,0.0,0.0,0.0,0.0,0.0,0.0,0.0,0.0,0.0,0.0,0.0,0.0,0.0,0.0,0.0,0.0,0.0,0.0,0.0,0.0,0.0,0.0,0.0,0.0,0.0,0.0
1784671658.4324677,314825.3261088,0,0,8,0,0,4.869998,0.938,-178.4715907926788,286.684416066634,175.70463587935166,-178.4715907926788,286.68441890162376,286.684416066634,0.0,0.0,0.0,0.0,0.0,0.0,0.0,178.4715907926788,0.0,0.0,-286.684416066634,0.0,0.0,0.0,0.0,0.0,0.0,0.0,0.0,0,0,-178.4715907926788,286.684416066634,0.0,0.0,0.0,0.0,0.0,0.0,0.0,0.0,0.0,0.0,0.0,0.0,0.0,0.0,0.0,0.0,0.0,0.0,0.0,0.0,0.0,0.0,0.0,0.0,0.0,0.0,0.0,0.0,0.0
1784671658.4326174,314825.3262583,0,0,8,0,0,4.872554,1.093,-177.78552396776828,286.6844182744643,169.68999909717817,-177.78552396776828,286.68441890162376,286.6844182744643,0.0,0.0,0.0,0.0,0.0,0.0,0.0,177.78552396776828,0.0,0.0,-286.6844182744643,0.0,0.0,0.0,0.0,0.0,0.0,0.0,0.0,0,0,-177.78552396776828,286.6844182744643,0.0,0.0,0.0,0.0,0.0,0.0,0.0,0.0,0.0,0.0,0.0,0.0,0.0,0.0,0.0,0.0,0.0,0.0,0.0,0.0,0.0,0.0,0.0,0.0,0.0,0.0,0.0,0.0,0.0
1784671658.4327934,314825.3264338,0,0,8,0,0,4.874997,1.1329999999999998,-177.0988856564326,286.6844187630571,170.31063091089084,-177.0988856564326,286.68441890162376,286.68441876305707,0.0,0.0,0.0,0.0,0.0,0.0,0.0,177.0988856564326,0.0,0.0,-286.6844187630571,0.0,0.0,0.0,0.0,0.0,0.0,0.0,0.0,0,0,-177.0988856564326,286.6844187630571,0.0,0.0,0.0,0.0,0.0,0.0,0.0,0.0,0.0,0.0,0.0,0.0,0.0,0.0,0.0,0.0,0.0,0.0,0.0,0.0,0.0,0.0,0.0,0.0,0.0,0.0,0.0,0.0,0.0
1784671658.4339583,314825.3275969,0,0,8,0,0,4.877496,0.0349999999999999,-176.07107125599973,286.6844188871651,166.630973146007,-176.07107125599973,286.68441890162376,286.6844188871651,0.0,0.0,0.0,0.0,0.0,0.0,0.0,176.07107125599973,0.0,0.0,-286.6844188871651,0.0,0.0,0.0,0.0,0.0,0.0,0.0,0.0,0,0,-176.07107125599973,286.6844188871651,0.0,0.0,0.0,0.0,0.0,0.0,0.0,0.0,0.0,0.0,0.0,0.0,0.0,0.0,0.0,0.0,0.0,0.0,0.0,0.0,0.0,0.0,0.0,0.0,0.0,0.0,0.0,0.0,0.0
1784671658.43863,314825.3322663,0,0,8,0,0,4.879998,0.134,-175.38443294415353,286.6844188984292,171.6245636699269,-175.38443294415353,286.68441890162376,286.6844188984292,0.0,0.0,0.0,0.0,0.0,0.0,0.0,175.38443294415353,0.0,0.0,-286.6844188984292,0.0,0.0,0.0,0.0,0.0,0.0,0.0,0.0,0,0,-175.38443294415353,286.6844188984292,0.0,0.0,0.0,0.0,0.0,0.0,0.0,0.0,0.0,0.0,0.0,0.0,0.0,0.0,0.0,0.0,0.0,0.0,0.0,0.0,0.0,0.0,0.0,0.0,0.0,0.0,0.0,0.0,0.0
1784671658.441778,314825.3354151,0,0,8,0,0,4.882497,0.231,-174.6980803745966,286.6844189009175,166.25307170551253,-174.69808037459657,286.68441890162376,286.6844189009175,0.0,0.0,0.0,0.0,0.0,0.0,0.0,174.6980803745966,0.0,0.0,-286.6844189009175,0.0,0.0,0.0,0.0,0.0,0.0,0.0,0.0,0,0,-174.6980803745966,286.6844189009175,0.0,0.0,0.0,0.0,0.0,0.0,0.0,0.0,0.0,0.0,0.0,0.0,0.0,0.0,0.0,0.0,0.0,0.0,0.0,0.0,0.0,0.0,0.0,0.0,0.0,0.0,0.0,0.0,0.0
1784671658.4421968,314825.3358364,0,0,8,0,0,4.884997,0.331,-174.01229928963048,286.6844189014674,170.51596702361175,-174.0122992896305,286.68441890162376,286.6844189014674,0.0,0.0,0.0,0.0,0.0,0.0,0.0,174.01229928963048,0.0,0.0,-286.6844189014674,0.0,0.0,0.0,0.0,0.0,0.0,0.0,0.0,0,0,-174.01229928963048,286.6844189014674,0.0,0.0,0.0,0.0,0.0,0.0,0.0,0.0,0.0,0.0,0.0,0.0,0.0,0.0,0.0,0.0,0.0,0.0,0.0,0.0,0.0,0.0,0.0,0.0,0.0,0.0,0.0,0.0,0.0
1784671658.4439263,314825.3375655,0,0,8,0,0,4.887497,0.429,-173.32594672006982,286.68441890158914,166.1913631670725,-173.32594672006982,286.68441890162376,286.6844189015892,0.0,0.0,0.0,0.0,0.0,0.0,0.0,173.32594672006982,0.0,0.0,-286.68441890158914,0.0,0.0,0.0,0.0,0.0,0.0,0.0,0.0,0,0,-173.32594672006982,286.68441890158914,0.0,0.0,0.0,0.0,0.0,0.0,0.0,0.0,0.0,0.0,0.0,0.0,0.0,0.0,0.0,0.0,0.0,0.0,0.0,0.0,0.0,0.0,0.0,0.0,0.0,0.0,0.0,0.0,0.0
1784671658.4464636,314825.3401028,0,0,8,0,0,4.889999,0.53,-172.6398798928067,286.6844189016161,173.4067624017609,-172.6398798928067,286.68441890162376,286.6844189016161,0.0,0.0,0.0,0.0,0.0,0.0,0.0,172.6398798928067,0.0,0.0,-286.6844189016161,0.0,0.0,0.0,0.0,0.0,0.0,0.0,0.0,0,0,-172.6398798928067,286.6844189016161,0.0,0.0,0.0,0.0,0.0,0.0,0.0,0.0,0.0,0.0,0.0,0.0,0.0,0.0,0.0,0.0,0.0,0.0,0.0,0.0,0.0,0.0,0.0,0.0,0.0,0.0,0.0,0.0,0.0
1784671658.4492254,314825.3428631,0,0,8,0,0,4.892497,0.628,-171.95409880783976,286.68441890162205,171.89445761473775,-171.95409880783978,286.68441890162376,286.68441890162205,0.0,0.0,0.0,0.0,0.0,0.0,0.0,171.95409880783976,0.0,0.0,-286.68441890162205,0.0,0.0,0.0,0.0,0.0,0.0,0.0,0.0,0,0,-171.95409880783976,286.68441890162205,0.0,0.0,0.0,0.0,0.0,0.0,0.0,0.0,0.0,0.0,0.0,0.0,0.0,0.0,0.0,0.0,0.0,0.0,0.0,0.0,0.0,0.0,0.0,0.0,0.0,0.0,0.0,0.0,0.0
1784671658.4515877,314825.3452279,0,0,8,0,0,4.894998,0.727,-171.26774623828018,286.68441890162336,174.2881598110366,-171.26774623828015,286.68441890162376,286.68441890162336,0.0,0.0,0.0,0.0,0.0,0.0,0.0,171.26774623828018,0.0,0.0,-286.68441890162336,0.0,0.0,0.0,0.0,0.0,0.0,0.0,0.0,0,0,-171.26774623828018,286.68441890162336,0.0,0.0,0.0,0.0,0.0,0.0,0.0,0.0,0.0,0.0,0.0,0.0,0.0,0.0,0.0,0.0,0.0,0.0,0.0,0.0,0.0,0.0,0.0,0.0,0.0,0.0,0.0,0.0,0.0
1784671658.454128,314825.3477655,0,0,8,0,0,4.897497,0.8260000000000001,-170.5808353352373,286.6844189016237,169.3043152383883,-170.5808353352373,286.68441890162376,286.6844189016237,0.0,0.0,0.0,0.0,0.0,0.0,0.0,170.5808353352373,0.0,0.0,-286.6844189016237,0.0,0.0,0.0,0.0,0.0,0.0,0.0,0.0,0,0,-170.5808353352373,286.6844189016237,0.0,0.0,0.0,0.0,0.0,0.0,0.0,0.0,0.0,0.0,0.0,0.0,0.0,0.0,0.0,0.0,0.0,0.0,0.0,0.0,0.0,0.0,0.0,0.0,0.0,0.0,0.0,0.0,0.0
1784671658.4565475,314825.3501859,0,0,8,0,0,4.899998,0.926,-169.89250604545447,286.6844189016237,170.2491538868562,-169.89250604545447,286.68441890162376,286.68441890162376,0.0,0.0,0.0,0.0,0.0,0.0,0.0,169.89250604545447,0.0,0.0,-286.6844189016237,0.0,0.0,0.0,0.0,0.0,0.0,0.0,0.0,0,0,-169.89250604545447,286.6844189016237,0.0,0.0,0.0,0.0,0.0,0.0,0.0,0.0,0.0,0.0,0.0,0.0,0.0,0.0,0.0,0.0,0.0,0.0,0.0,0.0,0.0,0.0,0.0,0.0,0.0,0.0,0.0,0.0,0.0
1784671658.4594362,314825.3530761,0,0,8,0,0,4.902497,1.024,-169.20417675567168,286.6844189016237,172.07587678237962,-169.20417675567168,286.68441890162376,286.68441890162376,0.0,0.0,0.0,0.0,0.0,0.0,0.0,169.20417675567168,0.0,0.0,-286.6844189016237,0.0,0.0,0.0,0.0,0.0,0.0,0.0,0.0,0,0,-169.20417675567168,286.6844189016237,0.0,0.0,0.0,0.0,0.0,0.0,0.0,0.0,0.0,0.0,0.0,0.0,0.0,0.0,0.0,0.0,0.0,0.0,0.0,0.0,0.0,0.0,0.0,0.0,0.0,0.0,0.0,0.0,0.0
1784671658.4624407,314825.3560802,0,0,8,0,0,4.904997,1.123,-168.5158474658889,286.6844189016237,171.0301268573144,-168.5158474658889,286.68441890162376,286.68441890162376,0.0,0.0,0.0,0.0,0.0,0.0,0.0,168.5158474658889,0.0,0.0,-286.6844189016237,0.0,0.0,0.0,0.0,0.0,0.0,0.0,0.0,0,0,-168.5158474658889,286.6844189016237,0.0,0.0,0.0,0.0,0.0,0.0,0.0,0.0,0.0,0.0,0.0,0.0,0.0,0.0,0.0,0.0,0.0,0.0,0.0,0.0,0.0,0.0,0.0,0.0,0.0,0.0,0.0,0.0,0.0
1784671658.4639895,314825.3576293,0,0,8,0,0,4.907497,0.024,-167.48407024226194,286.6844189016237,167.1267452290431,-167.48407024226194,286.68441890162376,286.68441890162376,0.0,0.0,0.0,0.0,0.0,0.0,0.0,167.48407024226194,0.0,0.0,-286.6844189016237,0.0,0.0,0.0,0.0,0.0,0.0,0.0,0.0,0,0,-167.48407024226194,286.6844189016237,0.0,0.0,0.0,0.0,0.0,0.0,0.0,0.0,0.0,0.0,0.0,0.0,0.0,0.0,0.0,0.0,0.0,0.0,0.0,0.0,0.0,0.0,0.0,0.0,0.0,0.0,0.0,0.0,0.0
1784671658.4671154,314825.3607512,0,0,8,0,0,4.909997,0.121,-166.79516758364133,286.6844189016237,175.4633168798276,-166.79516758364133,286.68441890162376,286.68441890162376,0.0,0.0,0.0,0.0,0.0,0.0,0.0,166.79516758364133,0.0,0.0,-286.6844189016237,0.0,0.0,0.0,0.0,0.0,0.0,0.0,0.0,0,0,-166.79516758364133,286.6844189016237,0.0,0.0,0.0,0.0,0.0,0.0,0.0,0.0,0.0,0.0,0.0,0.0,0.0,0.0,0.0,0.0,0.0,0.0,0.0,0.0,0.0,0.0,0.0,0.0,0.0,0.0,0.0,0.0,0.0
1784671658.4694142,314825.3630525,0,0,8,0,0,4.912498,0.221,-166.10683829385854,286.6844189016237,173.6524176136694,-166.10683829385854,286.68441890162376,286.68441890162376,0.0,0.0,0.0,0.0,0.0,0.0,0.0,166.10683829385854,0.0,0.0,-286.6844189016237,0.0,0.0,0.0,0.0,0.0,0.0,0.0,0.0,0,0,-166.10683829385854,286.6844189016237,0.0,0.0,0.0,0.0,0.0,0.0,0.0,0.0,0.0,0.0,0.0,0.0,0.0,0.0,0.0,0.0,0.0,0.0,0.0,0.0,0.0,0.0,0.0,0.0,0.0,0.0,0.0,0.0,0.0
1784671658.4745543,314825.3681227,0,0,8,0,0,4.915034,0.356,-165.41850900407576,286.6844189016237,174.93848923045385,-165.41850900407573,286.68441890162376,286.68441890162376,0.0,0.0,0.0,0.0,0.0,0.0,0.0,165.41850900407576,0.0,0.0,-286.6844189016237,0.0,0.0,0.0,0.0,0.0,0.0,0.0,0.0,0,0,-165.41850900407576,286.6844189016237,0.0,0.0,0.0,0.0,0.0,0.0,0.0,0.0,0.0,0.0,0.0,0.0,0.0,0.0,0.0,0.0,0.0,0.0,0.0,0.0,0.0,0.0,0.0,0.0,0.0,0.0,0.0,0.0,0.0
1784671658.4750483,314825.3686879,0,0,8,0,0,4.917497,0.417,-164.72989302987403,286.6844189016237,167.67411252609233,-164.72989302987406,286.68441890162376,286.68441890162376,0.0,0.0,0.0,0.0,0.0,0.0,0.0,164.72989302987403,0.0,0.0,-286.6844189016237,0.0,0.0,0.0,0.0,0.0,0.0,0.0,0.0,0,0,-164.72989302987403,286.6844189016237,0.0,0.0,0.0,0.0,0.0,0.0,0.0,0.0,0.0,0.0,0.0,0.0,0.0,0.0,0.0,0.0,0.0,0.0,0.0,0.0,0.0,0.0,0.0,0.0,0.0,0.0,0.0,0.0,0.0
1784671658.4764926,314825.3701315,0,0,8,0,0,4.919997,0.517,-164.04185042451013,286.6844189016237,172.77252542518198,-164.04185042451016,286.68441890162376,286.68441890162376,0.0,0.0,0.0,0.0,0.0,0.0,0.0,164.04185042451013,0.0,0.0,-286.6844189016237,0.0,0.0,0.0,0.0,0.0,0.0,0.0,0.0,0,0,-164.04185042451013,286.6844189016237,0.0,0.0,0.0,0.0,0.0,0.0,0.0,0.0,0.0,0.0,0.0,0.0,0.0,0.0,0.0,0.0,0.0,0.0,0.0,0.0,0.0,0.0,0.0,0.0,0.0,0.0,0.0,0.0,0.0
1784671658.4791286,314825.3727691,0,0,8,0,0,4.922497,0.615,-163.35323445030843,286.6844189016237,171.18851788745673,-163.35323445030843,286.68441890162376,286.68441890162376,0.0,0.0,0.0,0.0,0.0,0.0,0.0,163.35323445030843,0.0,0.0,-286.6844189016237,0.0,0.0,0.0,0.0,0.0,0.0,0.0,0.0,0,0,-163.35323445030843,286.6844189016237,0.0,0.0,0.0,0.0,0.0,0.0,0.0,0.0,0.0,0.0,0.0,0.0,0.0,0.0,0.0,0.0,0.0,0.0,0.0,0.0,0.0,0.0,0.0,0.0,0.0,0.0,0.0,0.0,0.0
1784671658.4931092,314825.3867468,0,0,8,0,0,4.924997,0.7150000000000001,-162.66519184494456,286.6844189016237,172.33840300551162,-162.66519184494456,286.68441890162376,286.68441890162376,0.0,0.0,0.0,0.0,0.0,0.0,0.0,162.66519184494456,0.0,0.0,-286.6844189016237,0.0,0.0,0.0,0.0,0.0,0.0,0.0,0.0,0,0,-162.66519184494456,286.6844189016237,0.0,0.0,0.0,0.0,0.0,0.0,0.0,0.0,0.0,0.0,0.0,0.0,0.0,0.0,0.0,0.0,0.0,0.0,0.0,0.0,0.0,0.0,0.0,0.0,0.0,0.0,0.0,0.0,0.0
1784671658.4934506,314825.3870916,0,0,8,0,0,4.927497,0.8140000000000001,-161.97686255516174,286.6844189016237,168.96264602331937,-161.97686255516174,286.68441890162376,286.68441890162376,0.0,0.0,0.0,0.0,0.0,0.0,0.0,161.97686255516174,0.0,0.0,-286.6844189016237,0.0,0.0,0.0,0.0,0.0,0.0,0.0,0.0,0,0,-161.97686255516174,286.6844189016237,0.0,0.0,0.0,0.0,0.0,0.0,0.0,0.0,0.0,0.0,0.0,0.0,0.0,0.0,0.0,0.0,0.0,0.0,0.0,0.0,0.0,0.0,0.0,0.0,0.0,0.0,0.0,0.0,0.0
1784671658.4935963,314825.3872378,0,0,8,0,0,4.929997,0.913,-161.28853326537896,286.6844189016237,175.30644955275733,-161.28853326537896,286.68441890162376,286.68441890162376,0.0,0.0,0.0,0.0,0.0,0.0,0.0,161.28853326537896,0.0,0.0,-286.6844189016237,0.0,0.0,0.0,0.0,0.0,0.0,0.0,0.0,0,0,-161.28853326537896,286.6844189016237,0.0,0.0,0.0,0.0,0.0,0.0,0.0,0.0,0.0,0.0,0.0,0.0,0.0,0.0,0.0,0.0,0.0,0.0,0.0,0.0,0.0,0.0,0.0,0.0,0.0,0.0,0.0,0.0,0.0
1784671658.493806,314825.3874451,0,0,8,0,0,4.932497,1.012,-160.60020397559617,286.6844189016237,173.4069868946084,-160.60020397559617,286.68441890162376,286.68441890162376,0.0,0.0,0.0,0.0,0.0,0.0,0.0,160.60020397559617,0.0,0.0,-286.6844189016237,0.0,0.0,0.0,0.0,0.0,0.0,0.0,0.0,0,0,-160.60020397559617,286.6844189016237,0.0,0.0,0.0,0.0,0.0,0.0,0.0,0.0,0.0,0.0,0.0,0.0,0.0,0.0,0.0,0.0,0.0,0.0,0.0,0.0,0.0,0.0,0.0,0.0,0.0,0.0,0.0,0.0,0.0
1784671658.4939442,314825.3875846,0,0,8,0,0,4.934997,1.111,-159.9118746858134,286.6844189016237,175.4175497902808,-159.91187468581336,286.68441890162376,286.68441890162376,0.0,0.0,0.0,0.0,0.0,0.0,0.0,159.9118746858134,0.0,0.0,-286.6844189016237,0.0,0.0,0.0,0.0,0.0,0.0,0.0,0.0,0,0,-159.9118746858134,286.6844189016237,0.0,0.0,0.0,0.0,0.0,0.0,0.0,0.0,0.0,0.0,0.0,0.0,0.0,0.0,0.0,0.0,0.0,0.0,0.0,0.0,0.0,0.0,0.0,0.0,0.0,0.0,0.0,0.0,0.0
1784671658.494145,314825.3877859,0,0,8,0,0,4.937498,0.01,-158.87923740892973,286.6844189016237,169.92042582459845,-158.87923740892973,286.68441890162376,286.68441890162376,0.0,0.0,0.0,0.0,0.0,0.0,0.0,158.87923740892973,0.0,0.0,-286.6844189016237,0.0,0.0,0.0,0.0,0.0,0.0,0.0,0.0,0,0,-158.87923740892973,286.6844189016237,0.0,0.0,0.0,0.0,0.0,0.0,0.0,0.0,0.0,0.0,0.0,0.0,0.0,0.0,0.0,0.0,0.0,0.0,0.0,0.0,0.0,0.0,0.0,0.0,0.0,0.0,0.0,0.0,0.0
1784671658.5037668,314825.3974053,0,0,8,0,0,4.939998,0.11,-158.19119480356582,286.6844189016237,173.7801031868234,-158.19119480356585,286.68441890162376,286.68441890162376,0.0,0.0,0.0,0.0,0.0,0.0,0.0,158.19119480356582,0.0,0.0,-286.6844189016237,0.0,0.0,0.0,0.0,0.0,0.0,0.0,0.0,0,0,-158.19119480356582,286.6844189016237,0.0,0.0,0.0,0.0,0.0,0.0,0.0,0.0,0.0,0.0,0.0,0.0,0.0,0.0,0.0,0.0,0.0,0.0,0.0,0.0,0.0,0.0,0.0,0.0,0.0,0.0,0.0,0.0,0.0
1784671658.5054753,314825.3991135,0,0,8,0,0,4.942499,0.21,-157.50286551378304,286.6844189016237,170.85713988077978,-157.50286551378304,286.68441890162376,286.68441890162376,0.0,0.0,0.0,0.0,0.0,0.0,0.0,157.50286551378304,0.0,0.0,-286.6844189016237,0.0,0.0,0.0,0.0,0.0,0.0,0.0,0.0,0,0,-157.50286551378304,286.6844189016237,0.0,0.0,0.0,0.0,0.0,0.0,0.0,0.0,0.0,0.0,0.0,0.0,0.0,0.0,0.0,0.0,0.0,0.0,0.0,0.0,0.0,0.0,0.0,0.0,0.0,0.0,0.0,0.0,0.0
1784671658.505583,314825.3992242,0,0,8,0,0,4.944998,0.307,-156.81424953958134,286.6844189016237,173.60797609894607,-156.81424953958134,286.68441890162376,286.68441890162376,0.0,0.0,0.0,0.0,0.0,0.0,0.0,156.81424953958134,0.0,0.0,-286.6844189016237,0.0,0.0,0.0,0.0,0.0,0.0,0.0,0.0,0,0,-156.81424953958134,286.6844189016237,0.0,0.0,0.0,0.0,0.0,0.0,0.0,0.0,0.0,0.0,0.0,0.0,0.0,0.0,0.0,0.0,0.0,0.0,0.0,0.0,0.0,0.0,0.0,0.0,0.0,0.0,0.0,0.0,0.0
1784671658.505664,314825.3993055,0,0,8,0,0,4.947498,0.406,-156.12592024979853,286.6844189016237,170.98119649650658,-156.12592024979853,286.68441890162376,286.68441890162376,0.0,0.0,0.0,0.0,0.0,0.0,0.0,156.12592024979853,0.0,0.0,-286.6844189016237,0.0,0.0,0.0,0.0,0.0,0.0,0.0,0.0,0,0,-156.12592024979853,286.6844189016237,0.0,0.0,0.0,0.0,0.0,0.0,0.0,0.0,0.0,0.0,0.0,0.0,0.0,0.0,0.0,0.0,0.0,0.0,0.0,0.0,0.0,0.0,0.0,0.0,0.0,0.0,0.0,0.0,0.0
1784671658.5065472,314825.4001865,0,0,8,0,0,4.949998,0.506,-155.43787764443462,286.6844189016237,171.79349464859723,-155.43787764443462,286.68441890162376,286.68441890162376,0.0,0.0,0.0,0.0,0.0,0.0,0.0,155.43787764443462,0.0,0.0,-286.6844189016237,0.0,0.0,0.0,0.0,0.0,0.0,0.0,0.0,0,0,-155.43787764443462,286.6844189016237,0.0,0.0,0.0,0.0,0.0,0.0,0.0,0.0,0.0,0.0,0.0,0.0,0.0,0.0,0.0,0.0,0.0,0.0,0.0,0.0,0.0,0.0,0.0,0.0,0.0,0.0,0.0,0.0,0.0
1784671658.5090623,314825.4027005,0,0,8,0,0,4.952498,0.605,-154.74954835465184,286.6844189016237,175.8829390162261,-154.74954835465184,286.68441890162376,286.68441890162376,0.0,0.0,0.0,0.0,0.0,0.0,0.0,154.74954835465184,0.0,0.0,-286.6844189016237,0.0,0.0,0.0,0.0,0.0,0.0,0.0,0.0,0,0,-154.74954835465184,286.6844189016237,0.0,0.0,0.0,0.0,0.0,0.0,0.0,0.0,0.0,0.0,0.0,0.0,0.0,0.0,0.0,0.0,0.0,0.0,0.0,0.0,0.0,0.0,0.0,0.0,0.0,0.0,0.0,0.0,0.0
1784671658.5114975,314825.4051386,0,0,8,0,0,4.954998,0.703,-154.0609323804501,286.6844189016237,175.1482815310982,-154.0609323804501,286.68441890162376,286.68441890162376,0.0,0.0,0.0,0.0,0.0,0.0,0.0,154.0609323804501,0.0,0.0,-286.6844189016237,0.0,0.0,0.0,0.0,0.0,0.0,0.0,0.0,0,0,-154.0609323804501,286.6844189016237,0.0,0.0,0.0,0.0,0.0,0.0,0.0,0.0,0.0,0.0,0.0,0.0,0.0,0.0,0.0,0.0,0.0,0.0,0.0,0.0,0.0,0.0,0.0,0.0,0.0,0.0,0.0,0.0,0.0
1784671658.5141926,314825.4078326,0,0,8,0,0,4.957533,0.838,-153.37288977508624,286.6844189016237,177.66713432906303,-153.37288977508624,286.68441890162376,286.68441890162376,0.0,0.0,0.0,0.0,0.0,0.0,0.0,153.37288977508624,0.0,0.0,-286.6844189016237,0.0,0.0,0.0,0.0,0.0,0.0,0.0,0.0,0,0,-153.37288977508624,286.6844189016237,0.0,0.0,0.0,0.0,0.0,0.0,0.0,0.0,0.0,0.0,0.0,0.0,0.0,0.0,0.0,0.0,0.0,0.0,0.0,0.0,0.0,0.0,0.0,0.0,0.0,0.0,0.0,0.0,0.0
1784671658.5169055,314825.4105452,0,0,8,0,0,4.959998,0.902,-152.68456048530345,286.6844189016237,171.05461816646107,-152.68456048530345,286.68441890162376,286.68441890162376,0.0,0.0,0.0,0.0,0.0,0.0,0.0,152.68456048530345,0.0,0.0,-286.6844189016237,0.0,0.0,0.0,0.0,0.0,0.0,0.0,0.0,0,0,-152.68456048530345,286.6844189016237,0.0,0.0,0.0,0.0,0.0,0.0,0.0,0.0,0.0,0.0,0.0,0.0,0.0,0.0,0.0,0.0,0.0,0.0,0.0,0.0,0.0,0.0,0.0,0.0,0.0,0.0,0.0,0.0,0.0
1784671658.5190778,314825.4127157,0,0,8,0,0,4.962498,1.001,-151.99623119552066,286.6844189016237,175.00558478967363,-151.99623119552064,286.68441890162376,286.68441890162376,0.0,0.0,0.0,0.0,0.0,0.0,0.0,151.99623119552066,0.0,0.0,-286.6844189016237,0.0,0.0,0.0,0.0,0.0,0.0,0.0,0.0,0,0,-151.99623119552066,286.6844189016237,0.0,0.0,0.0,0.0,0.0,0.0,0.0,0.0,0.0,0.0,0.0,0.0,0.0,0.0,0.0,0.0,0.0,0.0,0.0,0.0,0.0,0.0,0.0,0.0,0.0,0.0,0.0,0.0,0.0
1784671658.5215304,314825.4151698,0,0,8,0,0,4.964997,1.099,-151.30790190573785,286.6844189016237,173.6248672420352,-151.30790190573785,286.68441890162376,286.68441890162376,0.0,0.0,0.0,0.0,0.0,0.0,0.0,151.30790190573785,0.0,0.0,-286.6844189016237,0.0,0.0,0.0,0.0,0.0,0.0,0.0,0.0,0,0,-151.30790190573785,286.6844189016237,0.0,0.0,0.0,0.0,0.0,0.0,0.0,0.0,0.0,0.0,0.0,0.0,0.0,0.0,0.0,0.0,0.0,0.0,0.0,0.0,0.0,0.0,0.0,0.0,0.0,0.0,0.0,0.0,0.0
1784671658.5250807,314825.4187203,0,0,8,0,0,4.967497,1.1969999999999998,-150.61928593153618,286.6844189016237,172.79423862501628,-150.61928593153615,286.68441890162376,286.68441890162376,0.0,0.0,0.0,0.0,0.0,0.0,0.0,150.61928593153618,0.0,0.0,-286.6844189016237,0.0,0.0,0.0,0.0,0.0,0.0,0.0,0.0,0,0,-150.61928593153618,286.6844189016237,0.0,0.0,0.0,0.0,0.0,0.0,0.0,0.0,0.0,0.0,0.0,0.0,0.0,0.0,0.0,0.0,0.0,0.0,0.0,0.0,0.0,0.0,0.0,0.0,0.0,0.0,0.0,0.0,0.0
1784671658.5265424,314825.4201818,0,0,8,0,0,4.969997,0.095,-149.58664865465252,286.6844189016237,175.1815951052069,-149.58664865465252,286.68441890162376,286.68441890162376,0.0,0.0,0.0,0.0,0.0,0.0,0.0,149.58664865465252,0.0,0.0,-286.6844189016237,0.0,0.0,0.0,0.0,0.0,0.0,0.0,0.0,0,0,-149.58664865465252,286.6844189016237,0.0,0.0,0.0,0.0,0.0,0.0,0.0,0.0,0.0,0.0,0.0,0.0,0.0,0.0,0.0,0.0,0.0,0.0,0.0,0.0,0.0,0.0,0.0,0.0,0.0,0.0,0.0,0.0,0.0
1784671658.587403,314825.481042,0,0,8,0,0,4.972497,0.1979999999999999,-148.9026033880434,284.4331435390093,172.1981095445533,-148.9026033880434,282.75567686503393,284.4331435390093,0.0,0.0,0.0,0.0,0.0,0.0,0.0,148.9026033880434,0.0,0.0,-284.4331435390093,0.0,0.0,0.0,0.0,0.0,0.0,0.0,0.0,0,0,-148.9026033880434,284.4331435390093,0.0,0.0,0.0,0.0,0.0,0.0,0.0,0.0,0.0,0.0,0.0,0.0,0.0,0.0,0.0,0.0,0.0,0.0,0.0,0.0,0.0,0.0,0.0,0.0,0.0,0.0,0.0,0.0,0.0
1784671658.5876453,314825.4812859,0,0,8,0,0,4.974998,0.294,-148.23030088840966,277.83832222103604,179.00868608529888,-148.23030088840966,274.81944295147724,277.83832222103604,0.0,0.0,0.0,0.0,0.0,0.0,0.0,148.23030088840966,0.0,0.0,-277.83832222103604,0.0,0.0,0.0,0.0,0.0,0.0,0.0,0.0,0,0,-148.23030088840966,277.83832222103604,0.0,0.0,0.0,0.0,0.0,0.0,0.0,0.0,0.0,0.0,0.0,0.0,0.0,0.0,0.0,0.0,0.0,0.0,0.0,0.0,0.0,0.0,0.0,0.0,0.0,0.0,0.0,0.0,0.0
1784671658.5878315,314825.4814726,0,0,8,0,0,4.977501,0.397,-147.57524503021563,271.26271160560464,178.54494283547447,-147.57524503021563,268.2832062001796,271.26271160560464,0.0,0.0,0.0,0.0,0.0,0.0,0.0,147.57524503021563,0.0,0.0,-271.26271160560464,0.0,0.0,0.0,0.0,0.0,0.0,0.0,0.0,0,0,-147.57524503021563,271.26271160560464,0.0,0.0,0.0,0.0,0.0,0.0,0.0,0.0,0.0,0.0,0.0,0.0,0.0,0.0,0.0,0.0,0.0,0.0,0.0,0.0,0.0,0.0,0.0,0.0,0.0,0.0,0.0,0.0,0.0
1784671658.5880516,314825.4816926,0,0,8,0,0,4.980013,1.135,-147.10849755320035,263.1045529962057,175.02630889226066,-147.10849755320035,259.1219747696461,263.1045529962057,0.0,0.0,0.0,0.0,0.0,0.0,0.0,147.10849755320035,0.0,0.0,-263.1045529962057,0.0,0.0,0.0,0.0,0.0,0.0,0.0,0.0,0,0,-147.10849755320035,263.1045529962057,0.0,0.0,0.0,0.0,0.0,0.0,0.0,0.0,0.0,0.0,0.0,0.0,0.0,0.0,0.0,0.0,0.0,0.0,0.0,0.0,0.0,0.0,0.0,0.0,0.0,0.0,0.0,0.0,0.0
1784671658.588222,314825.481863,0,0,8,0,0,4.982513,0.034,-146.19324596712548,250.09327626617295,179.62598776172186,-146.19324596712548,246.6445000610112,250.09327626617295,0.0,0.0,0.0,0.0,0.0,0.0,0.0,146.19324596712548,0.0,0.0,-250.09327626617295,0.0,0.0,0.0,0.0,0.0,0.0,0.0,0.0,0,0,-146.19324596712548,250.09327626617295,0.0,0.0,0.0,0.0,0.0,0.0,0.0,0.0,0.0,0.0,0.0,0.0,0.0,0.0,0.0,0.0,0.0,0.0,0.0,0.0,0.0,0.0,0.0,0.0,0.0,0.0,0.0,0.0,0.0
1784671658.588441,314825.4820811,0,0,8,0,0,4.985013,0.1369999999999999,-145.60688006633458,242.69127396326977,179.24587715836955,-145.60688006633458,239.25076504782987,242.6912739632697,0.0,0.0,0.0,0.0,0.0,0.0,0.0,145.60688006633458,0.0,0.0,-242.69127396326977,0.0,0.0,0.0,0.0,0.0,0.0,0.0,0.0,0,0,-145.60688006633458,242.69127396326977,0.0,0.0,0.0,0.0,0.0,0.0,0.0,0.0,0.0,0.0,0.0,0.0,0.0,0.0,0.0,0.0,0.0,0.0,0.0,0.0,0.0,0.0,0.0,0.0,0.0,0.0,0.0,0.0,0.0
1784671658.588544,314825.4821853,0,0,8,0,0,4.987516,0.236,-145.03567932335943,234.3499651992804,172.09696832669127,-145.03567932335943,228.58453666786772,234.3499651992804,0.0,0.0,0.0,0.0,0.0,0.0,0.0,145.03567932335943,0.0,0.0,-234.3499651992804,0.0,0.0,0.0,0.0,0.0,0.0,0.0,0.0,0,0,-145.03567932335943,234.3499651992804,0.0,0.0,0.0,0.0,0.0,0.0,0.0,0.0,0.0,0.0,0.0,0.0,0.0,0.0,0.0,0.0,0.0,0.0,0.0,0.0,0.0,0.0,0.0,0.0,0.0,0.0,0.0,0.0,0.0
1784671658.5886364,314825.4822776,0,0,8,0,0,4.990012,0.3339999999999999,-144.49392438602024,223.36680406685932,175.5723883352695,-144.49392438602024,218.8283064433741,223.36680406685937,0.0,0.0,0.0,0.0,0.0,0.0,0.0,144.49392438602024,0.0,0.0,-223.36680406685932,0.0,0.0,0.0,0.0,0.0,0.0,0.0,0.0,0,0,-144.49392438602024,223.36680406685932,0.0,0.0,0.0,0.0,0.0,0.0,0.0,0.0,0.0,0.0,0.0,0.0,0.0,0.0,0.0,0.0,0.0,0.0,0.0,0.0,0.0,0.0,0.0,0.0,0.0,0.0,0.0,0.0,0.0
1784671658.5889044,314825.4825454,0,0,8,0,0,4.992575,0.496,-143.97367204197772,214.4386553361976,178.15160053594053,-143.97367204197772,210.45457341661137,214.43865533619757,0.0,0.0,0.0,0.0,0.0,0.0,0.0,143.97367204197772,0.0,0.0,-214.4386553361976,0.0,0.0,0.0,0.0,0.0,0.0,0.0,0.0,0,0,-143.97367204197772,214.4386553361976,0.0,0.0,0.0,0.0,0.0,0.0,0.0,0.0,0.0,0.0,0.0,0.0,0.0,0.0,0.0,0.0,0.0,0.0,0.0,0.0,0.0,0.0,0.0,0.0,0.0,0.0,0.0,0.0,0.0
1784671658.5890782,314825.4827194,0,0,8,0,0,4.995012,0.527,-143.47524329740446,204.5335144575931,173.61021371224592,-143.47524329740446,199.88459484155456,204.53351445759316,0.0,0.0,0.0,0.0,0.0,0.0,0.0,143.47524329740446,0.0,0.0,-204.5335144575931,0.0,0.0,0.0,0.0,0.0,0.0,0.0,0.0,0,0,-143.47524329740446,204.5335144575931,0.0,0.0,0.0,0.0,0.0,0.0,0.0,0.0,0.0,0.0,0.0,0.0,0.0,0.0,0.0,0.0,0.0,0.0,0.0,0.0,0.0,0.0,0.0,0.0,0.0,0.0,0.0,0.0,0.0
1784671658.5892446,314825.4828857,0,0,8,0,0,4.997514,0.631,-143.0061489154943,193.18897720331992,175.97878143905962,-143.0061489154943,188.0283688736721,193.18897720331992,0.0,0.0,0.0,0.0,0.0,0.0,0.0,143.0061489154943,0.0,0.0,-193.18897720331992,0.0,0.0,0.0,0.0,0.0,0.0,0.0,0.0,0,0,-143.0061489154943,193.18897720331992,0.0,0.0,0.0,0.0,0.0,0.0,0.0,0.0,0.0,0.0,0.0,0.0,0.0,0.0,0.0,0.0,0.0,0.0,0.0,0.0,0.0,0.0,0.0,0.0,0.0,0.0,0.0,0.0,0.0
1784671658.5894158,314825.4830567,0,0,8,0,0,5.000014,0.731,-142.5671300997056,180.14364314587542,-178.01770020204188,-142.5671300997056,173.52964826202546,180.14364314587542,0.0,0.0,0.0,0.0,0.0,0.0,0.0,142.5671300997056,0.0,0.0,-180.14364314587542,0.0,0.0,0.0,0.0,0.0,0.0,0.0,0.0,0,0,-142.5671300997056,180.14364314587542,0.0,0.0,0.0,0.0,0.0,0.0,0.0,0.0,0.0,0.0,0.0,0.0,0.0,0.0,0.0,0.0,0.0,0.0,0.0,0.0,0.0,0.0,0.0,0.0,0.0,0.0,0.0,0.0,0.0
1784671658.5895925,314825.4832328,0,0,8,0,0,5.002512,0.8270000000000001,-142.1575190342805,168.68159556611403,-178.90059279918358,-142.1575190342805,163.7296681262112,168.68159556611403,0.0,0.0,0.0,0.0,0.0,0.0,0.0,142.1575190342805,0.0,0.0,-168.68159556611403,0.0,0.0,0.0,0.0,0.0,0.0,0.0,0.0,0,0,-142.1575190342805,168.68159556611403,0.0,0.0,0.0,0.0,0.0,0.0,0.0,0.0,0.0,0.0,0.0,0.0,0.0,0.0,0.0,0.0,0.0,0.0,0.0,0.0,0.0,0.0,0.0,0.0,0.0,0.0,0.0,0.0,0.0
1784671658.58967,314825.4833114,0,0,8,0,0,5.005012,0.927,-141.77582058005024,156.98178234321094,175.9642757391704,-141.77582058005024,151.64594261946164,156.98178234321094,0.0,0.0,0.0,0.0,0.0,0.0,0.0,141.77582058005024,0.0,0.0,-156.98178234321094,0.0,0.0,0.0,0.0,0.0,0.0,0.0,0.0,0,0,-141.77582058005024,156.98178234321094,0.0,0.0,0.0,0.0,0.0,0.0,0.0,0.0,0.0,0.0,0.0,0.0,0.0,0.0,0.0,0.0,0.0,0.0,0.0,0.0,0.0,0.0,0.0,0.0,0.0,0.0,0.0,0.0,0.0
1784671658.5897374,314825.4833787,0,0,8,0,0,5.007513,1.025,-141.42291738040808,144.70730279160793,174.93596278791787,-141.42291738040808,139.2209678044114,144.70730279160793,0.0,0.0,0.0,0.0,0.0,0.0,0.0,141.42291738040808,0.0,0.0,-144.70730279160793,0.0,0.0,0.0,0.0,0.0,0.0,0.0,0.0,0,0,-141.42291738040808,144.70730279160793,0.0,0.0,0.0,0.0,0.0,0.0,0.0,0.0,0.0,0.0,0.0,0.0,0.0,0.0,0.0,0.0,0.0,0.0,0.0,0.0,0.0,0.0,0.0,0.0,0.0,0.0,0.0,0.0,0.0
1784671658.5900187,314825.48366,0,0,8,0,0,5.010059,1.173,-141.09955890046132,132.8379493877543,176.6039688501819,-141.09955890046132,127.5922413753961,132.8379493877543,0.0,0.0,0.0,0.0,0.0,0.0,0.0,141.09955890046132,0.0,0.0,-132.8379493877543,0.0,0.0,0.0,0.0,0.0,0.0,0.0,0.0,0,0,-141.09955890046132,132.8379493877543,0.0,0.0,0.0,0.0,0.0,0.0,0.0,0.0,0.0,0.0,0.0,0.0,0.0,0.0,0.0,0.0,0.0,0.0,0.0,0.0,0.0,0.0,0.0,0.0,0.0,0.0,0.0,0.0,0.0
1784671658.5901866,314825.4838275,0,0,8,0,0,5.012515,0.027,-140.6657049732964,115.6207170782495,178.1165532319854,-140.6657049732964,110.48602604904173,115.6207170782495,0.0,0.0,0.0,0.0,0.0,0.0,0.0,140.6657049732964,0.0,0.0,-115.6207170782495,0.0,0.0,0.0,0.0,0.0,0.0,0.0,0.0,0,0,-140.6657049732964,115.6207170782495,0.0,0.0,0.0,0.0,0.0,0.0,0.0,0.0,0.0,0.0,0.0,0.0,0.0,0.0,0.0,0.0,0.0,0.0,0.0,0.0,0.0,0.0,0.0,0.0,0.0,0.0,0.0,0.0,0.0
1784671658.5903568,314825.4839979,0,0,8,0,0,5.015014,0.125,-140.41075297395994,104.29715931905932,178.38573737056947,-140.41075297395994,99.26854878644004,104.29715931905936,0.0,0.0,0.0,0.0,0.0,0.0,0.0,140.41075297395994,0.0,0.0,-104.29715931905932,0.0,0.0,0.0,0.0,0.0,0.0,0.0,0.0,0,0,-140.41075297395994,104.29715931905932,0.0,0.0,0.0,0.0,0.0,0.0,0.0,0.0,0.0,0.0,0.0,0.0,0.0,0.0,0.0,0.0,0.0,0.0,0.0,0.0,0.0,0.0,0.0,0.0,0.0,0.0,0.0,0.0,0.0
1784671658.590521,314825.4841624,0,0,8,0,0,5.017514,0.223,-140.18315205956915,92.7651300304846,178.9533666147355,-140.18315205956915,87.56107251704765,92.7651300304846,0.0,0.0,0.0,0.0,0.0,0.0,0.0,140.18315205956915,0.0,0.0,-92.7651300304846,0.0,0.0,0.0,0.0,0.0,0.0,0.0,0.0,0,0,-140.18315205956915,92.7651300304846,0.0,0.0,0.0,0.0,0.0,0.0,0.0,0.0,0.0,0.0,0.0,0.0,0.0,0.0,0.0,0.0,0.0,0.0,0.0,0.0,0.0,0.0,0.0,0.0,0.0,0.0,0.0,0.0,0.0
1784671658.5906906,314825.4843317,0,0,8,0,0,5.020014,0.323,-139.98733459700588,78.07758688609674,178.75637209708512,-139.98733459700588,70.1573577937132,78.07758688609674,0.0,0.0,0.0,0.0,0.0,0.0,0.0,139.98733459700588,0.0,0.0,-78.07758688609674,0.0,0.0,0.0,0.0,0.0,0.0,0.0,0.0,0,0,-139.98733459700588,78.07758688609674,0.0,0.0,0.0,0.0,0.0,0.0,0.0,0.0,0.0,0.0,0.0,0.0,0.0,0.0,0.0,0.0,0.0,0.0,0.0,0.0,0.0,0.0,0.0,0.0,0.0,0.0,0.0,0.0,0.0
1784671658.5908537,314825.4844946,0,0,8,0,0,5.022512,0.418,-139.8277562277126,63.94810311474964,177.58889719840798,-139.82775622771263,57.91613260620949,63.94810311474964,0.0,0.0,0.0,0.0,0.0,0.0,0.0,139.8277562277126,0.0,0.0,-63.94810311474964,0.0,0.0,0.0,0.0,0.0,0.0,0.0,0.0,0,0,-139.8277562277126,63.94810311474964,0.0,0.0,0.0,0.0,0.0,0.0,0.0,0.0,0.0,0.0,0.0,0.0,0.0,0.0,0.0,0.0,0.0,0.0,0.0,0.0,0.0,0.0,0.0,0.0,0.0,0.0,0.0,0.0,0.0
1784671658.5910258,314825.4846668,0,0,8,0,0,5.025013,0.521,-139.69976411117742,51.16251869211134,177.3812855079109,-139.69976411117742,45.5524076670081,51.16251869211133,0.0,0.0,0.0,0.0,0.0,0.0,0.0,139.69976411117742,0.0,0.0,-51.16251869211134,0.0,0.0,0.0,0.0,0.0,0.0,0.0,0.0,0,0,-139.69976411117742,51.16251869211134,0.0,0.0,0.0,0.0,0.0,0.0,0.0,0.0,0.0,0.0,0.0,0.0,0.0,0.0,0.0,0.0,0.0,0.0,0.0,0.0,0.0,0.0,0.0,0.0,0.0,0.0,0.0,0.0,0.0
1784671658.5933268,314825.4869642,0,0,8,0,0,5.027513,0.616,-139.60068070459553,39.1762043457997,178.77677611812754,-139.60068070459553,33.923681237992774,39.1762043457997,0.0,0.0,0.0,0.0,0.0,0.0,0.0,139.60068070459553,0.0,0.0,-39.1762043457997,0.0,0.0,0.0,0.0,0.0,0.0,0.0,0.0,0,0,-139.60068070459553,39.1762043457997,0.0,0.0,0.0,0.0,0.0,0.0,0.0,0.0,0.0,0.0,0.0,0.0,0.0,0.0,0.0,0.0,0.0,0.0,0.0,0.0,0.0,0.0,0.0,0.0,0.0,0.0,0.0,0.0,0.0
1784671658.5936215,314825.4872625,0,0,8,0,0,5.030014,0.7200000000000001,-139.5293392013718,27.910209225989927,179.00089651231036,-139.5293392013718,22.933703514258205,27.910209225989924,0.0,0.0,0.0,0.0,0.0,0.0,0.0,139.5293392013718,0.0,0.0,-27.910209225989927,0.0,0.0,0.0,0.0,0.0,0.0,0.0,0.0,0,0,-139.5293392013718,27.910209225989927,0.0,0.0,0.0,0.0,0.0,0.0,0.0,0.0,0.0,0.0,0.0,0.0,0.0,0.0,0.0,0.0,0.0,0.0,0.0,0.0,0.0,0.0,0.0,0.0,0.0,0.0,0.0,0.0,0.0
1784671658.593792,314825.4874331,0,0,8,0,0,5.032546,0.851,-139.48507687370704,16.503862472608795,178.58083886976266,-139.48507687370704,11.392476907884085,16.503862472608795,0.0,0.0,0.0,0.0,0.0,0.0,0.0,139.48507687370704,0.0,0.0,-16.503862472608795,0.0,0.0,0.0,0.0,0.0,0.0,0.0,0.0,0,0,-139.48507687370704,16.503862472608795,0.0,0.0,0.0,0.0,0.0,0.0,0.0,0.0,0.0,0.0,0.0,0.0,0.0,0.0,0.0,0.0,0.0,0.0,0.0,0.0,0.0,0.0,0.0,0.0,0.0,0.0,0.0,0.0,0.0
1784671658.5939612,314825.4876023,0,0,8,0,0,5.035012,0.912,-139.4677453075482,5.368956009435054,179.40425430349214,-139.4677453075482,0.4462490954701139,5.368956009435054,0.0,0.0,0.0,0.0,0.0,0.0,0.0,139.4677453075482,0.0,0.0,-5.368956009435054,0.0,0.0,0.0,0.0,0.0,0.0,0.0,0.0,0,0,-139.4677453075482,5.368956009435054,0.0,0.0,0.0,0.0,0.0,0.0,0.0,0.0,0.0,0.0,0.0,0.0,0.0,0.0,0.0,0.0,0.0,0.0,0.0,0.0,0.0,0.0,0.0,0.0,0.0,0.0,0.0,0.0,0.0
1784671658.5944507,314825.4880916,0,0,8,0,0,5.037513,1.013,-139.47685363043723,-5.566158396277829,179.65333383583828,-139.47685363043723,-10.3862289475103,-5.566158396277829,0.0,0.0,0.0,0.0,0.0,0.0,0.0,139.47685363043723,0.0,0.0,5.566158396277829,0.0,0.0,0.0,0.0,0.0,0.0,0.0,0.0,0,0,-139.47685363043723,-5.566158396277829,0.0,0.0,0.0,0.0,0.0,0.0,0.0,0.0,0.0,0.0,0.0,0.0,0.0,0.0,0.0,0.0,0.0,0.0,0.0,0.0,0.0,0.0,0.0,0.0,0.0,0.0,0.0,0.0,0.0
1784671658.596787,314825.4904276,0,0,8,0,0,5.040012,1.113,-139.51206896017473,-16.444579238495105,179.97957976462592,-139.51206896017473,-21.29745683086779,-16.444579238495105,0.0,0.0,0.0,0.0,0.0,0.0,0.0,139.51206896017473,0.0,0.0,16.444579238495105,0.0,0.0,0.0,0.0,0.0,0.0,0.0,0.0,0,0,-139.51206896017473,-16.444579238495105,0.0,0.0,0.0,0.0,0.0,0.0,0.0,0.0,0.0,0.0,0.0,0.0,0.0,0.0,0.0,0.0,0.0,0.0,0.0,0.0,0.0,0.0,0.0,0.0,0.0,0.0,0.0,0.0,0.0
1784671658.6062162,314825.4998532,0,0,8,0,0,5.042515,1.216,-139.5761169866167,-29.764096965674813,-179.57793927690287,-139.57611698661668,-36.90742519005765,-29.764096965674817,0.0,0.0,0.0,0.0,0.0,0.0,0.0,139.5761169866167,0.0,0.0,29.764096965674813,0.0,0.0,0.0,0.0,0.0,0.0,0.0,0.0,0,0,-139.5761169866167,-29.764096965674813,0.0,0.0,0.0,0.0,0.0,0.0,0.0,0.0,0.0,0.0,0.0,0.0,0.0,0.0,0.0,0.0,0.0,0.0,0.0,0.0,0.0,0.0,0.0,0.0,0.0,0.0,0.0,0.0,0.0
1784671658.6078668,314825.5015052,0,0,8,0,0,5.045012,0.112,-139.7298704121638,-47.13256586699613,-178.54978370906656,-139.7298704121638,-51.75614509226909,-47.13256586699613,0.0,0.0,0.0,0.0,0.0,0.0,0.0,139.7298704121638,0.0,0.0,47.13256586699613,0.0,0.0,0.0,0.0,0.0,0.0,0.0,0.0,0,0,-139.7298704121638,-47.13256586699613,0.0,0.0,0.0,0.0,0.0,0.0,0.0,0.0,0.0,0.0,0.0,0.0,0.0,0.0,0.0,0.0,0.0,0.0,0.0,0.0,0.0,0.0,0.0,0.0,0.0,0.0,0.0,0.0,0.0
1784671658.6080694,314825.5017107,0,0,8,0,0,5.047514,0.212,-139.86331707302796,-57.04107732825731,-177.57622865588644,-139.86331707302793,-61.3548756360086,-57.0410773282573,0.0,0.0,0.0,0.0,0.0,0.0,0.0,139.86331707302796,0.0,0.0,57.04107732825731,0.0,0.0,0.0,0.0,0.0,0.0,0.0,0.0,0,0,-139.86331707302796,-57.04107732825731,0.0,0.0,0.0,0.0,0.0,0.0,0.0,0.0,0.0,0.0,0.0,0.0,0.0,0.0,0.0,0.0,0.0,0.0,0.0,0.0,0.0,0.0,0.0,0.0,0.0,0.0,0.0,0.0,0.0
1784671658.608304,314825.5019416,0,0,8,0,0,5.050012,0.294,-140.02015925619082,-66.228756945141,-176.92374314535664,-140.02015925619082,-70.18360774050555,-66.228756945141,0.0,0.0,0.0,0.0,0.0,0.0,0.0,140.02015925619082,0.0,0.0,66.228756945141,0.0,0.0,0.0,0.0,0.0,0.0,0.0,0.0,0,0,-140.02015925619082,-66.228756945141,0.0,0.0,0.0,0.0,0.0,0.0,0.0,0.0,0.0,0.0,0.0,0.0,0.0,0.0,0.0,0.0,0.0,0.0,0.0,0.0,0.0,0.0,0.0,0.0,0.0,0.0,0.0,0.0,0.0
1784671658.609257,314825.5028969,0,0,8,0,0,5.052512,0.409,-140.19639490247826,-75.18664092796413,-176.5467416956655,-140.19639490247826,-79.18733949028491,-75.18664092796413,0.0,0.0,0.0,0.0,0.0,0.0,0.0,140.19639490247826,0.0,0.0,75.18664092796413,0.0,0.0,0.0,0.0,0.0,0.0,0.0,0.0,0,0,-140.19639490247826,-75.18664092796413,0.0,0.0,0.0,0.0,0.0,0.0,0.0,0.0,0.0,0.0,0.0,0.0,0.0,0.0,0.0,0.0,0.0,0.0,0.0,0.0,0.0,0.0,0.0,0.0,0.0,0.0,0.0,0.0,0.0
1784671658.612304,314825.5059428,0,0,8,0,0,5.05507,0.565,-140.39473598866397,-83.75490189177512,-175.7658338089865,-140.39473598866397,-87.52607258799115,-83.75490189177512,0.0,0.0,0.0,0.0,0.0,0.0,0.0,140.39473598866397,0.0,0.0,83.75490189177512,0.0,0.0,0.0,0.0,0.0,0.0,0.0,0.0,0,0,-140.39473598866397,-83.75490189177512,0.0,0.0,0.0,0.0,0.0,0.0,0.0,0.0,0.0,0.0,0.0,0.0,0.0,0.0,0.0,0.0,0.0,0.0,0.0,0.0,0.0,0.0,0.0,0.0,0.0,0.0,0.0,0.0,0.0
1784671658.6142216,314825.5078611,0,0,8,0,0,5.057514,0.608,-140.61288913583093,-91.91674486505336,-175.3187387569273,-140.61288913583093,-95.51480639513262,-91.91674486505336,0.0,0.0,0.0,0.0,0.0,0.0,0.0,140.61288913583093,0.0,0.0,91.91674486505336,0.0,0.0,0.0,0.0,0.0,0.0,0.0,0.0,0,0,-140.61288913583093,-91.91674486505336,0.0,0.0,0.0,0.0,0.0,0.0,0.0,0.0,0.0,0.0,0.0,0.0,0.0,0.0,0.0,0.0,0.0,0.0,0.0,0.0,0.0,0.0,0.0,0.0,0.0,0.0,0.0,0.0,0.0
1784671658.6166792,314825.5103176,0,0,8,0,0,5.060016,0.709,-140.8498509548103,-99.73408565172326,-174.69401403013296,-140.8498509548103,-103.2585406988787,-99.73408565172326,0.0,0.0,0.0,0.0,0.0,0.0,0.0,140.8498509548103,0.0,0.0,99.73408565172326,0.0,0.0,0.0,0.0,0.0,0.0,0.0,0.0,0,0,-140.8498509548103,-99.73408565172326,0.0,0.0,0.0,0.0,0.0,0.0,0.0,0.0,0.0,0.0,0.0,0.0,0.0,0.0,0.0,0.0,0.0,0.0,0.0,0.0,0.0,0.0,0.0,0.0,0.0,0.0,0.0,0.0,0.0
1784671658.6191185,314825.5127582,0,0,8,0,0,5.062513,0.8,-141.10798476775557,-109.14456796570882,-174.25545156535617,-141.10798476775557,-114.09976872412324,-109.14456796570882,0.0,0.0,0.0,0.0,0.0,0.0,0.0,141.10798476775557,0.0,0.0,109.14456796570882,0.0,0.0,0.0,0.0,0.0,0.0,0.0,0.0,0,0,-141.10798476775557,-109.14456796570882,0.0,0.0,0.0,0.0,0.0,0.0,0.0,0.0,0.0,0.0,0.0,0.0,0.0,0.0,0.0,0.0,0.0,0.0,0.0,0.0,0.0,0.0,0.0,0.0,0.0,0.0,0.0,0.0,0.0
1784671658.621521,314825.5151595,0,0,8,0,0,5.065013,0.906,-141.38703910725224,-117.5777061673342,-173.9158570747912,-141.38703910725224,-121.06475460636268,-117.5777061673342,0.0,0.0,0.0,0.0,0.0,0.0,0.0,141.38703910725224,0.0,0.0,117.5777061673342,0.0,0.0,0.0,0.0,0.0,0.0,0.0,0.0,0,0,-141.38703910725224,-117.5777061673342,0.0,0.0,0.0,0.0,0.0,0.0,0.0,0.0,0.0,0.0,0.0,0.0,0.0,0.0,0.0,0.0,0.0,0.0,0.0,0.0,0.0,0.0,0.0,0.0,0.0,0.0,0.0,0.0,0.0
1784671658.6241443,314825.5177854,0,0,8,0,0,5.067509,1.0,-141.68470969023957,-124.72613331371195,-173.94273191299854,-141.68470969023957,-127.81974091426322,-124.72613331371195,0.0,0.0,0.0,0.0,0.0,0.0,0.0,141.68470969023957,0.0,0.0,124.72613331371195,0.0,0.0,0.0,0.0,0.0,0.0,0.0,0.0,0,0,-141.68470969023957,-124.72613331371195,0.0,0.0,0.0,0.0,0.0,0.0,0.0,0.0,0.0,0.0,0.0,0.0,0.0,0.0,0.0,0.0,0.0,0.0,0.0,0.0,0.0,0.0,0.0,0.0,0.0,0.0,0.0,0.0,0.0
1784671658.626821,314825.5204611,0,0,8,0,0,5.070014,1.104,-141.9987063386402,-131.54033306697687,-173.5561915007318,-141.9987063386402,-134.57472722216377,-131.5403330669769,0.0,0.0,0.0,0.0,0.0,0.0,0.0,141.9987063386402,0.0,0.0,131.54033306697687,0.0,0.0,0.0,0.0,0.0,0.0,0.0,0.0,0,0,-141.9987063386402,-131.54033306697687,0.0,0.0,0.0,0.0,0.0,0.0,0.0,0.0,0.0,0.0,0.0,0.0,0.0,0.0,0.0,0.0,0.0,0.0,0.0,0.0,0.0,0.0,0.0,0.0,0.0,0.0,0.0,0.0,0.0
1784671658.6290965,314825.5227365,0,0,8,0,0,5.072512,1.201,-142.3287360921614,-138.18410820859933,-173.53075327982452,-142.3287360921614,-141.19846379610252,-138.18410820859933,0.0,0.0,0.0,0.0,0.0,0.0,0.0,142.3287360921614,0.0,0.0,138.18410820859933,0.0,0.0,0.0,0.0,0.0,0.0,0.0,0.0,0,0,-142.3287360921614,-138.18410820859933,0.0,0.0,0.0,0.0,0.0,0.0,0.0,0.0,0.0,0.0,0.0,0.0,0.0,0.0,0.0,0.0,0.0,0.0,0.0,0.0,0.0,0.0,0.0,0.0,0.0,0.0,0.0,0.0,0.0
1784671658.6316206,314825.5252603,0,0,8,0,0,5.075013,0.0989999999999999,-142.8535048015343,-147.91272265785983,-172.5052644648021,-142.8535048015343,-150.73594446399318,-147.91272265785983,0.0,0.0,0.0,0.0,0.0,0.0,0.0,142.8535048015343,0.0,0.0,147.91272265785983,0.0,0.0,0.0,0.0,0.0,0.0,0.0,0.0,0,0,-142.8535048015343,-147.91272265785983,0.0,0.0,0.0,0.0,0.0,0.0,0.0,0.0,0.0,0.0,0.0,0.0,0.0,0.0,0.0,0.0,0.0,0.0,0.0,0.0,0.0,0.0,0.0,0.0,0.0,0.0,0.0,0.0,0.0
1784671658.634004,314825.5276431,0,0,8,0,0,5.077534,0.216,-143.22271315668303,-154.18649416918743,-172.0263109166091,-143.22271315668303,-156.9396818892542,-154.18649416918743,0.0,0.0,0.0,0.0,0.0,0.0,0.0,143.22271315668303,0.0,0.0,154.18649416918743,0.0,0.0,0.0,0.0,0.0,0.0,0.0,0.0,0,0,-143.22271315668303,-154.18649416918743,0.0,0.0,0.0,0.0,0.0,0.0,0.0,0.0,0.0,0.0,0.0,0.0,0.0,0.0,0.0,0.0,0.0,0.0,0.0,0.0,0.0,0.0,0.0,0.0,0.0,0.0,0.0,0.0,0.0
1784671658.6686256,314825.5622638,0,0,8,0,0,5.080009,0.36,-143.59456439651854,-160.0408693882912,-171.13507469573398,-143.59456439651854,-162.77592005942213,-160.0408693882912,0.0,0.0,0.0,0.0,0.0,0.0,0.0,143.59456439651854,0.0,0.0,160.0408693882912,0.0,0.0,0.0,0.0,0.0,0.0,0.0,0.0,0,0,-143.59456439651854,-160.0408693882912,0.0,0.0,0.0,0.0,0.0,0.0,0.0,0.0,0.0,0.0,0.0,0.0,0.0,0.0,0.0,0.0,0.0,0.0,0.0,0.0,0.0,0.0,0.0,0.0,0.0,0.0,0.0,0.0,0.0
1784671658.668853,314825.5624939,0,0,8,0,0,5.082567,0.554,-143.98537103770198,-165.73823595710857,-170.88177276846247,-143.98537103770198,-168.20090906317645,-165.73823595710857,0.0,0.0,0.0,0.0,0.0,0.0,0.0,143.98537103770198,0.0,0.0,165.73823595710857,0.0,0.0,0.0,0.0,0.0,0.0,0.0,0.0,0,0,-143.98537103770198,-165.73823595710857,0.0,0.0,0.0,0.0,0.0,0.0,0.0,0.0,0.0,0.0,0.0,0.0,0.0,0.0,0.0,0.0,0.0,0.0,0.0,0.0,0.0,0.0,0.0,0.0,0.0,0.0,0.0,0.0,0.0
1784671658.6690226,314825.5626637,0,0,8,0,0,5.08501,0.598,-144.39735379804128,-173.0291351196187,-172.14192053238008,-144.39735379804125,-177.01214120314518,-173.02913511961873,0.0,0.0,0.0,0.0,0.0,0.0,0.0,144.39735379804128,0.0,0.0,173.0291351196187,0.0,0.0,0.0,0.0,0.0,0.0,0.0,0.0,0,0,-144.39735379804128,-173.0291351196187,0.0,0.0,0.0,0.0,0.0,0.0,0.0,0.0,0.0,0.0,0.0,0.0,0.0,0.0,0.0,0.0,0.0,0.0,0.0,0.0,0.0,0.0,0.0,0.0,0.0,0.0,0.0,0.0,0.0
1784671658.669179,314825.5628201,0,0,8,0,0,5.08751,0.695,-144.8276498164419,-179.6246758369062,-172.70436746223962,-144.8276498164419,-182.28838050840943,-179.6246758369062,0.0,0.0,0.0,0.0,0.0,0.0,0.0,144.8276498164419,0.0,0.0,179.6246758369062,0.0,0.0,0.0,0.0,0.0,0.0,0.0,0.0,0,0,-144.8276498164419,-179.6246758369062,0.0,0.0,0.0,0.0,0.0,0.0,0.0,0.0,0.0,0.0,0.0,0.0,0.0,0.0,0.0,0.0,0.0,0.0,0.0,0.0,0.0,0.0,0.0,0.0,0.0,0.0,0.0,0.0,0.0
1784671658.6693127,314825.562954,0,0,8,0,0,5.09001,0.7969999999999999,-145.2708943741249,-185.2487463553514,-172.77473184136528,-145.2708943741249,-187.65211963631492,-185.2487463553514,0.0,0.0,0.0,0.0,0.0,0.0,0.0,145.2708943741249,0.0,0.0,185.2487463553514,0.0,0.0,0.0,0.0,0.0,0.0,0.0,0.0,0,0,-145.2708943741249,-185.2487463553514,0.0,0.0,0.0,0.0,0.0,0.0,0.0,0.0,0.0,0.0,0.0,0.0,0.0,0.0,0.0,0.0,0.0,0.0,0.0,0.0,0.0,0.0,0.0,0.0,0.0,0.0,0.0,0.0,0.0
1784671658.669368,314825.5630097,0,0,8,0,0,5.092509,0.894,-145.72787113654988,-190.60052591121365,-173.13492145128546,-145.72787113654985,-192.9021089947869,-190.60052591121368,0.0,0.0,0.0,0.0,0.0,0.0,0.0,145.72787113654988,0.0,0.0,190.60052591121365,0.0,0.0,0.0,0.0,0.0,0.0,0.0,0.0,0,0,-145.72787113654988,-190.60052591121365,0.0,0.0,0.0,0.0,0.0,0.0,0.0,0.0,0.0,0.0,0.0,0.0,0.0,0.0,0.0,0.0,0.0,0.0,0.0,0.0,0.0,0.0,0.0,0.0,0.0,0.0,0.0,0.0,0.0
1784671658.6694138,314825.5630557,0,0,8,0,0,5.09501,0.993,-146.19810856405255,-196.2900018759028,-176.047755032608,-146.19810856405255,-198.8870968634449,-196.2900018759028,0.0,0.0,0.0,0.0,0.0,0.0,0.0,146.19810856405255,0.0,0.0,196.2900018759028,0.0,0.0,0.0,0.0,0.0,0.0,0.0,0.0,0,0,-146.19810856405255,-196.2900018759028,0.0,0.0,0.0,0.0,0.0,0.0,0.0,0.0,0.0,0.0,0.0,0.0,0.0,0.0,0.0,0.0,0.0,0.0,0.0,0.0,0.0,0.0,0.0,0.0,0.0,0.0,0.0,0.0,0.0
1784671658.6694624,314825.563104,0,0,8,0,0,5.09751,1.091,-146.68258353027807,-202.1312364450632,-174.00476970744342,-146.68258353027807,-204.5745853351228,-202.1312364450632,0.0,0.0,0.0,0.0,0.0,0.0,0.0,146.68258353027807,0.0,0.0,202.1312364450632,0.0,0.0,0.0,0.0,0.0,0.0,0.0,0.0,0,0,-146.68258353027807,-202.1312364450632,0.0,0.0,0.0,0.0,0.0,0.0,0.0,0.0,0.0,0.0,0.0,0.0,0.0,0.0,0.0,0.0,0.0,0.0,0.0,0.0,0.0,0.0,0.0,0.0,0.0,0.0,0.0,0.0,0.0
1784671658.6696732,314825.5633143,0,0,8,0,0,5.100008,1.191,-147.1773072096064,-206.35936946152307,-171.89134640983443,-147.1773072096064,-208.1358281166196,-206.35936946152307,0.0,0.0,0.0,0.0,0.0,0.0,0.0,147.1773072096064,0.0,0.0,206.35936946152307,0.0,0.0,0.0,0.0,0.0,0.0,0.0,0.0,0,0,-147.1773072096064,-206.35936946152307,0.0,0.0,0.0,0.0,0.0,0.0,0.0,0.0,0.0,0.0,0.0,0.0,0.0,0.0,0.0,0.0,0.0,0.0,0.0,0.0,0.0,0.0,0.0,0.0,0.0,0.0,0.0,0.0,0.0
1784671658.6699207,314825.5635606,0,0,8,0,0,5.102509,0.089,-147.939786504052,-213.26401807530763,-177.34601317789514,-147.939786504052,-215.6958127928192,-213.26401807530763,0.0,0.0,0.0,0.0,0.0,0.0,0.0,147.939786504052,0.0,0.0,213.26401807530763,0.0,0.0,0.0,0.0,0.0,0.0,0.0,0.0,0,0,-147.939786504052,-213.26401807530763,0.0,0.0,0.0,0.0,0.0,0.0,0.0,0.0,0.0,0.0,0.0,0.0,0.0,0.0,0.0,0.0,0.0,0.0,0.0,0.0,0.0,0.0,0.0,0.0,0.0,0.0,0.0,0.0,0.0
1784671658.6700969,314825.5637379,0,0,8,0,0,5.105009,0.189,-148.46604780262615,-220.6251740265185,-176.00960242756062,-148.46604780262615,-224.6995445425985,-220.6251740265185,0.0,0.0,0.0,0.0,0.0,0.0,0.0,148.46604780262615,0.0,0.0,220.6251740265185,0.0,0.0,0.0,0.0,0.0,0.0,0.0,0.0,0,0,-148.46604780262615,-220.6251740265185,0.0,0.0,0.0,0.0,0.0,0.0,0.0,0.0,0.0,0.0,0.0,0.0,0.0,0.0,0.0,0.0,0.0,0.0,0.0,0.0,0.0,0.0,0.0,0.0,0.0,0.0,0.0,0.0,0.0
1784671658.6702387,314825.5638799,0,0,8,0,0,5.107509,0.287,-149.00920601036248,-226.4603514823417,-172.25167266999563,-149.00920601036248,-228.72453638409368,-226.4603514823417,0.0,0.0,0.0,0.0,0.0,0.0,0.0,149.00920601036248,0.0,0.0,226.4603514823417,0.0,0.0,0.0,0.0,0.0,0.0,0.0,0.0,0,0,-149.00920601036248,-226.4603514823417,0.0,0.0,0.0,0.0,0.0,0.0,0.0,0.0,0.0,0.0,0.0,0.0,0.0,0.0,0.0,0.0,0.0,0.0,0.0,0.0,0.0,0.0,0.0,0.0,0.0,0.0,0.0,0.0,0.0
1784671658.670373,314825.5640142,0,0,8,0,0,5.110008,0.3849999999999999,-149.5637990809569,-231.2096691958892,-171.86718986313775,-149.5637990809569,-233.2832771437001,-231.2096691958892,0.0,0.0,0.0,0.0,0.0,0.0,0.0,149.5637990809569,0.0,0.0,231.2096691958892,0.0,0.0,0.0,0.0,0.0,0.0,0.0,0.0,0,0,-149.5637990809569,-231.2096691958892,0.0,0.0,0.0,0.0,0.0,0.0,0.0,0.0,0.0,0.0,0.0,0.0,0.0,0.0,0.0,0.0,0.0,0.0,0.0,0.0,0.0,0.0,0.0,0.0,0.0,0.0,0.0,0.0,0.0
1784671658.6705568,314825.5641975,0,0,8,0,0,5.112509,0.486,-150.12879062445708,-235.5928921820885,-173.56437934794275,-150.12879062445708,-237.58826841764716,-235.5928921820885,0.0,0.0,0.0,0.0,0.0,0.0,0.0,150.12879062445708,0.0,0.0,235.5928921820885,0.0,0.0,0.0,0.0,0.0,0.0,0.0,0.0,0,0,-150.12879062445708,-235.5928921820885,0.0,0.0,0.0,0.0,0.0,0.0,0.0,0.0,0.0,0.0,0.0,0.0,0.0,0.0,0.0,0.0,0.0,0.0,0.0,0.0,0.0,0.0,0.0,0.0,0.0,0.0,0.0,0.0,0.0
1784671658.6715405,314825.5651812,0,0,8,0,0,5.115058,0.631,-150.70575373085703,-240.16343170961957,-174.7843325759463,-150.70575373085703,-242.1207592304612,-240.16343170961957,0.0,0.0,0.0,0.0,0.0,0.0,0.0,150.70575373085703,0.0,0.0,240.16343170961957,0.0,0.0,0.0,0.0,0.0,0.0,0.0,0.0,0,0,-150.70575373085703,-240.16343170961957,0.0,0.0,0.0,0.0,0.0,0.0,0.0,0.0,0.0,0.0,0.0,0.0,0.0,0.0,0.0,0.0,0.0,0.0,0.0,0.0,0.0,0.0,0.0,0.0,0.0,0.0,0.0,0.0,0.0
1784671658.674049,314825.5676873,0,0,8,0,0,5.117509,0.6819999999999999,-151.2904370692251,-243.3560758290786,-170.87396206191025,-151.2904370692251,-244.57075426441477,-243.3560758290786,0.0,0.0,0.0,0.0,0.0,0.0,0.0,151.2904370692251,0.0,0.0,243.3560758290786,0.0,0.0,0.0,0.0,0.0,0.0,0.0,0.0,0,0,-151.2904370692251,-243.3560758290786,0.0,0.0,0.0,0.0,0.0,0.0,0.0,0.0,0.0,0.0,0.0,0.0,0.0,0.0,0.0,0.0,0.0,0.0,0.0,0.0,0.0,0.0,0.0,0.0,0.0,0.0,0.0,0.0,0.0
1784671658.676828,314825.5704678,0,0,8,0,0,5.120009,0.781,-151.87741819397098,-244.8364487178303,-174.15194572863757,-151.877418193971,-245.4807524198833,-244.8364487178303,0.0,0.0,0.0,0.0,0.0,0.0,0.0,151.87741819397098,0.0,0.0,244.8364487178303,0.0,0.0,0.0,0.0,0.0,0.0,0.0,0.0,0,0,-151.87741819397098,-244.8364487178303,0.0,0.0,0.0,0.0,0.0,0.0,0.0,0.0,0.0,0.0,0.0,0.0,0.0,0.0,0.0,0.0,0.0,0.0,0.0,0.0,0.0,0.0,0.0,0.0,0.0,0.0,0.0,0.0,0.0
1784671658.679114,314825.5727539,0,0,8,0,0,5.122509,0.883,-152.46953453405743,-247.72837418135543,-178.81838054453075,-152.46953453405743,-249.1644949530777,-247.72837418135543,0.0,0.0,0.0,0.0,0.0,0.0,0.0,152.46953453405743,0.0,0.0,247.72837418135543,0.0,0.0,0.0,0.0,0.0,0.0,0.0,0.0,0,0,-152.46953453405743,-247.72837418135543,0.0,0.0,0.0,0.0,0.0,0.0,0.0,0.0,0.0,0.0,0.0,0.0,0.0,0.0,0.0,0.0,0.0,0.0,0.0,0.0,0.0,0.0,0.0,0.0,0.0,0.0,0.0,0.0,0.0
1784671658.681498,314825.575138,0,0,8,0,0,5.125009,0.982,-153.07110287763035,-251.4992543219984,-177.22841595101244,-153.07110287763035,-253.18948679457287,-251.4992543219984,0.0,0.0,0.0,0.0,0.0,0.0,0.0,153.07110287763035,0.0,0.0,251.4992543219984,0.0,0.0,0.0,0.0,0.0,0.0,0.0,0.0,0,0,-153.07110287763035,-251.4992543219984,0.0,0.0,0.0,0.0,0.0,0.0,0.0,0.0,0.0,0.0,0.0,0.0,0.0,0.0,0.0,0.0,0.0,0.0,0.0,0.0,0.0,0.0,0.0,0.0,0.0,0.0,0.0,0.0,0.0
1784671658.684189,314825.577828,0,0,8,0,0,5.127509,1.0759999999999998,-153.68099034854353,-254.05180117100883,-173.9123978045297,-153.68099034854353,-255.0532330168304,-254.0518011710089,0.0,0.0,0.0,0.0,0.0,0.0,0.0,153.68099034854353,0.0,0.0,254.05180117100883,0.0,0.0,0.0,0.0,0.0,0.0,0.0,0.0,0,0,-153.68099034854353,-254.05180117100883,0.0,0.0,0.0,0.0,0.0,0.0,0.0,0.0,0.0,0.0,0.0,0.0,0.0,0.0,0.0,0.0,0.0,0.0,0.0,0.0,0.0,0.0,0.0,0.0,0.0,0.0,0.0,0.0,0.0
1784671658.6959054,314825.5895423,0,0,8,0,0,5.130013,1.184,-154.29296471182244,-255.9203141129452,-174.78531287014505,-154.29296471182244,-256.8207294341826,-255.92031411294516,0.0,0.0,0.0,0.0,0.0,0.0,0.0,154.29296471182244,0.0,0.0,255.9203141129452,0.0,0.0,0.0,0.0,0.0,0.0,0.0,0.0,0,0,-154.29296471182244,-255.9203141129452,0.0,0.0,0.0,0.0,0.0,0.0,0.0,0.0,0.0,0.0,0.0,0.0,0.0,0.0,0.0,0.0,0.0,0.0,0.0,0.0,0.0,0.0,0.0,0.0,0.0,0.0,0.0,0.0,0.0
1784671658.696101,314825.5897419,0,0,8,0,0,5.132508,0.077,-155.22476719442352,-260.35152722143056,-179.6814985904727,-155.22476719442352,-261.8782191828439,-260.3515272214305,0.0,0.0,0.0,0.0,0.0,0.0,0.0,155.22476719442352,0.0,0.0,260.35152722143056,0.0,0.0,0.0,0.0,0.0,0.0,0.0,0.0,0,0,-155.22476719442352,-260.35152722143056,0.0,0.0,0.0,0.0,0.0,0.0,0.0,0.0,0.0,0.0,0.0,0.0,0.0,0.0,0.0,0.0,0.0,0.0,0.0,0.0,0.0,0.0,0.0,0.0,0.0,0.0,0.0,0.0,0.0
1784671658.6962893,314825.5899303,0,0,8,0,0,5.135009,0.175,-155.85586670064498,-263.28303999057954,-176.45447595433373,-155.85586670064495,-264.44196398623103,-263.2830399905796,0.0,0.0,0.0,0.0,0.0,0.0,0.0,155.85586670064498,0.0,0.0,263.28303999057954,0.0,0.0,0.0,0.0,0.0,0.0,0.0,0.0,0,0,-155.85586670064498,-263.28303999057954,0.0,0.0,0.0,0.0,0.0,0.0,0.0,0.0,0.0,0.0,0.0,0.0,0.0,0.0,0.0,0.0,0.0,0.0,0.0,0.0,0.0,0.0,0.0,0.0,0.0,0.0,0.0,0.0,0.0
1784671658.6965148,314825.5901552,0,0,8,0,0,5.137509,0.2759999999999999,-156.49051439722402,-264.86813386042536,-172.56617854270468,-156.49051439722402,-265.4394619643407,-264.86813386042536,0.0,0.0,0.0,0.0,0.0,0.0,0.0,156.49051439722402,0.0,0.0,264.86813386042536,0.0,0.0,0.0,0.0,0.0,0.0,0.0,0.0,0,0,-156.49051439722402,-264.86813386042536,0.0,0.0,0.0,0.0,0.0,0.0,0.0,0.0,0.0,0.0,0.0,0.0,0.0,0.0,0.0,0.0,0.0,0.0,0.0,0.0,0.0,0.0,0.0,0.0,0.0,0.0,0.0,0.0,0.0
1784671658.696913,314825.5905507,0,0,8,0,0,5.140007,0.374,-157.13077232120062,-267.57498929468863,-179.0723763975037,-157.13077232120062,-269.0007047458375,-267.5749892946887,0.0,0.0,0.0,0.0,0.0,0.0,0.0,157.13077232120062,0.0,0.0,267.57498929468863,0.0,0.0,0.0,0.0,0.0,0.0,0.0,0.0,0,0,-157.13077232120062,-267.57498929468863,0.0,0.0,0.0,0.0,0.0,0.0,0.0,0.0,0.0,0.0,0.0,0.0,0.0,0.0,0.0,0.0,0.0,0.0,0.0,0.0,0.0,0.0,0.0,0.0,0.0,0.0,0.0,0.0,0.0
1784671658.699056,314825.5926942,0,0,8,0,0,5.142509,0.472,-157.78003790204474,-270.7842764205228,-172.67445130703973,-157.7800379020447,-272.03694859148703,-270.7842764205228,0.0,0.0,0.0,0.0,0.0,0.0,0.0,157.78003790204474,0.0,0.0,270.7842764205228,0.0,0.0,0.0,0.0,0.0,0.0,0.0,0.0,0,0,-157.78003790204474,-270.7842764205228,0.0,0.0,0.0,0.0,0.0,0.0,0.0,0.0,0.0,0.0,0.0,0.0,0.0,0.0,0.0,0.0,0.0,0.0,0.0,0.0,0.0,0.0,0.0,0.0,0.0,0.0,0.0,0.0,0.0
1784671658.709321,314825.6029592,0,0,8,0,0,5.145009,0.5730000000000001,-158.4323739400873,-272.25818548359405,-174.96836922787668,-158.4323739400873,-272.85944692431434,-272.25818548359405,0.0,0.0,0.0,0.0,0.0,0.0,0.0,158.4323739400873,0.0,0.0,272.25818548359405,0.0,0.0,0.0,0.0,0.0,0.0,0.0,0.0,0,0,-158.4323739400873,-272.25818548359405,0.0,0.0,0.0,0.0,0.0,0.0,0.0,0.0,0.0,0.0,0.0,0.0,0.0,0.0,0.0,0.0,0.0,0.0,0.0,0.0,0.0,0.0,0.0,0.0,0.0,0.0,0.0,0.0,0.0
1784671658.7126384,314825.6062787,0,0,8,0,0,5.147515,0.675,-159.08975870319526,-273.9409139554937,-175.14858847882843,-159.08975870319526,-274.801942986949,-273.9409139554937,0.0,0.0,0.0,0.0,0.0,0.0,0.0,159.08975870319526,0.0,0.0,273.9409139554937,0.0,0.0,0.0,0.0,0.0,0.0,0.0,0.0,0,0,-159.08975870319526,-273.9409139554937,0.0,0.0,0.0,0.0,0.0,0.0,0.0,0.0,0.0,0.0,0.0,0.0,0.0,0.0,0.0,0.0,0.0,0.0,0.0,0.0,0.0,0.0,0.0,0.0,0.0,0.0,0.0,0.0,0.0
1784671658.7129197,314825.6065595,0,0,8,0,0,5.15001,0.772,-159.7471771104064,-274.09037960780296,-172.8477013531243,-159.7471771104064,-273.97944465412166,-274.09037960780296,0.0,0.0,0.0,0.0,0.0,0.0,0.0,159.7471771104064,0.0,0.0,274.09037960780296,0.0,0.0,0.0,0.0,0.0,0.0,0.0,0.0,0,0,-159.7471771104064,-274.09037960780296,0.0,0.0,0.0,0.0,0.0,0.0,0.0,0.0,0.0,0.0,0.0,0.0,0.0,0.0,0.0,0.0,0.0,0.0,0.0,0.0,0.0,0.0,0.0,0.0,0.0,0.0,0.0,0.0,0.0
1784671658.713241,314825.6068816,0,0,8,0,0,5.152566,0.927,-160.40575173727075,-274.506920435395,-177.30919697551258,-160.40575173727075,-274.8894428095901,-274.506920435395,0.0,0.0,0.0,0.0,0.0,0.0,0.0,160.40575173727075,0.0,0.0,274.506920435395,0.0,0.0,0.0,0.0,0.0,0.0,0.0,0.0,0,0,-160.40575173727075,-274.506920435395,0.0,0.0,0.0,0.0,0.0,0.0,0.0,0.0,0.0,0.0,0.0,0.0,0.0,0.0,0.0,0.0,0.0,0.0,0.0,0.0,0.0,0.0,0.0,0.0,0.0,0.0,0.0,0.0,0.0
1784671658.7135973,314825.6072373,0,0,8,0,0,5.15501,0.968,-161.06758548890716,-275.6986325062998,179.98205206923703,-161.06758548890716,-276.193190166944,-275.6986325062998,0.0,0.0,0.0,0.0,0.0,0.0,0.0,161.06758548890716,0.0,0.0,275.6986325062998,0.0,0.0,0.0,0.0,0.0,0.0,0.0,0.0,0,0,-161.06758548890716,-275.6986325062998,0.0,0.0,0.0,0.0,0.0,0.0,0.0,0.0,0.0,0.0,0.0,0.0,0.0,0.0,0.0,0.0,0.0,0.0,0.0,0.0,0.0,0.0,0.0,0.0,0.0,0.0,0.0,0.0,0.0
1784671658.7143586,314825.6079996,0,0,8,0,0,5.15751,1.07,-161.72804943300082,-275.13022445962963,-173.9809577048544,-161.72804943300082,-274.60944337713835,-275.13022445962963,0.0,0.0,0.0,0.0,0.0,0.0,0.0,161.72804943300082,0.0,0.0,275.13022445962963,0.0,0.0,0.0,0.0,0.0,0.0,0.0,0.0,0,0,-161.72804943300082,-275.13022445962963,0.0,0.0,0.0,0.0,0.0,0.0,0.0,0.0,0.0,0.0,0.0,0.0,0.0,0.0,0.0,0.0,0.0,0.0,0.0,0.0,0.0,0.0,0.0,0.0,0.0,0.0,0.0,0.0,0.0
1784671658.7165315,314825.6101699,0,0,8,0,0,5.160009,1.166,-162.3870135851304,-274.0423008292933,-179.88974340740396,-162.3870135851304,-273.7169451861981,-274.0423008292933,0.0,0.0,0.0,0.0,0.0,0.0,0.0,162.3870135851304,0.0,0.0,274.0423008292933,0.0,0.0,0.0,0.0,0.0,0.0,0.0,0.0,0,0,-162.3870135851304,-274.0423008292933,0.0,0.0,0.0,0.0,0.0,0.0,0.0,0.0,0.0,0.0,0.0,0.0,0.0,0.0,0.0,0.0,0.0,0.0,0.0,0.0,0.0,0.0,0.0,0.0,0.0,0.0,0.0,0.0,0.0
1784671658.71919,314825.6128297,0,0,8,0,0,5.162509,0.062,-163.3761979354351,-274.67562542819326,-175.66057426566414,-163.37619793543513,-274.7669430578925,-274.67562542819326,0.0,0.0,0.0,0.0,0.0,0.0,0.0,163.3761979354351,0.0,0.0,274.67562542819326,0.0,0.0,0.0,0.0,0.0,0.0,0.0,0.0,0,0,-163.3761979354351,-274.67562542819326,0.0,0.0,0.0,0.0,0.0,0.0,0.0,0.0,0.0,0.0,0.0,0.0,0.0,0.0,0.0,0.0,0.0,0.0,0.0,0.0,0.0,0.0,0.0,0.0,0.0,0.0,0.0,0.0,0.0
1784671658.7215185,314825.6151569,0,0,8,0,0,5.165009,0.166,-164.0317612957109,-273.0613907107689,-174.62571085564045,-164.03176129571088,-272.08944848507184,-273.0613907107689,0.0,0.0,0.0,0.0,0.0,0.0,0.0,164.0317612957109,0.0,0.0,273.0613907107689,0.0,0.0,0.0,0.0,0.0,0.0,0.0,0.0,0,0,-164.0317612957109,-273.0613907107689,0.0,0.0,0.0,0.0,0.0,0.0,0.0,0.0,0.0,0.0,0.0,0.0,0.0,0.0,0.0,0.0,0.0,0.0,0.0,0.0,0.0,0.0,0.0,0.0,0.0,0.0,0.0,0.0,0.0
1784671658.7243147,314825.617954,0,0,8,0,0,5.167509,0.262,-164.6855442606427,-271.8213306807047,178.29917967751504,-164.6855442606427,-271.5819495137529,-271.8213306807047,0.0,0.0,0.0,0.0,0.0,0.0,0.0,164.6855442606427,0.0,0.0,271.8213306807047,0.0,0.0,0.0,0.0,0.0,0.0,0.0,0.0,0,0,-164.6855442606427,-271.8213306807047,0.0,0.0,0.0,0.0,0.0,0.0,0.0,0.0,0.0,0.0,0.0,0.0,0.0,0.0,0.0,0.0,0.0,0.0,0.0,0.0,0.0,0.0,0.0,0.0,0.0,0.0,0.0,0.0,0.0
1784671658.7266948,314825.6203358,0,0,8,0,0,5.170009,0.363,-165.337994044388,-271.8412941588167,-176.73485802762403,-165.33799404438804,-271.6169494428093,-271.8412941588167,0.0,0.0,0.0,0.0,0.0,0.0,0.0,165.337994044388,0.0,0.0,271.8412941588167,0.0,0.0,0.0,0.0,0.0,0.0,0.0,0.0,0,0,-165.337994044388,-271.8412941588167,0.0,0.0,0.0,0.0,0.0,0.0,0.0,0.0,0.0,0.0,0.0,0.0,0.0,0.0,0.0,0.0,0.0,0.0,0.0,0.0,0.0,0.0,0.0,0.0,0.0,0.0,0.0,0.0,0.0
1784671658.729127,314825.6227646,0,0,8,0,0,5.172509,0.464,-165.9880465567809,-270.7230675616336,-175.47229974487314,-165.98804655678086,-270.28695213866314,-270.7230675616336,0.0,0.0,0.0,0.0,0.0,0.0,0.0,165.9880465567809,0.0,0.0,270.7230675616336,0.0,0.0,0.0,0.0,0.0,0.0,0.0,0.0,0,0,-165.9880465567809,-270.7230675616336,0.0,0.0,0.0,0.0,0.0,0.0,0.0,0.0,0.0,0.0,0.0,0.0,0.0,0.0,0.0,0.0,0.0,0.0,0.0,0.0,0.0,0.0,0.0,0.0,0.0,0.0,0.0,0.0,0.0
1784671658.731627,314825.6252658,0,0,8,0,0,5.175008,0.5609999999999999,-166.6382468073242,-270.6212283196569,-177.78571949064977,-166.63824680732418,-270.496951713002,-270.6212283196569,0.0,0.0,0.0,0.0,0.0,0.0,0.0,166.6382468073242,0.0,0.0,270.6212283196569,0.0,0.0,0.0,0.0,0.0,0.0,0.0,0.0,0,0,-166.6382468073242,-270.6212283196569,0.0,0.0,0.0,0.0,0.0,0.0,0.0,0.0,0.0,0.0,0.0,0.0,0.0,0.0,0.0,0.0,0.0,0.0,0.0,0.0,0.0,0.0,0.0,0.0,0.0,0.0,0.0,0.0,0.0
1784671658.7357476,314825.6293863,0,0,8,0,0,5.177509,0.66,-167.28476970692924,-268.5051558514639,-171.263848595145,-167.28476970692924,-267.3382081156547,-268.5051558514639,0.0,0.0,0.0,0.0,0.0,0.0,0.0,167.28476970692924,0.0,0.0,268.5051558514639,0.0,0.0,0.0,0.0,0.0,0.0,0.0,0.0,0,0,-167.28476970692924,-268.5051558514639,0.0,0.0,0.0,0.0,0.0,0.0,0.0,0.0,0.0,0.0,0.0,0.0,0.0,0.0,0.0,0.0,0.0,0.0,0.0,0.0,0.0,0.0,0.0,0.0,0.0,0.0,0.0,0.0,0.0
1784671658.7367103,314825.6303487,0,0,8,0,0,5.180011,0.709,-167.93945202298212,-266.510183867791,-174.90217739621505,-167.93945202298212,-265.85071113075435,-266.510183867791,0.0,0.0,0.0,0.0,0.0,0.0,0.0,167.93945202298212,0.0,0.0,266.510183867791,0.0,0.0,0.0,0.0,0.0,0.0,0.0,0.0,0,0,-167.93945202298212,-266.510183867791,0.0,0.0,0.0,0.0,0.0,0.0,0.0,0.0,0.0,0.0,0.0,0.0,0.0,0.0,0.0,0.0,0.0,0.0,0.0,0.0,0.0,0.0,0.0,0.0,0.0,0.0,0.0,0.0,0.0
1784671658.7390106,314825.6326515,0,0,8,0,0,5.182512,0.754,-168.59315864585727,-266.08986111229007,-179.8467129252142,-168.5931586458573,-265.9557109179238,-266.08986111229007,0.0,0.0,0.0,0.0,0.0,0.0,0.0,168.59315864585727,0.0,0.0,266.08986111229007,0.0,0.0,0.0,0.0,0.0,0.0,0.0,0.0,0,0,-168.59315864585727,-266.08986111229007,0.0,0.0,0.0,0.0,0.0,0.0,0.0,0.0,0.0,0.0,0.0,0.0,0.0,0.0,0.0,0.0,0.0,0.0,0.0,0.0,0.0,0.0,0.0,0.0,0.0,0.0,0.0,0.0,0.0
1784671658.7416213,314825.6352607,0,0,8,0,0,5.185074,0.918,-169.22921848587748,-264.8245377315956,-176.61332980578132,-169.22921848587748,-264.074464731138,-264.8245377315956,0.0,0.0,0.0,0.0,0.0,0.0,0.0,169.22921848587748,0.0,0.0,264.8245377315956,0.0,0.0,0.0,0.0,0.0,0.0,0.0,0.0,0,0,-169.22921848587748,-264.8245377315956,0.0,0.0,0.0,0.0,0.0,0.0,0.0,0.0,0.0,0.0,0.0,0.0,0.0,0.0,0.0,0.0,0.0,0.0,0.0,0.0,0.0,0.0,0.0,0.0,0.0,0.0,0.0,0.0,0.0
1784671658.7440698,314825.6377104,0,0,8,0,0,5.187513,0.955,-169.8607578363323,-262.2561037310048,-178.56738710896465,-169.8607578363323,-261.07322081454487,-262.2561037310048,0.0,0.0,0.0,0.0,0.0,0.0,0.0,169.8607578363323,0.0,0.0,262.2561037310048,0.0,0.0,0.0,0.0,0.0,0.0,0.0,0.0,0,0,-169.8607578363323,-262.2561037310048,0.0,0.0,0.0,0.0,0.0,0.0,0.0,0.0,0.0,0.0,0.0,0.0,0.0,0.0,0.0,0.0,0.0,0.0,0.0,0.0,0.0,0.0,0.0,0.0,0.0,0.0,0.0,0.0,0.0
1784671658.8286345,314825.722273,0,0,8,0,0,5.192512,1.152,-171.1050589749701,-257.39909975666006,178.68077648703417,-171.10505897497006,-256.34823039192014,-257.39909975666006,0.0,0.0,0.0,0.0,0.0,0.0,0.0,171.1050589749701,0.0,0.0,257.39909975666006,0.0,0.0,0.0,0.0,0.0,0.0,0.0,0.0,0,0,-171.1050589749701,-257.39909975666006,0.0,0.0,0.0,0.0,0.0,0.0,0.0,0.0,0.0,0.0,0.0,0.0,0.0,0.0,0.0,0.0,0.0,0.0,0.0,0.0,0.0,0.0,0.0,0.0,0.0,0.0,0.0,0.0,0.0
1784671658.8288443,314825.7224847,0,0,8,0,0,5.195015,0.053,-172.02135048969294,-252.6462172785759,-178.04035180095883,-172.02135048969296,-251.08074106892,-252.6462172785759,0.0,0.0,0.0,0.0,0.0,0.0,0.0,172.02135048969294,0.0,0.0,252.6462172785759,0.0,0.0,0.0,0.0,0.0,0.0,0.0,0.0,0,0,-172.02135048969294,-252.6462172785759,0.0,0.0,0.0,0.0,0.0,0.0,0.0,0.0,0.0,0.0,0.0,0.0,0.0,0.0,0.0,0.0,0.0,0.0,0.0,0.0,0.0,0.0,0.0,0.0,0.0,0.0,0.0,0.0,0.0
1784671658.8292923,314825.7229307,0,0,8,0,0,5.197512,0.151,-172.62299761656993,-250.22738654186185,178.34115668001618,-172.62299761656993,-249.22574482892657,-250.22738654186185,0.0,0.0,0.0,0.0,0.0,0.0,0.0,172.62299761656993,0.0,0.0,250.22738654186185,0.0,0.0,0.0,0.0,0.0,0.0,0.0,0.0,0,0,-172.62299761656993,-250.22738654186185,0.0,0.0,0.0,0.0,0.0,0.0,0.0,0.0,0.0,0.0,0.0,0.0,0.0,0.0,0.0,0.0,0.0,0.0,0.0,0.0,0.0,0.0,0.0,0.0,0.0,0.0,0.0,0.0,0.0
1784671658.8295643,314825.7232047,0,0,8,0,0,5.200012,0.2489999999999999,-173.21995415957898,-247.86641661947823,-178.1719668676583,-173.21995415957898,-246.6969999545959,-247.86641661947823,0.0,0.0,0.0,0.0,0.0,0.0,0.0,173.21995415957898,0.0,0.0,247.86641661947823,0.0,0.0,0.0,0.0,0.0,0.0,0.0,0.0,0,0,-173.21995415957898,-247.86641661947823,0.0,0.0,0.0,0.0,0.0,0.0,0.0,0.0,0.0,0.0,0.0,0.0,0.0,0.0,0.0,0.0,0.0,0.0,0.0,0.0,0.0,0.0,0.0,0.0,0.0,0.0,0.0,0.0,0.0
1784671658.8297205,314825.7233614,0,0,8,0,0,5.202512,0.348,-173.81068483133808,-245.42582412355264,-178.05643027771018,-173.8106848313381,-244.3432547255477,-245.42582412355264,0.0,0.0,0.0,0.0,0.0,0.0,0.0,173.81068483133808,0.0,0.0,245.42582412355264,0.0,0.0,0.0,0.0,0.0,0.0,0.0,0.0,0,0,-173.81068483133808,-245.42582412355264,0.0,0.0,0.0,0.0,0.0,0.0,0.0,0.0,0.0,0.0,0.0,0.0,0.0,0.0,0.0,0.0,0.0,0.0,0.0,0.0,0.0,0.0,0.0,0.0,0.0,0.0,0.0,0.0,0.0
1784671658.8298588,314825.7234997,0,0,8,0,0,5.205012,0.448,-174.3951004354458,-242.83136952127091,-174.81788568242902,-174.3951004354458,-241.63076022367048,-242.83136952127091,0.0,0.0,0.0,0.0,0.0,0.0,0.0,174.3951004354458,0.0,0.0,242.83136952127091,0.0,0.0,0.0,0.0,0.0,0.0,0.0,0.0,0,0,-174.3951004354458,-242.83136952127091,0.0,0.0,0.0,0.0,0.0,0.0,0.0,0.0,0.0,0.0,0.0,0.0,0.0,0.0,0.0,0.0,0.0,0.0,0.0,0.0,0.0,0.0,0.0,0.0,0.0,0.0,0.0,0.0,0.0
1784671658.8301616,314825.7238029,0,0,8,0,0,5.207518,0.553,-174.97137199478226,-238.9356146396388,-174.535096681041,-174.97137199478226,-237.01951957047933,-238.9356146396388,0.0,0.0,0.0,0.0,0.0,0.0,0.0,174.97137199478226,0.0,0.0,238.9356146396388,0.0,0.0,0.0,0.0,0.0,0.0,0.0,0.0,0,0,-174.97137199478226,-238.9356146396388,0.0,0.0,0.0,0.0,0.0,0.0,0.0,0.0,0.0,0.0,0.0,0.0,0.0,0.0,0.0,0.0,0.0,0.0,0.0,0.0,0.0,0.0,0.0,0.0,0.0,0.0,0.0,0.0,0.0
1784671658.8302803,314825.7239216,0,0,8,0,0,5.210016,0.6489999999999999,-175.53550166776174,-233.7373048053672,-178.29836631253823,-175.53550166776174,-231.74328026521505,-233.7373048053672,0.0,0.0,0.0,0.0,0.0,0.0,0.0,175.53550166776174,0.0,0.0,233.7373048053672,0.0,0.0,0.0,0.0,0.0,0.0,0.0,0.0,0,0,-175.53550166776174,-233.7373048053672,0.0,0.0,0.0,0.0,0.0,0.0,0.0,0.0,0.0,0.0,0.0,0.0,0.0,0.0,0.0,0.0,0.0,0.0,0.0,0.0,0.0,0.0,0.0,0.0,0.0,0.0,0.0,0.0,0.0
1784671658.8303907,314825.7240324,0,0,8,0,0,5.212575,0.8059999999999999,-176.09172353178846,-230.0641109300452,179.283123252484,-176.09172353178846,-228.40953702258537,-230.0641109300452,0.0,0.0,0.0,0.0,0.0,0.0,0.0,176.09172353178846,0.0,0.0,230.0641109300452,0.0,0.0,0.0,0.0,0.0,0.0,0.0,0.0,0,0,-176.09172353178846,-230.0641109300452,0.0,0.0,0.0,0.0,0.0,0.0,0.0,0.0,0.0,0.0,0.0,0.0,0.0,0.0,0.0,0.0,0.0,0.0,0.0,0.0,0.0,0.0,0.0,0.0,0.0,0.0,0.0,0.0,0.0
1784671658.8305235,314825.7241645,0,0,8,0,0,5.215013,0.8450000000000001,-176.63866851905647,-226.26889238356569,179.45841423471276,-176.63866851905647,-224.5070449327879,-226.26889238356569,0.0,0.0,0.0,0.0,0.0,0.0,0.0,176.63866851905647,0.0,0.0,226.26889238356569,0.0,0.0,0.0,0.0,0.0,0.0,0.0,0.0,0,0,-176.63866851905647,-226.26889238356569,0.0,0.0,0.0,0.0,0.0,0.0,0.0,0.0,0.0,0.0,0.0,0.0,0.0,0.0,0.0,0.0,0.0,0.0,0.0,0.0,0.0,0.0,0.0,0.0,0.0,0.0,0.0,0.0,0.0
1784671658.830642,314825.7242832,0,0,8,0,0,5.217512,0.943,-177.1756072089498,-221.80097107773216,179.6611412288721,-177.1756072089498,-219.85205436827613,-221.80097107773216,0.0,0.0,0.0,0.0,0.0,0.0,0.0,177.1756072089498,0.0,0.0,221.80097107773216,0.0,0.0,0.0,0.0,0.0,0.0,0.0,0.0,0,0,-177.1756072089498,-221.80097107773216,0.0,0.0,0.0,0.0,0.0,0.0,0.0,0.0,0.0,0.0,0.0,0.0,0.0,0.0,0.0,0.0,0.0,0.0,0.0,0.0,0.0,0.0,0.0,0.0,0.0,0.0,0.0,0.0,0.0
1784671658.830757,314825.7243978,0,0,8,0,0,5.220012,1.039,-177.70266667308744,-217.35170686628643,178.75090319758695,-177.70266667308746,-215.3458135022544,-217.35170686628643,0.0,0.0,0.0,0.0,0.0,0.0,0.0,177.70266667308744,0.0,0.0,217.35170686628643,0.0,0.0,0.0,0.0,0.0,0.0,0.0,0.0,0,0,-177.70266667308744,-217.35170686628643,0.0,0.0,0.0,0.0,0.0,0.0,0.0,0.0,0.0,0.0,0.0,0.0,0.0,0.0,0.0,0.0,0.0,0.0,0.0,0.0,0.0,0.0,0.0,0.0,0.0,0.0,0.0,0.0,0.0
1784671658.83081,314825.7244517,0,0,8,0,0,5.222512,1.141,-178.21787862797723,-213.00892873237092,176.7590162929979,-178.21787862797723,-211.15457199774096,-213.00892873237092,0.0,0.0,0.0,0.0,0.0,0.0,0.0,178.21787862797723,0.0,0.0,213.00892873237092,0.0,0.0,0.0,0.0,0.0,0.0,0.0,0.0,0,0,-178.21787862797723,-213.00892873237092,0.0,0.0,0.0,0.0,0.0,0.0,0.0,0.0,0.0,0.0,0.0,0.0,0.0,0.0,0.0,0.0,0.0,0.0,0.0,0.0,0.0,0.0,0.0,0.0,0.0,0.0,0.0,0.0,0.0
1784671658.8308556,314825.7244972,0,0,8,0,0,5.225013,0.041,-178.9720217906066,-206.3666407319428,-178.2754867214664,-178.9720217906066,-204.1283362396527,-206.3666407319428,0.0,0.0,0.0,0.0,0.0,0.0,0.0,178.9720217906066,0.0,0.0,206.3666407319428,0.0,0.0,0.0,0.0,0.0,0.0,0.0,0.0,0,0,-178.9720217906066,-206.3666407319428,0.0,0.0,0.0,0.0,0.0,0.0,0.0,0.0,0.0,0.0,0.0,0.0,0.0,0.0,0.0,0.0,0.0,0.0,0.0,0.0,0.0,0.0,0.0,0.0,0.0,0.0,0.0,0.0,0.0
1784671658.8311734,314825.7248136,0,0,8,0,0,5.227512,0.1379999999999999,-179.45722312829395,-200.3007116018788,-178.5140857793882,-179.45722312829395,-197.5308496125063,-200.3007116018788,0.0,0.0,0.0,0.0,0.0,0.0,0.0,179.45722312829395,0.0,0.0,200.3007116018788,0.0,0.0,0.0,0.0,0.0,0.0,0.0,0.0,0,0,-179.45722312829395,-200.3007116018788,0.0,0.0,0.0,0.0,0.0,0.0,0.0,0.0,0.0,0.0,0.0,0.0,0.0,0.0,0.0,0.0,0.0,0.0,0.0,0.0,0.0,0.0,0.0,0.0,0.0,0.0,0.0,0.0,0.0
1784671658.831469,314825.7251088,0,0,8,0,0,5.230012,0.243,-179.92743472619526,-194.7848313824169,176.81465111888207,-179.92743472619526,-192.2983602185626,-194.7848313824169,0.0,0.0,0.0,0.0,0.0,0.0,0.0,179.92743472619526,0.0,0.0,194.7848313824169,0.0,0.0,0.0,0.0,0.0,0.0,0.0,0.0,0,0,-179.92743472619526,-194.7848313824169,0.0,0.0,0.0,0.0,0.0,0.0,0.0,0.0,0.0,0.0,0.0,0.0,0.0,0.0,0.0,0.0,0.0,0.0,0.0,0.0,0.0,0.0,0.0,0.0,0.0,0.0,0.0,0.0,0.0
1784671658.8315976,314825.7252389,0,0,8,0,0,5.232512,0.337,179.61196163194046,-190.07652207881773,-179.88464394999087,179.61196163194046,-188.00211892687972,-190.0765220788177,0.0,0.0,0.0,0.0,0.0,0.0,0.0,-179.61196163194046,0.0,0.0,190.07652207881773,0.0,0.0,0.0,0.0,0.0,0.0,0.0,0.0,0,0,179.61196163194046,-190.07652207881773,0.0,0.0,0.0,0.0,0.0,0.0,0.0,0.0,0.0,0.0,0.0,0.0,0.0,0.0,0.0,0.0,0.0,0.0,0.0,0.0,0.0,0.0,0.0,0.0,0.0,0.0,0.0,0.0,0.0
1784671658.831704,314825.7253449,0,0,8,0,0,5.23504,0.4629999999999999,179.1659646175275,-184.62487138925044,-175.52343390026033,179.1659646175275,-182.1221308453912,-184.6248713892504,0.0,0.0,0.0,0.0,0.0,0.0,0.0,-179.1659646175275,0.0,0.0,184.62487138925044,0.0,0.0,0.0,0.0,0.0,0.0,0.0,0.0,0,0,179.1659646175275,-184.62487138925044,0.0,0.0,0.0,0.0,0.0,0.0,0.0,0.0,0.0,0.0,0.0,0.0,0.0,0.0,0.0,0.0,0.0,0.0,0.0,0.0,0.0,0.0,0.0,0.0,0.0,0.0,0.0,0.0,0.0
1784671658.8318195,314825.7254605,0,0,8,0,0,5.237514,0.537,178.73390597867456,-179.69027903573294,-179.12098508336717,178.73390597867453,-177.729639748803,-179.69027903573294,0.0,0.0,0.0,0.0,0.0,0.0,0.0,-178.73390597867456,0.0,0.0,179.69027903573294,0.0,0.0,0.0,0.0,0.0,0.0,0.0,0.0,0,0,178.73390597867456,-179.69027903573294,0.0,0.0,0.0,0.0,0.0,0.0,0.0,0.0,0.0,0.0,0.0,0.0,0.0,0.0,0.0,0.0,0.0,0.0,0.0,0.0,0.0,0.0,0.0,0.0,0.0,0.0,0.0,0.0,0.0
1784671658.8322148,314825.7258546,0,0,8,0,0,5.240014,0.644,178.31249312944996,-175.72772141927786,178.62302784317592,178.31249312944996,-173.86214758806204,-175.72772141927786,0.0,0.0,0.0,0.0,0.0,0.0,0.0,-178.31249312944996,0.0,0.0,175.72772141927786,0.0,0.0,0.0,0.0,0.0,0.0,0.0,0.0,0,0,178.31249312944996,-175.72772141927786,0.0,0.0,0.0,0.0,0.0,0.0,0.0,0.0,0.0,0.0,0.0,0.0,0.0,0.0,0.0,0.0,0.0,0.0,0.0,0.0,0.0,0.0,0.0,0.0,0.0,0.0,0.0,0.0,0.0
1784671658.832494,314825.7261347,0,0,8,0,0,5.242515,0.732,177.8992455705231,-170.6524789185926,-178.82648258291766,177.8992455705231,-168.2971588680818,-170.65247891859258,0.0,0.0,0.0,0.0,0.0,0.0,0.0,-177.8992455705231,0.0,0.0,170.6524789185926,0.0,0.0,0.0,0.0,0.0,0.0,0.0,0.0,0,0,177.8992455705231,-170.6524789185926,0.0,0.0,0.0,0.0,0.0,0.0,0.0,0.0,0.0,0.0,0.0,0.0,0.0,0.0,0.0,0.0,0.0,0.0,0.0,0.0,0.0,0.0,0.0,0.0,0.0,0.0,0.0,0.0,0.0
1784671658.832743,314825.7263834,0,0,8,0,0,5.245013,0.833,177.50400344675433,-164.1759468080929,-179.19155253463111,177.50400344675433,-161.22717319867292,-164.17594680809287,0.0,0.0,0.0,0.0,0.0,0.0,0.0,-177.50400344675433,0.0,0.0,164.1759468080929,0.0,0.0,0.0,0.0,0.0,0.0,0.0,0.0,0,0,177.50400344675433,-164.1759468080929,0.0,0.0,0.0,0.0,0.0,0.0,0.0,0.0,0.0,0.0,0.0,0.0,0.0,0.0,0.0,0.0,0.0,0.0,0.0,0.0,0.0,0.0,0.0,0.0,0.0,0.0,0.0,0.0,0.0
1784671658.8329885,314825.7266289,0,0,8,0,0,5.247512,0.927,177.12351712980447,-157.47048251448928,178.24745436868776,177.12351712980447,-154.52468678435707,-157.47048251448928,0.0,0.0,0.0,0.0,0.0,0.0,0.0,-177.12351712980447,0.0,0.0,157.47048251448928,0.0,0.0,0.0,0.0,0.0,0.0,0.0,0.0,0,0,177.12351712980447,-157.47048251448928,0.0,0.0,0.0,0.0,0.0,0.0,0.0,0.0,0.0,0.0,0.0,0.0,0.0,0.0,0.0,0.0,0.0,0.0,0.0,0.0,0.0,0.0,0.0,0.0,0.0,0.0,0.0,0.0,0.0
1784671658.8331108,314825.7267521,0,0,8,0,0,5.250013,1.03,176.75911669327292,-151.23381165226743,178.16523329620645,176.75911669327292,-148.48719902211437,-151.23381165226743,0.0,0.0,0.0,0.0,0.0,0.0,0.0,-176.75911669327292,0.0,0.0,151.23381165226743,0.0,0.0,0.0,0.0,0.0,0.0,0.0,0.0,0,0,176.75911669327292,-151.23381165226743,0.0,0.0,0.0,0.0,0.0,0.0,0.0,0.0,0.0,0.0,0.0,0.0,0.0,0.0,0.0,0.0,0.0,0.0,0.0,0.0,0.0,0.0,0.0,0.0,0.0,0.0,0.0,0.0,0.0
1784671658.8332574,314825.7268988,0,0,8,0,0,5.252512,1.128,176.41497030438543,-142.02940862493796,178.61175178241322,176.41497030438543,-138.2497197730941,-142.02940862493796,0.0,0.0,0.0,0.0,0.0,0.0,0.0,-176.41497030438543,0.0,0.0,142.02940862493796,0.0,0.0,0.0,0.0,0.0,0.0,0.0,0.0,0,0,176.41497030438543,-142.02940862493796,0.0,0.0,0.0,0.0,0.0,0.0,0.0,0.0,0.0,0.0,0.0,0.0,0.0,0.0,0.0,0.0,0.0,0.0,0.0,0.0,0.0,0.0,0.0,0.0,0.0,0.0,0.0,0.0,0.0
1784671658.833372,314825.7270135,0,0,8,0,0,5.255014,0.029,175.93215594837122,-131.415474751879,176.08782107037752,175.93215594837122,-128.44973963727983,-131.415474751879,0.0,0.0,0.0,0.0,0.0,0.0,0.0,-175.93215594837122,0.0,0.0,131.415474751879,0.0,0.0,0.0,0.0,0.0,0.0,0.0,0.0,0,0,175.93215594837122,-131.415474751879,0.0,0.0,0.0,0.0,0.0,0.0,0.0,0.0,0.0,0.0,0.0,0.0,0.0,0.0,0.0,0.0,0.0,0.0,0.0,0.0,0.0,0.0,0.0,0.0,0.0,0.0,0.0,0.0,0.0
1784671658.8334892,314825.7271305,0,0,8,0,0,5.257523,0.1379999999999999,175.62890648893773,-125.4117574150326,176.34054051017506,175.62890648893773,-122.77100114786604,-125.4117574150326,0.0,0.0,0.0,0.0,0.0,0.0,0.0,-175.62890648893773,0.0,0.0,125.4117574150326,0.0,0.0,0.0,0.0,0.0,0.0,0.0,0.0,0,0,175.62890648893773,-125.4117574150326,0.0,0.0,0.0,0.0,0.0,0.0,0.0,0.0,0.0,0.0,0.0,0.0,0.0,0.0,0.0,0.0,0.0,0.0,0.0,0.0,0.0,0.0,0.0,0.0,0.0,0.0,0.0,0.0,0.0
1784671658.8336036,314825.727245,0,0,8,0,0,5.260012,0.225,175.34083610182248,-118.8851459152648,178.83050770516851,175.34083610182248,-115.86726514147549,-118.8851459152648,0.0,0.0,0.0,0.0,0.0,0.0,0.0,-175.34083610182248,0.0,0.0,118.8851459152648,0.0,0.0,0.0,0.0,0.0,0.0,0.0,0.0,0,0,175.34083610182248,-118.8851459152648,0.0,0.0,0.0,0.0,0.0,0.0,0.0,0.0,0.0,0.0,0.0,0.0,0.0,0.0,0.0,0.0,0.0,0.0,0.0,0.0,0.0,0.0,0.0,0.0,0.0,0.0,0.0,0.0,0.0
1784671658.8337166,314825.7273583,0,0,8,0,0,5.262513,0.324,175.07038309247258,-111.71868560239754,-179.29968309255025,175.07038309247258,-108.52603002187888,-111.71868560239756,0.0,0.0,0.0,0.0,0.0,0.0,0.0,-175.07038309247258,0.0,0.0,111.71868560239754,0.0,0.0,0.0,0.0,0.0,0.0,0.0,0.0,0,0,175.07038309247258,-111.71868560239754,0.0,0.0,0.0,0.0,0.0,0.0,0.0,0.0,0.0,0.0,0.0,0.0,0.0,0.0,0.0,0.0,0.0,0.0,0.0,0.0,0.0,0.0,0.0,0.0,0.0,0.0,0.0,0.0,0.0
1784671658.8338292,314825.7274704,0,0,8,0,0,5.265013,0.426,174.81717895795558,-104.85394359312964,179.4234892969542,174.81717895795558,-101.86729351888366,-104.85394359312964,0.0,0.0,0.0,0.0,0.0,0.0,0.0,-174.81717895795558,0.0,0.0,104.85394359312964,0.0,0.0,0.0,0.0,0.0,0.0,0.0,0.0,0,0,174.81717895795558,-104.85394359312964,0.0,0.0,0.0,0.0,0.0,0.0,0.0,0.0,0.0,0.0,0.0,0.0,0.0,0.0,0.0,0.0,0.0,0.0,0.0,0.0,0.0,0.0,0.0,0.0,0.0,0.0,0.0,0.0,0.0
1784671658.8339531,314825.7275943,0,0,8,0,0,5.267513,0.524,174.5793328925687,-98.39849097358804,177.65175862953842,174.5793328925687,-95.61980618230206,-98.39849097358808,0.0,0.0,0.0,0.0,0.0,0.0,0.0,-174.5793328925687,0.0,0.0,98.39849097358804,0.0,0.0,0.0,0.0,0.0,0.0,0.0,0.0,0,0,174.5793328925687,-98.39849097358804,0.0,0.0,0.0,0.0,0.0,0.0,0.0,0.0,0.0,0.0,0.0,0.0,0.0,0.0,0.0,0.0,0.0,0.0,0.0,0.0,0.0,0.0,0.0,0.0,0.0,0.0,0.0,0.0,0.0
1784671658.834074,314825.7277156,0,0,8,0,0,5.270012,0.619,174.3553278397048,-92.74732153480944,177.11863237674496,174.35532783970478,-90.30856694798128,-92.74732153480944,0.0,0.0,0.0,0.0,0.0,0.0,0.0,-174.3553278397048,0.0,0.0,92.74732153480944,0.0,0.0,0.0,0.0,0.0,0.0,0.0,0.0,0,0,174.3553278397048,-92.74732153480944,0.0,0.0,0.0,0.0,0.0,0.0,0.0,0.0,0.0,0.0,0.0,0.0,0.0,0.0,0.0,0.0,0.0,0.0,0.0,0.0,0.0,0.0,0.0,0.0,0.0,0.0,0.0,0.0,0.0
1784671658.8341882,314825.7278297,0,0,8,0,0,5.272513,0.722,174.1479767877472,-84.90713115147257,178.51142723679672,174.1479767877472,-80.4560869185823,-84.90713115147258,0.0,0.0,0.0,0.0,0.0,0.0,0.0,-174.1479767877472,0.0,0.0,84.90713115147257,0.0,0.0,0.0,0.0,0.0,0.0,0.0,0.0,0,0,174.1479767877472,-84.90713115147257,0.0,0.0,0.0,0.0,0.0,0.0,0.0,0.0,0.0,0.0,0.0,0.0,0.0,0.0,0.0,0.0,0.0,0.0,0.0,0.0,0.0,0.0,0.0,0.0,0.0,0.0,0.0,0.0,0.0
1784671658.8343034,314825.7279447,0,0,8,0,0,5.275012,0.8180000000000001,173.96228839933588,-76.01709663877674,-179.30875857646444,173.96228839933588,-72.11735382087606,-76.01709663877674,0.0,0.0,0.0,0.0,0.0,0.0,0.0,-173.96228839933588,0.0,0.0,76.01709663877674,0.0,0.0,0.0,0.0,0.0,0.0,0.0,0.0,0,0,173.96228839933588,-76.01709663877674,0.0,0.0,0.0,0.0,0.0,0.0,0.0,0.0,0.0,0.0,0.0,0.0,0.0,0.0,0.0,0.0,0.0,0.0,0.0,0.0,0.0,0.0,0.0,0.0,0.0,0.0,0.0,0.0,0.0
1784671658.834414,314825.7280552,0,0,8,0,0,5.277514,0.92,173.79726216488135,-67.59140802643834,-179.3833550846117,173.79726216488135,-63.83987059901865,-67.59140802643833,0.0,0.0,0.0,0.0,0.0,0.0,0.0,-173.79726216488135,0.0,0.0,67.59140802643834,0.0,0.0,0.0,0.0,0.0,0.0,0.0,0.0,0,0,173.79726216488135,-67.59140802643834,0.0,0.0,0.0,0.0,0.0,0.0,0.0,0.0,0.0,0.0,0.0,0.0,0.0,0.0,0.0,0.0,0.0,0.0,0.0,0.0,0.0,0.0,0.0,0.0,0.0,0.0,0.0,0.0,0.0
1784671658.8364403,314825.7300815,0,0,8,0,0,5.280048,1.052,173.6519099167369,-59.49115633341457,179.09582704819238,173.6519099167369,-55.99988649036723,-59.49115633341457,0.0,0.0,0.0,0.0,0.0,0.0,0.0,-173.6519099167369,0.0,0.0,59.49115633341457,0.0,0.0,0.0,0.0,0.0,0.0,0.0,0.0,0,0,173.6519099167369,-59.49115633341457,0.0,0.0,0.0,0.0,0.0,0.0,0.0,0.0,0.0,0.0,0.0,0.0,0.0,0.0,0.0,0.0,0.0,0.0,0.0,0.0,0.0,0.0,0.0,0.0,0.0,0.0,0.0,0.0,0.0
1784671658.839053,314825.7326921,0,0,8,0,0,5.282511,1.221,173.53048447118286,-51.94554701367167,179.14299783287618,173.53048447118286,-48.3261520447341,-51.94554701367167,0.0,0.0,0.0,0.0,0.0,0.0,0.0,-173.53048447118286,0.0,0.0,51.94554701367167,0.0,0.0,0.0,0.0,0.0,0.0,0.0,0.0,0,0,173.53048447118286,-51.94554701367167,0.0,0.0,0.0,0.0,0.0,0.0,0.0,0.0,0.0,0.0,0.0,0.0,0.0,0.0,0.0,0.0,0.0,0.0,0.0,0.0,0.0,0.0,0.0,0.0,0.0,0.0,0.0,0.0,0.0
1784671658.8417048,314825.7353444,0,0,8,0,0,5.28501,0.118,173.3767228441765,-39.476944460585294,-178.59717839943568,173.3767228441765,-35.78742746025031,-39.476944460585294,0.0,0.0,0.0,0.0,0.0,0.0,0.0,-173.3767228441765,0.0,0.0,39.476944460585294,0.0,0.0,0.0,0.0,0.0,0.0,0.0,0.0,0,0,173.3767228441765,-39.476944460585294,0.0,0.0,0.0,0.0,0.0,0.0,0.0,0.0,0.0,0.0,0.0,0.0,0.0,0.0,0.0,0.0,0.0,0.0,0.0,0.0,0.0,0.0,0.0,0.0,0.0,0.0,0.0,0.0,0.0
1784671658.8441155,314825.7377555,0,0,8,0,0,5.287509,0.216,173.29911688023344,-31.276971338742285,-179.91867176574488,173.29911688023344,-27.74619375952414,-31.27697133874229,0.0,0.0,0.0,0.0,0.0,0.0,0.0,-173.29911688023344,0.0,0.0,31.276971338742285,0.0,0.0,0.0,0.0,0.0,0.0,0.0,0.0,0,0,173.29911688023344,-31.276971338742285,0.0,0.0,0.0,0.0,0.0,0.0,0.0,0.0,0.0,0.0,0.0,0.0,0.0,0.0,0.0,0.0,0.0,0.0,0.0,0.0,0.0,0.0,0.0,0.0,0.0,0.0,0.0,0.0,0.0
1784671658.849319,314825.742957,0,0,8,0,0,5.29001,0.315,173.23982151757815,-23.7755243065974,179.76925500975145,173.23982151757812,-20.48370848030464,-23.7755243065974,0.0,0.0,0.0,0.0,0.0,0.0,0.0,-173.23982151757815,0.0,0.0,23.7755243065974,0.0,0.0,0.0,0.0,0.0,0.0,0.0,0.0,0,0,173.23982151757815,-23.7755243065974,0.0,0.0,0.0,0.0,0.0,0.0,0.0,0.0,0.0,0.0,0.0,0.0,0.0,0.0,0.0,0.0,0.0,0.0,0.0,0.0,0.0,0.0,0.0,0.0,0.0,0.0,0.0,0.0,0.0
1784671658.849565,314825.7432052,0,0,8,0,0,5.292509,0.415,173.19818303772513,-16.458774622852374,-179.37756838600689,173.19818303772513,-13.18622327202866,-16.458774622852374,0.0,0.0,0.0,0.0,0.0,0.0,0.0,-173.19818303772513,0.0,0.0,16.458774622852374,0.0,0.0,0.0,0.0,0.0,0.0,0.0,0.0,0,0,173.19818303772513,-16.458774622852374,0.0,0.0,0.0,0.0,0.0,0.0,0.0,0.0,0.0,0.0,0.0,0.0,0.0,0.0,0.0,0.0,0.0,0.0,0.0,0.0,0.0,0.0,0.0,0.0,0.0,0.0,0.0,0.0,0.0
1784671658.85754,314825.7511784,0,0,8,0,0,5.295009,0.509,173.1803506006288,-6.0178780406627865,-179.2658150941728,173.18035060062883,-1.8812461867857744,-6.0178780406627865,0.0,0.0,0.0,0.0,0.0,0.0,0.0,-173.1803506006288,0.0,0.0,6.0178780406627865,0.0,0.0,0.0,0.0,0.0,0.0,0.0,0.0,0,0,173.1803506006288,-6.0178780406627865,0.0,0.0,0.0,0.0,0.0,0.0,0.0,0.0,0.0,0.0,0.0,0.0,0.0,0.0,0.0,0.0,0.0,0.0,0.0,0.0,0.0,0.0,0.0,0.0,0.0,0.0,0.0,0.0,0.0
1784671658.934487,314825.828126,0,0,8,0,0,5.30001,0.7110000000000001,173.2028993507013,9.228212008894488,178.97696981133217,173.2028993507013,12.39872486825787,9.228212008894486,0.0,0.0,0.0,0.0,0.0,0.0,0.0,-173.2028993507013,0.0,0.0,-9.228212008894488,0.0,0.0,0.0,0.0,0.0,0.0,0.0,0.0,0,0,173.2028993507013,9.228212008894488,0.0,0.0,0.0,0.0,0.0,0.0,0.0,0.0,0.0,0.0,0.0,0.0,0.0,0.0,0.0,0.0,0.0,0.0,0.0,0.0,0.0,0.0,0.0,0.0,0.0,0.0,0.0,0.0,0.0
1784671658.934708,314825.8283495,0,0,8,0,0,5.302509,0.799,173.2401008058306,16.2156778045594,178.9279234110849,173.2401008058306,19.258710963327857,16.2156778045594,0.0,0.0,0.0,0.0,0.0,0.0,0.0,-173.2401008058306,0.0,0.0,-16.2156778045594,0.0,0.0,0.0,0.0,0.0,0.0,0.0,0.0,0,0,173.2401008058306,16.2156778045594,0.0,0.0,0.0,0.0,0.0,0.0,0.0,0.0,0.0,0.0,0.0,0.0,0.0,0.0,0.0,0.0,0.0,0.0,0.0,0.0,0.0,0.0,0.0,0.0,0.0,0.0,0.0,0.0,0.0
1784671658.9348488,314825.82849,0,0,8,0,0,5.305009,0.91,173.29274782563036,22.72862395075066,177.99352459802924,173.29274782563036,25.64619801613537,22.72862395075066,0.0,0.0,0.0,0.0,0.0,0.0,0.0,-173.29274782563036,0.0,0.0,-22.72862395075066,0.0,0.0,0.0,0.0,0.0,0.0,0.0,0.0,0,0,173.29274782563036,22.72862395075066,0.0,0.0,0.0,0.0,0.0,0.0,0.0,0.0,0.0,0.0,0.0,0.0,0.0,0.0,0.0,0.0,0.0,0.0,0.0,0.0,0.0,0.0,0.0,0.0,0.0,0.0,0.0,0.0,0.0
1784671658.9349806,314825.828622,0,0,8,0,0,5.307509,1.006,173.3609477764351,28.91234387031144,176.96003756806056,173.3609477764351,31.54368606215217,28.91234387031144,0.0,0.0,0.0,0.0,0.0,0.0,0.0,-173.3609477764351,0.0,0.0,-28.91234387031144,0.0,0.0,0.0,0.0,0.0,0.0,0.0,0.0,0,0,173.3609477764351,28.91234387031144,0.0,0.0,0.0,0.0,0.0,0.0,0.0,0.0,0.0,0.0,0.0,0.0,0.0,0.0,0.0,0.0,0.0,0.0,0.0,0.0,0.0,0.0,0.0,0.0,0.0,0.0,0.0,0.0,0.0
1784671658.9351163,314825.8287577,0,0,8,0,0,5.310012,1.109,173.4434455542224,34.939219741367395,177.24852366261004,173.4434455542224,37.61617375345136,34.93921974136739,0.0,0.0,0.0,0.0,0.0,0.0,0.0,-173.4434455542224,0.0,0.0,-34.939219741367395,0.0,0.0,0.0,0.0,0.0,0.0,0.0,0.0,0,0,173.4434455542224,34.939219741367395,0.0,0.0,0.0,0.0,0.0,0.0,0.0,0.0,0.0,0.0,0.0,0.0,0.0,0.0,0.0,0.0,0.0,0.0,0.0,0.0,0.0,0.0,0.0,0.0,0.0,0.0,0.0,0.0,0.0
1784671658.9352543,314825.8288954,0,0,8,0,0,5.312513,1.21,173.54010878814788,40.76369981971837,176.69597792226332,173.54010878814788,43.32991217192165,40.76369981971836,0.0,0.0,0.0,0.0,0.0,0.0,0.0,-173.54010878814788,0.0,0.0,-40.76369981971837,0.0,0.0,0.0,0.0,0.0,0.0,0.0,0.0,0,0,173.54010878814788,40.76369981971837,0.0,0.0,0.0,0.0,0.0,0.0,0.0,0.0,0.0,0.0,0.0,0.0,0.0,0.0,0.0,0.0,0.0,0.0,0.0,0.0,0.0,0.0,0.0,0.0,0.0,0.0,0.0,0.0,0.0
1784671658.9354093,314825.8290504,0,0,8,0,0,5.31501,0.107,173.71149626273953,50.18048683091887,175.4257810401461,173.71149626273953,53.70739113716783,50.18048683091887,0.0,0.0,0.0,0.0,0.0,0.0,0.0,-173.71149626273953,0.0,0.0,-50.18048683091887,0.0,0.0,0.0,0.0,0.0,0.0,0.0,0.0,0,0,173.71149626273953,50.18048683091887,0.0,0.0,0.0,0.0,0.0,0.0,0.0,0.0,0.0,0.0,0.0,0.0,0.0,0.0,0.0,0.0,0.0,0.0,0.0,0.0,0.0,0.0,0.0,0.0,0.0,0.0,0.0,0.0,0.0
1784671658.9355445,314825.8291859,0,0,8,0,0,5.317565,0.261,173.84515691600294,56.403118058903736,174.87095335171932,173.84515691600294,59.03613033601683,56.403118058903736,0.0,0.0,0.0,0.0,0.0,0.0,0.0,-173.84515691600294,0.0,0.0,-56.403118058903736,0.0,0.0,0.0,0.0,0.0,0.0,0.0,0.0,0,0,173.84515691600294,56.403118058903736,0.0,0.0,0.0,0.0,0.0,0.0,0.0,0.0,0.0,0.0,0.0,0.0,0.0,0.0,0.0,0.0,0.0,0.0,0.0,0.0,0.0,0.0,0.0,0.0,0.0,0.0,0.0,0.0,0.0
1784671658.9356797,314825.829321,0,0,8,0,0,5.32001,0.303,173.9910717215707,61.4512253839019,174.1369855680689,173.99107172157068,63.63862100694389,61.4512253839019,0.0,0.0,0.0,0.0,0.0,0.0,0.0,-173.9910717215707,0.0,0.0,-61.4512253839019,0.0,0.0,0.0,0.0,0.0,0.0,0.0,0.0,0,0,173.9910717215707,61.4512253839019,0.0,0.0,0.0,0.0,0.0,0.0,0.0,0.0,0.0,0.0,0.0,0.0,0.0,0.0,0.0,0.0,0.0,0.0,0.0,0.0,0.0,0.0,0.0,0.0,0.0,0.0,0.0,0.0,0.0
1784671658.9358284,314825.8294694,0,0,8,0,0,5.32251,0.4009999999999999,174.1482320246465,66.3759377720154,173.41819679073657,174.14823202464646,68.49486116353042,66.3759377720154,0.0,0.0,0.0,0.0,0.0,0.0,0.0,-174.1482320246465,0.0,0.0,-66.3759377720154,0.0,0.0,0.0,0.0,0.0,0.0,0.0,0.0,0,0,174.1482320246465,66.3759377720154,0.0,0.0,0.0,0.0,0.0,0.0,0.0,0.0,0.0,0.0,0.0,0.0,0.0,0.0,0.0,0.0,0.0,0.0,0.0,0.0,0.0,0.0,0.0,0.0,0.0,0.0,0.0,0.0,0.0
1784671658.9359107,314825.8295519,0,0,8,0,0,5.325009,0.501,174.31553248676772,70.95193155808286,172.0762528347319,174.31553248676772,73.00110202955216,70.95193155808286,0.0,0.0,0.0,0.0,0.0,0.0,0.0,-174.31553248676772,0.0,0.0,-70.95193155808286,0.0,0.0,0.0,0.0,0.0,0.0,0.0,0.0,0,0,174.31553248676772,70.95193155808286,0.0,0.0,0.0,0.0,0.0,0.0,0.0,0.0,0.0,0.0,0.0,0.0,0.0,0.0,0.0,0.0,0.0,0.0,0.0,0.0,0.0,0.0,0.0,0.0,0.0,0.0,0.0,0.0,0.0
1784671658.9361477,314825.8297868,0,0,8,0,0,5.327509,0.6,174.49291812977282,75.32958142944541,171.69471966724902,174.49291812977282,77.24484342765031,75.32958142944541,0.0,0.0,0.0,0.0,0.0,0.0,0.0,-174.49291812977282,0.0,0.0,-75.32958142944541,0.0,0.0,0.0,0.0,0.0,0.0,0.0,0.0,0,0,174.49291812977282,75.32958142944541,0.0,0.0,0.0,0.0,0.0,0.0,0.0,0.0,0.0,0.0,0.0,0.0,0.0,0.0,0.0,0.0,0.0,0.0,0.0,0.0,0.0,0.0,0.0,0.0,0.0,0.0,0.0,0.0,0.0
1784671658.9363756,314825.8300166,0,0,8,0,0,5.33001,0.691,174.68014827059042,79.35970750355946,170.7721896641503,174.68014827059042,81.12983555291953,79.35970750355946,0.0,0.0,0.0,0.0,0.0,0.0,0.0,-174.68014827059042,0.0,0.0,-79.35970750355946,0.0,0.0,0.0,0.0,0.0,0.0,0.0,0.0,0,0,174.68014827059042,79.35970750355946,0.0,0.0,0.0,0.0,0.0,0.0,0.0,0.0,0.0,0.0,0.0,0.0,0.0,0.0,0.0,0.0,0.0,0.0,0.0,0.0,0.0,0.0,0.0,0.0,0.0,0.0,0.0,0.0,0.0
1784671658.9365263,314825.8301676,0,0,8,0,0,5.33251,0.799,174.87489093422508,83.36051066068859,170.14463657296216,174.87489093422508,85.18107734120703,83.36051066068859,0.0,0.0,0.0,0.0,0.0,0.0,0.0,-174.87489093422508,0.0,0.0,-83.36051066068859,0.0,0.0,0.0,0.0,0.0,0.0,0.0,0.0,0,0,174.87489093422508,83.36051066068859,0.0,0.0,0.0,0.0,0.0,0.0,0.0,0.0,0.0,0.0,0.0,0.0,0.0,0.0,0.0,0.0,0.0,0.0,0.0,0.0,0.0,0.0,0.0,0.0,0.0,0.0,0.0,0.0,0.0
1784671658.9366682,314825.8303093,0,0,8,0,0,5.335009,0.896,175.0795464848275,87.04594269488815,169.66007568005944,175.0795464848275,88.6460703177985,87.04594269488815,0.0,0.0,0.0,0.0,0.0,0.0,0.0,-175.0795464848275,0.0,0.0,-87.04594269488815,0.0,0.0,0.0,0.0,0.0,0.0,0.0,0.0,0,0,175.0795464848275,87.04594269488815,0.0,0.0,0.0,0.0,0.0,0.0,0.0,0.0,0.0,0.0,0.0,0.0,0.0,0.0,0.0,0.0,0.0,0.0,0.0,0.0,0.0,0.0,0.0,0.0,0.0,0.0,0.0,0.0,0.0
1784671658.9368255,314825.8304669,0,0,8,0,0,5.33751,0.998,175.29503696389597,91.77064564506712,169.36229691485136,175.29503696389597,93.55481036796976,91.7706456450671,0.0,0.0,0.0,0.0,0.0,0.0,0.0,-175.29503696389597,0.0,0.0,-91.77064564506712,0.0,0.0,0.0,0.0,0.0,0.0,0.0,0.0,0,0,175.29503696389597,91.77064564506712,0.0,0.0,0.0,0.0,0.0,0.0,0.0,0.0,0.0,0.0,0.0,0.0,0.0,0.0,0.0,0.0,0.0,0.0,0.0,0.0,0.0,0.0,0.0,0.0,0.0,0.0,0.0,0.0,0.0
1784671658.936972,314825.8306131,0,0,8,0,0,5.340009,1.087,175.52046592156552,95.32927270009064,168.561698868402,175.52046592156552,96.8273037347506,95.32927270009064,0.0,0.0,0.0,0.0,0.0,0.0,0.0,-175.52046592156552,0.0,0.0,-95.32927270009064,0.0,0.0,0.0,0.0,0.0,0.0,0.0,0.0,0,0,175.52046592156552,95.32927270009064,0.0,0.0,0.0,0.0,0.0,0.0,0.0,0.0,0.0,0.0,0.0,0.0,0.0,0.0,0.0,0.0,0.0,0.0,0.0,0.0,0.0,0.0,0.0,0.0,0.0,0.0,0.0,0.0,0.0
1784671658.9371078,314825.830749,0,0,8,0,0,5.342508,1.192,175.75184859151406,98.35709882974136,167.92839212164046,175.75184859151406,99.72354786417428,98.35709882974132,0.0,0.0,0.0,0.0,0.0,0.0,0.0,-175.75184859151406,0.0,0.0,-98.35709882974136,0.0,0.0,0.0,0.0,0.0,0.0,0.0,0.0,0,0,175.75184859151406,98.35709882974136,0.0,0.0,0.0,0.0,0.0,0.0,0.0,0.0,0.0,0.0,0.0,0.0,0.0,0.0,0.0,0.0,0.0,0.0,0.0,0.0,0.0,0.0,0.0,0.0,0.0,0.0,0.0,0.0,0.0
1784671658.9372451,314825.8308864,0,0,8,0,0,5.345009,0.094,176.11321011494653,102.81405642599076,167.53425561656937,176.1132101149465,104.10728897849832,102.81405642599074,0.0,0.0,0.0,0.0,0.0,0.0,0.0,-176.11321011494653,0.0,0.0,-102.81405642599076,0.0,0.0,0.0,0.0,0.0,0.0,0.0,0.0,0,0,176.11321011494653,102.81405642599076,0.0,0.0,0.0,0.0,0.0,0.0,0.0,0.0,0.0,0.0,0.0,0.0,0.0,0.0,0.0,0.0,0.0,0.0,0.0,0.0,0.0,0.0,0.0,0.0,0.0,0.0,0.0,0.0,0.0
1784671658.9374156,314825.8310566,0,0,8,0,0,5.347509,0.193,176.36266625737522,105.5680904643411,167.3134119588953,176.36266625737522,106.86353339169612,105.5680904643411,0.0,0.0,0.0,0.0,0.0,0.0,0.0,-176.36266625737522,0.0,0.0,-105.5680904643411,0.0,0.0,0.0,0.0,0.0,0.0,0.0,0.0,0,0,176.36266625737522,105.5680904643411,0.0,0.0,0.0,0.0,0.0,0.0,0.0,0.0,0.0,0.0,0.0,0.0,0.0,0.0,0.0,0.0,0.0,0.0,0.0,0.0,0.0,0.0,0.0,0.0,0.0,0.0,0.0,0.0,0.0
1784671658.9375489,314825.83119,0,0,8,0,0,5.350047,0.326,176.61928314639746,108.34675569017628,167.06824181783028,176.61928314639746,109.59352785810152,108.34675569017628,0.0,0.0,0.0,0.0,0.0,0.0,0.0,-176.61928314639746,0.0,0.0,-108.34675569017628,0.0,0.0,0.0,0.0,0.0,0.0,0.0,0.0,0,0,176.61928314639746,108.34675569017628,0.0,0.0,0.0,0.0,0.0,0.0,0.0,0.0,0.0,0.0,0.0,0.0,0.0,0.0,0.0,0.0,0.0,0.0,0.0,0.0,0.0,0.0,0.0,0.0,0.0,0.0,0.0,0.0,0.0
1784671658.9376829,314825.8313242,0,0,8,0,0,5.35251,0.393,176.88189017926078,111.28187410430893,167.06448105035028,176.88189017926078,112.59477177469462,111.2818741043089,0.0,0.0,0.0,0.0,0.0,0.0,0.0,-176.88189017926078,0.0,0.0,-111.28187410430893,0.0,0.0,0.0,0.0,0.0,0.0,0.0,0.0,0,0,176.88189017926078,111.28187410430893,0.0,0.0,0.0,0.0,0.0,0.0,0.0,0.0,0.0,0.0,0.0,0.0,0.0,0.0,0.0,0.0,0.0,0.0,0.0,0.0,0.0,0.0,0.0,0.0,0.0,0.0,0.0,0.0,0.0
1784671658.93786,314825.8315014,0,0,8,0,0,5.355009,0.49,177.152254641408,114.31862519372535,166.90094080649385,177.152254641408,115.77101533657012,114.31862519372535,0.0,0.0,0.0,0.0,0.0,0.0,0.0,-177.152254641408,0.0,0.0,-114.31862519372535,0.0,0.0,0.0,0.0,0.0,0.0,0.0,0.0,0,0,177.152254641408,114.31862519372535,0.0,0.0,0.0,0.0,0.0,0.0,0.0,0.0,0.0,0.0,0.0,0.0,0.0,0.0,0.0,0.0,0.0,0.0,0.0,0.0,0.0,0.0,0.0,0.0,0.0,0.0,0.0,0.0,0.0
1784671658.9379947,314825.8316359,0,0,8,0,0,5.357509,0.5900000000000001,177.43059857370991,118.02741506206024,166.22732518534823,177.43059857370991,119.99725677014004,118.02741506206024,0.0,0.0,0.0,0.0,0.0,0.0,0.0,-177.43059857370991,0.0,0.0,-118.02741506206024,0.0,0.0,0.0,0.0,0.0,0.0,0.0,0.0,0,0,177.43059857370991,118.02741506206024,0.0,0.0,0.0,0.0,0.0,0.0,0.0,0.0,0.0,0.0,0.0,0.0,0.0,0.0,0.0,0.0,0.0,0.0,0.0,0.0,0.0,0.0,0.0,0.0,0.0,0.0,0.0,0.0,0.0
1784671658.938124,314825.8317651,0,0,8,0,0,5.360011,0.6880000000000001,177.7175989012765,121.04983192554702,165.97915310448502,177.7175989012765,122.33350203466004,121.04983192554702,0.0,0.0,0.0,0.0,0.0,0.0,0.0,-177.7175989012765,0.0,0.0,-121.04983192554702,0.0,0.0,0.0,0.0,0.0,0.0,0.0,0.0,0,0,177.7175989012765,121.04983192554702,0.0,0.0,0.0,0.0,0.0,0.0,0.0,0.0,0.0,0.0,0.0,0.0,0.0,0.0,0.0,0.0,0.0,0.0,0.0,0.0,0.0,0.0,0.0,0.0,0.0,0.0,0.0,0.0,0.0
1784671658.9383752,314825.832015,0,0,8,0,0,5.362514,0.789,178.01093601655802,123.8099848772483,166.60701211842266,178.010936016558,125.13349635917842,123.8099848772483,0.0,0.0,0.0,0.0,0.0,0.0,0.0,-178.01093601655802,0.0,0.0,-123.8099848772483,0.0,0.0,0.0,0.0,0.0,0.0,0.0,0.0,0,0,178.01093601655802,123.8099848772483,0.0,0.0,0.0,0.0,0.0,0.0,0.0,0.0,0.0,0.0,0.0,0.0,0.0,0.0,0.0,0.0,0.0,0.0,0.0,0.0,0.0,0.0,0.0,0.0,0.0,0.0,0.0,0.0,0.0
1784671658.9385512,314825.8321925,0,0,8,0,0,5.365009,0.888,178.30977232807962,126.26059633935884,167.50150589107886,178.30977232807962,127.3209919252084,126.26059633935884,0.0,0.0,0.0,0.0,0.0,0.0,0.0,-178.30977232807962,0.0,0.0,-126.26059633935884,0.0,0.0,0.0,0.0,0.0,0.0,0.0,0.0,0,0,178.30977232807962,126.26059633935884,0.0,0.0,0.0,0.0,0.0,0.0,0.0,0.0,0.0,0.0,0.0,0.0,0.0,0.0,0.0,0.0,0.0,0.0,0.0,0.0,0.0,0.0,0.0,0.0,0.0,0.0,0.0,0.0,0.0
1784671658.9387012,314825.832342,0,0,8,0,0,5.367509,0.982,178.61558171253765,128.61747753514786,167.6149489630766,178.61558171253765,129.63098724293602,128.61747753514786,0.0,0.0,0.0,0.0,0.0,0.0,0.0,-178.61558171253765,0.0,0.0,-128.61747753514786,0.0,0.0,0.0,0.0,0.0,0.0,0.0,0.0,0,0,178.61558171253765,128.61747753514786,0.0,0.0,0.0,0.0,0.0,0.0,0.0,0.0,0.0,0.0,0.0,0.0,0.0,0.0,0.0,0.0,0.0,0.0,0.0,0.0,0.0,0.0,0.0,0.0,0.0,0.0,0.0,0.0,0.0
1784671658.9388497,314825.832491,0,0,8,0,0,5.37001,1.083,178.92588549521875,130.8153894126443,168.4373397408592,178.92588549521875,131.84473275575837,130.8153894126443,0.0,0.0,0.0,0.0,0.0,0.0,0.0,-178.92588549521875,0.0,0.0,-130.8153894126443,0.0,0.0,0.0,0.0,0.0,0.0,0.0,0.0,0,0,178.92588549521875,130.8153894126443,0.0,0.0,0.0,0.0,0.0,0.0,0.0,0.0,0.0,0.0,0.0,0.0,0.0,0.0,0.0,0.0,0.0,0.0,0.0,0.0,0.0,0.0,0.0,0.0,0.0,0.0,0.0,0.0,0.0
1784671658.9389942,314825.8326354,0,0,8,0,0,5.37251,1.185,179.2416138330004,133.1471184307763,167.94972335631226,179.2416138330004,134.11972814442953,133.1471184307763,0.0,0.0,0.0,0.0,0.0,0.0,0.0,-179.2416138330004,0.0,0.0,-133.1471184307763,0.0,0.0,0.0,0.0,0.0,0.0,0.0,0.0,0,0,179.2416138330004,133.1471184307763,0.0,0.0,0.0,0.0,0.0,0.0,0.0,0.0,0.0,0.0,0.0,0.0,0.0,0.0,0.0,0.0,0.0,0.0,0.0,0.0,0.0,0.0,0.0,0.0,0.0,0.0,0.0,0.0,0.0
1784671658.939201,314825.8328415,0,0,8,0,0,5.375009,0.083,179.7246317864842,135.90360104667917,167.2111830645969,179.72463178648422,136.5784731606472,135.90360104667917,0.0,0.0,0.0,0.0,0.0,0.0,0.0,-179.7246317864842,0.0,0.0,-135.90360104667917,0.0,0.0,0.0,0.0,0.0,0.0,0.0,0.0,0,0,179.7246317864842,135.90360104667917,0.0,0.0,0.0,0.0,0.0,0.0,0.0,0.0,0.0,0.0,0.0,0.0,0.0,0.0,0.0,0.0,0.0,0.0,0.0,0.0,0.0,0.0,0.0,0.0,0.0,0.0,0.0,0.0,0.0
1784671658.939373,314825.8330142,0,0,8,0,0,5.377511,0.183,-179.9475287655921,138.12350800293015,168.74971479048085,-179.9475287655921,139.36096752063733,138.12350800293015,0.0,0.0,0.0,0.0,0.0,0.0,0.0,179.9475287655921,0.0,0.0,-138.12350800293015,0.0,0.0,0.0,0.0,0.0,0.0,0.0,0.0,0,0,-179.9475287655921,138.12350800293015,0.0,0.0,0.0,0.0,0.0,0.0,0.0,0.0,0.0,0.0,0.0,0.0,0.0,0.0,0.0,0.0,0.0,0.0,0.0,0.0,0.0,0.0,0.0,0.0,0.0,0.0,0.0,0.0,0.0
1784671658.9395332,314825.8331746,0,0,8,0,0,5.380009,0.281,-179.61348490789177,140.7677564939266,170.17968302812446,-179.61348490789177,141.9072123594962,140.7677564939266,0.0,0.0,0.0,0.0,0.0,0.0,0.0,179.61348490789177,0.0,0.0,-140.7677564939266,0.0,0.0,0.0,0.0,0.0,0.0,0.0,0.0,0,0,-179.61348490789177,140.7677564939266,0.0,0.0,0.0,0.0,0.0,0.0,0.0,0.0,0.0,0.0,0.0,0.0,0.0,0.0,0.0,0.0,0.0,0.0,0.0,0.0,0.0,0.0,0.0,0.0,0.0,0.0,0.0,0.0,0.0
1784671658.9396863,314825.8333275,0,0,8,0,0,5.382509,0.378,-179.27327844670023,143.0106592527123,169.70087598788686,-179.2732784467002,143.8847083511873,143.0106592527123,0.0,0.0,0.0,0.0,0.0,0.0,0.0,179.27327844670023,0.0,0.0,-143.0106592527123,0.0,0.0,0.0,0.0,0.0,0.0,0.0,0.0,0,0,-179.27327844670023,143.0106592527123,0.0,0.0,0.0,0.0,0.0,0.0,0.0,0.0,0.0,0.0,0.0,0.0,0.0,0.0,0.0,0.0,0.0,0.0,0.0,0.0,0.0,0.0,0.0,0.0,0.0,0.0,0.0,0.0,0.0
1784671658.9418614,314825.835501,0,0,8,0,0,5.385009,0.479,-178.92992379755083,144.3443817918932,167.50863651177266,-178.92992379755083,144.83845641797635,144.3443817918932,0.0,0.0,0.0,0.0,0.0,0.0,0.0,178.92992379755083,0.0,0.0,-144.3443817918932,0.0,0.0,0.0,0.0,0.0,0.0,0.0,0.0,0,0,-178.92992379755083,144.3443817918932,0.0,0.0,0.0,0.0,0.0,0.0,0.0,0.0,0.0,0.0,0.0,0.0,0.0,0.0,0.0,0.0,0.0,0.0,0.0,0.0,0.0,0.0,0.0,0.0,0.0,0.0,0.0,0.0,0.0
1784671658.9439902,314825.8376291,0,0,8,0,0,5.387509,0.5760000000000001,-178.58316488212554,145.6342494152485,167.94548617187013,-178.58316488212554,146.32595340287676,145.6342494152485,0.0,0.0,0.0,0.0,0.0,0.0,0.0,178.58316488212554,0.0,0.0,-145.6342494152485,0.0,0.0,0.0,0.0,0.0,0.0,0.0,0.0,0,0,-178.58316488212554,145.6342494152485,0.0,0.0,0.0,0.0,0.0,0.0,0.0,0.0,0.0,0.0,0.0,0.0,0.0,0.0,0.0,0.0,0.0,0.0,0.0,0.0,0.0,0.0,0.0,0.0,0.0,0.0,0.0,0.0,0.0
1784671658.9466147,314825.8402521,0,0,8,0,0,5.390011,0.6769999999999999,-178.23173233058785,147.93081890490782,172.47817428509055,-178.23173233058785,149.0296979224898,147.93081890490782,0.0,0.0,0.0,0.0,0.0,0.0,0.0,178.23173233058785,0.0,0.0,-147.93081890490782,0.0,0.0,0.0,0.0,0.0,0.0,0.0,0.0,0,0,-178.23173233058785,147.93081890490782,0.0,0.0,0.0,0.0,0.0,0.0,0.0,0.0,0.0,0.0,0.0,0.0,0.0,0.0,0.0,0.0,0.0,0.0,0.0,0.0,0.0,0.0,0.0,0.0,0.0,0.0,0.0,0.0,0.0
1784671658.949132,314825.8427704,0,0,8,0,0,5.392525,0.791,-177.87368894229112,150.81908010433023,169.2441627359811,-177.87368894229112,152.04844180361115,150.81908010433023,0.0,0.0,0.0,0.0,0.0,0.0,0.0,177.87368894229112,0.0,0.0,-150.81908010433023,0.0,0.0,0.0,0.0,0.0,0.0,0.0,0.0,0,0,-177.87368894229112,150.81908010433023,0.0,0.0,0.0,0.0,0.0,0.0,0.0,0.0,0.0,0.0,0.0,0.0,0.0,0.0,0.0,0.0,0.0,0.0,0.0,0.0,0.0,0.0,0.0,0.0,0.0,0.0,0.0,0.0,0.0
1784671658.951724,314825.8453621,0,0,8,0,0,5.395009,0.873,-177.51048016487013,152.37721544844814,163.01824545178707,-177.51048016487013,152.77469033153312,152.37721544844814,0.0,0.0,0.0,0.0,0.0,0.0,0.0,177.51048016487013,0.0,0.0,-152.37721544844814,0.0,0.0,0.0,0.0,0.0,0.0,0.0,0.0,0,0,-177.51048016487013,152.37721544844814,0.0,0.0,0.0,0.0,0.0,0.0,0.0,0.0,0.0,0.0,0.0,0.0,0.0,0.0,0.0,0.0,0.0,0.0,0.0,0.0,0.0,0.0,0.0,0.0,0.0,0.0,0.0,0.0,0.0
1784671658.9540632,314825.8477014,0,0,8,0,0,5.39751,0.976,-177.147704091465,152.10799091992328,165.34166247925322,-177.147704091465,151.89969210512112,152.10799091992328,0.0,0.0,0.0,0.0,0.0,0.0,0.0,177.147704091465,0.0,0.0,-152.10799091992328,0.0,0.0,0.0,0.0,0.0,0.0,0.0,0.0,0,0,-177.147704091465,152.10799091992328,0.0,0.0,0.0,0.0,0.0,0.0,0.0,0.0,0.0,0.0,0.0,0.0,0.0,0.0,0.0,0.0,0.0,0.0,0.0,0.0,0.0,0.0,0.0,0.0,0.0,0.0,0.0,0.0,0.0
1784671658.9566505,314825.850288,0,0,8,0,0,5.400009,1.07,-176.7826899256724,153.39313190980613,172.35768864198778,-176.7826899256724,154.59468664247004,153.39313190980613,0.0,0.0,0.0,0.0,0.0,0.0,0.0,176.7826899256724,0.0,0.0,-153.39313190980613,0.0,0.0,0.0,0.0,0.0,0.0,0.0,0.0,0,0,-176.7826899256724,153.39313190980613,0.0,0.0,0.0,0.0,0.0,0.0,0.0,0.0,0.0,0.0,0.0,0.0,0.0,0.0,0.0,0.0,0.0,0.0,0.0,0.0,0.0,0.0,0.0,0.0,0.0,0.0,0.0,0.0,0.0
1784671658.960523,314825.8541604,0,0,8,0,0,5.402509,1.171,-176.41208550784302,155.99768968516895,172.87845404560107,-176.412085507843,157.01843172963126,155.99768968516895,0.0,0.0,0.0,0.0,0.0,0.0,0.0,176.41208550784302,0.0,0.0,-155.99768968516895,0.0,0.0,0.0,0.0,0.0,0.0,0.0,0.0,0,0,-176.41208550784302,155.99768968516895,0.0,0.0,0.0,0.0,0.0,0.0,0.0,0.0,0.0,0.0,0.0,0.0,0.0,0.0,0.0,0.0,0.0,0.0,0.0,0.0,0.0,0.0,0.0,0.0,0.0,0.0,0.0,0.0,0.0
1784671658.9617133,314825.8553523,0,0,8,0,0,5.405009,0.072,-175.85183966658408,156.41154367023765,165.56334101443397,-175.85183966658408,156.1521834854834,156.41154367023765,0.0,0.0,0.0,0.0,0.0,0.0,0.0,175.85183966658408,0.0,0.0,-156.41154367023765,0.0,0.0,0.0,0.0,0.0,0.0,0.0,0.0,0,0,-175.85183966658408,156.41154367023765,0.0,0.0,0.0,0.0,0.0,0.0,0.0,0.0,0.0,0.0,0.0,0.0,0.0,0.0,0.0,0.0,0.0,0.0,0.0,0.0,0.0,0.0,0.0,0.0,0.0,0.0,0.0,0.0,0.0
1784671659.046101,314825.9397384,0,0,8,0,0,5.41001,0.264,-175.1053520487095,156.52300345490232,169.817629539555,-175.10535204870953,156.88718199566944,156.52300345490232,0.0,0.0,0.0,0.0,0.0,0.0,0.0,175.1053520487095,0.0,0.0,-156.52300345490232,0.0,0.0,0.0,0.0,0.0,0.0,0.0,0.0,0,0,-175.1053520487095,156.52300345490232,0.0,0.0,0.0,0.0,0.0,0.0,0.0,0.0,0.0,0.0,0.0,0.0,0.0,0.0,0.0,0.0,0.0,0.0,0.0,0.0,0.0,0.0,0.0,0.0,0.0,0.0,0.0,0.0,0.0
1784671659.0464077,314825.9400474,0,0,8,0,0,5.412509,0.368,-174.73071664875917,157.64690133415655,169.3820167329058,-174.73071664875917,158.14717944170272,157.64690133415652,0.0,0.0,0.0,0.0,0.0,0.0,0.0,174.73071664875917,0.0,0.0,-157.64690133415655,0.0,0.0,0.0,0.0,0.0,0.0,0.0,0.0,0,0,-174.73071664875917,157.64690133415655,0.0,0.0,0.0,0.0,0.0,0.0,0.0,0.0,0.0,0.0,0.0,0.0,0.0,0.0,0.0,0.0,0.0,0.0,0.0,0.0,0.0,0.0,0.0,0.0,0.0,0.0,0.0,0.0,0.0
1784671659.0465238,314825.9401651,0,0,8,0,0,5.415009,0.4629999999999999,-174.35204428207874,158.63050684665728,168.37197677567693,-174.35204428207874,159.04842761490707,158.63050684665728,0.0,0.0,0.0,0.0,0.0,0.0,0.0,174.35204428207874,0.0,0.0,-158.63050684665728,0.0,0.0,0.0,0.0,0.0,0.0,0.0,0.0,0,0,-174.35204428207874,158.63050684665728,0.0,0.0,0.0,0.0,0.0,0.0,0.0,0.0,0.0,0.0,0.0,0.0,0.0,0.0,0.0,0.0,0.0,0.0,0.0,0.0,0.0,0.0,0.0,0.0,0.0,0.0,0.0,0.0,0.0
1784671659.0469315,314825.9405695,0,0,8,0,0,5.417509,0.566,-173.9729038361263,159.2675138927087,169.0128183512361,-173.9729038361263,159.53842662169777,159.2675138927087,0.0,0.0,0.0,0.0,0.0,0.0,0.0,173.9729038361263,0.0,0.0,-159.2675138927087,0.0,0.0,0.0,0.0,0.0,0.0,0.0,0.0,0,0,-173.9729038361263,159.2675138927087,0.0,0.0,0.0,0.0,0.0,0.0,0.0,0.0,0.0,0.0,0.0,0.0,0.0,0.0,0.0,0.0,0.0,0.0,0.0,0.0,0.0,0.0,0.0,0.0,0.0,0.0,0.0,0.0,0.0
1784671659.047094,314825.9407351,0,0,8,0,0,5.420007,0.662,-173.59143343924234,159.95202412610774,172.79513449309866,-173.59143343924234,160.2996750786762,159.95202412610774,0.0,0.0,0.0,0.0,0.0,0.0,0.0,173.59143343924234,0.0,0.0,-159.95202412610774,0.0,0.0,0.0,0.0,0.0,0.0,0.0,0.0,0,0,-173.59143343924234,159.95202412610774,0.0,0.0,0.0,0.0,0.0,0.0,0.0,0.0,0.0,0.0,0.0,0.0,0.0,0.0,0.0,0.0,0.0,0.0,0.0,0.0,0.0,0.0,0.0,0.0,0.0,0.0,0.0,0.0,0.0
1784671659.0474615,314825.9411009,0,0,8,0,0,5.422517,0.78,-173.20721636247296,162.3535748966844,174.81291796085802,-173.207216362473,163.7646680552677,162.3535748966844,0.0,0.0,0.0,0.0,0.0,0.0,0.0,173.20721636247296,0.0,0.0,-162.3535748966844,0.0,0.0,0.0,0.0,0.0,0.0,0.0,0.0,0,0,-173.20721636247296,162.3535748966844,0.0,0.0,0.0,0.0,0.0,0.0,0.0,0.0,0.0,0.0,0.0,0.0,0.0,0.0,0.0,0.0,0.0,0.0,0.0,0.0,0.0,0.0,0.0,0.0,0.0,0.0,0.0,0.0,0.0
1784671659.0478,314825.9414389,0,0,8,0,0,5.425009,0.869,-172.8174254020903,163.1209185016077,169.75243258526885,-172.81742540209032,163.06466947413807,163.12091850160772,0.0,0.0,0.0,0.0,0.0,0.0,0.0,172.8174254020903,0.0,0.0,-163.1209185016077,0.0,0.0,0.0,0.0,0.0,0.0,0.0,0.0,0,0,-172.8174254020903,163.1209185016077,0.0,0.0,0.0,0.0,0.0,0.0,0.0,0.0,0.0,0.0,0.0,0.0,0.0,0.0,0.0,0.0,0.0,0.0,0.0,0.0,0.0,0.0,0.0,0.0,0.0,0.0,0.0,0.0,0.0
1784671659.048644,314825.9422807,0,0,8,0,0,5.427508,0.967,-172.4305979295385,161.5983544287651,167.39395679530222,-172.4305979295385,160.78967408546694,161.5983544287651,0.0,0.0,0.0,0.0,0.0,0.0,0.0,172.4305979295385,0.0,0.0,-161.5983544287651,0.0,0.0,0.0,0.0,0.0,0.0,0.0,0.0,0,0,-172.4305979295385,161.5983544287651,0.0,0.0,0.0,0.0,0.0,0.0,0.0,0.0,0.0,0.0,0.0,0.0,0.0,0.0,0.0,0.0,0.0,0.0,0.0,0.0,0.0,0.0,0.0,0.0,0.0,0.0,0.0,0.0,0.0
1784671659.0493655,314825.9430027,0,0,8,0,0,5.43001,1.066,-172.0459252502528,161.02372304463495,172.5913746949359,-172.0459252502528,161.02592360659816,161.02372304463495,0.0,0.0,0.0,0.0,0.0,0.0,0.0,172.0459252502528,0.0,0.0,-161.02372304463495,0.0,0.0,0.0,0.0,0.0,0.0,0.0,0.0,0,0,-172.0459252502528,161.02372304463495,0.0,0.0,0.0,0.0,0.0,0.0,0.0,0.0,0.0,0.0,0.0,0.0,0.0,0.0,0.0,0.0,0.0,0.0,0.0,0.0,0.0,0.0,0.0,0.0,0.0,0.0,0.0,0.0,0.0
1784671659.0497763,314825.9434142,0,0,8,0,0,5.432509,1.166,-171.66035768912147,161.99579948102357,175.68306944998375,-171.6603576891215,162.59217043187562,161.99579948102357,0.0,0.0,0.0,0.0,0.0,0.0,0.0,171.66035768912147,0.0,0.0,-161.99579948102357,0.0,0.0,0.0,0.0,0.0,0.0,0.0,0.0,0,0,-171.66035768912147,161.99579948102357,0.0,0.0,0.0,0.0,0.0,0.0,0.0,0.0,0.0,0.0,0.0,0.0,0.0,0.0,0.0,0.0,0.0,0.0,0.0,0.0,0.0,0.0,0.0,0.0,0.0,0.0,0.0,0.0,0.0
1784671659.050101,314825.9437404,0,0,8,0,0,5.435009,0.066,-171.07809736160078,162.6725184053685,169.77462767883551,-171.0780973616008,162.59217043187562,162.67251840536846,0.0,0.0,0.0,0.0,0.0,0.0,0.0,171.07809736160078,0.0,0.0,-162.6725184053685,0.0,0.0,0.0,0.0,0.0,0.0,0.0,0.0,0,0,-171.07809736160078,162.6725184053685,0.0,0.0,0.0,0.0,0.0,0.0,0.0,0.0,0.0,0.0,0.0,0.0,0.0,0.0,0.0,0.0,0.0,0.0,0.0,0.0,0.0,0.0,0.0,0.0,0.0,0.0,0.0,0.0,0.0
1784671659.050431,314825.9440699,0,0,8,0,0,5.43751,0.165,-170.69180004221107,161.47080307893373,169.77106617896422,-170.69180004221107,160.94717376622108,161.47080307893373,0.0,0.0,0.0,0.0,0.0,0.0,0.0,170.69180004221107,0.0,0.0,-161.47080307893373,0.0,0.0,0.0,0.0,0.0,0.0,0.0,0.0,0,0,-170.69180004221107,161.47080307893373,0.0,0.0,0.0,0.0,0.0,0.0,0.0,0.0,0.0,0.0,0.0,0.0,0.0,0.0,0.0,0.0,0.0,0.0,0.0,0.0,0.0,0.0,0.0,0.0,0.0,0.0,0.0,0.0,0.0
1784671659.0507505,314825.9443897,0,0,8,0,0,5.440009,0.264,-170.3076176853394,160.92657254218437,172.16609428061363,-170.3076176853394,160.76342413867457,160.92657254218437,0.0,0.0,0.0,0.0,0.0,0.0,0.0,170.3076176853394,0.0,0.0,-160.92657254218437,0.0,0.0,0.0,0.0,0.0,0.0,0.0,0.0,0,0,-170.3076176853394,160.92657254218437,0.0,0.0,0.0,0.0,0.0,0.0,0.0,0.0,0.0,0.0,0.0,0.0,0.0,0.0,0.0,0.0,0.0,0.0,0.0,0.0,0.0,0.0,0.0,0.0,0.0,0.0,0.0,0.0,0.0
1784671659.051132,314825.9447087,0,0,8,0,0,5.442546,0.384,-169.92075382663643,161.001040704442,172.39716633397103,-169.92075382663643,160.9996736598058,161.001040704442,0.0,0.0,0.0,0.0,0.0,0.0,0.0,169.92075382663643,0.0,0.0,-161.001040704442,0.0,0.0,0.0,0.0,0.0,0.0,0.0,0.0,0,0,-169.92075382663643,161.001040704442,0.0,0.0,0.0,0.0,0.0,0.0,0.0,0.0,0.0,0.0,0.0,0.0,0.0,0.0,0.0,0.0,0.0,0.0,0.0,0.0,0.0,0.0,0.0,0.0,0.0,0.0,0.0,0.0,0.0
1784671659.0515382,314825.9451751,0,0,8,0,0,5.44501,0.464,-169.54039920510309,160.16915534250575,169.83985223862726,-169.54039920510309,159.59967649754662,160.16915534250575,0.0,0.0,0.0,0.0,0.0,0.0,0.0,169.54039920510309,0.0,0.0,-160.16915534250575,0.0,0.0,0.0,0.0,0.0,0.0,0.0,0.0,0,0,-169.54039920510309,160.16915534250575,0.0,0.0,0.0,0.0,0.0,0.0,0.0,0.0,0.0,0.0,0.0,0.0,0.0,0.0,0.0,0.0,0.0,0.0,0.0,0.0,0.0,0.0,0.0,0.0,0.0,0.0,0.0,0.0,0.0
1784671659.0518315,314825.9454717,0,0,8,0,0,5.447509,0.5609999999999999,-169.16202802965273,157.9009087910959,167.61821417582962,-169.16202802965273,156.89593197793357,157.9009087910959,0.0,0.0,0.0,0.0,0.0,0.0,0.0,169.16202802965273,0.0,0.0,-157.9009087910959,0.0,0.0,0.0,0.0,0.0,0.0,0.0,0.0,0,0,-169.16202802965273,157.9009087910959,0.0,0.0,0.0,0.0,0.0,0.0,0.0,0.0,0.0,0.0,0.0,0.0,0.0,0.0,0.0,0.0,0.0,0.0,0.0,0.0,0.0,0.0,0.0,0.0,0.0,0.0,0.0,0.0,0.0
1784671659.052179,314825.9458192,0,0,8,0,0,5.450012,0.661,-168.78895708380574,155.6782036000686,170.2569907007452,-168.78895708380574,154.76093630548834,155.67820360006863,0.0,0.0,0.0,0.0,0.0,0.0,0.0,168.78895708380574,0.0,0.0,-155.6782036000686,0.0,0.0,0.0,0.0,0.0,0.0,0.0,0.0,0,0,-168.78895708380574,155.6782036000686,0.0,0.0,0.0,0.0,0.0,0.0,0.0,0.0,0.0,0.0,0.0,0.0,0.0,0.0,0.0,0.0,0.0,0.0,0.0,0.0,0.0,0.0,0.0,0.0,0.0,0.0,0.0,0.0,0.0
1784671659.0524096,314825.94605,0,0,8,0,0,5.452518,0.767,-168.41968006126854,154.5897811863728,174.29947123100234,-168.4196800612685,154.20093744058465,154.5897811863728,0.0,0.0,0.0,0.0,0.0,0.0,0.0,168.41968006126854,0.0,0.0,-154.5897811863728,0.0,0.0,0.0,0.0,0.0,0.0,0.0,0.0,0,0,-168.41968006126854,154.5897811863728,0.0,0.0,0.0,0.0,0.0,0.0,0.0,0.0,0.0,0.0,0.0,0.0,0.0,0.0,0.0,0.0,0.0,0.0,0.0,0.0,0.0,0.0,0.0,0.0,0.0,0.0,0.0,0.0,0.0
1784671659.0526304,314825.946271,0,0,8,0,0,5.455008,0.8540000000000001,-168.05159287440904,153.9729624828488,171.3956706382251,-168.051592874409,153.71093843379396,153.9729624828488,0.0,0.0,0.0,0.0,0.0,0.0,0.0,168.05159287440904,0.0,0.0,-153.9729624828488,0.0,0.0,0.0,0.0,0.0,0.0,0.0,0.0,0,0,-168.05159287440904,153.9729624828488,0.0,0.0,0.0,0.0,0.0,0.0,0.0,0.0,0.0,0.0,0.0,0.0,0.0,0.0,0.0,0.0,0.0,0.0,0.0,0.0,0.0,0.0,0.0,0.0,0.0,0.0,0.0,0.0,0.0
1784671659.0528584,314825.9464983,0,0,8,0,0,5.457508,0.956,-167.6872402978738,152.3747053130283,168.4870038666255,-167.6872402978738,151.47094297417925,152.3747053130283,0.0,0.0,0.0,0.0,0.0,0.0,0.0,167.6872402978738,0.0,0.0,-152.3747053130283,0.0,0.0,0.0,0.0,0.0,0.0,0.0,0.0,0,0,-167.6872402978738,152.3747053130283,0.0,0.0,0.0,0.0,0.0,0.0,0.0,0.0,0.0,0.0,0.0,0.0,0.0,0.0,0.0,0.0,0.0,0.0,0.0,0.0,0.0,0.0,0.0,0.0,0.0,0.0,0.0,0.0,0.0
1784671659.0532062,314825.9467991,0,0,8,0,0,5.460008,1.054,-167.32787914222305,150.0035572400422,169.5196720088271,-167.32787914222305,149.0296979224898,150.0035572400422,0.0,0.0,0.0,0.0,0.0,0.0,0.0,167.32787914222305,0.0,0.0,-150.0035572400422,0.0,0.0,0.0,0.0,0.0,0.0,0.0,0.0,0,0,-167.32787914222305,150.0035572400422,0.0,0.0,0.0,0.0,0.0,0.0,0.0,0.0,0.0,0.0,0.0,0.0,0.0,0.0,0.0,0.0,0.0,0.0,0.0,0.0,0.0,0.0,0.0,0.0,0.0,0.0,0.0,0.0,0.0
1784671659.053458,314825.9470979,0,0,8,0,0,5.462509,1.153,-166.97361016246515,147.84311917126692,171.1850906064388,-166.97361016246515,146.79845244513922,147.84311917126692,0.0,0.0,0.0,0.0,0.0,0.0,0.0,166.97361016246515,0.0,0.0,-147.84311917126692,0.0,0.0,0.0,0.0,0.0,0.0,0.0,0.0,0,0,-166.97361016246515,147.84311917126692,0.0,0.0,0.0,0.0,0.0,0.0,0.0,0.0,0.0,0.0,0.0,0.0,0.0,0.0,0.0,0.0,0.0,0.0,0.0,0.0,0.0,0.0,0.0,0.0,0.0,0.0,0.0,0.0,0.0
1784671659.0535808,314825.9472215,0,0,8,0,0,5.465008,0.053,-166.451217156614,145.13583592826913,170.20822682569064,-166.45121715661398,144.24345762401623,145.13583592826913,0.0,0.0,0.0,0.0,0.0,0.0,0.0,166.451217156614,0.0,0.0,-145.13583592826913,0.0,0.0,0.0,0.0,0.0,0.0,0.0,0.0,0,0,-166.451217156614,145.13583592826913,0.0,0.0,0.0,0.0,0.0,0.0,0.0,0.0,0.0,0.0,0.0,0.0,0.0,0.0,0.0,0.0,0.0,0.0,0.0,0.0,0.0,0.0,0.0,0.0,0.0,0.0,0.0,0.0,0.0
1784671659.0538604,314825.9475003,0,0,8,0,0,5.467509,0.153,-166.1091499758259,142.8683218607178,169.82645196296522,-166.1091499758259,141.8984623772321,142.8683218607178,0.0,0.0,0.0,0.0,0.0,0.0,0.0,166.1091499758259,0.0,0.0,-142.8683218607178,0.0,0.0,0.0,0.0,0.0,0.0,0.0,0.0,0,0,-166.1091499758259,142.8683218607178,0.0,0.0,0.0,0.0,0.0,0.0,0.0,0.0,0.0,0.0,0.0,0.0,0.0,0.0,0.0,0.0,0.0,0.0,0.0,0.0,0.0,0.0,0.0,0.0,0.0,0.0,0.0,0.0,0.0
1784671659.0541284,314825.9477684,0,0,8,0,0,5.470008,0.248,-165.771159546809,141.13760606325536,173.38512414890468,-165.771159546809,140.42846535685996,141.1376060632554,0.0,0.0,0.0,0.0,0.0,0.0,0.0,165.771159546809,0.0,0.0,-141.13760606325536,0.0,0.0,0.0,0.0,0.0,0.0,0.0,0.0,0,0,-165.771159546809,141.13760606325536,0.0,0.0,0.0,0.0,0.0,0.0,0.0,0.0,0.0,0.0,0.0,0.0,0.0,0.0,0.0,0.0,0.0,0.0,0.0,0.0,0.0,0.0,0.0,0.0,0.0,0.0,0.0,0.0,0.0
1784671659.0544188,314825.9480588,0,0,8,0,0,5.472508,0.35,-165.4371702013011,139.90520258637233,175.17680246110194,-165.4371702013011,139.3434675561091,139.90520258637233,0.0,0.0,0.0,0.0,0.0,0.0,0.0,165.4371702013011,0.0,0.0,-139.90520258637233,0.0,0.0,0.0,0.0,0.0,0.0,0.0,0.0,0,0,-165.4371702013011,139.90520258637233,0.0,0.0,0.0,0.0,0.0,0.0,0.0,0.0,0.0,0.0,0.0,0.0,0.0,0.0,0.0,0.0,0.0,0.0,0.0,0.0,0.0,0.0,0.0,0.0,0.0,0.0,0.0,0.0,0.0
1784671659.0546665,314825.9483065,0,0,8,0,0,5.475009,0.4449999999999999,-165.10546721908938,138.4103933211354,174.50888545604462,-165.10546721908938,137.70722087271866,138.4103933211354,0.0,0.0,0.0,0.0,0.0,0.0,0.0,165.10546721908938,0.0,0.0,-138.4103933211354,0.0,0.0,0.0,0.0,0.0,0.0,0.0,0.0,0,0,-165.10546721908938,138.4103933211354,0.0,0.0,0.0,0.0,0.0,0.0,0.0,0.0,0.0,0.0,0.0,0.0,0.0,0.0,0.0,0.0,0.0,0.0,0.0,0.0,0.0,0.0,0.0,0.0,0.0,0.0,0.0,0.0,0.0
1784671659.0547698,314825.9484108,0,0,8,0,0,5.477509,0.549,-164.77993494706044,136.17754965593525,172.25323555826935,-164.77993494706044,135.05597624669034,136.17754965593522,0.0,0.0,0.0,0.0,0.0,0.0,0.0,164.77993494706044,0.0,0.0,-136.17754965593525,0.0,0.0,0.0,0.0,0.0,0.0,0.0,0.0,0,0,-164.77993494706044,136.17754965593525,0.0,0.0,0.0,0.0,0.0,0.0,0.0,0.0,0.0,0.0,0.0,0.0,0.0,0.0,0.0,0.0,0.0,0.0,0.0,0.0,0.0,0.0,0.0,0.0,0.0,0.0,0.0,0.0,0.0
1784671659.055163,314825.9488011,0,0,8,0,0,5.480012,0.65,-164.4611299151263,132.76253947767344,170.70406298942538,-164.4611299151263,131.1534841568929,132.76253947767344,0.0,0.0,0.0,0.0,0.0,0.0,0.0,164.4611299151263,0.0,0.0,-132.76253947767344,0.0,0.0,0.0,0.0,0.0,0.0,0.0,0.0,0,0,-164.4611299151263,132.76253947767344,0.0,0.0,0.0,0.0,0.0,0.0,0.0,0.0,0.0,0.0,0.0,0.0,0.0,0.0,0.0,0.0,0.0,0.0,0.0,0.0,0.0,0.0,0.0,0.0,0.0,0.0,0.0,0.0,0.0
1784671659.0554345,314825.949075,0,0,8,0,0,5.482513,0.642,-164.14014640845517,127.82280059842012,171.8330101292572,-164.14014640845517,126.02599455011864,127.82280059842012,0.0,0.0,0.0,0.0,0.0,0.0,0.0,164.14014640845517,0.0,0.0,-127.82280059842012,0.0,0.0,0.0,0.0,0.0,0.0,0.0,0.0,0,0,-164.14014640845517,127.82280059842012,0.0,0.0,0.0,0.0,0.0,0.0,0.0,0.0,0.0,0.0,0.0,0.0,0.0,0.0,0.0,0.0,0.0,0.0,0.0,0.0,0.0,0.0,0.0,0.0,0.0,0.0,0.0,0.0,0.0
1784671659.05567,314825.9493107,0,0,8,0,0,5.485018,0.748,-163.84148296047528,124.70157725078865,173.19109793898548,-163.84148296047528,123.39224988861857,124.70157725078865,0.0,0.0,0.0,0.0,0.0,0.0,0.0,163.84148296047528,0.0,0.0,-124.70157725078865,0.0,0.0,0.0,0.0,0.0,0.0,0.0,0.0,0,0,-163.84148296047528,124.70157725078865,0.0,0.0,0.0,0.0,0.0,0.0,0.0,0.0,0.0,0.0,0.0,0.0,0.0,0.0,0.0,0.0,0.0,0.0,0.0,0.0,0.0,0.0,0.0,0.0,0.0,0.0,0.0,0.0,0.0
1784671659.055873,314825.9495134,0,0,8,0,0,5.487581,0.906,-163.54859255494264,122.12127215370356,173.1734393518838,-163.54859255494264,121.0472546418344,122.12127215370356,0.0,0.0,0.0,0.0,0.0,0.0,0.0,163.54859255494264,0.0,0.0,-122.12127215370356,0.0,0.0,0.0,0.0,0.0,0.0,0.0,0.0,0,0,-163.54859255494264,122.12127215370356,0.0,0.0,0.0,0.0,0.0,0.0,0.0,0.0,0.0,0.0,0.0,0.0,0.0,0.0,0.0,0.0,0.0,0.0,0.0,0.0,0.0,0.0,0.0,0.0,0.0,0.0,0.0,0.0,0.0
1784671659.056082,314825.9497219,0,0,8,0,0,5.490014,0.938,-163.261859212822,119.7810563491214,173.37251874264803,-163.261859212822,118.74600930637088,119.78105634912136,0.0,0.0,0.0,0.0,0.0,0.0,0.0,163.261859212822,0.0,0.0,-119.7810563491214,0.0,0.0,0.0,0.0,0.0,0.0,0.0,0.0,0,0,-163.261859212822,119.7810563491214,0.0,0.0,0.0,0.0,0.0,0.0,0.0,0.0,0.0,0.0,0.0,0.0,0.0,0.0,0.0,0.0,0.0,0.0,0.0,0.0,0.0,0.0,0.0,0.0,0.0,0.0,0.0,0.0,0.0
1784671659.056321,314825.9499614,0,0,8,0,0,5.492514,1.038,-162.9811393842717,117.28771656354228,172.79875205901848,-162.98113938427167,116.18226450298376,117.28771656354228,0.0,0.0,0.0,0.0,0.0,0.0,0.0,162.9811393842717,0.0,0.0,-117.28771656354228,0.0,0.0,0.0,0.0,0.0,0.0,0.0,0.0,0,0,-162.9811393842717,117.28771656354228,0.0,0.0,0.0,0.0,0.0,0.0,0.0,0.0,0.0,0.0,0.0,0.0,0.0,0.0,0.0,0.0,0.0,0.0,0.0,0.0,0.0,0.0,0.0,0.0,0.0,0.0,0.0,0.0,0.0
1784671659.0566149,314825.9502557,0,0,8,0,0,5.495014,1.139,-162.7075361195268,114.18591650428012,170.55105465471067,-162.7075361195268,112.75227145544878,114.1859165042801,0.0,0.0,0.0,0.0,0.0,0.0,0.0,162.7075361195268,0.0,0.0,-114.18591650428012,0.0,0.0,0.0,0.0,0.0,0.0,0.0,0.0,0,0,-162.7075361195268,114.18591650428012,0.0,0.0,0.0,0.0,0.0,0.0,0.0,0.0,0.0,0.0,0.0,0.0,0.0,0.0,0.0,0.0,0.0,0.0,0.0,0.0,0.0,0.0,0.0,0.0,0.0,0.0,0.0,0.0,0.0
1784671659.056888,314825.9505277,0,0,8,0,0,5.497517,0.041,-162.3131090906671,108.58519118537488,172.9212067388648,-162.31310909066713,106.9072833030167,108.58519118537488,0.0,0.0,0.0,0.0,0.0,0.0,0.0,162.3131090906671,0.0,0.0,-108.58519118537488,0.0,0.0,0.0,0.0,0.0,0.0,0.0,0.0,0,0,-162.3131090906671,108.58519118537488,0.0,0.0,0.0,0.0,0.0,0.0,0.0,0.0,0.0,0.0,0.0,0.0,0.0,0.0,0.0,0.0,0.0,0.0,0.0,0.0,0.0,0.0,0.0,0.0,0.0,0.0,0.0,0.0,0.0
