frame,video_time_s,video_pts,act_mean,act_max,act_p95,laser_x_px,laser_y_px,laser_integrated_brightness,laser_peak_brightness,laser_width_px,laser_confidence,laser_note
0,0.000000000,0,41.791666700,109,93.800000000,666.891257000,468.104355000,401091.781000000,207.213000000,55.869057700,1.000000000,saturated
1,0.033333333,3000,41.875000000,109,93.800000000,666.890989000,468.100085000,401085.781000000,207.213000000,55.868631300,1.000000000,saturated
2,0.066666667,6000,41.791666700,109,92.950000000,667.011668000,468.143746000,399135.181000000,207.213000000,55.786994700,1.000000000,saturated
3,0.100000000,9000,42.750000000,112,94.950000000,667.024287000,468.029047000,400625.581000000,207.213000000,55.953946000,1.000000000,saturated
4,0.133333333,12000,42.500000000,107,90.250000000,667.008150000,468.048567000,418466.797000000,207.327000000,56.666536500,1.000000000,saturated
5,0.166666667,15000,43.208333300,108,91.950000000,667.145032000,468.113332000,411595.019000000,207.327000000,56.292900500,1.000000000,saturated
6,0.200000000,18000,43.041666700,109,92.800000000,667.118200000,468.029219000,410094.219000000,204.996000000,56.216304400,1.000000000,saturated
7,0.233333333,21000,43.833333300,114,99.200000000,667.096642000,468.005944000,411161.619000000,208.729000000,56.263614300,1.000000000,saturated
8,0.266188889,23957,43.250000000,114,99.900000000,667.102361000,467.981066000,411768.819000000,207.441000000,56.215045300,1.000000000,saturated
9,0.299522222,26957,42.500000000,114,101.700000000,666.926448000,468.124458000,418907.197000000,209.544000000,56.544043300,1.000000000,saturated
10,0.332855556,29957,42.291666700,114,99.900000000,667.011031000,468.070123000,419839.797000000,210.245000000,56.608540700,1.000000000,saturated
11,0.366188889,32957,41.958333300,109,99.500000000,666.810450000,468.092763000,422496.597000000,209.658000000,56.778480600,1.000000000,saturated
12,0.399522222,35957,42.958333300,112,101.200000000,666.904347000,468.013338000,421300.597000000,208.957000000,56.773553700,1.000000000,saturated
13,0.432855556,38957,42.541666700,116,109.800000000,666.798944000,468.105032000,421692.196000000,209.544000000,56.923279900,1.000000000,saturated
14,0.466188889,41957,43.000000000,124,115.200000000,666.763983000,468.017640000,419624.396000000,210.245000000,56.962328900,1.000000000,saturated
15,0.499522222,44957,42.750000000,126,116.900000000,666.845260000,467.903247000,401591.000000000,205.224000000,56.427094800,1.000000000,saturated
16,0.532388889,47915,42.125000000,124,108.950000000,666.868464000,467.875132000,401944.000000000,205.224000000,56.445460700,1.000000000,saturated
17,0.565722222,50915,42.291666700,123,108.650000000,666.879214000,467.939145000,402498.000000000,205.110000000,56.367778100,1.000000000,saturated
18,0.599055556,53915,41.708333300,122,107.650000000,666.964710000,467.863802000,402208.000000000,206.267000000,56.308716300,1.000000000,saturated
19,0.632388889,56915,41.625000000,121,107.800000000,667.064574000,467.895895000,401355.000000000,206.267000000,56.315624700,1.000000000,saturated
20,0.665722222,59915,41.708333300,121,107.650000000,667.017755000,467.955733000,405758.204000000,207.327000000,56.269657100,1.000000000,saturated
21,0.699055556,62915,41.333333300,117,104.800000000,666.996305000,467.866777000,404510.004000000,206.626000000,56.206040100,1.000000000,saturated
22,0.732388889,65915,42.166666700,119,105.100000000,666.927899000,467.955909000,404165.004000000,206.854000000,56.189989500,1.000000000,saturated
23,0.765722222,68915,42.958333300,121,107.950000000,666.955943000,467.970362000,405137.404000000,207.327000000,56.219599500,1.000000000,saturated
24,0.798555556,71870,42.583333300,120,107.800000000,666.905863000,468.086613000,416556.219000000,208.729000000,56.734924700,1.000000000,saturated
25,0.831888889,74870,42.875000000,120,107.800000000,666.851288000,468.072366000,413081.000000000,208.028000000,56.640035700,1.000000000,saturated
26,0.865222222,77870,42.791666700,121,107.950000000,666.831550000,468.068190000,401932.596000000,206.626000000,56.193840300,1.000000000,saturated
27,0.898555556,80870,43.375000000,119,105.000000000,666.899130000,467.983112000,403539.396000000,206.626000000,56.185165800,1.000000000,saturated
28,0.931888889,83870,42.875000000,116,104.000000000,667.016904000,467.986214000,403561.204000000,207.327000000,56.278784500,1.000000000,saturated
29,0.965222222,86870,42.208333300,115,103.700000000,666.926208000,467.926138000,403689.005000000,207.327000000,56.287576400,1.000000000,saturated
30,0.998555556,89870,42.125000000,105,87.850000000,666.641573000,468.136105000,426172.997000000,206.284000000,57.075047800,1.000000000,saturated
31,1.031888890,92870,41.750000000,108,91.400000000,666.661525000,468.114153000,425373.797000000,205.583000000,57.033689200,1.000000000,saturated
32,1.064755560,95828,41.916666700,112,96.500000000,666.775006000,468.114087000,424106.597000000,205.583000000,56.967009000,1.000000000,saturated
33,1.098088890,98828,42.000000000,114,100.200000000,666.723085000,468.129790000,422489.197000000,205.583000000,56.923708800,1.000000000,saturated
34,1.131422220,101828,42.083333300,114,100.050000000,666.636052000,468.107668000,428327.603000000,206.039000000,57.085707100,1.000000000,saturated
35,1.164755560,104828,41.875000000,116,100.350000000,666.542167000,468.075706000,439448.000000000,207.686000000,57.467019200,1.000000000,saturated
36,1.198088890,107828,42.250000000,114,98.650000000,666.615277000,468.078280000,436931.580000000,207.572000000,57.378814400,1.000000000,saturated
37,1.231422220,110828,43.208333300,110,97.950000000,666.431822000,468.087264000,442266.000000000,207.572000000,57.612484400,1.000000000,saturated
38,1.264755560,113828,43.791666700,110,97.950000000,666.437781000,468.144096000,437305.980000000,207.572000000,57.444150900,1.000000000,saturated
39,1.298088890,116828,42.916666700,110,96.950000000,666.467303000,468.163131000,437181.180000000,207.572000000,57.474087500,1.000000000,saturated
40,1.330944440,119785,42.375000000,115,105.600000000,666.607060000,468.218739000,431787.380000000,206.985000000,57.200369300,1.000000000,saturated
41,1.364277780,122785,42.416666700,115,105.600000000,666.572819000,467.984273000,437050.803000000,208.273000000,57.245277000,1.000000000,saturated
42,1.397611110,125785,41.000000000,112,103.300000000,666.779955000,467.822609000,428138.581000000,207.686000000,56.790068800,1.000000000,saturated
43,1.430944440,128785,40.875000000,112,104.150000000,666.883920000,467.837494000,423907.203000000,207.914000000,56.656693000,1.000000000,saturated
44,1.464277780,131785,40.833333300,112,102.450000000,666.863987000,467.928051000,425220.381000000,207.572000000,56.798546400,1.000000000,saturated
45,1.497611110,134785,40.666666700,109,97.250000000,666.846950000,467.798482000,429892.000000000,207.914000000,57.055729200,1.000000000,saturated
46,1.530944440,137785,40.666666700,107,95.250000000,666.784885000,467.767703000,430672.000000000,207.572000000,57.051871200,1.000000000,saturated
47,1.564277780,140785,41.291666700,107,96.950000000,666.783294000,467.912841000,429549.000000000,207.572000000,56.994149100,1.000000000,saturated
48,1.597122220,143741,41.875000000,108,97.950000000,666.837836000,467.821917000,434506.219000000,207.686000000,57.031598600,1.000000000,saturated
49,1.630455560,146741,41.916666700,105,94.800000000,666.675478000,467.831206000,431595.619000000,208.273000000,56.993738000,1.000000000,saturated
50,1.663788890,149741,41.750000000,105,96.200000000,666.649127000,467.978292000,424295.381000000,207.914000000,56.716787900,1.000000000,saturated
51,1.697122220,152741,41.583333300,106,97.900000000,666.539997000,467.999482000,430736.000000000,209.316000000,56.809063800,1.000000000,saturated
52,1.730455560,155741,42.333333300,107,99.750000000,666.551647000,467.991088000,426856.000000000,209.316000000,56.674051700,1.000000000,saturated
53,1.763788890,158741,41.625000000,106,98.750000000,666.549758000,467.937886000,426235.000000000,208.615000000,56.674858600,1.000000000,saturated
54,1.797122220,161741,42.166666700,107,100.600000000,666.474988000,467.782801000,430569.000000000,208.615000000,56.834567300,1.000000000,saturated
55,1.830455560,164741,40.958333300,103,99.300000000,666.593877000,467.947714000,433845.419000000,209.316000000,57.067041700,1.000000000,saturated
56,1.863311110,167698,40.125000000,102,99.150000000,666.601190000,467.980376000,433208.819000000,209.316000000,56.951986100,0.999966760,saturated
57,1.896644440,170698,40.041666700,106,99.600000000,666.579317000,468.065770000,440961.000000000,211.419000000,57.199053200,1.000000000,saturated
58,1.929977780,173698,41.250000000,105,100.450000000,666.634307000,468.053433000,441469.000000000,209.316000000,57.262079400,1.000000000,saturated
59,1.963311110,176698,41.083333300,103,100.300000000,666.467405000,468.063089000,444486.000000000,210.946000000,57.353266800,1.000000000,saturated
60,1.996644440,179698,39.958333300,106,99.900000000,666.535668000,467.900750000,436623.619000000,210.832000000,57.228277000,1.000000000,saturated
61,2.029977780,182698,39.333333300,106,99.750000000,666.396730000,467.921577000,437631.219000000,210.832000000,57.250883500,1.000000000,saturated
62,2.063311110,185698,39.875000000,107,100.750000000,666.469777000,467.970821000,436883.019000000,210.131000000,57.169400900,1.000000000,saturated
63,2.096644440,188698,40.083333300,107,99.900000000,666.404102000,468.021309000,436458.019000000,209.088000000,57.040385900,1.000000000,saturated
64,2.129500000,191655,39.125000000,108,99.900000000,666.383590000,468.137730000,430561.000000000,208.028000000,56.819372900,1.000000000,saturated
65,2.162833330,194655,38.541666700,106,99.900000000,666.356854000,468.276960000,435608.019000000,209.903000000,57.095678100,1.000000000,saturated
66,2.196166670,197655,38.625000000,106,98.900000000,666.503589000,468.306816000,430982.000000000,209.202000000,57.008767700,1.000000000,saturated
67,2.229500000,200655,37.625000000,106,98.050000000,666.531255000,468.296383000,431111.000000000,209.202000000,56.978103000,1.000000000,saturated
68,2.262833330,203655,38.250000000,107,98.200000000,666.683144000,468.242572000,428895.000000000,208.615000000,56.980526400,1.000000000,saturated
69,2.296166670,206655,38.708333300,106,96.200000000,666.756436000,468.085151000,426713.000000000,208.843000000,56.775728400,1.000000000,saturated
70,2.329500000,209655,37.333333300,105,90.750000000,666.699420000,468.197915000,415637.604000000,209.316000000,56.302993200,1.000000000,saturated
71,2.362833330,212655,36.625000000,105,90.750000000,666.814856000,468.337619000,417437.003000000,206.512000000,56.417695500,1.000000000,saturated
72,2.395677780,215611,36.125000000,105,90.600000000,666.870995000,468.371837000,406847.619000000,207.669000000,56.000785500,1.000000000,saturated
73,2.429011110,218611,35.625000000,104,89.600000000,666.841508000,468.399728000,412329.996000000,207.800000000,56.181223500,1.000000000,saturated
74,2.462344440,221611,34.791666700,104,89.300000000,666.842473000,468.458196000,412144.996000000,206.968000000,56.231872300,1.000000000,saturated
75,2.495677780,224611,35.625000000,100,90.450000000,666.683677000,468.441378000,426804.000000000,211.647000000,56.604188300,1.000000000,saturated
76,2.529011110,227611,36.041666700,100,90.450000000,666.655095000,468.308434000,428147.000000000,211.647000000,56.603603900,1.000000000,saturated
77,2.562344440,230611,36.666666700,102,91.600000000,666.639530000,468.253108000,427889.000000000,211.647000000,56.616221500,1.000000000,saturated
78,2.595677780,233611,36.750000000,102,92.300000000,666.663934000,468.217340000,428431.000000000,211.647000000,56.689954700,1.000000000,saturated
79,2.629011110,236611,36.750000000,101,91.450000000,666.614325000,468.263229000,430500.000000000,211.647000000,56.681095200,1.000000000,saturated
80,2.661866670,239568,37.666666700,101,89.600000000,666.795057000,468.266034000,421155.803000000,209.658000000,56.372861000,1.000000000,saturated
81,2.695200000,242568,37.625000000,101,89.600000000,666.812097000,468.260884000,420718.403000000,209.316000000,56.393644300,1.000000000,saturated
82,2.728533330,245568,37.166666700,99,91.000000000,666.724669000,468.198089000,431387.000000000,209.316000000,56.763287700,1.000000000,saturated
83,2.761866670,248568,37.333333300,97,90.000000000,666.732796000,468.157241000,430383.000000000,209.316000000,56.792530600,1.000000000,saturated
84,2.795200000,251568,37.125000000,97,90.000000000,666.799139000,468.224817000,427464.000000000,209.316000000,56.804876000,1.000000000,saturated
85,2.828533330,254568,37.708333300,99,91.000000000,666.809258000,468.235839000,427699.000000000,206.740000000,56.779881400,1.000000000,saturated
86,2.861866670,257568,37.541666700,98,90.850000000,666.689749000,468.301008000,428763.000000000,207.213000000,56.750165200,1.000000000,saturated
87,2.895200000,260568,36.791666700,101,91.450000000,666.815722000,468.246455000,427274.000000000,206.740000000,56.825125000,1.000000000,saturated
88,2.928066670,263526,36.750000000,102,91.450000000,666.921412000,468.396448000,419431.619000000,209.316000000,56.530560200,1.000000000,saturated
89,2.961400000,266526,36.750000000,102,91.450000000,666.903224000,468.481307000,418690.219000000,206.871000000,56.615506500,1.000000000,saturated
90,2.994733330,269526,36.458333300,104,91.200000000,667.168328000,468.442762000,402435.000000000,205.583000000,56.143581500,1.000000000,saturated
91,3.028066670,272526,36.125000000,102,90.200000000,667.158660000,468.560211000,402011.000000000,205.583000000,56.145352900,1.000000000,saturated
92,3.061400000,275526,36.833333300,102,91.050000000,667.048698000,468.590961000,405463.818000000,206.284000000,56.273928300,1.000000000,saturated
93,3.094733330,278526,37.416666700,102,91.750000000,666.922754000,468.516930000,407243.619000000,206.284000000,56.347675700,1.000000000,saturated
94,3.128066670,281526,37.500000000,101,91.600000000,666.802099000,468.510092000,413015.997000000,206.985000000,56.436200500,1.000000000,saturated
95,3.161400000,284526,36.583333300,99,91.300000000,666.814432000,468.608367000,417818.203000000,206.985000000,56.434554900,1.000000000,saturated
96,3.194244440,287482,36.833333300,100,92.150000000,666.745547000,468.543164000,419152.603000000,206.985000000,56.440480700,1.000000000,saturated
97,3.227577780,290482,36.875000000,106,95.550000000,666.744575000,468.536668000,419850.603000000,207.686000000,56.440444800,1.000000000,saturated
98,3.260911110,293482,37.458333300,106,95.700000000,666.809632000,468.528847000,419511.203000000,206.985000000,56.403341300,1.000000000,saturated
99,3.294244440,296482,37.500000000,105,95.550000000,666.788782000,468.480940000,420324.203000000,207.686000000,56.475124900,1.000000000,saturated
100,3.327577780,299482,37.791666700,116,98.400000000,666.718020000,468.334611000,413607.596000000,204.654000000,56.382431200,1.000000000,saturated
101,3.360911110,302482,37.333333300,115,97.550000000,666.753470000,468.338246000,412731.796000000,204.654000000,56.313161000,1.000000000,saturated
102,3.394244440,305482,36.166666700,117,98.550000000,666.822178000,468.297283000,411839.396000000,205.697000000,56.411647600,1.000000000,saturated
103,3.427577780,308482,36.375000000,116,98.400000000,666.779609000,468.438186000,418122.803000000,206.056000000,56.556102300,1.000000000,saturated
104,3.460433330,311439,37.000000000,117,99.400000000,666.823449000,468.334443000,417393.403000000,205.355000000,56.581661500,1.000000000,saturated
105,3.493766670,314439,37.541666700,120,102.350000000,666.759659000,468.323032000,416626.403000000,206.871000000,56.637225300,1.000000000,saturated
106,3.527100000,317439,37.500000000,114,98.350000000,666.771656000,468.334597000,419063.003000000,206.871000000,56.777536900,1.000000000,saturated
107,3.560433330,320439,37.125000000,105,96.750000000,666.713994000,468.301494000,421461.603000000,206.056000000,56.902638600,1.000000000,saturated
108,3.593766670,323439,38.208333300,106,97.900000000,666.672302000,468.311525000,433375.000000000,207.686000000,57.227026800,1.000000000,saturated
109,3.627100000,326439,37.958333300,105,99.750000000,666.635605000,468.355661000,435108.000000000,206.985000000,57.263657200,1.000000000,saturated
110,3.660433330,329439,39.875000000,108,101.950000000,666.778015000,468.249832000,426973.403000000,207.686000000,57.093717100,1.000000000,saturated
111,3.693766670,332439,40.583333300,108,102.800000000,666.774931000,468.169333000,427057.603000000,206.985000000,57.042118900,1.000000000,saturated
112,3.726622220,335396,40.958333300,108,103.800000000,666.779728000,468.096444000,432811.000000000,206.985000000,57.168650900,1.000000000,saturated
113,3.759955560,338396,40.541666700,107,102.800000000,666.792837000,468.057569000,434229.000000000,206.985000000,57.248410400,1.000000000,saturated
114,3.793288890,341396,40.166666700,107,102.650000000,666.666469000,468.003158000,437584.000000000,208.501000000,57.434011900,1.000000000,saturated
115,3.826622220,344396,39.500000000,106,101.650000000,666.768459000,467.903077000,437906.000000000,207.800000000,57.476040200,1.000000000,saturated
116,3.859955560,347396,39.208333300,107,100.950000000,667.014972000,467.974506000,430555.180000000,206.757000000,57.284833000,1.000000000,saturated
117,3.893288890,350396,39.958333300,108,102.800000000,666.960942000,467.990287000,431131.780000000,206.757000000,57.306746900,1.000000000,saturated
118,3.926622220,353396,40.333333300,107,102.800000000,666.956099000,467.979074000,433258.780000000,206.871000000,57.479899100,1.000000000,saturated
119,3.959955560,356396,39.791666700,107,103.550000000,666.920075000,468.000793000,435071.180000000,206.284000000,57.500286000,1.000000000,saturated
120,3.992800000,359352,40.333333300,104,97.800000000,666.949944000,468.226366000,426772.003000000,206.284000000,57.216949900,1.000000000,saturated
121,4.026133330,362352,40.708333300,103,97.500000000,666.902657000,468.191692000,426412.203000000,206.398000000,57.240771800,1.000000000,saturated
122,4.059466670,365352,41.041666700,103,99.050000000,666.947007000,468.151978000,420876.197000000,207.099000000,57.008580400,1.000000000,saturated
123,4.092800000,368352,41.375000000,102,98.900000000,667.166753000,468.126466000,419619.397000000,207.099000000,57.055656200,1.000000000,saturated
124,4.126133330,371352,41.708333300,103,100.600000000,667.159047000,468.122041000,419910.597000000,207.800000000,57.020383600,1.000000000,saturated
125,4.159466670,374352,42.041666700,102,99.050000000,667.019499000,468.317621000,423348.003000000,207.686000000,57.160847300,1.000000000,saturated
126,4.192800000,377352,41.625000000,101,98.900000000,667.131962000,468.283132000,419462.997000000,205.697000000,57.023605600,1.000000000,saturated
127,4.226133330,380352,42.750000000,102,99.900000000,667.145946000,468.202437000,426557.403000000,209.544000000,57.170072900,1.000000000,saturated
128,4.258988890,383309,42.083333300,107,99.500000000,667.124377000,468.146027000,425460.403000000,209.544000000,57.093989600,1.000000000,saturated
129,4.292322220,386309,42.250000000,108,99.500000000,667.131611000,468.091154000,425699.603000000,210.245000000,57.106689500,1.000000000,saturated
130,4.325655560,389309,41.958333300,108,100.350000000,667.066929000,467.896204000,427114.603000000,210.245000000,57.188738200,1.000000000,saturated
131,4.358988890,392309,42.125000000,109,101.350000000,667.020593000,467.929136000,431867.180000000,210.245000000,57.346373100,1.000000000,saturated
132,4.392322220,395309,40.750000000,107,100.900000000,666.960830000,467.913425000,427604.403000000,210.245000000,57.175551800,1.000000000,saturated
133,4.425655560,398309,39.875000000,108,101.200000000,666.897311000,468.084506000,425559.803000000,210.245000000,57.014043600,1.000000000,saturated
134,4.458988890,401309,42.291666700,112,103.500000000,666.928593000,468.044293000,421294.603000000,210.245000000,56.922344400,1.000000000,saturated
135,4.492322220,404309,42.541666700,112,104.350000000,667.094684000,468.014012000,423738.603000000,210.131000000,56.893091500,1.000000000,saturated
136,4.525188890,407267,42.833333300,110,104.200000000,666.998493000,467.960318000,426033.603000000,210.473000000,56.974559200,1.000000000,saturated
137,4.558522220,410267,42.208333300,109,103.050000000,667.053472000,467.810403000,429327.403000000,209.772000000,56.919732400,1.000000000,saturated
138,4.591855560,413267,43.291666700,114,106.200000000,667.145284000,467.833156000,436467.780000000,209.544000000,57.305101200,1.000000000,saturated
139,4.625188890,416267,43.291666700,114,104.500000000,667.172680000,467.891480000,436337.980000000,209.544000000,57.122127900,1.000000000,saturated
140,4.658522220,419267,42.875000000,116,103.350000000,667.065283000,467.791496000,448541.620000000,209.088000000,57.496384600,1.000000000,saturated
141,4.691855560,422267,43.083333300,116,103.350000000,667.040625000,467.775028000,448013.220000000,209.088000000,57.492473100,1.000000000,saturated
142,4.725188890,425267,43.750000000,117,104.200000000,666.923716000,467.768059000,448921.420000000,209.903000000,57.433509600,1.000000000,saturated
143,4.758522220,428267,43.708333300,119,105.450000000,667.083951000,467.644205000,445658.220000000,209.903000000,57.264521000,1.000000000,saturated
144,4.791355560,431222,44.625000000,121,107.600000000,667.149623000,467.549439000,439872.000000000,206.871000000,57.066655100,1.000000000,saturated
145,4.824688890,434222,44.291666700,121,109.150000000,667.184624000,467.489192000,436766.380000000,207.686000000,56.863850500,1.000000000,saturated
146,4.858022220,437222,43.541666700,121,106.600000000,667.121516000,467.465067000,437719.180000000,207.686000000,56.896118300,1.000000000,saturated
147,4.891355560,440222,44.541666700,123,109.150000000,667.097378000,467.542037000,436180.202000000,207.686000000,56.809706400,1.000000000,saturated
148,4.924688890,443222,44.541666700,123,110.000000000,666.982057000,467.725539000,433601.202000000,207.686000000,56.627419500,1.000000000,saturated
149,4.958022220,446222,45.875000000,124,110.300000000,666.963646000,467.773094000,436992.402000000,207.686000000,56.797397300,1.000000000,saturated
150,4.991355560,449222,45.750000000,122,111.050000000,667.307926000,467.671024000,414722.803000000,206.039000000,56.279072100,1.000000000,saturated
151,5.024688890,452222,45.041666700,120,109.900000000,667.230788000,467.663448000,423388.000000000,207.213000000,56.608859200,1.000000000,saturated
152,5.057555560,455180,46.166666700,120,108.350000000,667.205490000,467.490790000,433933.598000000,207.213000000,56.882959500,1.000000000,saturated
153,5.090888890,458180,46.416666700,116,106.200000000,667.245548000,467.534524000,433323.998000000,207.213000000,56.873012600,1.000000000,saturated
154,5.124222220,461180,45.625000000,117,106.750000000,667.351010000,467.401506000,430280.819000000,206.512000000,56.896077300,1.000000000,saturated
155,5.157555560,464180,45.208333300,124,108.000000000,667.188456000,467.395942000,441120.380000000,207.572000000,57.092594100,1.000000000,saturated
156,5.190888890,467180,45.666666700,126,113.100000000,667.120629000,467.506139000,440448.380000000,206.512000000,57.052638400,1.000000000,saturated
157,5.224222220,470180,45.125000000,126,112.250000000,667.035059000,467.517921000,442150.780000000,209.316000000,57.115686400,1.000000000,saturated
158,5.257555560,473180,44.541666700,127,112.400000000,667.024758000,467.519329000,442496.380000000,209.316000000,57.092777700,1.000000000,saturated
159,5.290888890,476180,44.125000000,122,104.900000000,667.035824000,467.341708000,443509.980000000,207.914000000,57.168305000,1.000000000,saturated
160,5.323744440,479137,43.666666700,116,100.500000000,667.050112000,467.474553000,443563.000000000,208.501000000,57.110958900,1.000000000,saturated
161,5.357077780,482137,44.666666700,116,101.350000000,667.003154000,467.493669000,443591.000000000,209.202000000,57.111497100,1.000000000,saturated
162,5.390411110,485137,44.333333300,117,103.050000000,666.926160000,467.566534000,439606.780000000,207.800000000,56.886272000,1.000000000,saturated
163,5.423744440,488137,43.416666700,113,99.050000000,666.987751000,467.527146000,437702.780000000,208.501000000,56.875825500,1.000000000,saturated
164,5.457077780,491137,45.583333300,117,99.500000000,666.900377000,467.483631000,432972.402000000,208.501000000,56.713637800,1.000000000,saturated
165,5.490411110,494137,45.875000000,116,99.500000000,666.803923000,467.576220000,432845.803000000,208.615000000,56.614903200,1.000000000,saturated
166,5.523744440,497137,44.375000000,114,98.050000000,666.870965000,467.522573000,434043.203000000,209.316000000,56.708434800,1.000000000,saturated
167,5.557077780,500137,44.333333300,114,98.050000000,666.995068000,467.600654000,422732.819000000,206.854000000,56.385683500,1.000000000,saturated
168,5.589922220,503093,44.583333300,115,99.050000000,666.979297000,467.659140000,421773.219000000,207.555000000,56.486770800,1.000000000,saturated
169,5.623255560,506093,44.250000000,114,98.900000000,667.002588000,467.816651000,429186.203000000,209.316000000,56.708475500,1.000000000,saturated
170,5.656588890,509093,43.000000000,112,94.350000000,667.039059000,467.841542000,431133.780000000,207.441000000,56.799721600,1.000000000,saturated
171,5.689922220,512093,43.583333300,112,93.650000000,667.113145000,467.701816000,428872.380000000,207.441000000,56.625883200,1.000000000,saturated
172,5.723255560,515093,41.833333300,107,89.950000000,667.013562000,467.681038000,428888.780000000,207.441000000,56.692422400,1.000000000,saturated
173,5.756588890,518093,41.583333300,108,90.950000000,666.921765000,467.525968000,430738.980000000,208.142000000,56.690291100,1.000000000,saturated
174,5.789922220,521093,41.583333300,110,90.400000000,666.892269000,467.457818000,431230.380000000,207.441000000,56.638185200,1.000000000,saturated
175,5.823255560,524093,40.500000000,107,88.400000000,666.865402000,467.459640000,437470.203000000,207.572000000,56.889402600,1.000000000,saturated
176,5.856111110,527050,41.083333300,101,87.650000000,666.862966000,467.485098000,437184.803000000,207.572000000,56.869700500,1.000000000,saturated
177,5.889444440,530050,40.791666700,101,87.650000000,666.875095000,467.506356000,429626.980000000,208.142000000,56.628212800,1.000000000,saturated
178,5.922777780,533050,41.583333300,102,89.500000000,666.857440000,467.540101000,429117.781000000,207.099000000,56.710400200,1.000000000,saturated
179,5.956111110,536050,42.000000000,102,89.500000000,666.923232000,467.574252000,428285.981000000,207.099000000,56.718051800,1.000000000,saturated
180,5.989444440,539050,42.250000000,102,87.350000000,667.027597000,467.703098000,427876.581000000,206.757000000,56.845332300,1.000000000,saturated
181,6.022777780,542050,41.333333300,101,88.900000000,666.928191000,467.756200000,427939.580000000,206.757000000,56.837750500,1.000000000,saturated
182,6.056111110,545050,42.041666700,102,89.900000000,667.021175000,467.717310000,428086.980000000,206.757000000,56.890667500,1.000000000,saturated
183,6.089444440,548050,42.875000000,102,90.050000000,667.076529000,467.642532000,426377.780000000,205.355000000,56.809987300,1.000000000,saturated
184,6.122300000,551007,42.375000000,101,89.050000000,667.097381000,467.644715000,425968.380000000,206.757000000,56.751575800,1.000000000,saturated
185,6.155633330,554007,43.750000000,101,89.650000000,667.350502000,467.725033000,412417.819000000,204.654000000,56.355379500,1.000000000,saturated
186,6.188966670,557007,44.416666700,102,90.500000000,667.465047000,467.614575000,406759.000000000,202.551000000,56.317131600,1.000000000,saturated
187,6.222300000,560007,44.041666700,104,89.650000000,667.607752000,467.515082000,400025.782000000,205.697000000,55.981613500,1.000000000,saturated
188,6.255633330,563007,42.875000000,101,86.800000000,667.615828000,467.468518000,400559.582000000,206.398000000,55.930109400,1.000000000,saturated
189,6.288966670,566007,42.708333300,102,86.950000000,667.458571000,467.495619000,406203.000000000,206.740000000,56.104889800,1.000000000,saturated
190,6.322300000,569007,44.083333300,100,89.500000000,667.325897000,467.534003000,421167.003000000,207.327000000,56.560283200,1.000000000,saturated
191,6.355633330,572007,44.291666700,100,89.800000000,667.248723000,467.507429000,421732.403000000,207.327000000,56.580995600,1.000000000,saturated
192,6.388477780,574963,43.916666700,103,88.250000000,667.144844000,467.518964000,424171.003000000,206.398000000,56.686945300,1.000000000,saturated
193,6.421811110,577963,43.875000000,106,88.550000000,666.918227000,467.615293000,426425.803000000,210.131000000,56.735722600,1.000000000,saturated
194,6.455144440,580963,44.750000000,104,90.400000000,666.875411000,467.591098000,426485.203000000,208.729000000,56.687285600,1.000000000,saturated
195,6.488477780,583963,45.750000000,108,92.700000000,666.809634000,467.654530000,436038.000000000,210.131000000,57.112931300,1.000000000,saturated
196,6.521811110,586963,45.833333300,114,94.700000000,666.716032000,467.756662000,437962.000000000,208.957000000,57.086898300,1.000000000,saturated
197,6.555144440,589963,45.708333300,114,97.250000000,666.851901000,467.723728000,436005.180000000,208.256000000,57.074601400,1.000000000,saturated
198,6.588477780,592963,45.083333300,112,97.100000000,666.924787000,467.636296000,439541.000000000,206.985000000,57.320178900,1.000000000,saturated
199,6.621811110,595963,45.541666700,110,97.100000000,666.986979000,467.572171000,438374.000000000,207.572000000,57.281990100,1.000000000,saturated
200,6.654666670,598920,45.625000000,110,97.100000000,666.767285000,467.699714000,438911.000000000,206.740000000,57.202008400,1.000000000,saturated
201,6.688000000,601920,46.625000000,112,98.100000000,666.652905000,467.624178000,439251.000000000,206.740000000,57.035096600,1.000000000,saturated
202,6.721333330,604920,46.375000000,112,98.800000000,666.724860000,467.591983000,437577.000000000,207.914000000,57.021267300,1.000000000,saturated
203,6.754666670,607920,46.875000000,110,99.500000000,666.830315000,467.542295000,436014.000000000,209.316000000,57.036246500,1.000000000,saturated
204,6.788000000,610920,46.125000000,110,98.650000000,666.783152000,467.759844000,428871.980000000,208.387000000,56.703501600,1.000000000,saturated
205,6.821333330,613920,45.375000000,112,98.800000000,666.763392000,467.774276000,435103.000000000,208.387000000,56.958847400,1.000000000,saturated
206,6.854666670,616920,46.833333300,114,100.800000000,667.016747000,467.685355000,436031.000000000,209.544000000,56.865509900,1.000000000,saturated
207,6.888000000,619920,46.666666700,113,100.650000000,667.054716000,467.504845000,436253.000000000,209.544000000,56.989457700,1.000000000,saturated
208,6.920866670,622878,46.833333300,112,99.650000000,667.144035000,467.600134000,436499.000000000,208.501000000,56.925210400,1.000000000,saturated
209,6.954200000,625878,46.625000000,110,98.350000000,667.106461000,467.693943000,433077.180000000,210.832000000,56.742224100,1.000000000,saturated
210,6.987533330,628878,46.291666700,113,94.500000000,667.273748000,467.560986000,425866.819000000,209.071000000,56.342041000,1.000000000,saturated
211,7.020866670,631878,46.250000000,110,93.650000000,667.297880000,467.575042000,428494.381000000,209.071000000,56.391160600,1.000000000,saturated
212,7.054200000,634878,47.333333300,110,92.950000000,667.226097000,467.570615000,432535.000000000,209.071000000,56.559939800,1.000000000,saturated
213,7.087533330,637878,47.041666700,108,91.950000000,667.031723000,467.360667000,436818.000000000,209.772000000,56.616177000,1.000000000,saturated
214,7.120866670,640878,47.333333300,109,92.100000000,667.200929000,467.387288000,435005.000000000,209.544000000,56.579260100,1.000000000,saturated
215,7.154200000,643878,47.250000000,114,92.700000000,667.113249000,467.533250000,428645.981000000,210.946000000,56.552663900,1.000000000,saturated
216,7.187044440,646834,47.250000000,112,91.550000000,667.174392000,467.567272000,427518.980000000,210.946000000,56.545171800,1.000000000,saturated
217,7.220377780,649834,46.625000000,112,90.700000000,667.119735000,467.522971000,421301.803000000,209.544000000,56.407467100,1.000000000,saturated
218,7.253711110,652834,45.875000000,116,92.700000000,667.198019000,467.632983000,418384.603000000,207.783000000,56.392196300,1.000000000,saturated
219,7.287044440,655834,45.041666700,114,91.400000000,667.074220000,467.666054000,424002.581000000,208.484000000,56.627846100,1.000000000,saturated
220,7.320377780,658834,45.791666700,115,92.400000000,667.066034000,467.552965000,425889.180000000,209.202000000,56.693631400,1.000000000,saturated
221,7.353711110,661834,45.750000000,115,92.400000000,667.011329000,467.517748000,427337.980000000,209.202000000,56.888217200,1.000000000,saturated
222,7.387044440,664834,44.916666700,115,91.250000000,667.104792000,467.706773000,428877.780000000,207.686000000,56.939184400,1.000000000,saturated
223,7.420377780,667834,45.500000000,116,92.400000000,667.141279000,467.695883000,430960.380000000,207.572000000,56.876488300,1.000000000,saturated
224,7.453233330,670791,45.791666700,116,92.400000000,667.106915000,467.586946000,430670.981000000,206.284000000,56.899841600,1.000000000,saturated
225,7.486566670,673791,45.625000000,110,88.850000000,667.187113000,467.678113000,420424.000000000,206.398000000,56.518279600,1.000000000,saturated
226,7.519900000,676791,46.833333300,113,91.000000000,667.241737000,467.679551000,413195.218000000,206.398000000,56.267318100,1.000000000,saturated
227,7.553233330,679791,46.833333300,113,91.000000000,667.203149000,467.688999000,413637.618000000,205.925000000,56.306906900,1.000000000,saturated
228,7.586566670,682791,45.500000000,109,88.000000000,667.190738000,467.837297000,411987.818000000,207.914000000,56.223126800,1.000000000,saturated
229,7.619900000,685791,47.333333300,114,92.000000000,667.155551000,467.781732000,412623.419000000,207.213000000,56.287943200,1.000000000,saturated
230,7.653233330,688791,47.166666700,115,94.400000000,667.194583000,467.736597000,411231.819000000,206.512000000,56.275427300,1.000000000,saturated
231,7.686566670,691791,46.083333300,110,91.250000000,667.161655000,467.682528000,410408.019000000,206.398000000,56.206366900,1.000000000,saturated
232,7.719422220,694748,45.875000000,108,90.250000000,667.237359000,467.816168000,408932.819000000,206.740000000,56.112074400,1.000000000,saturated
233,7.752755560,697748,45.666666700,103,87.550000000,667.028549000,467.565162000,418222.619000000,206.398000000,56.265482300,1.000000000,saturated
234,7.786088890,700748,45.666666700,106,90.950000000,667.026242000,467.575815000,419082.419000000,207.441000000,56.243047200,1.000000000,saturated
235,7.819422220,703748,46.375000000,107,91.100000000,666.886900000,467.459885000,428045.803000000,207.686000000,56.523679400,1.000000000,saturated
236,7.852755560,706748,45.916666700,108,91.950000000,666.958497000,467.436885000,428333.803000000,206.854000000,56.608230600,1.000000000,saturated
237,7.886088890,709748,44.458333300,108,92.800000000,666.917585000,467.430979000,433276.980000000,208.387000000,56.819981900,1.000000000,saturated
238,7.919422220,712748,44.666666700,106,91.950000000,666.867969000,467.500017000,440022.203000000,209.088000000,57.063448500,1.000000000,saturated
239,7.952755560,715748,45.666666700,106,92.800000000,666.899218000,467.457186000,439775.820000000,208.256000000,57.171012400,1.000000000,saturated
240,7.985600000,718704,46.000000000,105,91.800000000,666.642254000,467.453514000,444243.197000000,211.419000000,57.322623000,1.000000000,saturated
241,8.018933330,721704,45.708333300,104,90.950000000,666.602470000,467.560313000,445182.197000000,211.419000000,57.383522500,1.000000000,saturated
242,8.052266670,724704,46.416666700,104,91.800000000,666.739436000,467.505433000,446508.000000000,210.718000000,57.303812600,1.000000000,saturated
243,8.085600000,727704,47.333333300,105,92.800000000,666.717348000,467.471296000,446768.000000000,210.718000000,57.255088300,1.000000000,saturated
244,8.118933330,730704,47.416666700,105,92.800000000,666.769189000,467.476480000,441306.380000000,211.419000000,57.100547000,1.000000000,saturated
245,8.152266670,733704,47.208333300,107,92.950000000,666.617442000,467.500503000,443769.580000000,209.316000000,57.142762900,1.000000000,saturated
246,8.185600000,736704,46.500000000,105,91.100000000,666.534090000,467.508513000,445490.180000000,209.316000000,57.189473000,1.000000000,saturated
247,8.218933330,739704,46.250000000,106,91.400000000,666.503860000,467.512543000,444762.580000000,208.974000000,57.141581600,1.000000000,saturated
248,8.251788890,742661,45.875000000,106,90.850000000,666.458574000,467.516722000,447375.180000000,208.974000000,57.416403800,1.000000000,saturated
249,8.285122220,745661,44.583333300,104,88.000000000,666.486737000,467.588108000,447408.980000000,208.974000000,57.411315200,1.000000000,saturated
250,8.318455560,748661,43.958333300,104,88.000000000,666.565907000,467.464639000,444868.580000000,208.974000000,57.355240000,1.000000000,saturated
251,8.351788890,751661,44.541666700,104,88.000000000,666.675959000,467.505406000,436491.000000000,208.729000000,57.130091400,1.000000000,saturated
252,8.385122220,754661,45.291666700,106,90.400000000,666.538978000,467.499145000,437300.000000000,209.316000000,57.187630000,1.000000000,saturated
253,8.418455560,757661,45.291666700,107,91.250000000,666.479349000,467.442969000,444176.180000000,210.718000000,57.392833800,1.000000000,saturated
254,8.451788890,760661,45.583333300,109,90.700000000,666.578141000,467.438975000,437376.000000000,209.316000000,57.163760200,1.000000000,saturated
255,8.485122220,763661,44.958333300,108,90.550000000,666.746042000,467.340308000,440435.020000000,209.316000000,57.237981800,1.000000000,saturated
256,8.517988890,766619,44.791666700,105,87.000000000,666.768061000,467.377177000,436615.000000000,209.316000000,57.095965200,1.000000000,saturated
257,8.551322220,769619,45.875000000,106,91.250000000,666.694988000,467.415664000,442933.620000000,210.718000000,57.234138500,1.000000000,saturated
258,8.584655560,772619,44.833333300,105,91.100000000,666.800666000,467.325170000,436448.000000000,209.316000000,57.044050900,1.000000000,saturated
259,8.617988890,775619,44.666666700,106,92.100000000,666.729320000,467.222466000,437901.000000000,209.316000000,57.114911000,1.000000000,saturated
260,8.651322220,778619,45.041666700,102,90.250000000,666.680116000,467.253753000,438099.000000000,209.316000000,57.114847400,1.000000000,saturated
261,8.684655560,781619,46.500000000,102,91.250000000,666.633450000,467.323864000,444567.020000000,210.718000000,57.282698200,1.000000000,saturated
262,8.717988890,784619,46.208333300,103,92.100000000,666.791613000,467.232025000,447926.980000000,210.718000000,57.434237800,1.000000000,saturated
263,8.751322220,787619,45.875000000,110,97.500000000,666.642668000,467.359933000,448914.380000000,210.718000000,57.434644400,1.000000000,saturated
264,8.784155560,790574,46.500000000,113,99.500000000,666.557922000,467.464504000,452547.000000000,210.718000000,57.582382400,1.000000000,saturated
265,8.817488890,793574,46.666666700,112,98.650000000,666.594185000,467.480355000,451491.000000000,210.718000000,57.600252500,1.000000000,saturated
266,8.850822220,796574,47.083333300,114,100.350000000,666.739670000,467.379867000,446914.000000000,209.316000000,57.483203800,1.000000000,saturated
267,8.884155560,799574,47.250000000,119,103.300000000,666.716662000,467.413508000,446831.000000000,208.974000000,57.481841800,1.000000000,saturated
268,8.917488890,802574,46.625000000,117,103.000000000,666.804657000,467.323654000,447496.000000000,208.974000000,57.450378400,1.000000000,saturated
269,8.950822220,805574,46.625000000,117,102.850000000,666.863499000,467.315387000,445627.198000000,209.088000000,57.470683600,1.000000000,saturated
270,8.984155560,808574,44.125000000,117,89.750000000,666.835442000,467.271281000,443612.797000000,208.387000000,57.351318400,1.000000000,saturated
271,9.017488890,811574,44.791666700,119,89.900000000,666.873987000,467.288633000,443246.597000000,208.273000000,57.363421400,1.000000000,saturated
272,9.050355560,814532,44.458333300,116,90.450000000,666.848851000,467.373178000,443633.398000000,208.974000000,57.377071400,1.000000000,saturated
273,9.083688890,817532,45.250000000,108,95.300000000,666.808302000,467.356310000,445808.998000000,208.974000000,57.448139400,1.000000000,saturated
274,9.117022220,820532,44.333333300,107,94.150000000,666.795344000,467.328002000,443769.598000000,208.974000000,57.495329900,1.000000000,saturated
275,9.150355560,823532,44.125000000,106,93.150000000,666.824428000,467.140503000,440796.380000000,207.458000000,57.470962400,1.000000000,saturated
276,9.183688890,826532,44.541666700,107,94.700000000,666.825224000,467.217034000,427478.580000000,206.056000000,57.022422800,1.000000000,saturated
277,9.217022220,829532,46.083333300,110,96.700000000,666.727393000,467.312145000,429320.380000000,206.170000000,56.985235600,1.000000000,saturated
278,9.250355560,832532,46.416666700,109,96.700000000,666.804392000,467.329429000,428730.180000000,206.170000000,56.994004600,1.000000000,saturated
279,9.283688890,835532,48.333333300,109,99.150000000,666.679538000,467.410620000,425413.780000000,204.426000000,57.026007100,1.000000000,saturated
280,9.316544440,838489,47.458333300,107,100.450000000,666.685660000,467.361603000,436943.019000000,205.828000000,57.327220800,1.000000000,saturated
281,9.349877780,841489,47.500000000,107,100.450000000,666.632541000,467.262608000,437954.580000000,207.344000000,57.346745900,1.000000000,saturated
282,9.383211110,844489,46.458333300,103,98.450000000,666.817916000,467.235591000,437581.380000000,206.643000000,57.429663300,1.000000000,saturated
283,9.416544440,847489,47.291666700,106,102.150000000,666.891801000,467.203721000,437368.380000000,207.344000000,57.344479300,1.000000000,saturated
284,9.449877780,850489,47.916666700,103,100.300000000,666.923099000,467.060833000,437739.380000000,208.387000000,57.281883500,1.000000000,saturated
285,9.483211110,853489,47.000000000,106,103.300000000,666.874896000,466.923586000,450285.620000000,209.675000000,57.555814800,1.000000000,saturated
286,9.516544440,856489,46.875000000,108,104.300000000,666.879982000,466.921353000,448465.402000000,209.675000000,57.498140700,1.000000000,saturated
287,9.549877780,859489,47.541666700,109,106.450000000,666.990170000,466.797924000,440527.397000000,208.974000000,57.192049000,1.000000000,saturated
288,9.582722220,862445,47.375000000,110,107.300000000,666.978751000,466.693192000,439266.797000000,208.974000000,57.194562600,1.000000000,saturated
289,9.616055560,865445,47.458333300,113,106.300000000,667.181795000,466.598749000,429886.000000000,208.501000000,56.990041700,1.000000000,saturated
290,9.649388890,868445,45.375000000,114,108.800000000,667.075908000,466.584617000,435113.020000000,209.202000000,57.026510500,1.000000000,saturated
291,9.682722220,871445,47.125000000,115,109.100000000,667.057858000,466.591688000,435833.020000000,209.202000000,57.041864500,1.000000000,saturated
292,9.716055560,874445,46.250000000,112,106.250000000,667.107879000,466.737978000,435044.000000000,208.501000000,56.943831300,1.000000000,saturated
293,9.749388890,877445,47.000000000,112,106.550000000,667.243990000,466.559141000,432075.000000000,208.501000000,56.870114400,1.000000000,saturated
294,9.782722220,880445,47.875000000,115,109.400000000,667.250437000,466.647830000,430906.000000000,207.213000000,56.877333900,1.000000000,saturated
295,9.816055560,883445,48.541666700,117,111.100000000,667.200147000,466.629764000,430763.000000000,207.800000000,56.844560700,1.000000000,saturated
296,9.848911110,886402,48.625000000,117,111.400000000,667.379947000,466.546274000,430857.000000000,207.572000000,56.876379000,1.000000000,saturated
297,9.882244440,889402,48.791666700,117,111.400000000,667.417271000,466.725721000,435192.000000000,207.572000000,56.896614100,1.000000000,saturated
298,9.915577780,892402,48.458333300,116,108.850000000,667.374553000,466.712526000,435340.000000000,207.572000000,56.896705700,1.000000000,saturated
299,9.948911110,895402,47.250000000,113,105.700000000,667.291215000,466.688680000,437505.000000000,207.800000000,56.911976800,1.000000000,saturated
300,9.982244440,898402,47.291666700,109,100.550000000,667.414477000,466.614970000,424637.198000000,207.213000000,56.496149100,1.000000000,saturated
301,10.015577800,901402,48.083333300,109,100.700000000,667.443011000,466.608170000,424129.198000000,207.099000000,56.482655100,1.000000000,saturated
302,10.048911100,904402,48.583333300,108,99.700000000,667.461083000,466.798583000,422196.198000000,207.099000000,56.459022600,1.000000000,saturated
303,10.082244400,907402,48.916666700,112,100.850000000,667.447788000,466.763126000,427328.402000000,207.914000000,56.677732100,1.000000000,saturated
304,10.115100000,910359,48.583333300,112,100.000000000,667.390051000,466.666448000,428858.802000000,207.213000000,56.689959500,1.000000000,saturated
305,10.148433300,913359,47.541666700,113,100.550000000,667.392725000,466.740642000,431732.781000000,208.501000000,56.735934600,1.000000000,saturated
306,10.181766700,916359,46.958333300,113,100.550000000,667.386577000,466.566440000,431515.580000000,209.202000000,56.756440800,1.000000000,saturated
307,10.215100000,919359,46.833333300,110,99.250000000,667.322665000,466.553914000,431787.780000000,207.914000000,56.679353700,1.000000000,saturated
308,10.248433300,922359,47.541666700,112,101.800000000,667.308337000,466.546577000,433405.580000000,207.213000000,56.768558800,1.000000000,saturated
309,10.281766700,925359,48.291666700,110,100.950000000,667.371673000,466.573262000,432823.180000000,206.512000000,56.718434800,1.000000000,saturated
310,10.315100000,928359,47.583333300,113,98.550000000,667.467672000,466.546268000,426233.603000000,207.099000000,56.520815500,1.000000000,saturated
311,10.348433300,931359,47.583333300,112,97.550000000,667.425118000,466.595371000,426170.203000000,206.398000000,56.475898600,1.000000000,saturated
312,10.381277800,934315,46.666666700,112,97.700000000,667.310026000,466.720148000,428136.602000000,206.398000000,56.628863600,1.000000000,saturated
313,10.414611100,937315,46.958333300,112,96.000000000,667.449250000,466.639743000,429651.802000000,207.099000000,56.730489700,1.000000000,saturated
314,10.447944400,940315,47.083333300,112,95.850000000,667.549085000,466.681140000,430297.381000000,206.056000000,56.843151300,1.000000000,saturated
315,10.481277800,943315,47.625000000,116,98.850000000,667.525041000,466.780665000,430962.981000000,206.757000000,56.853416000,1.000000000,saturated
316,10.514611100,946315,46.791666700,115,98.400000000,667.396219000,466.785603000,437175.000000000,206.871000000,57.037325800,1.000000000,saturated
317,10.547944400,949315,46.791666700,112,94.000000000,667.417438000,466.749429000,437061.000000000,206.757000000,57.009970600,1.000000000,saturated
318,10.581277800,952315,46.208333300,115,94.400000000,667.330695000,466.805709000,438734.000000000,206.757000000,57.037113400,1.000000000,saturated
319,10.614611100,955315,46.750000000,115,94.400000000,667.258804000,466.723396000,439940.980000000,207.344000000,57.116180600,1.000000000,saturated
320,10.647466700,958272,45.958333300,116,93.250000000,667.414369000,466.641285000,431093.580000000,206.757000000,56.748460000,1.000000000,saturated
321,10.680800000,961272,46.916666700,116,92.400000000,667.419236000,466.582119000,430200.781000000,206.757000000,56.734505800,1.000000000,saturated
322,10.714133300,964272,48.791666700,116,92.850000000,667.437325000,466.514183000,431140.781000000,206.757000000,56.738154000,1.000000000,saturated
323,10.747466700,967272,48.500000000,115,91.850000000,667.424342000,466.450443000,430436.581000000,204.882000000,56.656748000,1.000000000,saturated
324,10.780800000,970272,48.291666700,114,91.400000000,667.481023000,466.495344000,434173.000000000,206.757000000,56.714685000,1.000000000,saturated
325,10.814133300,973272,47.708333300,115,91.550000000,667.292722000,466.608732000,436943.000000000,205.942000000,56.765368000,1.000000000,saturated
326,10.847466700,976272,47.333333300,115,91.550000000,667.229180000,466.707024000,434837.000000000,204.067000000,56.895632800,1.000000000,saturated
327,10.880800000,979272,46.708333300,112,88.550000000,667.181459000,466.669856000,439405.619000000,205.013000000,57.075131900,1.000000000,saturated
328,10.913666700,982230,46.708333300,126,94.650000000,667.208299000,466.721626000,429315.381000000,206.757000000,56.736922400,1.000000000,saturated
329,10.947000000,985230,46.416666700,126,94.500000000,667.187694000,466.676526000,434307.000000000,206.871000000,56.869321900,1.000000000,saturated
330,10.980333300,988230,45.708333300,130,99.900000000,667.432043000,466.463952000,412331.819000000,205.469000000,56.315251800,1.000000000,saturated
331,11.013666700,991230,46.083333300,130,99.900000000,667.270375000,466.480608000,418144.597000000,205.469000000,56.495609000,1.000000000,saturated
332,11.047000000,994230,45.333333300,130,99.750000000,667.260959000,466.589481000,423446.602000000,206.985000000,56.672826400,1.000000000,saturated
333,11.080333300,997230,46.583333300,131,102.450000000,667.152545000,466.539061000,439051.819000000,206.284000000,57.233989700,1.000000000,saturated
334,11.113666700,1000230,47.208333300,131,100.750000000,667.326578000,466.536880000,433823.000000000,208.729000000,57.152468600,1.000000000,saturated
335,11.147000000,1003230,47.916666700,136,100.650000000,667.239786000,466.381170000,434893.402000000,209.903000000,56.969470300,1.000000000,saturated
336,11.179844400,1006186,48.125000000,135,100.500000000,667.167510000,466.316507000,440433.220000000,209.903000000,57.062824100,1.000000000,saturated
337,11.213177800,1009186,48.916666700,136,101.500000000,667.128365000,466.412187000,436661.419000000,209.202000000,56.876128000,1.000000000,saturated
338,11.246511100,1012186,47.958333300,134,98.650000000,667.032741000,466.419670000,441996.598000000,208.501000000,57.118727400,1.000000000,saturated
339,11.279844400,1015186,47.750000000,129,93.850000000,666.940466000,466.509871000,443834.000000000,208.501000000,57.249855400,1.000000000,saturated
340,11.313177800,1018186,46.500000000,127,92.000000000,667.023164000,466.563179000,433360.602000000,208.501000000,56.904247400,1.000000000,saturated
341,11.346511100,1021186,47.750000000,128,93.000000000,666.975637000,466.481902000,433493.802000000,209.202000000,56.906655300,1.000000000,saturated
342,11.379844400,1024186,47.291666700,133,96.950000000,666.849142000,466.452384000,439911.980000000,208.974000000,57.123888500,1.000000000,saturated
343,11.413177800,1027186,47.708333300,131,94.100000000,666.867880000,466.542524000,440214.780000000,207.572000000,57.092957300,1.000000000,saturated
344,11.446033300,1030143,47.541666700,129,92.950000000,666.654386000,466.626728000,442257.580000000,208.974000000,57.083580700,1.000000000,saturated
345,11.479366700,1033143,46.958333300,124,88.550000000,666.880067000,466.694678000,437169.402000000,207.800000000,56.955116400,1.000000000,saturated
346,11.512700000,1036143,46.375000000,120,85.000000000,666.874325000,466.693465000,437291.802000000,210.718000000,56.988825900,1.000000000,saturated
347,11.546033300,1039143,47.666666700,121,86.850000000,666.954132000,466.621811000,429447.180000000,208.387000000,56.761968500,1.000000000,saturated
348,11.579366700,1042143,46.083333300,122,88.400000000,666.899228000,466.620436000,429072.181000000,208.387000000,56.694573300,1.000000000,saturated
349,11.612700000,1045143,45.416666700,122,86.550000000,666.885673000,466.548854000,428529.381000000,208.028000000,56.625580800,1.000000000,saturated
350,11.646033300,1048143,45.708333300,119,84.700000000,666.900417000,466.607186000,426547.781000000,208.028000000,56.644233300,1.000000000,saturated
351,11.679366700,1051143,45.875000000,117,85.700000000,666.904729000,466.595163000,425997.581000000,208.028000000,56.611621600,1.000000000,saturated
352,11.712222200,1054100,46.500000000,116,88.100000000,666.801307000,466.752169000,430992.000000000,208.615000000,56.783084800,1.000000000,saturated
353,11.745555600,1057100,47.875000000,119,90.550000000,666.741050000,466.715755000,436322.620000000,209.316000000,57.003316800,1.000000000,saturated
354,11.778888900,1060100,47.458333300,119,88.700000000,666.746806000,466.680215000,437073.020000000,210.718000000,57.054563000,1.000000000,saturated
355,11.812222200,1063100,46.833333300,115,86.700000000,666.751928000,466.647097000,438393.619000000,209.903000000,57.037435400,1.000000000,saturated
356,11.845555600,1066100,46.708333300,115,86.700000000,666.810338000,466.384429000,441557.420000000,209.316000000,57.100457700,1.000000000,saturated
357,11.878888900,1069100,46.416666700,113,85.850000000,666.820257000,466.429609000,441302.020000000,208.501000000,57.149178200,1.000000000,saturated
358,11.912222200,1072100,46.083333300,108,90.100000000,666.946688000,466.324153000,436840.000000000,207.099000000,57.044365500,1.000000000,saturated
359,11.945555600,1075100,46.208333300,109,90.100000000,667.036914000,466.360591000,431731.781000000,207.099000000,56.764583000,1.000000000,saturated
360,11.978400000,1078056,46.583333300,116,96.500000000,667.166221000,466.260893000,432833.402000000,210.131000000,56.898802400,1.000000000,saturated
361,12.011733300,1081056,46.208333300,115,94.800000000,667.148329000,466.245419000,432933.202000000,210.131000000,56.920692800,1.000000000,saturated
362,12.045066700,1084056,45.916666700,114,93.800000000,667.145128000,466.272266000,436151.602000000,207.686000000,56.971024300,1.000000000,saturated
363,12.078400000,1087056,46.333333300,114,93.800000000,667.142696000,466.250158000,437654.202000000,207.800000000,56.914099600,1.000000000,saturated
364,12.111733300,1090056,47.875000000,114,94.800000000,667.139224000,466.340244000,438783.802000000,207.800000000,56.906005800,1.000000000,saturated
365,12.145066700,1093056,47.708333300,107,93.500000000,667.036972000,466.231397000,451458.202000000,210.131000000,57.334220100,1.000000000,saturated
366,12.178400000,1096056,47.708333300,106,92.650000000,666.993609000,466.285943000,453024.002000000,210.832000000,57.380417700,1.000000000,saturated
367,12.211733300,1099056,47.708333300,108,93.800000000,666.992268000,466.151005000,452077.801000000,210.131000000,57.239090400,1.000000000,saturated
368,12.244588900,1102013,47.416666700,108,93.950000000,667.120290000,466.060275000,438972.000000000,206.398000000,56.722104800,1.000000000,saturated
369,12.277922200,1105013,46.875000000,106,92.100000000,667.041391000,466.058052000,438965.000000000,206.985000000,56.807117600,1.000000000,saturated
370,12.311255600,1108013,47.000000000,106,92.100000000,667.006303000,466.025142000,433325.181000000,208.729000000,56.705190600,1.000000000,saturated
371,12.344588900,1111013,47.333333300,106,91.400000000,667.001868000,465.972133000,433906.181000000,207.099000000,56.632097300,1.000000000,saturated
372,12.377922200,1114013,48.250000000,107,94.100000000,667.054548000,465.934506000,437887.000000000,207.099000000,56.792238400,1.000000000,saturated
373,12.411255600,1117013,48.208333300,107,94.100000000,667.108025000,465.906181000,437491.000000000,206.985000000,56.864128000,1.000000000,saturated
374,12.444588900,1120013,48.000000000,107,94.100000000,667.210567000,466.034848000,436351.000000000,206.985000000,56.892431400,1.000000000,saturated
375,12.477922200,1123013,47.583333300,107,94.100000000,667.001439000,466.082340000,441082.419000000,207.686000000,56.987983900,1.000000000,saturated
376,12.510788900,1125971,47.750000000,109,94.800000000,666.961927000,466.156726000,441329.419000000,207.099000000,56.980129800,1.000000000,saturated
377,12.544122200,1128971,49.000000000,116,98.800000000,666.906229000,466.380829000,442967.019000000,207.686000000,57.059774000,1.000000000,saturated
378,12.577455600,1131971,48.583333300,120,98.100000000,666.936930000,466.312259000,443645.619000000,207.686000000,57.148918000,1.000000000,saturated
379,12.610788900,1134971,47.875000000,124,94.950000000,666.836455000,466.394938000,448324.598000000,208.729000000,57.193991400,1.000000000,saturated
380,12.644122200,1137971,47.875000000,127,95.250000000,666.846852000,466.423831000,444840.780000000,208.729000000,57.000123400,1.000000000,saturated
381,12.677455600,1140971,47.958333300,127,95.250000000,666.935700000,466.605387000,427994.219000000,208.729000000,56.482976400,1.000000000,saturated
382,12.710788900,1143971,48.541666700,124,94.950000000,666.789037000,466.597433000,432988.798000000,208.028000000,56.655129000,1.000000000,saturated
383,12.744122200,1146971,47.375000000,124,93.550000000,666.794612000,466.651696000,438565.000000000,208.729000000,56.957502800,1.000000000,saturated
384,12.776955600,1149926,46.625000000,123,92.400000000,666.904843000,466.514564000,434334.219000000,208.729000000,56.962401600,1.000000000,saturated
385,12.810288900,1152926,46.791666700,122,91.550000000,666.866607000,466.420384000,438039.198000000,208.729000000,57.021387900,1.000000000,saturated
386,12.843622200,1155926,47.250000000,120,93.250000000,666.753852000,466.402807000,442074.002000000,210.131000000,57.157373300,1.000000000,saturated
387,12.876955600,1158926,47.125000000,120,93.950000000,666.759153000,466.304677000,439897.802000000,210.131000000,57.072351700,1.000000000,saturated
388,12.910288900,1161926,46.458333300,119,93.800000000,666.698736000,466.332927000,445583.580000000,210.131000000,57.276708300,1.000000000,saturated
389,12.943622200,1164926,45.416666700,120,91.400000000,666.720854000,466.449728000,444332.180000000,210.131000000,57.216338700,1.000000000,saturated
390,12.976955600,1167926,44.916666700,121,87.800000000,666.751077000,466.469321000,429884.819000000,209.544000000,56.618719800,1.000000000,saturated
391,13.010288900,1170926,44.916666700,120,87.250000000,666.578556000,466.479940000,431446.019000000,209.544000000,56.687697200,1.000000000,saturated
392,13.043155600,1173884,44.541666700,120,87.250000000,666.601701000,466.476592000,433498.819000000,209.544000000,56.757296600,1.000000000,saturated
393,13.076488900,1176884,43.875000000,120,86.950000000,666.853537000,466.485434000,428469.019000000,208.142000000,56.618434400,1.000000000,saturated
394,13.109822200,1179884,44.000000000,122,88.250000000,666.820402000,466.367859000,437410.802000000,208.142000000,56.927621300,1.000000000,saturated
395,13.143155600,1182884,46.041666700,130,90.550000000,666.841717000,466.352741000,433803.802000000,210.131000000,56.783177200,1.000000000,saturated
396,13.176488900,1185884,45.875000000,129,90.400000000,666.763044000,466.323491000,429629.602000000,207.800000000,56.805334800,1.000000000,saturated
397,13.209822200,1188884,46.291666700,129,92.100000000,666.733286000,466.407899000,429649.202000000,207.800000000,56.748719100,1.000000000,saturated
398,13.243155600,1191884,46.541666700,126,88.850000000,666.734803000,466.383563000,426109.798000000,207.800000000,56.584636700,1.000000000,saturated
399,13.276488900,1194884,46.666666700,123,87.850000000,666.735735000,466.308072000,428303.198000000,207.800000000,56.644195000,1.000000000,saturated
400,13.309344400,1197841,47.416666700,116,92.500000000,666.677461000,466.335550000,428694.598000000,207.327000000,56.695744600,1.000000000,saturated
401,13.342677800,1200841,46.583333300,119,87.550000000,666.559767000,466.402572000,443354.000000000,207.327000000,57.135960100,1.000000000,saturated
402,13.376011100,1203841,45.375000000,119,85.850000000,666.560959000,466.437205000,446828.420000000,207.458000000,57.229390600,1.000000000,saturated
403,13.409344400,1206841,44.833333300,116,83.850000000,666.652378000,466.410639000,436106.980000000,206.871000000,56.912171500,1.000000000,saturated
404,13.442677800,1209841,45.083333300,116,83.850000000,666.810095000,466.510088000,428710.403000000,207.686000000,56.653903400,1.000000000,saturated
405,13.476011100,1212841,46.166666700,119,86.800000000,666.783622000,466.574041000,429214.603000000,206.871000000,56.645058100,1.000000000,saturated
406,13.509344400,1215841,46.583333300,119,86.950000000,666.737306000,466.656400000,428138.203000000,206.871000000,56.625809300,1.000000000,saturated
407,13.542677800,1218841,46.333333300,119,86.950000000,666.666649000,466.687367000,436014.380000000,206.871000000,56.854285800,1.000000000,saturated
408,13.575522200,1221797,46.500000000,119,86.800000000,666.604798000,466.642263000,445578.220000000,207.572000000,57.121804900,1.000000000,saturated
409,13.608855600,1224797,46.375000000,121,89.500000000,666.646785000,466.696524000,441607.000000000,207.572000000,57.037896900,1.000000000,saturated
410,13.642188900,1227797,46.458333300,120,91.500000000,666.681052000,466.630076000,434354.219000000,206.871000000,56.825749300,1.000000000,saturated
411,13.675522200,1230797,47.333333300,119,91.650000000,666.701332000,466.584793000,440178.000000000,207.572000000,56.968791700,1.000000000,saturated
412,13.708855600,1233797,47.750000000,117,92.650000000,666.720855000,466.549645000,440610.000000000,206.871000000,56.996296500,1.000000000,saturated
413,13.742188900,1236797,46.541666700,122,92.500000000,666.875731000,466.419179000,441243.000000000,206.757000000,57.249109300,1.000000000,saturated
414,13.775522200,1239797,45.416666700,122,90.650000000,666.882520000,466.400157000,431883.402000000,206.398000000,56.757978500,1.000000000,saturated
415,13.808855600,1242797,45.791666700,123,90.100000000,666.819947000,466.378869000,445452.000000000,207.572000000,57.153701000,1.000000000,saturated
416,13.841711100,1245754,46.541666700,124,88.550000000,666.736911000,466.422472000,439907.780000000,207.572000000,56.922476000,1.000000000,saturated
417,13.875044400,1248754,47.125000000,123,88.400000000,666.720190000,466.251151000,436614.181000000,207.572000000,56.699439100,1.000000000,saturated
418,13.908377800,1251754,47.541666700,120,90.800000000,666.609938000,466.242791000,442348.000000000,207.686000000,56.919567400,1.000000000,saturated
419,13.941711100,1254754,46.750000000,119,89.950000000,666.744363000,466.302480000,429472.602000000,207.686000000,56.681989400,1.000000000,saturated
420,13.975044400,1257754,47.208333300,119,97.200000000,666.727012000,466.268115000,420366.819000000,204.768000000,56.248278400,1.000000000,saturated
421,14.008377800,1260754,47.333333300,119,97.200000000,666.768716000,466.269727000,419253.219000000,205.469000000,56.234568600,1.000000000,saturated
422,14.041711100,1263754,47.291666700,115,96.350000000,666.862838000,466.422885000,422142.598000000,205.469000000,56.312461300,1.000000000,saturated
423,14.075044400,1266754,46.666666700,113,94.500000000,666.870585000,466.382576000,417647.419000000,206.398000000,56.155221700,1.000000000,saturated
424,14.107900000,1269711,45.750000000,115,94.500000000,667.047286000,466.403460000,413672.000000000,205.697000000,55.993136000,1.000000000,saturated
425,14.141233300,1272711,46.333333300,113,93.500000000,667.088172000,466.457004000,416086.000000000,204.409000000,56.225294300,1.000000000,saturated
426,14.174566700,1275711,46.625000000,108,91.650000000,666.968178000,466.385016000,416344.000000000,204.409000000,56.225085600,1.000000000,saturated
427,14.207900000,1278711,46.083333300,106,89.500000000,666.920029000,466.366713000,415540.000000000,204.409000000,56.214243300,1.000000000,saturated
428,14.241233300,1281711,47.458333300,105,90.650000000,667.168025000,466.146505000,415837.000000000,205.110000000,56.272903200,1.000000000,saturated
429,14.274566700,1284711,47.291666700,102,89.950000000,667.058772000,466.210477000,428981.003000000,206.512000000,56.757865500,1.000000000,saturated
430,14.307900000,1287711,45.541666700,101,92.500000000,667.048760000,466.215811000,439769.000000000,206.985000000,57.122636800,1.000000000,saturated
431,14.341233300,1290711,45.041666700,99,91.650000000,667.109985000,466.250280000,439804.000000000,206.985000000,57.147971000,1.000000000,saturated
432,14.374077800,1293667,45.916666700,100,93.500000000,667.207748000,466.258933000,435762.180000000,206.985000000,56.956136900,1.000000000,saturated
433,14.407411100,1296667,47.458333300,102,94.650000000,667.239052000,466.178820000,438838.000000000,207.686000000,57.052244400,1.000000000,saturated
434,14.440744400,1299667,47.791666700,103,94.800000000,667.254621000,466.116726000,428787.602000000,207.686000000,56.736399700,1.000000000,saturated
435,14.474077800,1302667,46.625000000,103,94.800000000,667.113306000,466.155144000,432906.402000000,206.170000000,56.745362800,1.000000000,saturated
436,14.507411100,1305667,47.791666700,107,97.050000000,667.129146000,466.107788000,435939.780000000,207.572000000,56.824595300,1.000000000,saturated
437,14.540744400,1308667,47.375000000,107,96.050000000,667.152798000,466.176350000,424554.797000000,205.583000000,56.410437200,1.000000000,saturated
438,14.574077800,1311667,47.000000000,108,98.600000000,667.167301000,466.202134000,428051.802000000,205.583000000,56.490320000,1.000000000,saturated
439,14.607411100,1314667,47.750000000,108,98.600000000,667.122007000,466.169449000,429240.603000000,206.871000000,56.542575200,1.000000000,saturated
440,14.640266700,1317624,46.583333300,106,94.050000000,667.149235000,466.084059000,431131.402000000,208.316000000,56.589835500,1.000000000,saturated
441,14.673600000,1320624,46.000000000,103,92.050000000,667.052349000,465.986238000,431532.602000000,207.686000000,56.495213000,1.000000000,saturated
442,14.706933300,1323624,46.458333300,105,91.500000000,667.141912000,466.014485000,425784.998000000,206.626000000,56.354606900,1.000000000,saturated
443,14.740266700,1326624,47.041666700,105,92.500000000,667.185616000,465.900812000,429706.203000000,207.316000000,56.532101300,1.000000000,saturated
444,14.773600000,1329624,47.458333300,105,93.650000000,667.238939000,465.959647000,430912.002000000,207.914000000,56.424837300,1.000000000,saturated
445,14.806933300,1332624,47.916666700,106,95.350000000,667.479334000,465.865669000,420323.619000000,206.968000000,56.110944800,1.000000000,saturated
446,14.840266700,1335624,49.041666700,108,97.200000000,667.366772000,465.878224000,420927.219000000,206.740000000,56.241921000,1.000000000,saturated
447,14.873600000,1338624,48.458333300,110,97.500000000,667.312936000,465.858843000,422458.419000000,207.441000000,56.263194200,1.000000000,saturated
448,14.906466700,1341582,48.041666700,109,97.500000000,667.369847000,465.856340000,420650.019000000,207.441000000,56.141270700,1.000000000,saturated
449,14.939800000,1344582,48.625000000,110,98.650000000,667.238547000,466.097340000,427567.198000000,208.142000000,56.416289200,1.000000000,saturated
450,14.973133300,1347582,46.750000000,108,99.100000000,667.131208000,466.261570000,435165.802000000,208.142000000,56.620931200,1.000000000,saturated
451,15.006466700,1350582,47.250000000,108,99.100000000,667.225797000,466.326152000,434049.801000000,208.142000000,56.619165500,1.000000000,saturated
452,15.039800000,1353582,48.958333300,107,99.650000000,667.259183000,466.203229000,432201.402000000,208.142000000,56.569218800,1.000000000,saturated
453,15.073133300,1356582,49.708333300,107,99.800000000,667.275893000,466.155656000,431119.802000000,207.441000000,56.463805500,1.000000000,saturated
454,15.106466700,1359582,49.666666700,108,99.950000000,667.314677000,466.104742000,426513.198000000,206.512000000,56.306646900,1.000000000,saturated
455,15.139800000,1362582,49.333333300,109,100.500000000,667.313509000,466.156078000,420870.819000000,207.441000000,56.160656200,1.000000000,saturated
456,15.172644400,1365538,49.458333300,110,100.500000000,667.212372000,466.115801000,420550.819000000,207.441000000,56.169409600,1.000000000,saturated
457,15.205977800,1368538,48.541666700,108,99.400000000,667.013389000,466.320518000,424162.219000000,207.669000000,56.334885200,1.000000000,saturated
458,15.239311100,1371538,47.833333300,107,98.000000000,667.005680000,466.212187000,421322.219000000,207.669000000,56.270697100,1.000000000,saturated
459,15.272644400,1374538,47.083333300,102,95.700000000,667.002324000,466.193925000,419332.419000000,209.544000000,56.218869200,1.000000000,saturated
460,15.305977800,1377538,48.625000000,117,100.550000000,667.159734000,466.272662000,419209.019000000,206.398000000,56.283549000,1.000000000,saturated
461,15.339311100,1380538,48.500000000,116,99.400000000,667.164573000,466.266672000,419217.219000000,206.398000000,56.269597000,1.000000000,saturated
462,15.372644400,1383538,48.416666700,115,99.400000000,667.188826000,466.202906000,419779.619000000,206.398000000,56.324320400,1.000000000,saturated
463,15.405977800,1386538,49.375000000,123,102.550000000,666.987897000,466.145340000,429838.798000000,208.142000000,56.725024100,1.000000000,saturated
464,15.438833300,1389495,49.541666700,122,102.400000000,666.827858000,466.256697000,442129.000000000,207.686000000,56.999211400,1.000000000,saturated
465,15.472166700,1392495,49.458333300,120,101.400000000,666.830243000,466.315814000,441443.000000000,207.686000000,56.930367000,1.000000000,saturated
466,15.505500000,1395495,49.458333300,117,101.100000000,666.873551000,466.373815000,439371.798000000,206.985000000,56.764744100,1.000000000,saturated
467,15.538833300,1398495,49.041666700,119,102.250000000,666.899698000,466.376781000,436872.180000000,206.284000000,56.646548500,1.000000000,saturated
468,15.572166700,1401495,48.541666700,121,100.800000000,667.000416000,466.366412000,432268.002000000,207.686000000,56.615761100,1.000000000,saturated
469,15.605500000,1404495,48.416666700,120,101.500000000,667.033567000,466.394012000,426167.598000000,206.170000000,56.521332000,1.000000000,saturated
470,15.638833300,1407495,48.458333300,119,101.350000000,666.957752000,466.344915000,420606.819000000,207.099000000,56.225109400,1.000000000,saturated
471,15.672166700,1410495,48.916666700,120,101.500000000,667.094759000,466.340358000,419773.619000000,205.583000000,56.156886600,1.000000000,saturated
472,15.705022200,1413452,50.458333300,124,104.350000000,667.151278000,466.388151000,417608.619000000,206.284000000,56.186032600,1.000000000,saturated
473,15.738355600,1416452,49.500000000,116,100.500000000,667.104188000,466.346285000,417416.819000000,207.099000000,56.454923600,1.000000000,saturated
474,15.771688900,1419452,50.125000000,115,104.050000000,667.046093000,466.507589000,418789.019000000,207.099000000,56.542128200,1.000000000,saturated
475,15.805022200,1422452,51.333333300,117,105.200000000,666.983415000,466.377513000,431386.402000000,207.099000000,56.855455400,1.000000000,saturated
476,15.838355600,1425452,51.500000000,116,103.500000000,666.902449000,466.330943000,434631.180000000,208.501000000,56.845032800,1.000000000,saturated
477,15.871688900,1428452,51.375000000,113,101.500000000,666.946564000,466.188364000,434257.180000000,208.501000000,56.946162700,1.000000000,saturated
478,15.905022200,1431452,50.041666700,117,101.200000000,666.874385000,466.132007000,435628.180000000,206.170000000,56.901266200,1.000000000,saturated
479,15.938355600,1434452,50.041666700,119,103.750000000,666.880384000,466.171647000,436835.180000000,208.387000000,56.975315400,1.000000000,saturated
480,15.971200000,1437408,47.125000000,123,104.000000000,667.243404000,466.085465000,416181.000000000,206.398000000,56.328723700,1.000000000,saturated
481,16.004533300,1440408,49.375000000,124,105.150000000,667.281768000,466.080096000,415576.000000000,206.398000000,56.303805800,1.000000000,saturated
482,16.037866700,1443408,50.333333300,117,105.000000000,667.022124000,466.142013000,431168.403000000,207.800000000,56.816608100,1.000000000,saturated
483,16.071200000,1446408,51.333333300,117,106.300000000,666.947318000,466.170384000,436637.580000000,207.800000000,56.942849200,1.000000000,saturated
484,16.104533300,1449408,51.791666700,117,106.300000000,666.901925000,466.161752000,433242.403000000,208.501000000,56.824611000,1.000000000,saturated
485,16.137866700,1452408,53.000000000,120,106.600000000,666.918578000,466.200387000,433335.802000000,206.284000000,56.806277900,1.000000000,saturated
486,16.171200000,1455408,53.208333300,120,106.600000000,666.953436000,466.199124000,432973.802000000,206.284000000,56.709792600,1.000000000,saturated
487,16.204533300,1458408,52.541666700,117,107.150000000,667.008848000,466.130348000,434035.002000000,206.985000000,56.816484500,1.000000000,saturated
488,16.237388900,1461365,51.291666700,114,106.000000000,667.046881000,466.156257000,432782.802000000,210.131000000,56.696408200,1.000000000,saturated
489,16.270722200,1464365,51.875000000,116,110.850000000,666.975656000,466.003078000,429905.403000000,210.131000000,56.702889000,1.000000000,saturated
490,16.304055600,1467365,52.583333300,115,110.000000000,666.937480000,466.029632000,428577.203000000,207.914000000,56.793035800,1.000000000,saturated
491,16.337388900,1470365,52.500000000,117,109.850000000,666.850290000,465.945120000,434787.980000000,207.213000000,56.954899000,1.000000000,saturated
492,16.370722200,1473365,53.000000000,116,110.000000000,666.941796000,466.009814000,424197.397000000,207.213000000,56.591745200,1.000000000,saturated
493,16.404055600,1476365,52.125000000,115,109.000000000,666.986807000,465.944242000,423688.797000000,207.213000000,56.700384000,1.000000000,saturated
494,16.437388900,1479365,52.583333300,116,109.850000000,666.898966000,465.821425000,427989.797000000,207.914000000,56.767779000,1.000000000,saturated
495,16.470722200,1482365,51.541666700,114,108.850000000,666.951459000,465.891936000,427352.998000000,207.914000000,56.739061400,1.000000000,saturated
496,16.503588900,1485323,51.875000000,115,112.000000000,666.831584000,465.884717000,429986.803000000,206.985000000,56.849338900,1.000000000,saturated
497,16.536922200,1488323,52.291666700,116,112.000000000,666.866358000,465.774046000,430038.803000000,206.985000000,56.877906200,1.000000000,saturated
498,16.570255600,1491323,53.083333300,117,113.000000000,667.034513000,465.766367000,424356.198000000,206.284000000,56.683676300,1.000000000,saturated
499,16.603588900,1494323,52.041666700,116,110.850000000,667.054060000,465.889828000,427238.598000000,206.985000000,56.775525100,1.000000000,saturated
500,16.636922200,1497323,52.583333300,115,111.850000000,667.062932000,465.798259000,426191.398000000,206.985000000,56.764691100,1.000000000,saturated
501,16.670255600,1500323,51.708333300,114,109.850000000,667.047474000,465.515048000,420801.219000000,206.284000000,56.529849400,1.000000000,saturated
502,16.703588900,1503323,52.250000000,115,110.850000000,667.000533000,465.489513000,422142.019000000,205.583000000,56.499003100,1.000000000,saturated
503,16.736922200,1506323,52.958333300,114,110.150000000,666.958825000,465.549138000,423972.219000000,207.914000000,56.499544200,1.000000000,saturated
504,16.769755600,1509278,52.666666700,116,113.000000000,666.932186000,465.667186000,428048.398000000,205.583000000,56.623202000,1.000000000,saturated
505,16.803088900,1512278,51.583333300,114,111.150000000,667.019354000,465.566405000,425675.197000000,205.583000000,56.557312500,1.000000000,saturated
506,16.836422200,1515278,52.375000000,117,112.150000000,666.984895000,465.565966000,416677.000000000,205.224000000,56.260069700,1.000000000,saturated
507,16.869755600,1518278,52.583333300,117,112.600000000,666.912163000,465.651470000,415714.000000000,205.224000000,56.152703800,1.000000000,saturated
508,16.903088900,1521278,51.416666700,115,109.200000000,666.847964000,465.729826000,417624.000000000,204.523000000,56.225212000,1.000000000,saturated
509,16.936422200,1524278,51.875000000,115,109.050000000,666.881374000,465.762559000,415703.000000000,204.523000000,56.137040100,1.000000000,saturated
510,16.969755600,1527278,52.958333300,121,110.750000000,666.950560000,465.596622000,423610.019000000,205.469000000,56.451215200,1.000000000,saturated
511,17.003088900,1530278,51.833333300,119,108.900000000,666.882240000,465.600410000,428713.398000000,206.170000000,56.655701100,1.000000000,saturated
512,17.035955600,1533236,52.041666700,117,107.750000000,666.935793000,465.554291000,431442.002000000,206.871000000,56.919035200,1.000000000,saturated
513,17.069288900,1536236,53.166666700,120,109.050000000,666.929681000,465.579662000,429315.402000000,206.170000000,56.746270200,1.000000000,saturated
514,17.102622200,1539236,52.041666700,119,107.350000000,666.977852000,465.562283000,430122.202000000,206.871000000,56.836997700,1.000000000,saturated
515,17.135955600,1542236,54.166666700,121,112.050000000,666.937860000,465.536924000,432550.619000000,208.501000000,56.880371700,1.000000000,saturated
516,17.169288900,1545236,54.750000000,121,112.750000000,666.886756000,465.551479000,437683.998000000,209.316000000,57.097812400,1.000000000,saturated
517,17.202622200,1548236,53.208333300,120,107.800000000,666.760176000,465.526950000,434540.180000000,210.017000000,56.909549100,1.000000000,saturated
518,17.235955600,1551236,52.958333300,117,106.100000000,666.822190000,465.554586000,435283.580000000,208.501000000,56.941398500,1.000000000,saturated
519,17.269288900,1554236,52.416666700,115,105.950000000,666.679690000,465.697018000,435978.380000000,207.572000000,56.939214100,1.000000000,saturated
520,17.302144400,1557193,50.958333300,116,105.650000000,666.725879000,465.656118000,431027.380000000,207.800000000,56.807554200,1.000000000,saturated
521,17.335477800,1560193,51.166666700,116,105.650000000,666.857348000,465.649336000,431976.398000000,208.501000000,56.806366400,1.000000000,saturated
522,17.368811100,1563193,52.083333300,116,105.800000000,666.876003000,465.672412000,433618.398000000,210.017000000,56.823243000,1.000000000,saturated
523,17.402144400,1566193,52.416666700,116,107.350000000,667.006037000,465.656195000,431526.598000000,210.017000000,56.754675000,1.000000000,saturated
524,17.435477800,1569193,51.416666700,116,107.050000000,667.186323000,465.460122000,427690.798000000,210.017000000,56.598189700,1.000000000,saturated
525,17.468811100,1572193,50.041666700,115,106.500000000,667.053523000,465.690992000,432569.202000000,210.017000000,56.795279000,1.000000000,saturated
526,17.502144400,1575193,50.625000000,116,108.200000000,667.092607000,465.699336000,432268.402000000,210.017000000,56.764023400,1.000000000,saturated
527,17.535477800,1578193,51.291666700,116,108.200000000,667.134803000,465.416322000,434908.219000000,210.718000000,56.881529400,1.000000000,saturated
528,17.568322200,1581149,50.416666700,114,105.200000000,667.136259000,465.364460000,436741.180000000,208.974000000,57.027587000,1.000000000,saturated
529,17.601655600,1584149,51.333333300,115,104.350000000,667.155967000,465.375662000,435693.619000000,208.501000000,56.940337800,1.000000000,saturated
530,17.634988900,1587149,52.958333300,116,106.650000000,667.088563000,465.411070000,439629.219000000,210.473000000,57.023947700,1.000000000,saturated
531,17.668322200,1590149,52.583333300,115,105.650000000,667.142380000,465.376550000,440807.019000000,210.473000000,57.125801000,1.000000000,saturated
532,17.701655600,1593149,52.208333300,113,105.200000000,667.234734000,465.380089000,435987.000000000,211.174000000,56.980129300,1.000000000,saturated
533,17.734988900,1596149,52.708333300,112,104.500000000,667.274803000,465.395226000,429740.981000000,211.174000000,56.820660700,1.000000000,saturated
534,17.768322200,1599149,52.958333300,115,105.100000000,667.221280000,465.495334000,436009.000000000,211.647000000,57.030628500,1.000000000,saturated
535,17.801655600,1602149,52.958333300,113,104.100000000,667.229517000,465.446252000,440529.419000000,210.946000000,57.090662300,1.000000000,saturated
536,17.834511100,1605106,52.500000000,114,104.950000000,667.277962000,465.436608000,430365.000000000,206.871000000,56.870037500,1.000000000,saturated
537,17.867844400,1608106,51.416666700,113,102.250000000,667.240229000,465.449766000,430235.000000000,206.871000000,56.766399300,1.000000000,saturated
538,17.901177800,1611106,50.666666700,114,100.850000000,667.333682000,465.345478000,420612.402000000,206.871000000,56.426404900,1.000000000,saturated
539,17.934511100,1614106,50.583333300,114,100.850000000,667.259494000,465.319162000,422521.002000000,206.170000000,56.468952700,1.000000000,saturated
540,17.967844400,1617106,50.250000000,116,98.400000000,667.117288000,465.518154000,420189.402000000,205.355000000,56.322230300,1.000000000,saturated
541,18.001177800,1620106,50.083333300,115,98.950000000,667.192644000,465.554116000,421095.602000000,204.654000000,56.497267000,1.000000000,saturated
542,18.034511100,1623106,51.083333300,115,100.800000000,667.136096000,465.419486000,422119.602000000,205.355000000,56.479890500,1.000000000,saturated
543,18.067844400,1626106,50.625000000,115,100.650000000,667.197529000,465.478976000,423278.602000000,206.056000000,56.547621300,1.000000000,saturated
544,18.100700000,1629063,50.666666700,114,100.800000000,667.048696000,465.592671000,429485.981000000,206.871000000,56.800690100,1.000000000,saturated
545,18.134033300,1632063,50.208333300,112,99.550000000,667.212743000,465.546337000,427799.381000000,206.757000000,56.770152900,1.000000000,saturated
546,18.167366700,1635063,50.375000000,111,99.550000000,667.231270000,465.547593000,428964.581000000,206.871000000,56.735452000,1.000000000,saturated
547,18.200700000,1638063,49.916666700,111,100.400000000,667.137714000,465.549849000,435127.000000000,206.056000000,56.886598200,1.000000000,saturated
548,18.234033300,1641063,50.000000000,109,100.400000000,667.081271000,465.463948000,433712.000000000,206.871000000,56.746338500,1.000000000,saturated
549,18.267366700,1644063,48.666666700,109,100.100000000,667.020272000,465.502627000,428167.981000000,205.469000000,56.600640000,1.000000000,saturated
550,18.300700000,1647063,50.125000000,112,104.500000000,666.818260000,465.603181000,437596.802000000,206.056000000,57.065240000,1.000000000,saturated
551,18.334033300,1650063,51.000000000,112,105.650000000,667.035738000,465.506957000,427947.781000000,206.056000000,56.729209900,1.000000000,saturated
552,18.366877800,1653019,50.833333300,109,105.200000000,666.850128000,465.384625000,425802.197000000,206.284000000,56.648606700,1.000000000,saturated
553,18.400211100,1656019,49.875000000,109,104.350000000,666.779378000,465.298699000,433596.603000000,205.355000000,56.980707500,1.000000000,saturated
554,18.433544400,1659019,51.708333300,109,106.500000000,666.848078000,465.372600000,436346.603000000,206.056000000,57.280291500,1.000000000,saturated
555,18.466877800,1662019,52.291666700,112,106.200000000,666.790602000,465.405204000,440836.402000000,204.751000000,57.429750900,1.000000000,saturated
556,18.500211100,1665019,51.250000000,109,105.900000000,666.819417000,465.344330000,441161.602000000,205.355000000,57.446235300,1.000000000,saturated
557,18.533544400,1668019,51.250000000,108,105.050000000,666.894373000,465.289484000,448087.980000000,206.757000000,57.804321700,1.000000000,saturated
558,18.566877800,1671019,52.541666700,108,105.350000000,666.839319000,465.294126000,448845.580000000,208.387000000,57.819730800,1.000000000,saturated
559,18.600211100,1674019,53.083333300,109,106.500000000,666.841404000,465.360041000,449576.580000000,206.056000000,57.742883400,1.000000000,saturated
560,18.633066700,1676976,50.958333300,110,102.500000000,666.858026000,465.516527000,446646.380000000,210.832000000,57.600681800,1.000000000,saturated
561,18.666400000,1679976,49.666666700,108,101.350000000,666.843783000,465.523154000,446474.980000000,208.729000000,57.580371800,1.000000000,saturated
562,18.699733300,1682976,50.958333300,110,104.200000000,666.830970000,465.575337000,447629.980000000,208.729000000,57.594671200,1.000000000,saturated
563,18.733066700,1685976,51.125000000,110,100.950000000,666.893503000,465.495619000,448439.380000000,210.131000000,57.631199600,1.000000000,saturated
564,18.766400000,1688976,51.625000000,110,101.100000000,666.983151000,465.458505000,448774.380000000,208.028000000,57.655341000,1.000000000,saturated
565,18.799733300,1691976,51.583333300,110,101.100000000,666.959288000,465.472311000,448415.580000000,208.729000000,57.555195000,1.000000000,saturated
566,18.833066700,1694976,51.375000000,110,103.500000000,667.040801000,465.503730000,443105.801000000,208.028000000,57.378813100,1.000000000,saturated
567,18.866400000,1697976,51.708333300,112,104.500000000,666.974734000,465.539307000,441687.001000000,211.761000000,57.351412700,1.000000000,saturated
568,18.899266700,1700934,50.958333300,110,105.200000000,666.869247000,465.503699000,443622.401000000,211.761000000,57.383602200,1.000000000,saturated
569,18.932600000,1703934,50.833333300,110,106.050000000,666.889293000,465.462582000,446974.180000000,211.761000000,57.485993300,1.000000000,saturated
570,18.965933300,1706934,51.958333300,120,103.250000000,667.090565000,465.513295000,430818.419000000,204.768000000,57.006628200,1.000000000,saturated
571,18.999266700,1709934,51.416666700,119,103.100000000,667.184625000,465.509438000,429678.219000000,205.811000000,57.011228900,1.000000000,saturated
572,19.032600000,1712934,50.583333300,116,101.100000000,667.247036000,465.535117000,429551.619000000,206.512000000,57.019742300,1.000000000,saturated
573,19.065933300,1715934,51.916666700,119,103.250000000,667.202939000,465.571379000,430707.819000000,205.811000000,57.045936700,1.000000000,saturated
574,19.099266700,1718934,52.833333300,119,103.550000000,667.136990000,465.440311000,432059.419000000,205.811000000,57.064425500,1.000000000,saturated
575,19.132600000,1721934,51.875000000,118,103.250000000,667.016028000,465.526375000,431574.819000000,206.512000000,57.006602000,1.000000000,saturated
576,19.165444400,1724890,52.291666700,120,105.100000000,666.964340000,465.519376000,432023.419000000,206.512000000,57.066085800,1.000000000,saturated
577,19.198777800,1727890,50.625000000,119,101.850000000,667.069256000,465.545754000,426058.000000000,206.512000000,56.856760800,1.000000000,saturated
578,19.232111100,1730890,51.166666700,118,101.850000000,667.035979000,465.517811000,426806.000000000,206.512000000,56.920517600,1.000000000,saturated
579,19.265444400,1733890,51.708333300,118,102.850000000,667.049357000,465.522917000,426907.000000000,207.213000000,56.923375100,1.000000000,saturated
580,19.298777800,1736890,51.375000000,118,101.850000000,667.071420000,465.483768000,431380.619000000,206.512000000,57.098793300,1.000000000,saturated
581,19.332111100,1739890,50.708333300,118,101.850000000,667.005596000,465.431477000,432474.019000000,204.768000000,57.134494900,1.000000000,saturated
582,19.365444400,1742890,50.375000000,113,101.400000000,667.093496000,465.496348000,430447.619000000,204.768000000,57.084962600,1.000000000,saturated
583,19.398777800,1745890,51.458333300,112,100.550000000,667.088863000,465.502325000,432377.198000000,206.512000000,57.094075300,1.000000000,saturated
584,19.431633300,1748847,50.958333300,112,100.250000000,667.048807000,465.589073000,436037.002000000,206.871000000,57.174142300,1.000000000,saturated
585,19.464966700,1751847,51.541666700,123,107.250000000,666.967241000,465.672287000,435347.002000000,210.131000000,57.096893400,1.000000000,saturated
586,19.498300000,1754847,50.791666700,123,106.950000000,666.907217000,465.699034000,435778.602000000,205.469000000,57.088461600,1.000000000,saturated
587,19.531633300,1757847,50.041666700,120,103.950000000,666.912929000,465.622664000,434894.402000000,205.469000000,57.105652000,1.000000000,saturated
588,19.564966700,1760847,50.083333300,121,103.650000000,666.861440000,465.597496000,433688.202000000,205.241000000,57.054986700,1.000000000,saturated
589,19.598300000,1763847,51.333333300,121,104.500000000,666.788369000,465.667041000,433661.402000000,205.241000000,56.944327200,1.000000000,saturated
590,19.631633300,1766847,51.916666700,123,105.800000000,666.634346000,465.671226000,434033.202000000,211.761000000,56.895467800,1.000000000,saturated
591,19.664966700,1769847,51.375000000,124,106.650000000,666.762071000,465.560742000,433928.402000000,204.979000000,56.943532300,1.000000000,saturated
592,19.697822200,1772804,51.291666700,122,106.950000000,666.656612000,465.510020000,433366.602000000,206.170000000,57.026013200,1.000000000,saturated
593,19.731155600,1775804,50.791666700,122,106.950000000,666.701563000,465.647383000,434525.602000000,211.761000000,57.042221800,1.000000000,saturated
594,19.764488900,1778804,50.541666700,125,107.800000000,666.809833000,465.678523000,420515.000000000,204.278000000,56.507330600,1.000000000,saturated
595,19.797822200,1781804,52.166666700,132,109.100000000,666.763163000,465.586677000,416827.000000000,204.067000000,56.366824200,1.000000000,saturated
596,19.831155600,1784804,52.583333300,133,108.850000000,666.712648000,465.586111000,417008.000000000,205.110000000,56.451621500,1.000000000,saturated
597,19.864488900,1787804,51.458333300,130,107.000000000,666.750594000,465.515768000,417011.000000000,207.213000000,56.519251800,1.000000000,saturated
598,19.897822200,1790804,52.625000000,132,108.000000000,666.842385000,465.382109000,417193.000000000,207.213000000,56.380299800,1.000000000,saturated
599,19.931155600,1793804,52.625000000,133,110.550000000,666.973164000,465.231044000,418730.000000000,211.288000000,56.529193700,1.000000000,saturated
600,19.964000000,1796760,52.166666700,137,111.400000000,667.093342000,465.156263000,396619.018000000,205.566000000,55.926673600,1.000000000,saturated
601,19.997333300,1799760,52.250000000,136,109.700000000,667.166769000,465.224585000,396064.418000000,206.740000000,55.895970200,1.000000000,saturated
602,20.030666700,1802760,51.333333300,135,110.800000000,667.007824000,465.074954000,416413.000000000,208.028000000,56.505977300,1.000000000,saturated
603,20.064000000,1805760,51.916666700,136,111.800000000,666.823325000,465.028485000,428310.398000000,208.729000000,56.901843300,1.000000000,saturated
604,20.097333300,1808760,53.875000000,141,115.650000000,666.846490000,465.132459000,431390.402000000,210.131000000,57.057993300,1.000000000,saturated
605,20.130666700,1811760,54.041666700,142,115.100000000,666.929938000,465.327590000,435135.602000000,210.131000000,57.178502800,1.000000000,saturated
606,20.164000000,1814760,53.541666700,142,115.100000000,666.854288000,465.470867000,436297.780000000,208.729000000,57.243012200,1.000000000,saturated
607,20.197333300,1817760,52.958333300,142,112.850000000,666.702516000,465.294721000,442256.000000000,210.832000000,57.382112900,1.000000000,saturated
608,20.230188900,1820717,52.541666700,143,114.100000000,666.830534000,465.389831000,438754.000000000,208.387000000,57.209636900,1.000000000,saturated
609,20.263522200,1823717,52.833333300,140,112.250000000,666.787477000,465.420714000,441114.000000000,210.832000000,57.316533200,1.000000000,saturated
610,20.296855600,1826717,52.583333300,141,113.950000000,666.878148000,465.376860000,442528.000000000,206.985000000,57.243107800,1.000000000,saturated
611,20.330188900,1829717,52.625000000,141,113.250000000,666.845911000,465.360186000,436829.980000000,207.800000000,57.126791600,1.000000000,saturated
612,20.363522200,1832717,51.416666700,140,111.250000000,666.955728000,465.307216000,434934.580000000,210.832000000,56.989695600,1.000000000,saturated
613,20.396855600,1835717,49.416666700,137,108.100000000,666.777471000,465.233591000,437235.380000000,208.028000000,57.113500500,1.000000000,saturated
614,20.430188900,1838717,50.000000000,137,108.950000000,666.729884000,465.147761000,433411.603000000,207.914000000,56.977878000,1.000000000,saturated
615,20.463522200,1841717,51.041666700,138,109.250000000,666.949638000,465.269304000,430634.403000000,207.686000000,56.970764800,1.000000000,saturated
616,20.496388900,1844675,50.541666700,137,109.250000000,666.924825000,465.383009000,432389.603000000,206.985000000,57.033304900,1.000000000,saturated
617,20.529722200,1847675,50.375000000,138,110.400000000,666.949307000,465.423254000,432908.003000000,207.213000000,56.995179600,1.000000000,saturated
618,20.563055600,1850675,50.833333300,136,109.400000000,667.026039000,465.335293000,428362.997000000,207.213000000,56.712179100,1.000000000,saturated
619,20.596388900,1853675,51.375000000,139,113.950000000,667.132830000,465.330184000,426736.797000000,207.914000000,56.727540000,1.000000000,saturated
620,20.629722200,1856675,52.166666700,140,115.800000000,667.063212000,465.328169000,425318.597000000,207.213000000,56.547486200,1.000000000,saturated
621,20.663055600,1859675,52.125000000,139,113.950000000,667.078620000,465.375390000,430285.603000000,207.914000000,56.748717800,1.000000000,saturated
622,20.696388900,1862675,52.000000000,137,112.950000000,667.092855000,465.260127000,432160.403000000,207.686000000,56.769556200,1.000000000,saturated
623,20.729722200,1865675,52.416666700,137,112.950000000,667.211745000,465.123853000,428921.603000000,207.914000000,56.669701800,1.000000000,saturated
624,20.762555600,1868630,51.375000000,139,111.250000000,667.106137000,465.177055000,432744.802000000,208.501000000,56.711857200,1.000000000,saturated
625,20.795888900,1871630,50.666666700,138,110.950000000,666.837616000,465.295772000,432064.603000000,207.800000000,56.689110700,1.000000000,saturated
626,20.829222200,1874630,50.250000000,140,111.100000000,666.837785000,465.331797000,437539.980000000,207.800000000,56.924597200,1.000000000,saturated
627,20.862555600,1877630,50.125000000,140,109.400000000,666.864172000,465.332201000,437210.980000000,207.800000000,56.908395300,1.000000000,saturated
628,20.895888900,1880630,48.166666700,140,108.950000000,666.870402000,465.381302000,427568.798000000,206.626000000,56.510563400,1.000000000,saturated
629,20.929222200,1883630,49.583333300,141,111.800000000,666.853899000,465.265533000,428357.598000000,207.327000000,56.519664300,1.000000000,saturated
630,20.962555600,1886630,50.291666700,140,112.800000000,666.886881000,465.100261000,435940.802000000,206.871000000,56.709788900,1.000000000,saturated
631,20.995888900,1889630,51.083333300,136,110.250000000,666.886708000,465.046772000,437310.219000000,207.327000000,56.801810100,1.000000000,saturated
632,21.028755600,1892588,52.083333300,137,112.250000000,666.890077000,465.050552000,435874.819000000,207.327000000,56.719391600,1.000000000,saturated
633,21.062088900,1895588,53.000000000,139,113.250000000,667.121186000,465.007309000,430693.000000000,210.359000000,56.490836500,1.000000000,saturated
634,21.095422200,1898588,54.375000000,140,116.250000000,667.106208000,464.973071000,431981.000000000,211.060000000,56.515778400,1.000000000,saturated
635,21.128755600,1901588,54.708333300,142,113.700000000,667.065470000,464.992992000,437529.819000000,211.060000000,56.743430800,1.000000000,saturated
636,21.162088900,1904588,54.500000000,142,114.550000000,667.014410000,464.992935000,438471.780000000,211.060000000,56.804259200,1.000000000,saturated
637,21.195422200,1907588,52.208333300,141,113.100000000,667.005350000,464.922848000,434231.402000000,211.060000000,56.695543700,1.000000000,saturated
638,21.228755600,1910588,52.375000000,141,112.250000000,666.964158000,464.991319000,434404.002000000,211.060000000,56.588409100,1.000000000,saturated
639,21.262088900,1913588,50.416666700,147,111.650000000,666.930946000,465.079114000,432114.202000000,206.740000000,56.680814400,1.000000000,saturated
640,21.294944400,1916545,50.166666700,149,115.500000000,666.805809000,465.134495000,435938.580000000,207.572000000,56.845353500,1.000000000,saturated
641,21.328277800,1919545,50.416666700,149,117.350000000,666.904677000,465.108398000,430731.002000000,206.871000000,56.636871600,1.000000000,saturated
642,21.361611100,1922545,50.208333300,148,115.500000000,666.915498000,465.086290000,430644.802000000,206.871000000,56.716718700,1.000000000,saturated
643,21.394944400,1925545,50.458333300,150,113.800000000,666.961724000,465.107177000,433398.180000000,207.099000000,56.756096800,1.000000000,saturated
644,21.428277800,1928545,50.208333300,150,113.250000000,667.069523000,465.094180000,426736.403000000,206.871000000,56.640807400,1.000000000,saturated
645,21.461611100,1931545,49.041666700,145,112.800000000,667.038933000,465.228066000,420417.019000000,207.099000000,56.333299900,1.000000000,saturated
646,21.494944400,1934545,50.166666700,147,113.950000000,667.109853000,465.321331000,416066.000000000,205.583000000,56.237786100,1.000000000,saturated
647,21.528277800,1937545,50.250000000,148,114.950000000,667.092450000,465.273524000,413229.000000000,204.181000000,56.007746600,1.000000000,saturated
648,21.561122200,1940501,51.541666700,148,115.500000000,667.178907000,465.193002000,414618.000000000,204.181000000,56.057035600,1.000000000,saturated
649,21.594455600,1943501,51.625000000,148,115.500000000,667.097332000,465.132134000,416811.000000000,205.583000000,56.046372700,1.000000000,saturated
650,21.627788900,1946501,52.208333300,155,118.050000000,667.117379000,465.319637000,425287.219000000,208.028000000,56.286002900,1.000000000,saturated
651,21.661122200,1949501,51.833333300,155,117.200000000,667.135221000,465.395333000,423431.419000000,206.626000000,56.234024600,1.000000000,saturated
652,21.694455600,1952501,50.708333300,154,115.500000000,667.068962000,465.452756000,423785.019000000,205.583000000,56.340783200,1.000000000,saturated
653,21.727788900,1955501,50.875000000,154,115.100000000,666.947496000,465.483934000,424682.219000000,205.925000000,56.408424200,1.000000000,saturated
654,21.761122200,1958501,51.250000000,152,115.100000000,667.105874000,465.390365000,421096.000000000,206.626000000,56.422225500,1.000000000,saturated
655,21.794455600,1961501,51.250000000,152,114.950000000,667.085044000,465.355228000,422250.000000000,206.626000000,56.464030800,1.000000000,saturated
656,21.827311100,1964458,51.791666700,154,117.500000000,667.139978000,465.378614000,420951.000000000,206.626000000,56.376573300,1.000000000,saturated
657,21.860644400,1967458,50.000000000,152,114.800000000,667.243891000,465.458172000,418162.000000000,205.925000000,56.413448400,1.000000000,saturated
658,21.893977800,1970458,52.291666700,156,118.500000000,667.217162000,465.437297000,419221.000000000,207.213000000,56.383284800,1.000000000,saturated
659,21.927311100,1973458,51.041666700,156,117.650000000,667.295171000,465.251970000,414705.981000000,206.398000000,56.082406800,1.000000000,saturated
660,21.960644400,1976458,49.666666700,149,115.450000000,667.477070000,465.277027000,417241.000000000,207.213000000,56.197416000,1.000000000,saturated
661,21.993977800,1979458,49.500000000,150,115.600000000,667.429477000,465.114340000,419818.000000000,206.512000000,56.313626300,1.000000000,saturated
662,22.027311100,1982458,49.375000000,148,113.750000000,667.385270000,465.107306000,420944.000000000,205.697000000,56.298997000,1.000000000,saturated
663,22.060644400,1985458,48.750000000,147,112.900000000,667.385727000,465.187276000,419157.000000000,205.811000000,56.295204300,1.000000000,saturated
664,22.093500000,1988415,49.458333300,153,113.050000000,667.281440000,465.138076000,421291.000000000,205.697000000,56.332144000,1.000000000,saturated
665,22.126833300,1991415,50.041666700,155,113.500000000,667.304048000,465.247747000,416190.981000000,205.338000000,56.169429500,1.000000000,saturated
666,22.160166700,1994415,50.291666700,152,108.550000000,667.220642000,465.250971000,417449.381000000,205.338000000,56.249051000,1.000000000,saturated
667,22.193500000,1997415,51.833333300,152,111.100000000,667.187138000,465.137938000,418513.381000000,206.740000000,56.319058700,1.000000000,saturated
668,22.226833300,2000415,51.416666700,154,112.100000000,667.127352000,464.944601000,424101.219000000,209.544000000,56.494620200,1.000000000,saturated
669,22.260166700,2003415,50.625000000,151,111.950000000,667.067985000,464.977713000,424753.619000000,208.843000000,56.495523600,1.000000000,saturated
670,22.293500000,2006415,51.041666700,150,111.950000000,666.982022000,465.067790000,422745.000000000,206.740000000,56.276318700,1.000000000,saturated
671,22.326833300,2009415,51.208333300,149,111.100000000,667.033942000,464.966558000,421511.000000000,206.740000000,56.224543900,1.000000000,saturated
672,22.359677800,2012371,50.458333300,150,110.950000000,667.117907000,464.861878000,420882.000000000,206.740000000,56.221802300,1.000000000,saturated
673,22.393011100,2015371,49.750000000,149,109.250000000,667.143921000,464.867066000,419508.000000000,206.740000000,56.239733400,1.000000000,saturated
674,22.426344400,2018371,49.541666700,150,110.950000000,667.304004000,464.830671000,418435.000000000,207.441000000,56.107430800,1.000000000,saturated
675,22.459677800,2021371,47.708333300,147,109.700000000,667.191400000,464.923379000,424714.419000000,208.729000000,56.242658000,1.000000000,saturated
676,22.493011100,2024371,48.541666700,147,109.700000000,667.117441000,465.005401000,424771.419000000,206.284000000,56.340370200,1.000000000,saturated
677,22.526344400,2027371,49.333333300,145,108.850000000,667.106888000,464.955217000,425143.419000000,206.284000000,56.343840200,1.000000000,saturated
678,22.559677800,2030371,48.208333300,144,107.850000000,667.062479000,465.014430000,424884.419000000,206.512000000,56.266972100,1.000000000,saturated
679,22.593011100,2033371,48.750000000,141,106.700000000,667.157268000,464.981048000,423171.419000000,206.512000000,56.158268200,1.000000000,saturated
680,22.625866700,2036328,51.083333300,141,107.700000000,667.107678000,464.938225000,423344.219000000,206.626000000,56.041943800,1.000000000,saturated
681,22.659200000,2039328,50.250000000,140,106.700000000,666.992263000,465.007697000,423629.819000000,207.327000000,56.036379600,1.000000000,saturated
682,22.692533300,2042328,49.791666700,136,104.850000000,667.018357000,464.994108000,422055.219000000,207.327000000,56.087691800,1.000000000,saturated
683,22.725866700,2045328,48.833333300,130,102.550000000,667.024321000,465.034496000,408308.603000000,207.327000000,55.634224600,1.000000000,saturated
684,22.759200000,2048328,50.041666700,133,102.850000000,666.965744000,465.005365000,409345.203000000,206.854000000,55.543080400,1.000000000,saturated
685,22.792533300,2051328,51.458333300,133,104.700000000,666.884473000,464.979250000,410178.003000000,206.854000000,55.638818600,1.000000000,saturated
686,22.825866700,2054328,51.166666700,133,104.700000000,667.002637000,465.122036000,413360.981000000,207.327000000,55.779456100,0.999976776,saturated
687,22.859200000,2057328,51.750000000,134,105.000000000,666.959794000,465.181643000,412040.981000000,208.028000000,55.739346400,1.000000000,saturated
688,22.892066700,2060286,51.250000000,130,104.700000000,667.014983000,465.006325000,413896.781000000,207.213000000,55.797842800,1.000000000,saturated
689,22.925400000,2063286,50.708333300,132,102.850000000,666.995057000,465.010449000,422903.419000000,208.028000000,56.129187500,1.000000000,saturated
690,22.958733300,2066286,51.250000000,133,105.650000000,667.056833000,464.751043000,438819.180000000,208.843000000,56.626211900,1.000000000,saturated
691,22.992066700,2069286,51.750000000,132,104.800000000,667.157718000,464.771516000,438221.781000000,208.843000000,56.569364700,1.000000000,saturated
692,23.025400000,2072286,52.541666700,134,105.100000000,667.108376000,464.762169000,437688.781000000,208.843000000,56.543526900,1.000000000,saturated
693,23.058733300,2075286,50.958333300,130,99.000000000,667.101818000,465.003322000,438566.380000000,208.843000000,56.607672800,1.000000000,saturated
694,23.092066700,2078286,50.416666700,130,99.000000000,667.072734000,465.104158000,439012.180000000,208.843000000,56.657233700,1.000000000,saturated
695,23.125400000,2081286,51.458333300,133,102.850000000,666.987618000,465.029024000,426807.798000000,207.213000000,56.267210900,1.000000000,saturated
696,23.158244400,2084242,50.541666700,130,101.850000000,667.000247000,465.044166000,427628.198000000,208.615000000,56.256144500,1.000000000,saturated
697,23.191577800,2087242,51.583333300,129,102.550000000,667.056541000,464.976905000,426367.798000000,208.615000000,56.158107500,1.000000000,saturated
698,23.224911100,2090242,51.041666700,133,102.850000000,667.073369000,464.911511000,427684.598000000,208.615000000,56.332876800,1.000000000,saturated
699,23.258244400,2093242,48.833333300,135,105.800000000,667.082768000,464.933650000,426797.598000000,208.615000000,56.324309200,1.000000000,saturated
700,23.291577800,2096242,48.833333300,135,108.500000000,667.036884000,464.964416000,422710.819000000,207.914000000,56.011591400,1.000000000,saturated
701,23.324911100,2099242,48.083333300,134,106.800000000,667.005801000,464.933908000,423257.819000000,207.914000000,56.036178100,1.000000000,saturated
702,23.358244400,2102242,48.916666700,136,108.350000000,667.128682000,464.979331000,420986.619000000,207.213000000,55.981692100,1.000000000,saturated
703,23.391577800,2105242,49.875000000,136,108.350000000,667.128297000,464.960461000,419331.619000000,205.925000000,56.012446000,1.000000000,saturated
704,23.424433300,2108199,48.291666700,142,110.900000000,667.196368000,464.946219000,419388.419000000,205.925000000,55.982006700,0.999927513,saturated
705,23.457766700,2111199,47.791666700,142,111.050000000,667.109971000,465.160340000,421700.819000000,207.914000000,56.019365200,1.000000000,saturated
706,23.491100000,2114199,49.541666700,143,112.050000000,667.159719000,465.029372000,419039.019000000,206.512000000,55.988960700,1.000000000,saturated
707,23.524433300,2117199,49.666666700,142,111.050000000,667.071062000,465.191280000,418867.819000000,207.914000000,56.064413700,1.000000000,saturated
708,23.557766700,2120199,49.958333300,142,111.050000000,666.969230000,465.216268000,425392.597000000,208.615000000,56.319150100,1.000000000,saturated
709,23.591100000,2123199,48.208333300,136,106.500000000,666.909820000,465.013915000,429506.598000000,207.914000000,56.364433900,1.000000000,saturated
710,23.624433300,2126199,48.166666700,140,106.800000000,666.970729000,465.072703000,430148.998000000,207.914000000,56.321819000,1.000000000,saturated
711,23.657766700,2129199,47.208333300,138,105.100000000,666.990984000,464.925646000,432422.802000000,208.615000000,56.368658500,1.000000000,saturated
712,23.690622200,2132156,49.208333300,140,106.250000000,666.994079000,464.938313000,433187.802000000,208.615000000,56.384873000,1.000000000,saturated
713,23.723955600,2135156,49.666666700,138,106.850000000,667.046765000,464.929885000,423381.219000000,208.028000000,56.110754700,1.000000000,saturated
714,23.757288900,2138156,48.666666700,140,107.700000000,667.049082000,464.998638000,422810.419000000,207.914000000,56.114987900,1.000000000,saturated
715,23.790622200,2141156,49.833333300,141,108.850000000,666.972207000,465.166537000,423429.419000000,207.914000000,56.238764400,1.000000000,saturated
716,23.823955600,2144156,49.583333300,140,108.000000000,666.947412000,465.164912000,422147.419000000,206.398000000,56.199004300,1.000000000,saturated
717,23.857288900,2147156,48.333333300,141,109.400000000,667.022996000,465.190076000,428579.397000000,207.213000000,56.368730400,1.000000000,saturated
718,23.890622200,2150156,48.041666700,140,108.400000000,667.265585000,465.064927000,427218.997000000,206.512000000,56.444006500,1.000000000,saturated
719,23.923955600,2153156,49.375000000,144,111.250000000,667.204729000,465.036902000,417699.000000000,207.213000000,56.179576600,1.000000000,saturated
720,23.956800000,2156112,50.666666700,141,110.500000000,667.218808000,465.174339000,405716.204000000,205.697000000,55.793653600,1.000000000,saturated
721,23.990133300,2159112,51.541666700,142,110.500000000,667.302317000,465.283827000,408309.404000000,206.039000000,55.815175400,1.000000000,saturated
722,24.023466700,2162112,51.750000000,141,108.800000000,667.323665000,465.300964000,417954.000000000,206.626000000,56.156943800,1.000000000,saturated
723,24.056800000,2165112,50.208333300,140,106.950000000,667.153097000,465.293447000,431803.403000000,207.800000000,56.516252200,1.000000000,saturated
724,24.090133300,2168112,49.541666700,136,104.100000000,667.063945000,465.272939000,432368.203000000,208.501000000,56.613823800,1.000000000,saturated
725,24.123466700,2171112,49.125000000,140,101.850000000,667.042800000,465.317228000,433064.003000000,208.501000000,56.634756700,1.000000000,saturated
726,24.156800000,2174112,50.291666700,141,104.700000000,667.019252000,465.268485000,433022.003000000,207.686000000,56.672004400,1.000000000,saturated
727,24.190133300,2177112,50.208333300,142,104.700000000,667.101569000,465.240872000,423027.619000000,206.284000000,56.235022400,1.000000000,saturated
728,24.222988900,2180069,50.625000000,142,104.550000000,667.016257000,465.132400000,423368.219000000,207.099000000,56.295529600,1.000000000,saturated
729,24.256322200,2183069,50.875000000,143,105.700000000,667.082003000,465.228928000,423214.019000000,207.213000000,56.363763600,1.000000000,saturated
730,24.289655600,2186069,49.000000000,140,103.550000000,667.235056000,464.974630000,420062.000000000,206.398000000,56.313337700,1.000000000,saturated
731,24.322988900,2189069,49.208333300,137,101.850000000,667.144188000,464.919984000,421229.000000000,206.512000000,56.299146100,1.000000000,saturated
732,24.356322200,2192069,50.916666700,142,106.850000000,667.073516000,464.901349000,428384.619000000,206.512000000,56.658717900,1.000000000,saturated
733,24.389655600,2195069,50.458333300,142,107.400000000,667.180826000,464.962016000,425593.419000000,207.213000000,56.466600500,1.000000000,saturated
734,24.422988900,2198069,49.791666700,151,111.350000000,667.075778000,465.176095000,426246.019000000,206.512000000,56.494205300,1.000000000,saturated
735,24.456322200,2201069,51.166666700,153,112.500000000,667.035725000,465.106838000,424504.419000000,206.512000000,56.519678500,1.000000000,saturated
736,24.489188900,2204027,50.125000000,155,112.800000000,666.967251000,465.179752000,426634.019000000,206.284000000,56.555337500,1.000000000,saturated
737,24.522522200,2207027,48.625000000,150,110.800000000,667.006784000,465.007151000,435116.202000000,206.512000000,56.893214100,1.000000000,saturated
738,24.555855600,2210027,48.166666700,148,109.650000000,667.046621000,464.990295000,428369.997000000,211.060000000,56.683489700,1.000000000,saturated
739,24.589188900,2213027,47.666666700,148,107.950000000,667.111378000,465.093490000,429281.197000000,211.060000000,56.713167100,1.000000000,saturated
740,24.622522200,2216027,47.875000000,146,106.550000000,667.258137000,465.186814000,427724.598000000,211.060000000,56.564515800,1.000000000,saturated
741,24.655855600,2219027,48.083333300,151,110.950000000,667.346428000,465.000408000,423391.019000000,207.327000000,56.381692200,1.000000000,saturated
742,24.689188900,2222027,48.458333300,149,110.100000000,667.347724000,464.860922000,421487.619000000,210.359000000,56.345473600,1.000000000,saturated
743,24.722522200,2225027,47.875000000,151,110.500000000,667.278669000,464.875407000,431042.403000000,209.658000000,56.704430600,1.000000000,saturated
744,24.755355600,2227982,48.250000000,151,110.500000000,667.299173000,464.951084000,431845.802000000,208.028000000,56.582256800,0.999918489,saturated
745,24.788688900,2230982,48.791666700,151,111.350000000,667.541638000,464.786042000,431094.202000000,208.501000000,56.616663300,1.000000000,saturated
746,24.822022200,2233982,49.875000000,147,111.050000000,667.512651000,464.903481000,430804.002000000,208.142000000,56.646094100,0.999955432,saturated
747,24.855355600,2236982,49.916666700,139,112.750000000,667.406462000,464.817831000,430855.002000000,208.957000000,56.749261500,0.999955437,saturated
748,24.888688900,2239982,49.000000000,136,110.900000000,667.452796000,465.014416000,431628.802000000,207.800000000,56.732542400,0.999955517,saturated
749,24.922022200,2242982,48.500000000,132,109.200000000,667.542555000,464.971621000,428266.802000000,207.914000000,56.544478400,1.000000000,saturated
750,24.955355600,2245982,48.500000000,130,109.500000000,667.735603000,464.954199000,424198.997000000,206.985000000,56.485743800,1.000000000,saturated
751,24.988688900,2248982,48.375000000,130,109.500000000,667.715691000,464.902945000,425033.797000000,207.099000000,56.508946100,1.000000000,saturated
752,25.021555600,2251940,47.125000000,128,106.800000000,667.629714000,464.958485000,426968.597000000,207.800000000,56.511578300,1.000000000,saturated
753,25.054888900,2254940,46.333333300,123,104.800000000,667.668725000,464.992961000,426856.997000000,207.800000000,56.455686400,1.000000000,saturated
754,25.088222200,2257940,46.875000000,123,104.800000000,667.667573000,464.961121000,425067.797000000,207.099000000,56.545088000,1.000000000,saturated
755,25.121555600,2260940,47.250000000,127,106.100000000,667.642850000,465.088405000,425282.197000000,207.441000000,56.623092400,1.000000000,saturated
756,25.154888900,2263940,49.625000000,134,113.050000000,667.534578000,465.184765000,426425.997000000,207.441000000,56.619582400,1.000000000,saturated
757,25.188222200,2266940,48.750000000,133,112.200000000,667.458614000,465.079680000,427041.597000000,207.441000000,56.533002200,1.000000000,saturated
758,25.221555600,2269940,50.083333300,131,110.350000000,667.613657000,465.020545000,420920.819000000,207.441000000,56.279157000,0.999937280,saturated
759,25.254888900,2272940,49.125000000,127,106.800000000,667.518240000,464.990696000,420448.219000000,208.142000000,56.265595100,1.000000000,saturated
760,25.287744400,2275897,48.833333300,124,107.350000000,667.559682000,464.994906000,420708.219000000,208.142000000,56.346617100,1.000000000,saturated
761,25.321077800,2278897,48.041666700,121,107.050000000,667.555407000,464.971264000,421229.819000000,207.441000000,56.345889700,1.000000000,saturated
762,25.354411100,2281897,48.083333300,119,106.050000000,667.543133000,464.902220000,427332.797000000,208.142000000,56.521777100,1.000000000,saturated
763,25.387744400,2284897,48.333333300,120,104.950000000,667.576189000,464.800491000,421267.419000000,206.740000000,56.373457800,1.000000000,saturated
764,25.421077800,2287897,48.375000000,120,104.250000000,667.440854000,464.833679000,426093.397000000,206.740000000,56.477436600,0.999904246,saturated
765,25.454411100,2290897,48.750000000,122,105.400000000,667.409493000,464.858915000,426648.597000000,207.099000000,56.349063800,0.999904371,saturated
766,25.487744400,2293897,48.791666700,121,105.100000000,667.441630000,464.819696000,426827.798000000,207.099000000,56.309102900,0.999904411,saturated
767,25.521077800,2296897,49.041666700,119,104.100000000,667.454374000,464.864240000,420892.819000000,207.099000000,56.122208800,1.000000000,saturated
768,25.553922200,2299853,49.333333300,124,104.700000000,667.388559000,464.881798000,418495.000000000,206.740000000,55.932136800,1.000000000,saturated
769,25.587255600,2302853,48.458333300,123,103.000000000,667.449205000,464.875733000,416144.000000000,205.697000000,55.955245600,1.000000000,saturated
770,25.620588900,2305853,47.625000000,124,105.000000000,667.513984000,464.858412000,417536.818000000,206.398000000,56.166962400,1.000000000,saturated
771,25.653922200,2308853,48.833333300,123,104.700000000,667.489395000,464.890403000,416342.818000000,206.398000000,56.080130900,1.000000000,saturated
772,25.687255600,2311853,48.375000000,121,102.700000000,667.418983000,464.894580000,416545.019000000,207.099000000,56.095327500,1.000000000,saturated
773,25.720588900,2314853,48.166666700,120,102.000000000,667.448262000,464.982995000,415114.419000000,205.697000000,56.091607200,1.000000000,saturated
774,25.753922200,2317853,48.958333300,116,104.400000000,667.581913000,464.811848000,412065.218000000,208.729000000,55.968108800,1.000000000,saturated
775,25.787255600,2320853,49.333333300,116,105.250000000,667.717898000,464.757976000,412007.618000000,208.729000000,55.994974400,1.000000000,saturated
776,25.820111100,2323810,49.791666700,112,104.800000000,667.594765000,464.755174000,411463.418000000,208.729000000,55.868893800,1.000000000,saturated
777,25.853444400,2326810,50.041666700,112,105.650000000,667.563068000,464.854079000,412330.196000000,208.729000000,55.884837600,1.000000000,saturated
778,25.886777800,2329810,50.083333300,112,106.250000000,667.653042000,464.958745000,406064.218000000,208.028000000,55.773044400,1.000000000,saturated
779,25.920111100,2332810,50.291666700,112,107.100000000,667.507935000,465.003556000,416781.403000000,207.327000000,56.025818100,1.000000000,saturated
780,25.953444400,2335810,51.500000000,107,101.400000000,667.628542000,464.806883000,415682.197000000,206.512000000,55.983554900,1.000000000,saturated
781,25.986777800,2338810,51.625000000,106,101.400000000,667.642313000,464.760350000,414941.197000000,206.398000000,55.963070800,1.000000000,saturated
782,26.020111100,2341810,51.166666700,107,104.100000000,667.666357000,464.869826000,410396.418000000,205.697000000,55.869915700,1.000000000,saturated
783,26.053444400,2344810,52.083333300,108,106.100000000,667.590312000,464.665755000,411826.419000000,205.697000000,55.827810700,1.000000000,saturated
784,26.086300000,2347767,53.041666700,110,108.950000000,667.684077000,464.604964000,408682.000000000,205.224000000,55.796318000,1.000000000,saturated
785,26.119633300,2350767,53.791666700,113,106.950000000,667.822470000,464.645277000,405053.582000000,205.925000000,55.687384400,1.000000000,saturated
786,26.152966700,2353767,54.208333300,113,106.950000000,667.787130000,464.881498000,411538.000000000,205.697000000,55.863176400,1.000000000,saturated
787,26.186300000,2356767,52.500000000,109,105.650000000,667.652985000,464.745787000,412642.000000000,205.925000000,55.868958300,1.000000000,saturated
788,26.219633300,2359767,53.375000000,112,107.500000000,667.756073000,464.653014000,403696.404000000,205.925000000,55.613527100,1.000000000,saturated
789,26.252966700,2362767,54.125000000,115,111.200000000,667.861759000,464.693419000,401259.804000000,204.882000000,55.574032800,1.000000000,saturated
790,26.286300000,2365767,54.458333300,121,116.300000000,667.774993000,464.690676000,404386.581000000,204.882000000,55.665184100,1.000000000,saturated
791,26.319633300,2368767,52.291666700,119,113.600000000,667.690400000,464.626726000,413349.819000000,205.583000000,55.972030100,1.000000000,saturated
792,26.352477800,2371723,54.375000000,127,113.050000000,667.613046000,464.552964000,415143.419000000,206.284000000,56.004186000,1.000000000,saturated
793,26.385811100,2374723,55.041666700,130,115.200000000,667.743318000,464.453135000,419434.597000000,205.583000000,56.151765500,1.000000000,saturated
794,26.419144400,2377723,54.625000000,130,117.900000000,667.690505000,464.609614000,427714.781000000,205.241000000,56.536571100,1.000000000,saturated
795,26.452477800,2380723,55.291666700,127,115.350000000,667.780584000,464.634834000,418787.197000000,204.654000000,56.210201200,1.000000000,saturated
796,26.485811100,2383723,54.000000000,123,113.050000000,667.707161000,464.583193000,429656.981000000,206.284000000,56.550976000,1.000000000,saturated
797,26.519144400,2386723,55.166666700,126,115.200000000,667.820801000,464.590418000,430195.781000000,207.686000000,56.673100100,1.000000000,saturated
798,26.552477800,2389723,54.875000000,124,111.350000000,667.784603000,464.600308000,429614.381000000,207.686000000,56.650153600,1.000000000,saturated
799,26.585811100,2392723,55.458333300,123,111.200000000,667.716675000,464.436641000,428190.181000000,207.572000000,56.567263200,1.000000000,saturated
800,26.618666700,2395680,55.541666700,123,112.050000000,668.051815000,464.329777000,419307.598000000,204.469000000,56.235111200,1.000000000,saturated
801,26.652000000,2398680,56.000000000,115,109.700000000,667.963451000,464.276049000,416673.781000000,206.170000000,56.062689100,1.000000000,saturated
802,26.685333300,2401680,56.458333300,116,112.950000000,667.952666000,464.269266000,419491.818000000,204.654000000,56.271005300,1.000000000,saturated
803,26.718666700,2404680,59.083333300,121,115.800000000,667.943297000,464.164184000,429659.602000000,205.355000000,56.549100900,1.000000000,saturated
804,26.752000000,2407680,59.750000000,121,115.950000000,667.969437000,464.275440000,434480.181000000,206.056000000,56.721061900,1.000000000,saturated
805,26.785333300,2410680,60.083333300,122,115.400000000,667.835427000,464.296904000,439010.000000000,206.056000000,56.784862100,1.000000000,saturated
806,26.818666700,2413680,62.666666700,130,126.250000000,667.822089000,464.302002000,430984.181000000,206.757000000,56.618910900,1.000000000,saturated
807,26.852000000,2416680,61.875000000,130,125.250000000,667.780895000,464.345954000,431324.381000000,206.757000000,56.676337900,1.000000000,saturated
808,26.884866700,2419638,61.625000000,131,123.400000000,667.608769000,464.358199000,436770.780000000,206.871000000,56.783510100,1.000000000,saturated
809,26.918200000,2422638,62.375000000,134,122.850000000,667.618299000,464.228470000,437177.202000000,207.914000000,56.721304100,1.000000000,saturated
810,26.951533300,2425638,60.708333300,136,114.400000000,667.836814000,464.231863000,437087.202000000,207.800000000,56.627986600,1.000000000,saturated
811,26.984866700,2428638,60.250000000,136,112.400000000,667.850067000,464.177655000,438351.802000000,208.501000000,56.634129500,1.000000000,saturated
812,27.018200000,2431638,60.958333300,135,119.250000000,667.881652000,464.108686000,439421.402000000,205.241000000,56.777312600,1.000000000,saturated
813,27.051533300,2434638,60.208333300,136,118.950000000,667.937968000,464.166645000,439102.202000000,207.686000000,56.730294900,1.000000000,saturated
814,27.084866700,2437638,60.500000000,138,123.950000000,667.890735000,464.116595000,443036.180000000,207.686000000,56.937304200,1.000000000,saturated
815,27.118200000,2440638,60.166666700,136,126.200000000,667.971136000,464.088597000,438861.802000000,205.697000000,56.821898300,1.000000000,saturated
816,27.151044400,2443594,60.250000000,138,124.200000000,667.889180000,464.272319000,435053.398000000,204.996000000,56.703350800,1.000000000,saturated
817,27.184377800,2446594,61.583333300,141,129.000000000,667.930855000,464.354784000,434478.798000000,205.697000000,56.631317900,1.000000000,saturated
818,27.217711100,2449594,62.708333300,142,130.700000000,667.926511000,464.442637000,438236.002000000,205.355000000,56.798873300,1.000000000,saturated
819,27.251044400,2452594,62.750000000,142,127.450000000,668.035553000,464.311518000,439205.802000000,205.355000000,56.963475400,1.000000000,saturated
820,27.284377800,2455594,63.041666700,142,121.550000000,668.074837000,464.317281000,429519.019000000,204.654000000,56.574699800,1.000000000,saturated
821,27.317711100,2458594,62.708333300,141,119.850000000,668.140648000,464.225761000,427501.619000000,204.654000000,56.553413000,1.000000000,saturated
822,27.351044400,2461594,62.708333300,141,119.400000000,668.192310000,464.048882000,426802.019000000,204.654000000,56.577748700,1.000000000,saturated
823,27.384377800,2464594,62.125000000,142,120.700000000,668.142080000,464.205326000,426742.581000000,205.355000000,56.460058200,1.000000000,saturated
824,27.417233300,2467551,62.291666700,141,125.800000000,668.241526000,464.243632000,429976.798000000,211.875000000,56.578967900,1.000000000,saturated
825,27.450566700,2470551,61.833333300,145,126.550000000,668.344685000,464.084583000,430102.398000000,211.288000000,56.650261200,1.000000000,saturated
826,27.483900000,2473551,62.291666700,143,123.000000000,668.246502000,464.277618000,431980.998000000,210.587000000,56.787945400,1.000000000,saturated
827,27.517233300,2476551,62.666666700,144,123.400000000,668.231437000,464.240947000,431129.998000000,212.690000000,56.678250000,1.000000000,saturated
828,27.550566700,2479551,61.541666700,145,121.250000000,668.224787000,464.302451000,428619.398000000,206.170000000,56.541392400,1.000000000,saturated
829,27.583900000,2482551,60.916666700,145,121.100000000,668.310431000,464.272340000,427594.798000000,206.626000000,56.480690100,1.000000000,saturated
830,27.617233300,2485551,62.916666700,156,133.150000000,668.125463000,464.220656000,438791.781000000,208.729000000,56.868407400,1.000000000,saturated
831,27.650566700,2488551,63.666666700,156,133.450000000,668.030653000,464.178776000,440258.981000000,208.501000000,56.929205500,1.000000000,saturated
832,27.683422200,2491508,63.625000000,154,132.050000000,668.064244000,464.215345000,442031.180000000,209.071000000,56.914686200,1.000000000,saturated
833,27.716755600,2494508,63.666666700,156,132.600000000,668.029175000,464.036464000,439348.380000000,211.647000000,56.962089100,1.000000000,saturated
834,27.750088900,2497508,63.708333300,155,132.750000000,667.977521000,464.165193000,439713.180000000,210.946000000,56.961687100,1.000000000,saturated
835,27.783422200,2500508,63.666666700,154,132.200000000,667.968790000,464.185373000,439765.780000000,210.131000000,56.969275600,1.000000000,saturated
836,27.816755600,2503508,63.791666700,154,131.650000000,667.835553000,464.168821000,440569.380000000,210.131000000,57.030826400,1.000000000,saturated
837,27.850088900,2506508,63.500000000,154,129.950000000,667.966887000,464.160767000,434354.202000000,209.299000000,56.805168800,1.000000000,saturated
838,27.883422200,2509508,63.833333300,154,129.400000000,667.965316000,464.218049000,438748.780000000,209.316000000,56.916471000,1.000000000,saturated
839,27.916755600,2512508,64.000000000,158,135.850000000,667.908948000,464.212973000,433465.403000000,209.316000000,56.803864400,1.000000000,saturated
840,27.949600000,2515464,65.375000000,161,141.100000000,668.048283000,464.089345000,427542.203000000,208.501000000,56.807036400,1.000000000,saturated
841,27.982933300,2518464,65.500000000,161,141.100000000,667.965666000,464.031803000,437469.000000000,208.501000000,57.094721400,1.000000000,saturated
842,28.016266700,2521464,64.250000000,163,143.850000000,667.941677000,464.136862000,436228.000000000,208.501000000,56.988105000,1.000000000,saturated
843,28.049600000,2524464,64.500000000,162,143.000000000,667.974932000,463.953193000,437003.000000000,208.729000000,56.984496200,1.000000000,saturated
844,28.082933300,2527464,65.125000000,163,142.850000000,668.082752000,463.831266000,437451.000000000,208.729000000,56.947133100,1.000000000,saturated
845,28.116266700,2530464,64.375000000,163,141.400000000,668.117234000,463.841541000,433815.000000000,209.316000000,56.842107300,1.000000000,saturated
846,28.149600000,2533464,65.375000000,163,141.250000000,667.831156000,463.978372000,434247.000000000,208.615000000,56.884342100,1.000000000,saturated
847,28.182933300,2536464,65.041666700,163,141.400000000,667.855911000,463.940494000,434072.000000000,208.615000000,56.909991200,1.000000000,saturated
848,28.215788900,2539421,65.583333300,162,152.350000000,667.973652000,464.027625000,427624.781000000,208.501000000,56.626092900,1.000000000,saturated
849,28.249122200,2542421,65.500000000,163,150.800000000,668.010197000,464.056010000,430100.781000000,208.615000000,56.660141800,1.000000000,saturated
850,28.282455600,2545421,62.958333300,161,146.400000000,667.931855000,463.949775000,432983.581000000,209.316000000,56.653399500,1.000000000,saturated
851,28.315788900,2548421,63.458333300,159,143.850000000,668.016120000,463.881731000,433805.981000000,208.615000000,56.706642000,1.000000000,saturated
852,28.349122200,2551421,65.250000000,159,146.400000000,667.959117000,463.980820000,439897.002000000,209.316000000,56.916446800,1.000000000,saturated
853,28.382455600,2554421,65.291666700,164,141.900000000,667.994438000,463.888830000,431875.581000000,209.316000000,56.719863400,1.000000000,saturated
854,28.415788900,2557421,66.583333300,165,144.450000000,668.049527000,463.870359000,439543.202000000,210.718000000,56.876118200,1.000000000,saturated
855,28.449122200,2560421,65.500000000,164,143.100000000,668.065907000,463.798377000,428642.002000000,208.028000000,56.599756800,1.000000000,saturated
856,28.481988900,2563379,64.625000000,163,141.250000000,668.184612000,463.742924000,427085.402000000,208.615000000,56.542890200,1.000000000,saturated
857,28.515322200,2566379,63.833333300,163,141.250000000,668.362387000,463.555898000,418015.598000000,209.658000000,56.019693200,1.000000000,saturated
858,28.548655600,2569379,63.833333300,162,141.400000000,668.513462000,463.156421000,414056.198000000,207.555000000,55.782911100,1.000000000,saturated
859,28.581988900,2572379,63.916666700,162,141.250000000,668.858843000,462.561552000,417878.998000000,207.213000000,55.967072200,1.000000000,saturated
860,28.615322200,2575379,64.583333300,161,139.400000000,668.823891000,462.571082000,419800.398000000,206.626000000,56.109644100,1.000000000,saturated
861,28.648655600,2578379,64.250000000,161,138.850000000,668.784165000,462.674312000,427693.002000000,207.327000000,56.559515900,1.000000000,saturated
862,28.681988900,2581379,64.291666700,161,137.700000000,668.084562000,462.927002000,436111.580000000,208.387000000,56.827760400,1.000000000,saturated
863,28.715322200,2584379,64.125000000,161,138.550000000,667.684148000,463.116179000,439119.002000000,208.729000000,56.980816600,1.000000000,saturated
864,28.748155600,2587334,64.166666700,161,139.100000000,667.480680000,463.124749000,444911.180000000,209.430000000,57.027316000,1.000000000,saturated
865,28.781488900,2590334,63.375000000,161,139.100000000,667.488843000,463.137251000,433113.798000000,207.800000000,56.690041000,1.000000000,saturated
866,28.814822200,2593334,63.500000000,161,139.400000000,667.442405000,463.110753000,432130.997000000,205.697000000,56.661058800,1.000000000,saturated
867,28.848155600,2596334,63.625000000,162,141.250000000,667.336382000,463.146232000,434725.203000000,207.099000000,56.779856500,1.000000000,saturated
868,28.881488900,2599334,64.041666700,161,139.400000000,667.357737000,463.188282000,442066.180000000,206.056000000,56.970382000,1.000000000,saturated
869,28.914822200,2602334,64.916666700,161,138.550000000,667.393196000,463.210098000,432869.803000000,206.398000000,56.770245800,1.000000000,saturated
870,28.948155600,2605334,64.875000000,161,136.400000000,667.602787000,463.030497000,432403.181000000,206.757000000,56.668408800,1.000000000,saturated
871,28.981488900,2608334,64.166666700,161,135.250000000,667.600860000,463.049744000,433867.580000000,208.142000000,56.751740400,1.000000000,saturated
872,29.014355600,2611292,64.458333300,161,133.550000000,667.689873000,463.049533000,440669.002000000,208.843000000,56.961726500,1.000000000,saturated
873,29.047688900,2614292,63.875000000,162,135.250000000,667.671636000,463.016789000,443051.202000000,209.544000000,56.895146600,1.000000000,saturated
874,29.081022200,2617292,64.500000000,162,136.100000000,667.477514000,463.001502000,440784.998000000,207.213000000,56.789941700,1.000000000,saturated
875,29.114355600,2620292,64.333333300,161,135.100000000,667.566990000,463.094133000,442186.198000000,207.800000000,56.869966900,1.000000000,saturated
876,29.147688900,2623292,63.458333300,157,132.700000000,667.594846000,463.091465000,437804.019000000,206.512000000,56.754076100,1.000000000,saturated
877,29.181022200,2626292,62.250000000,159,135.100000000,667.497149000,463.215291000,437183.419000000,205.811000000,56.632871500,1.000000000,saturated
878,29.214355600,2629292,63.208333300,159,136.250000000,667.642454000,463.150050000,438919.798000000,207.800000000,56.605469900,1.000000000,saturated
879,29.247688900,2632292,62.625000000,159,135.100000000,667.966920000,463.086535000,439550.998000000,206.170000000,56.583205900,1.000000000,saturated
880,29.280544400,2635249,63.000000000,162,136.950000000,668.164320000,463.055534000,433706.198000000,207.914000000,56.371429400,1.000000000,saturated
881,29.313877800,2638249,62.541666700,161,135.100000000,668.200651000,462.928793000,433836.799000000,207.213000000,56.450475400,1.000000000,saturated
882,29.347211100,2641249,62.541666700,161,135.950000000,668.004153000,463.013238000,436247.398000000,207.914000000,56.650433100,1.000000000,saturated
883,29.380544400,2644249,63.666666700,162,136.650000000,667.987073000,463.064107000,439019.000000000,205.355000000,56.774297100,1.000000000,saturated
884,29.413877800,2647249,63.166666700,163,137.650000000,667.799738000,463.139070000,443131.801000000,206.871000000,56.761629000,1.000000000,saturated
885,29.447211100,2650249,63.125000000,163,137.650000000,667.982416000,463.284871000,442249.401000000,206.871000000,56.675372400,1.000000000,saturated
886,29.480544400,2653249,62.708333300,163,135.350000000,668.056486000,463.269018000,441176.999000000,204.654000000,56.536524200,1.000000000,saturated
887,29.513877800,2656249,62.541666700,164,137.200000000,668.099857000,463.223626000,435201.819000000,206.626000000,56.447984400,1.000000000,saturated
888,29.546722200,2659205,62.541666700,163,135.650000000,668.005238000,463.172193000,441202.401000000,206.170000000,56.643665200,1.000000000,saturated
889,29.580055600,2662205,63.125000000,163,135.800000000,668.115176000,463.157751000,442004.402000000,206.056000000,56.725515400,1.000000000,saturated
890,29.613388900,2665205,62.833333300,164,135.650000000,668.039381000,463.198108000,442912.802000000,206.626000000,56.689142800,1.000000000,saturated
891,29.646722200,2668205,62.541666700,156,131.250000000,667.930648000,462.958319000,442730.802000000,208.028000000,56.755318500,1.000000000,saturated
892,29.680055600,2671205,62.416666700,155,130.400000000,667.968601000,463.093901000,440701.002000000,208.028000000,56.722392100,1.000000000,saturated
893,29.713388900,2674205,62.083333300,152,129.550000000,667.975920000,463.176893000,441942.202000000,208.028000000,56.809296700,1.000000000,saturated
894,29.746722200,2677205,62.041666700,155,130.250000000,668.102339000,463.194499000,437633.798000000,206.626000000,56.623292800,1.000000000,saturated
895,29.780055600,2680205,61.125000000,155,129.250000000,668.223806000,463.119933000,442165.402000000,206.056000000,56.746699000,1.000000000,saturated
896,29.812911100,2683162,61.375000000,152,126.700000000,668.349280000,463.090082000,430581.219000000,205.224000000,56.332860000,1.000000000,saturated
897,29.846244400,2686162,61.000000000,154,127.000000000,668.255362000,463.116808000,432583.598000000,207.213000000,56.257348500,1.000000000,saturated
898,29.879577800,2689162,61.666666700,154,128.550000000,668.255040000,463.218091000,433006.598000000,207.213000000,56.248448400,1.000000000,saturated
899,29.912911100,2692162,61.166666700,151,126.450000000,668.241928000,463.205206000,432084.198000000,206.985000000,56.381994900,1.000000000,saturated
900,29.946244400,2695162,61.791666700,153,127.700000000,668.057924000,463.254392000,436886.002000000,207.213000000,56.687773400,1.000000000,saturated
901,29.979577800,2698162,62.916666700,153,127.850000000,668.029400000,463.254106000,435890.202000000,207.914000000,56.546397900,0.999757737,saturated
902,30.012911100,2701162,63.375000000,151,127.850000000,668.079568000,463.090748000,436777.002000000,207.686000000,56.589904600,0.999912083,saturated
903,30.046244400,2704162,62.833333300,151,127.700000000,668.023419000,463.110360000,435338.000000000,206.284000000,56.616861100,1.000000000,saturated
904,30.079100000,2707119,62.333333300,150,126.850000000,668.224931000,463.059382000,423276.019000000,206.284000000,56.344388700,1.000000000,saturated
905,30.112433300,2710119,62.250000000,154,129.550000000,668.157632000,462.989313000,424681.419000000,204.181000000,56.485220000,1.000000000,saturated
906,30.145766700,2713119,62.500000000,154,129.550000000,668.174018000,463.133763000,424636.419000000,204.768000000,56.447526400,1.000000000,saturated
907,30.179100000,2716119,61.916666700,155,129.550000000,668.255478000,463.129536000,422608.419000000,205.583000000,56.323333000,1.000000000,saturated
908,30.212433300,2719119,61.791666700,155,129.400000000,668.166306000,463.092257000,426439.398000000,204.181000000,56.515095300,1.000000000,saturated
909,30.245766700,2722119,62.291666700,157,130.700000000,668.191968000,463.066469000,415168.000000000,204.181000000,56.162440800,1.000000000,saturated
910,30.279100000,2725119,61.791666700,161,132.700000000,668.251913000,463.087424000,428752.003000000,206.985000000,56.573979600,1.000000000,saturated
911,30.312433300,2728119,61.750000000,163,132.950000000,668.244756000,463.060675000,429202.802000000,206.170000000,56.489066400,1.000000000,saturated
912,30.345277800,2731075,62.958333300,163,134.100000000,668.261979000,463.007013000,427719.202000000,206.871000000,56.444452200,1.000000000,saturated
913,30.378611100,2734075,61.375000000,157,130.950000000,668.306691000,462.891620000,428365.402000000,206.871000000,56.405471300,1.000000000,saturated
914,30.411944400,2737075,61.541666700,157,131.100000000,668.260394000,462.843136000,432913.380000000,208.387000000,56.576649900,1.000000000,saturated
915,30.445277800,2740075,61.833333300,154,131.250000000,668.216577000,462.894375000,433899.581000000,209.316000000,56.482311100,1.000000000,saturated
916,30.478611100,2743075,61.208333300,153,132.550000000,668.193584000,462.872200000,434667.381000000,207.213000000,56.500690800,1.000000000,saturated
917,30.511944400,2746075,61.125000000,150,131.550000000,668.292444000,462.703493000,432437.981000000,207.914000000,56.438909700,1.000000000,saturated
918,30.545277800,2749075,61.208333300,151,132.550000000,668.281311000,462.766301000,427203.002000000,206.985000000,56.319847500,1.000000000,saturated
919,30.578611100,2752075,60.416666700,151,129.400000000,668.209581000,462.799469000,426907.602000000,206.985000000,56.349735600,1.000000000,saturated
920,30.611466700,2755032,58.791666700,151,129.400000000,668.207439000,462.843770000,429241.202000000,206.985000000,56.537024800,1.000000000,saturated
921,30.644800000,2758032,60.125000000,152,130.250000000,668.216534000,462.797337000,427552.603000000,206.056000000,56.500064400,1.000000000,saturated
922,30.678133300,2761032,60.750000000,151,129.400000000,668.062953000,462.926336000,430530.802000000,206.871000000,56.503382600,1.000000000,saturated
923,30.711466700,2764032,60.333333300,152,127.400000000,668.066146000,462.863286000,422999.419000000,207.099000000,56.229219800,1.000000000,saturated
924,30.744800000,2767032,60.833333300,152,127.400000000,668.126221000,462.869496000,425281.019000000,207.099000000,56.199966900,1.000000000,saturated
925,30.778133300,2770032,60.791666700,154,129.250000000,668.121941000,462.975173000,431336.802000000,204.181000000,56.468461700,1.000000000,saturated
926,30.811466700,2773032,60.916666700,152,127.550000000,668.218710000,462.965173000,434482.202000000,204.067000000,56.677001700,1.000000000,saturated
927,30.844800000,2776032,61.000000000,152,127.550000000,668.127640000,462.938754000,435244.802000000,204.181000000,56.601230100,1.000000000,saturated
928,30.877666700,2778990,60.541666700,151,127.550000000,668.302788000,462.925323000,433419.402000000,204.181000000,56.488874400,1.000000000,saturated
929,30.911000000,2781990,61.458333300,152,131.550000000,668.378342000,462.922217000,431909.202000000,205.583000000,56.514870400,1.000000000,saturated
930,30.944333300,2784990,63.958333300,151,132.000000000,668.404977000,463.181869000,419248.219000000,202.665000000,56.244017400,1.000000000,saturated
931,30.977666700,2787990,63.958333300,151,132.000000000,668.394423000,463.180402000,419444.219000000,204.067000000,56.190707100,1.000000000,saturated
932,31.011000000,2790990,61.916666700,150,131.000000000,668.432720000,463.172321000,419029.818000000,204.067000000,56.183340700,1.000000000,saturated
933,31.044333300,2793990,60.958333300,150,129.850000000,668.386516000,463.066918000,428824.402000000,204.067000000,56.575410000,1.000000000,saturated
934,31.077666700,2796990,59.875000000,151,129.000000000,668.415800000,463.093047000,431708.219000000,203.611000000,56.744102400,1.000000000,saturated
935,31.111000000,2799990,60.250000000,152,129.850000000,668.369706000,463.088369000,436100.181000000,206.757000000,56.832193900,1.000000000,saturated
936,31.143844400,2802946,61.083333300,155,130.700000000,668.325356000,462.840238000,441403.419000000,206.643000000,57.021032700,1.000000000,saturated
937,31.177177800,2805946,61.958333300,156,130.700000000,668.330918000,462.772107000,443911.998000000,208.159000000,57.316312500,1.000000000,saturated
938,31.210511100,2808946,61.833333300,155,129.700000000,668.248624000,462.997599000,439504.019000000,207.914000000,57.113963200,1.000000000,saturated
939,31.243844400,2811946,62.500000000,152,126.850000000,668.292319000,462.898103000,437923.419000000,208.387000000,57.056079800,1.000000000,saturated
940,31.277177800,2814946,62.583333300,154,129.550000000,668.382968000,462.989606000,439085.619000000,208.387000000,57.098783300,1.000000000,saturated
941,31.310511100,2817946,62.083333300,152,127.700000000,668.460050000,462.907338000,434322.000000000,207.800000000,56.992379200,1.000000000,saturated
942,31.343844400,2820946,63.250000000,152,127.700000000,668.304846000,463.013838000,441130.620000000,207.800000000,57.195726900,1.000000000,saturated
943,31.377177800,2823946,63.333333300,154,129.400000000,668.348010000,462.970460000,440093.019000000,209.088000000,57.052019500,1.000000000,saturated
944,31.410033300,2826903,63.125000000,155,130.250000000,668.307228000,463.012864000,429034.381000000,209.430000000,56.662885800,1.000000000,saturated
945,31.443366700,2829903,62.083333300,155,132.400000000,668.308763000,463.031913000,422837.403000000,208.142000000,56.394866100,1.000000000,saturated
946,31.476700000,2832903,62.041666700,156,132.100000000,668.346249000,463.002990000,424677.803000000,208.142000000,56.478912600,1.000000000,saturated
947,31.510033300,2835903,61.083333300,152,130.250000000,668.283741000,462.948645000,425643.003000000,208.501000000,56.450584400,1.000000000,saturated
948,31.543366700,2838903,61.833333300,154,132.400000000,668.319150000,462.875896000,425384.003000000,208.028000000,56.455476000,1.000000000,saturated
949,31.576700000,2841903,61.625000000,152,131.550000000,668.247284000,462.917043000,424320.803000000,208.501000000,56.336001700,1.000000000,saturated
950,31.610033300,2844903,61.958333300,154,131.550000000,668.443554000,462.963351000,418729.997000000,208.028000000,56.093493700,1.000000000,saturated
951,31.643366700,2847903,60.875000000,152,130.400000000,668.457148000,463.094881000,419353.197000000,207.327000000,56.093959800,1.000000000,saturated
952,31.676222200,2850860,61.125000000,151,129.400000000,668.318293000,462.920721000,422568.803000000,208.028000000,56.144505000,1.000000000,saturated
953,31.709555600,2853860,61.583333300,151,129.550000000,668.253661000,462.891352000,421877.203000000,207.327000000,56.104676000,1.000000000,saturated
954,31.742888900,2856860,60.250000000,150,127.700000000,668.414822000,463.054804000,419925.603000000,208.729000000,56.149542900,1.000000000,saturated
955,31.776222200,2859860,61.666666700,154,129.250000000,668.398718000,463.067676000,419528.003000000,208.028000000,56.183505300,1.000000000,saturated
956,31.809555600,2862860,62.000000000,152,127.550000000,668.465285000,463.021500000,421843.603000000,208.028000000,56.346582300,1.000000000,saturated
957,31.842888900,2865860,62.541666700,151,126.700000000,668.359797000,463.083322000,419992.603000000,206.284000000,56.311345500,1.000000000,saturated
958,31.876222200,2868860,63.875000000,151,126.850000000,668.310741000,463.067798000,419045.203000000,206.284000000,56.261173600,1.000000000,saturated
959,31.909555600,2871860,62.875000000,150,125.850000000,668.348912000,463.085541000,419132.203000000,206.056000000,56.314462700,1.000000000,saturated
960,31.942400000,2874816,61.500000000,148,125.700000000,668.412778000,463.258027000,403740.000000000,205.925000000,55.836716400,1.000000000,saturated
961,31.975733300,2877816,60.875000000,148,125.550000000,668.396215000,463.223306000,404180.000000000,205.925000000,55.776177900,1.000000000,saturated
962,32.009066700,2880816,60.833333300,148,125.400000000,668.501875000,463.268330000,396997.204000000,205.925000000,55.434360000,1.000000000,saturated
963,32.042400000,2883816,61.458333300,148,125.400000000,668.555084000,463.246867000,399020.604000000,205.925000000,55.571793700,1.000000000,saturated
964,32.075733300,2886816,62.250000000,148,124.250000000,668.488856000,463.069385000,404152.782000000,205.925000000,55.762536900,1.000000000,saturated
965,32.109066700,2889816,61.000000000,151,126.550000000,668.332441000,463.116102000,413435.218000000,205.583000000,56.024163600,1.000000000,saturated
966,32.142400000,2892816,60.916666700,150,125.700000000,668.271433000,463.323368000,414807.218000000,206.284000000,56.055004500,1.000000000,saturated
967,32.175733300,2895816,60.875000000,151,126.250000000,668.168460000,463.223571000,417096.218000000,206.284000000,56.084926300,1.000000000,saturated
968,32.208588900,2898773,60.833333300,151,126.250000000,668.078079000,463.224778000,422314.997000000,206.985000000,56.352489000,1.000000000,saturated
969,32.241922200,2901773,62.458333300,147,124.150000000,668.137582000,463.156106000,420915.397000000,206.985000000,56.279457400,1.000000000,saturated
970,32.275255600,2904773,61.000000000,145,123.150000000,668.022539000,463.037706000,429950.202000000,208.501000000,56.411960000,1.000000000,saturated
971,32.308588900,2907773,60.916666700,145,122.700000000,668.050140000,463.008834000,431065.202000000,208.501000000,56.378680100,1.000000000,saturated
972,32.341922200,2910773,61.500000000,144,122.550000000,668.196725000,462.942141000,429694.002000000,207.800000000,56.444790100,1.000000000,saturated
973,32.375255600,2913773,60.458333300,144,120.000000000,668.224784000,462.970692000,428895.002000000,207.800000000,56.464624200,1.000000000,saturated
974,32.408588900,2916773,61.000000000,148,120.750000000,668.197613000,462.896233000,431487.781000000,207.572000000,56.605736800,1.000000000,saturated
975,32.441922200,2919773,60.541666700,148,123.600000000,668.309650000,463.037495000,433572.580000000,208.387000000,56.829511800,1.000000000,saturated
976,32.474788900,2922731,60.583333300,148,123.450000000,668.361556000,463.034690000,434502.380000000,207.686000000,56.845263500,1.000000000,saturated
977,32.508122200,2925731,60.208333300,148,121.200000000,668.254764000,463.095136000,434104.980000000,207.686000000,56.741874600,1.000000000,saturated
978,32.541455600,2928731,59.083333300,144,119.150000000,668.033856000,463.207573000,440596.202000000,208.387000000,56.732112900,1.000000000,saturated
979,32.574788900,2931731,60.208333300,143,119.150000000,668.187896000,463.201584000,436755.198000000,207.686000000,56.653035800,1.000000000,saturated
980,32.608122200,2934731,60.541666700,143,120.300000000,668.145369000,463.348164000,438965.000000000,207.686000000,56.807512600,1.000000000,saturated
981,32.641455600,2937731,58.500000000,143,119.000000000,668.085289000,463.380233000,438026.000000000,207.572000000,56.794624600,1.000000000,saturated
982,32.674788900,2940731,58.000000000,143,118.000000000,668.101585000,463.534339000,433445.598000000,207.572000000,56.653229500,1.000000000,saturated
983,32.708122200,2943731,58.625000000,143,119.000000000,668.016449000,463.505858000,434924.398000000,207.572000000,56.656557600,1.000000000,saturated
984,32.740955600,2946686,56.833333300,140,113.450000000,668.115982000,463.478645000,435899.398000000,206.512000000,56.740942400,1.000000000,saturated
985,32.774288900,2949686,56.416666700,140,113.000000000,667.929978000,463.560297000,440608.002000000,207.572000000,56.842724300,1.000000000,saturated
986,32.807622200,2952686,57.041666700,141,113.700000000,668.036225000,463.453061000,428500.202000000,207.914000000,56.406182300,1.000000000,saturated
987,32.840955600,2955686,58.333333300,144,117.950000000,668.100460000,463.535570000,420892.218000000,207.914000000,56.118193000,1.000000000,saturated
988,32.874288900,2958686,59.541666700,143,118.400000000,668.174742000,463.561832000,421014.418000000,207.213000000,56.271271300,1.000000000,saturated
989,32.907622200,2961686,59.833333300,143,119.400000000,668.176827000,463.533904000,415389.000000000,204.996000000,56.199499300,1.000000000,saturated
990,32.940955600,2964686,57.583333300,144,115.850000000,668.141283000,463.496670000,420695.418000000,207.099000000,56.401239300,1.000000000,saturated
991,32.974288900,2967686,58.000000000,144,115.850000000,668.304988000,463.529390000,419445.818000000,206.398000000,56.332017100,1.000000000,saturated
992,33.007155600,2970644,57.791666700,142,118.000000000,668.176592000,463.419366000,430880.802000000,206.398000000,56.632148600,1.000000000,saturated
993,33.040488900,2973644,57.916666700,141,117.000000000,668.193995000,463.393329000,431288.002000000,206.398000000,56.596183000,1.000000000,saturated
994,33.073822200,2976644,57.375000000,143,118.550000000,668.241292000,463.186908000,429322.002000000,206.398000000,56.526941900,1.000000000,saturated
995,33.107155600,2979644,57.916666700,146,122.250000000,668.263650000,463.320966000,428041.002000000,207.099000000,56.502157400,1.000000000,saturated
996,33.140488900,2982644,58.750000000,147,123.250000000,668.282865000,463.338105000,428730.202000000,206.871000000,56.570465300,1.000000000,saturated
997,33.173822200,2985644,58.208333300,149,121.950000000,668.347782000,463.321098000,436116.598000000,207.686000000,56.867746500,1.000000000,saturated
998,33.207155600,2988644,59.875000000,150,123.100000000,668.420344000,463.259904000,429721.802000000,206.985000000,56.650731200,1.000000000,saturated
999,33.240488900,2991644,59.666666700,149,122.850000000,668.442072000,463.181860000,428326.202000000,207.686000000,56.578657200,1.000000000,saturated
1000,33.273344400,2994601,59.208333300,149,121.150000000,668.403012000,463.254701000,434404.000000000,208.387000000,56.737665800,1.000000000,saturated
1001,33.306677800,2997601,60.958333300,150,123.000000000,668.407627000,463.209949000,430491.819000000,207.686000000,56.438767100,1.000000000,saturated
1002,33.340011100,3000601,62.333333300,154,126.550000000,668.368265000,463.232953000,427811.000000000,206.985000000,56.389658700,1.000000000,saturated
1003,33.373344400,3003601,61.541666700,155,126.400000000,668.339574000,463.291891000,427200.000000000,206.284000000,56.305631100,1.000000000,saturated
1004,33.406677800,3006601,60.500000000,155,124.250000000,668.322992000,463.156890000,433813.180000000,207.686000000,56.590721300,1.000000000,saturated
1005,33.440011100,3009601,61.291666700,155,125.400000000,668.317378000,462.882327000,424267.797000000,206.985000000,56.292792900,1.000000000,saturated
1006,33.473344400,3012601,61.208333300,156,126.250000000,668.239035000,462.887740000,431042.602000000,206.626000000,56.506015700,1.000000000,saturated
1007,33.506677800,3015601,60.750000000,156,126.550000000,668.373048000,462.865798000,427068.398000000,206.985000000,56.386586400,1.000000000,saturated
1008,33.539522200,3018557,61.416666700,156,126.550000000,668.445871000,462.769565000,430227.002000000,207.686000000,56.530937600,1.000000000,saturated
1009,33.572855600,3021557,61.916666700,158,129.400000000,668.428176000,462.789059000,434908.180000000,208.387000000,56.667433100,1.000000000,saturated
1010,33.606188900,3024557,60.916666700,158,130.400000000,668.401886000,462.721292000,432230.402000000,206.398000000,56.517126100,1.000000000,saturated
1011,33.639522200,3027557,60.416666700,157,130.400000000,668.363827000,462.718881000,433918.002000000,206.170000000,56.629915900,1.000000000,saturated
1012,33.672855600,3030557,61.000000000,157,134.550000000,668.442026000,462.774123000,432326.002000000,207.686000000,56.542111000,1.000000000,saturated
1013,33.706188900,3033557,62.416666700,158,136.250000000,668.377558000,462.901884000,423093.819000000,206.284000000,56.187004500,1.000000000,saturated
1014,33.739522200,3036557,63.625000000,162,138.550000000,668.340792000,463.027280000,423765.219000000,206.284000000,56.229760000,1.000000000,saturated
1015,33.772855600,3039557,63.166666700,163,139.400000000,668.310253000,463.099233000,431395.002000000,206.871000000,56.481453900,1.000000000,saturated
1016,33.805711100,3042514,65.375000000,168,143.100000000,668.347855000,463.072594000,429627.003000000,206.985000000,56.517882300,1.000000000,saturated
1017,33.839044400,3045514,64.458333300,168,142.500000000,668.344427000,463.115542000,429329.402000000,207.686000000,56.464314800,1.000000000,saturated
1018,33.872377800,3048514,64.541666700,168,142.500000000,668.359779000,463.193150000,428465.802000000,207.686000000,56.398076900,1.000000000,saturated
1019,33.905711100,3051514,62.958333300,165,139.950000000,668.392222000,463.026024000,428942.802000000,206.985000000,56.368602200,1.000000000,saturated
1020,33.939044400,3054514,64.125000000,169,145.000000000,668.551328000,463.079151000,411608.000000000,206.398000000,55.972266000,1.000000000,saturated
1021,33.972377800,3057514,63.375000000,166,144.300000000,668.456218000,463.019491000,412954.000000000,205.697000000,55.972592700,1.000000000,saturated
1022,34.005711100,3060514,61.791666700,165,141.750000000,668.419088000,463.076737000,414078.000000000,205.697000000,56.035407400,1.000000000,saturated
1023,34.039044400,3063514,62.083333300,165,141.050000000,668.387279000,463.082202000,413872.000000000,205.697000000,55.953722200,1.000000000,saturated
1024,34.071900000,3066471,61.708333300,165,145.150000000,668.454784000,463.059079000,415484.603000000,206.398000000,56.038923500,1.000000000,saturated
1025,34.105233300,3069471,61.875000000,164,145.300000000,668.396359000,463.163794000,422501.397000000,205.697000000,56.169441700,1.000000000,saturated
1026,34.138566700,3072471,61.375000000,164,145.150000000,668.282373000,462.993362000,426558.398000000,207.914000000,56.270938700,1.000000000,saturated
1027,34.171900000,3075471,61.458333300,163,144.450000000,668.460717000,462.985913000,421165.019000000,207.914000000,56.174445100,1.000000000,saturated
1028,34.205233300,3078471,61.125000000,163,144.300000000,668.537890000,463.083270000,418687.819000000,207.914000000,56.082767200,1.000000000,saturated
1029,34.238566700,3081471,61.625000000,163,144.850000000,668.516628000,463.164072000,418207.219000000,207.213000000,56.017540400,1.000000000,saturated
1030,34.271900000,3084471,62.875000000,163,145.850000000,668.374538000,463.033255000,426714.802000000,207.914000000,56.307887300,1.000000000,saturated
1031,34.305233300,3087471,62.875000000,165,145.650000000,668.467924000,462.962644000,424105.398000000,207.914000000,56.229370700,1.000000000,saturated
1032,34.338077800,3090427,62.541666700,166,147.500000000,668.269971000,463.204323000,423908.797000000,207.914000000,56.256760100,1.000000000,saturated
1033,34.371411100,3093427,63.458333300,169,149.350000000,667.865389000,463.298900000,432145.402000000,207.914000000,56.506945800,1.000000000,saturated
1034,34.404744400,3096427,65.708333300,172,150.950000000,667.881654000,463.127855000,429366.802000000,206.740000000,56.540372300,1.000000000,saturated
1035,34.438077800,3099427,65.666666700,170,150.100000000,667.992990000,462.905791000,416143.018000000,205.811000000,56.055508500,1.000000000,saturated
1036,34.471411100,3102427,65.083333300,169,151.250000000,668.025515000,462.927174000,414636.018000000,206.284000000,56.148230000,1.000000000,saturated
1037,34.504744400,3105427,63.416666700,170,153.700000000,667.890570000,462.777435000,431677.781000000,207.686000000,56.713834400,1.000000000,saturated
1038,34.538077800,3108427,63.375000000,172,157.400000000,667.900600000,462.572938000,428406.803000000,208.501000000,56.443639600,1.000000000,saturated
1039,34.571411100,3111427,62.666666700,170,155.550000000,667.916535000,462.509748000,433040.981000000,208.387000000,56.603802200,1.000000000,saturated
1040,34.604266700,3114384,64.833333300,173,157.250000000,667.970476000,462.544620000,433607.381000000,208.501000000,56.702345300,1.000000000,saturated
1041,34.637600000,3117384,65.666666700,176,158.100000000,667.839248000,462.601631000,441068.002000000,210.131000000,56.996748200,1.000000000,saturated
1042,34.670933300,3120384,65.750000000,169,154.450000000,667.783617000,462.578640000,441402.000000000,210.946000000,56.976053500,1.000000000,saturated
1043,34.704266700,3123384,65.666666700,165,151.300000000,667.862838000,462.607256000,438400.000000000,210.946000000,56.968337400,1.000000000,saturated
1044,34.737600000,3126384,68.375000000,170,154.150000000,667.745787000,462.719723000,435269.000000000,207.800000000,56.855983300,0.999981621,saturated
1045,34.770933300,3129384,67.666666700,173,156.300000000,667.708891000,462.629661000,437513.000000000,208.387000000,56.903151600,0.999981715,saturated
1046,34.804266700,3132384,67.333333300,179,156.300000000,667.661777000,462.505982000,437599.000000000,211.647000000,57.069741100,1.000000000,saturated
1047,34.837600000,3135384,66.125000000,180,158.000000000,667.673806000,462.516015000,438663.402000000,212.348000000,56.929150300,1.000000000,saturated
1048,34.870466700,3138342,68.666666700,179,161.850000000,667.683533000,462.440018000,439427.202000000,208.615000000,56.978614100,1.000000000,saturated
1049,34.903800000,3141342,68.791666700,178,161.450000000,667.832734000,462.235230000,435957.981000000,208.387000000,56.781445900,1.000000000,saturated
1050,34.937133300,3144342,71.916666700,174,164.250000000,667.868046000,462.227695000,432802.003000000,208.028000000,56.548588800,1.000000000,saturated
1051,34.970466700,3147342,73.333333300,180,167.950000000,667.898937000,462.092411000,431455.803000000,208.028000000,56.564770700,1.000000000,saturated
1052,35.003800000,3150342,74.458333300,185,166.950000000,667.682290000,462.117928000,432258.419000000,207.327000000,56.572083100,1.000000000,saturated
1053,35.037133300,3153342,75.166666700,187,170.250000000,667.642852000,462.067238000,434020.380000000,208.387000000,56.769354300,1.000000000,saturated
1054,35.070466700,3156342,75.375000000,186,170.250000000,667.675835000,462.066277000,434321.180000000,207.914000000,56.723822500,1.000000000,saturated
1055,35.103800000,3159342,77.166666700,188,174.550000000,667.695202000,462.005324000,437450.000000000,207.914000000,56.913993500,1.000000000,saturated
1056,35.136644400,3162298,77.375000000,186,173.550000000,667.807864000,462.016130000,434501.397000000,208.615000000,57.040946900,1.000000000,saturated
1057,35.169977800,3165298,76.750000000,181,174.000000000,667.775677000,462.003324000,432443.797000000,209.316000000,56.997730100,1.000000000,saturated
1058,35.203311100,3168298,78.375000000,179,174.150000000,667.772431000,462.029639000,431149.180000000,208.615000000,56.933524300,0.999977734,saturated
1059,35.236644400,3171298,79.791666700,180,176.300000000,667.772820000,462.059970000,432061.180000000,211.647000000,56.845623400,1.000000000,saturated
1060,35.269977800,3174298,79.916666700,177,173.450000000,667.719545000,462.127803000,438637.000000000,209.544000000,57.042946400,1.000000000,saturated
1061,35.303311100,3177298,80.791666700,179,174.600000000,667.728690000,461.771451000,439380.000000000,210.131000000,57.152464900,1.000000000,saturated
1062,35.336644400,3180298,82.041666700,177,174.900000000,667.556860000,461.703767000,443090.003000000,209.903000000,57.058108300,1.000000000,saturated
1063,35.369977800,3183298,82.791666700,178,171.400000000,667.487948000,461.635577000,440651.402000000,208.501000000,56.796081000,1.000000000,saturated
1064,35.402833300,3186255,81.458333300,174,168.250000000,667.612145000,461.429137000,442274.000000000,207.572000000,56.748494000,1.000000000,saturated
1065,35.436166700,3189255,81.250000000,173,161.850000000,667.868431000,461.299050000,438128.381000000,207.572000000,56.727207100,1.000000000,saturated
1066,35.469500000,3192255,82.083333300,173,162.000000000,667.796787000,461.256492000,439044.780000000,208.501000000,56.808144000,1.000000000,saturated
1067,35.502833300,3195255,80.833333300,169,158.850000000,667.738287000,461.260189000,440260.380000000,207.800000000,56.791056600,1.000000000,saturated
1068,35.536166700,3198255,81.875000000,168,159.000000000,667.680422000,461.418660000,438339.180000000,208.501000000,56.620653200,1.000000000,saturated
1069,35.569500000,3201255,81.833333300,168,160.550000000,667.819850000,461.406858000,435557.402000000,208.501000000,56.547877900,1.000000000,saturated
1070,35.602833300,3204255,81.125000000,171,162.400000000,667.918865000,461.396054000,434774.402000000,208.501000000,56.464074400,1.000000000,saturated
1071,35.636166700,3207255,81.583333300,171,162.400000000,667.959420000,461.566202000,436013.180000000,208.501000000,56.574280400,1.000000000,saturated
1072,35.669022200,3210212,80.583333300,166,157.850000000,668.070588000,461.498806000,429140.203000000,208.501000000,56.366825100,0.999917975,saturated
1073,35.702355600,3213212,80.458333300,165,157.850000000,667.802829000,461.347590000,437430.180000000,207.800000000,56.570364600,1.000000000,saturated
1074,35.735688900,3216212,80.333333300,166,165.100000000,667.817854000,461.340126000,428156.597000000,207.800000000,56.333870600,1.000000000,saturated
1075,35.769022200,3219212,80.041666700,168,164.700000000,667.980340000,461.227506000,427003.997000000,207.800000000,56.383912600,1.000000000,saturated
1076,35.802355600,3222212,79.416666700,166,163.400000000,667.753857000,461.349131000,433041.003000000,207.441000000,56.568484500,1.000000000,saturated
1077,35.835688900,3225212,82.208333300,171,167.850000000,667.666316000,461.299637000,437153.580000000,206.512000000,56.735484000,1.000000000,saturated
1078,35.869022200,3228212,81.375000000,171,170.000000000,667.523802000,461.193522000,434389.202000000,206.512000000,56.529455300,0.999961325,saturated
1079,35.902355600,3231212,80.583333300,173,170.250000000,667.567171000,461.064253000,435385.380000000,207.686000000,56.597298200,0.999957739,saturated
1080,35.935200000,3234168,81.250000000,173,169.550000000,667.667455000,460.927421000,423524.397000000,204.654000000,56.304729100,1.000000000,saturated
1081,35.968533300,3237168,80.833333300,172,168.700000000,667.690854000,461.059102000,421443.997000000,204.654000000,56.151120900,1.000000000,saturated
1082,36.001866700,3240168,81.916666700,173,169.700000000,667.633763000,461.116172000,420752.397000000,206.284000000,56.235174300,1.000000000,saturated
1083,36.035200000,3243168,83.041666700,177,172.550000000,667.657997000,461.148267000,419118.819000000,204.768000000,56.079868900,1.000000000,saturated
1084,36.068533300,3246168,81.416666700,173,170.700000000,667.638577000,461.152603000,423062.597000000,205.355000000,56.256390500,1.000000000,saturated
1085,36.101866700,3249168,81.583333300,173,171.000000000,667.620332000,461.168113000,427884.000000000,205.355000000,56.242711800,1.000000000,saturated
1086,36.135200000,3252168,80.750000000,176,172.400000000,667.644021000,461.231970000,428573.000000000,206.985000000,56.152778600,1.000000000,saturated
1087,36.168533300,3255168,80.583333300,177,172.550000000,667.588403000,461.282000000,427902.202000000,206.985000000,56.211024000,1.000000000,saturated
1088,36.201388900,3258125,80.500000000,178,174.400000000,667.577741000,461.201810000,429012.602000000,206.284000000,56.298743200,1.000000000,saturated
1089,36.234722200,3261125,81.208333300,179,174.400000000,667.547619000,461.405910000,420695.819000000,203.839000000,55.942473400,1.000000000,saturated
1090,36.268055600,3264125,82.916666700,179,174.800000000,667.512675000,461.265570000,432835.801000000,207.800000000,56.293128800,1.000000000,saturated
1091,36.301388900,3267125,82.000000000,178,173.500000000,667.418341000,461.214427000,431361.001000000,208.501000000,56.225225700,1.000000000,saturated
1092,36.334722200,3270125,80.208333300,179,172.250000000,667.257457000,461.218194000,427397.402000000,207.099000000,56.218697800,1.000000000,saturated
1093,36.368055600,3273125,80.833333300,179,174.400000000,667.215120000,461.291929000,428232.402000000,207.099000000,56.316925700,1.000000000,saturated
1094,36.401388900,3276125,80.541666700,179,174.250000000,667.232285000,461.262153000,419168.419000000,207.099000000,56.041661100,1.000000000,saturated
1095,36.434722200,3279125,79.750000000,179,174.100000000,667.273491000,461.265660000,426760.000000000,206.398000000,56.376213500,1.000000000,saturated
1096,36.467588900,3282083,79.333333300,178,172.400000000,667.162678000,461.289819000,418927.019000000,205.697000000,56.176842400,1.000000000,saturated
1097,36.500922200,3285083,81.583333300,176,170.700000000,667.074240000,461.268126000,418034.619000000,206.398000000,56.131468500,1.000000000,saturated
1098,36.534255600,3288083,81.458333300,172,168.800000000,667.184362000,461.260631000,416664.619000000,205.583000000,56.101065000,1.000000000,saturated
1099,36.567588900,3291083,80.750000000,171,167.950000000,667.136364000,461.303777000,425220.803000000,204.654000000,56.420987800,1.000000000,saturated
1100,36.600922200,3294083,79.708333300,169,166.650000000,667.012065000,461.199037000,430373.780000000,207.099000000,56.584372200,1.000000000,saturated
1101,36.634255600,3297083,78.291666700,168,163.800000000,666.998460000,461.319499000,436496.000000000,207.099000000,56.868170500,1.000000000,saturated
1102,36.667588900,3300083,78.250000000,172,167.500000000,666.950864000,461.151081000,433841.000000000,207.800000000,56.709780800,1.000000000,saturated
1103,36.700922200,3303083,78.083333300,172,167.050000000,667.234485000,461.097449000,402512.581000000,206.398000000,55.888775900,1.000000000,saturated
1104,36.733755600,3306038,79.375000000,169,165.050000000,667.302754000,460.992811000,406294.000000000,206.398000000,55.987760200,0.999960620,saturated
1105,36.767088900,3309038,79.750000000,171,167.050000000,667.270578000,460.865933000,411139.000000000,204.768000000,56.133203100,1.000000000,saturated
1106,36.800422200,3312038,80.208333300,171,167.050000000,667.180025000,460.886634000,406695.581000000,204.768000000,56.010959000,1.000000000,saturated
1107,36.833755600,3315038,79.083333300,171,166.900000000,667.315099000,460.962170000,396461.396000000,204.181000000,55.763413100,1.000000000,saturated
1108,36.867088900,3318038,79.750000000,171,166.900000000,667.250115000,461.076594000,408137.181000000,205.583000000,55.932457600,1.000000000,saturated
1109,36.900422200,3321038,80.333333300,171,167.900000000,667.356486000,461.119479000,397088.582000000,204.409000000,55.624245200,1.000000000,saturated
1110,36.933755600,3324038,79.250000000,179,166.450000000,667.374978000,461.010194000,398970.000000000,204.996000000,55.626665800,1.000000000,saturated
1111,36.967088900,3327038,78.833333300,179,166.450000000,667.493153000,460.852280000,394947.582000000,205.321000000,55.570935500,1.000000000,saturated
1112,36.999955600,3329996,78.708333300,178,165.450000000,667.356975000,460.871983000,399837.000000000,205.321000000,55.741840700,1.000000000,saturated
1113,37.033288900,3332996,78.291666700,178,165.450000000,667.382039000,460.905035000,398580.000000000,204.620000000,55.692936900,1.000000000,saturated
1114,37.066622200,3335996,78.166666700,178,165.600000000,667.325179000,460.882331000,399291.000000000,204.620000000,55.678122800,1.000000000,saturated
1115,37.099955600,3338996,79.666666700,171,164.600000000,667.321293000,460.899693000,398834.004000000,204.996000000,55.664630400,1.000000000,saturated
1116,37.133288900,3341996,80.208333300,170,165.600000000,667.259249000,460.911446000,401806.604000000,205.794000000,55.760511400,1.000000000,saturated
1117,37.166622200,3344996,79.583333300,169,164.600000000,667.308275000,460.827753000,410543.000000000,206.398000000,55.955952300,1.000000000,saturated
1118,37.199955600,3347996,81.083333300,171,165.600000000,667.096364000,461.023420000,425330.803000000,206.985000000,56.345455300,1.000000000,saturated
1119,37.233288900,3350996,80.458333300,169,164.750000000,667.002153000,461.189399000,422948.603000000,206.056000000,56.391225800,1.000000000,saturated
1120,37.266144400,3353953,79.750000000,174,168.450000000,667.040628000,461.202090000,426012.403000000,205.811000000,56.482501400,1.000000000,saturated
1121,37.299477800,3356953,79.750000000,174,170.300000000,666.969096000,461.060431000,431435.780000000,205.241000000,56.608396300,1.000000000,saturated
1122,37.332811100,3359953,80.250000000,174,171.300000000,667.017599000,461.172558000,430707.181000000,205.241000000,56.543917300,1.000000000,saturated
1123,37.366144400,3362953,79.666666700,172,167.900000000,667.030473000,461.172708000,426201.403000000,205.241000000,56.418213700,1.000000000,saturated
1124,37.399477800,3365953,80.375000000,174,169.750000000,666.877603000,461.181865000,433188.581000000,206.056000000,56.657150600,1.000000000,saturated
1125,37.432811100,3368953,80.541666700,174,171.900000000,667.064121000,461.286031000,423676.397000000,205.583000000,56.346107700,1.000000000,saturated
1126,37.466144400,3371953,80.083333300,172,168.900000000,667.018469000,461.187331000,428859.602000000,204.654000000,56.609584000,1.000000000,saturated
1127,37.499477800,3374953,80.208333300,171,168.050000000,667.027387000,461.013904000,426677.403000000,206.871000000,56.581636300,1.000000000,saturated
1128,37.532322200,3377909,80.166666700,171,169.200000000,666.989895000,460.965232000,424838.603000000,206.985000000,56.435017100,1.000000000,saturated
1129,37.565655600,3380909,79.125000000,170,167.350000000,666.968878000,460.930304000,431718.000000000,207.686000000,56.717039500,1.000000000,saturated
1130,37.598988900,3383909,79.000000000,170,167.500000000,667.042699000,460.969103000,417198.797000000,207.099000000,56.153127800,1.000000000,saturated
1131,37.632322200,3386909,78.833333300,170,168.500000000,667.033074000,461.026623000,416911.597000000,206.985000000,56.160801300,1.000000000,saturated
1132,37.665655600,3389909,79.333333300,169,167.250000000,666.890310000,461.036730000,419350.797000000,204.996000000,56.305942200,1.000000000,saturated
1133,37.698988900,3392909,79.041666700,168,167.100000000,667.009343000,461.090271000,417579.397000000,206.985000000,56.279998600,1.000000000,saturated
1134,37.732322200,3395909,80.041666700,168,166.950000000,667.029994000,461.033700000,418418.597000000,206.985000000,56.297507100,1.000000000,saturated
1135,37.765655600,3398909,80.208333300,170,167.650000000,666.863467000,461.018315000,415242.219000000,206.284000000,56.296075600,1.000000000,saturated
1136,37.798511100,3401866,80.333333300,170,166.950000000,666.923829000,461.185074000,412409.819000000,206.284000000,56.178764500,1.000000000,saturated
1137,37.831844400,3404866,80.125000000,171,166.250000000,666.886197000,461.286957000,413371.619000000,204.181000000,56.087639200,1.000000000,saturated
1138,37.865177800,3407866,78.916666700,170,164.700000000,666.887335000,461.306590000,419507.197000000,206.284000000,56.256872200,1.000000000,saturated
1139,37.898511100,3410866,78.416666700,170,164.700000000,666.819453000,461.427480000,413374.797000000,206.985000000,56.131038500,1.000000000,saturated
1140,37.931844400,3413866,76.791666700,172,169.950000000,666.709315000,461.957889000,416022.997000000,206.398000000,56.209006600,1.000000000,saturated
1141,37.965177800,3416866,76.333333300,169,168.100000000,666.712083000,461.809957000,416752.796000000,207.099000000,56.327789700,1.000000000,saturated
1142,37.998511100,3419866,78.000000000,172,171.400000000,666.648299000,461.887079000,418471.797000000,206.398000000,56.345346700,1.000000000,saturated
1143,38.031844400,3422866,78.416666700,173,170.550000000,666.537351000,461.907965000,419072.797000000,204.409000000,56.266065700,1.000000000,saturated
1144,38.064700000,3425823,79.291666700,174,171.550000000,666.576793000,461.694677000,419970.803000000,206.170000000,56.317822800,1.000000000,saturated
1145,38.098033300,3428823,77.833333300,171,165.700000000,666.567744000,461.887079000,417013.197000000,205.355000000,56.180713900,1.000000000,saturated
1146,38.131366700,3431823,75.916666700,168,163.000000000,666.689921000,461.939760000,416511.397000000,204.654000000,56.123042700,1.000000000,saturated
1147,38.164700000,3434823,76.375000000,167,162.850000000,666.699831000,461.877927000,413848.797000000,204.768000000,56.003508500,1.000000000,saturated
1148,38.198033300,3437823,76.125000000,165,162.000000000,666.680528000,461.841580000,415739.397000000,206.284000000,55.915251500,0.999969212,saturated
1149,38.231366700,3440823,75.500000000,165,162.000000000,666.692319000,461.848578000,415056.797000000,204.768000000,56.024493900,0.999949886,saturated
1150,38.264700000,3443823,76.750000000,169,164.700000000,666.668596000,461.890899000,413502.397000000,204.654000000,55.905378100,0.999930351,saturated
1151,38.298033300,3446823,75.375000000,167,163.850000000,666.589901000,461.854171000,412684.997000000,204.654000000,55.922996700,0.999930213,saturated
1152,38.330877800,3449779,75.916666700,163,161.850000000,666.448364000,461.878526000,416690.403000000,205.355000000,56.128712800,1.000000000,saturated
1153,38.364211100,3452779,76.291666700,168,162.850000000,666.357545000,461.901471000,420908.603000000,205.355000000,56.204108100,1.000000000,saturated
1154,38.397544400,3455779,75.208333300,167,162.700000000,666.434686000,461.824132000,421740.003000000,207.686000000,56.147743800,1.000000000,saturated
1155,38.430877800,3458779,76.291666700,168,166.250000000,666.437235000,461.768614000,421399.403000000,206.985000000,56.124873900,1.000000000,saturated
1156,38.464211100,3461779,77.166666700,170,167.100000000,666.431959000,461.662792000,422708.003000000,206.985000000,56.190697000,1.000000000,saturated
1157,38.497544400,3464779,75.750000000,168,165.100000000,666.545296000,461.687145000,415851.419000000,206.398000000,55.886534500,1.000000000,saturated
1158,38.530877800,3467779,76.291666700,175,165.700000000,666.613074000,461.683049000,416695.419000000,205.811000000,55.942543000,1.000000000,saturated
1159,38.564211100,3470779,75.708333300,175,165.000000000,666.490002000,461.678272000,417351.619000000,206.512000000,55.995212800,1.000000000,saturated
1160,38.597066700,3473736,76.041666700,178,169.950000000,666.501055000,461.797903000,422739.197000000,205.697000000,56.167539900,1.000000000,saturated
1161,38.630400000,3476736,75.625000000,176,168.950000000,666.610523000,461.679971000,421503.419000000,205.697000000,56.021950600,1.000000000,saturated
1162,38.663733300,3479736,76.000000000,176,168.100000000,666.673380000,461.683781000,416294.000000000,204.996000000,55.801437300,1.000000000,saturated
1163,38.697066700,3482736,76.458333300,176,168.950000000,666.613243000,461.809909000,414749.000000000,205.583000000,55.494020300,1.000000000,saturated
1164,38.730400000,3485736,76.625000000,176,168.400000000,666.750925000,461.738005000,416160.000000000,205.583000000,55.677720000,1.000000000,saturated
1165,38.763733300,3488736,75.958333300,177,170.100000000,666.744770000,461.793054000,416984.000000000,205.583000000,55.803009200,1.000000000,saturated
1166,38.797066700,3491736,75.416666700,180,172.500000000,666.783876000,461.727028000,417571.000000000,204.067000000,55.783627200,1.000000000,saturated
1167,38.830400000,3494736,75.583333300,180,170.800000000,666.792073000,461.746267000,415650.000000000,204.067000000,55.757851200,1.000000000,saturated
1168,38.863266700,3497694,75.333333300,178,168.800000000,666.769032000,461.774197000,416266.000000000,205.925000000,55.652132800,0.999778987,saturated
1169,38.896600000,3500694,76.666666700,171,167.400000000,666.670735000,461.779348000,426539.198000000,207.914000000,56.023739500,1.000000000,saturated
1170,38.929933300,3503694,77.125000000,174,169.950000000,666.831824000,461.711543000,427638.598000000,207.213000000,56.118074200,1.000000000,saturated
1171,38.963266700,3506694,76.541666700,172,168.800000000,666.832972000,461.712617000,428721.397000000,207.099000000,56.154214600,1.000000000,saturated
1172,38.996600000,3509694,76.750000000,171,168.800000000,666.857613000,461.764603000,432291.602000000,211.761000000,56.264869100,1.000000000,saturated
1173,39.029933300,3512694,76.541666700,169,166.950000000,666.844401000,461.793484000,436809.180000000,211.060000000,56.354782000,1.000000000,saturated
1174,39.063266700,3515694,77.083333300,169,167.100000000,666.891254000,461.834005000,434842.181000000,211.060000000,56.315110000,1.000000000,saturated
1175,39.096600000,3518694,77.541666700,174,172.650000000,666.834426000,461.952471000,427646.402000000,208.501000000,56.059278300,1.000000000,saturated
1176,39.129444400,3521650,78.291666700,174,172.800000000,666.840499000,462.024487000,427428.802000000,209.316000000,56.006794700,1.000000000,saturated
1177,39.162777800,3524650,79.041666700,177,174.950000000,666.869932000,462.025307000,428185.202000000,208.256000000,56.141173800,1.000000000,saturated
1178,39.196111100,3527650,76.916666700,180,172.700000000,666.875549000,461.968853000,426937.203000000,208.501000000,56.178138900,1.000000000,saturated
1179,39.229444400,3530650,77.000000000,176,170.550000000,666.898709000,461.978292000,427944.002000000,208.256000000,56.189623300,1.000000000,saturated
1180,39.262777800,3533650,78.250000000,178,172.000000000,666.875905000,461.861764000,438656.000000000,208.729000000,56.568467700,1.000000000,saturated
1181,39.296111100,3536650,81.875000000,178,172.000000000,666.953377000,461.881077000,433335.780000000,208.028000000,56.480453000,1.000000000,saturated
1182,39.329444400,3539650,81.250000000,174,170.850000000,666.936959000,461.823094000,432388.180000000,210.131000000,56.450663400,1.000000000,saturated
1183,39.362777800,3542650,80.375000000,173,170.000000000,666.918198000,461.740842000,438485.000000000,210.131000000,56.734407700,1.000000000,saturated
1184,39.395633300,3545607,80.000000000,178,172.250000000,666.870486000,461.795898000,437070.198000000,208.729000000,56.557698100,1.000000000,saturated
1185,39.428966700,3548607,78.541666700,176,170.950000000,666.965244000,461.822135000,440418.000000000,207.686000000,56.724896100,1.000000000,saturated
1186,39.462300000,3551607,77.541666700,174,170.800000000,667.042565000,461.810244000,438968.602000000,206.985000000,56.594275200,1.000000000,saturated
1187,39.495633300,3554607,79.958333300,176,172.500000000,667.141480000,461.903113000,438871.601000000,209.088000000,56.533305600,1.000000000,saturated
1188,39.528966700,3557607,79.833333300,177,174.600000000,667.064783000,461.964928000,434687.781000000,210.131000000,56.338653400,1.000000000,saturated
1189,39.562300000,3560607,79.791666700,177,173.750000000,667.135323000,461.758954000,431417.581000000,210.131000000,56.246982700,1.000000000,saturated
1190,39.595633300,3563607,79.541666700,181,170.750000000,667.169935000,461.679764000,429080.781000000,210.131000000,56.315907000,1.000000000,saturated
1191,39.628966700,3566607,78.791666700,181,171.750000000,667.212758000,461.733127000,423339.203000000,210.131000000,56.193310300,1.000000000,saturated
1192,39.661822200,3569564,79.916666700,178,174.050000000,667.266337000,461.662724000,423472.003000000,210.131000000,56.225336800,1.000000000,saturated
1193,39.695155600,3572564,79.916666700,178,174.050000000,667.182508000,461.664056000,424832.802000000,210.131000000,56.198727200,1.000000000,saturated
1194,39.728488900,3575564,79.708333300,177,173.900000000,667.258273000,461.627300000,426127.202000000,207.213000000,56.257434900,1.000000000,saturated
1195,39.761822200,3578564,79.291666700,177,174.750000000,667.039202000,461.747803000,429315.000000000,207.800000000,56.186708000,1.000000000,saturated
1196,39.795155600,3581564,79.166666700,184,179.050000000,667.022236000,461.666405000,422721.419000000,204.409000000,56.059252000,1.000000000,saturated
1197,39.828488900,3584564,78.166666700,183,178.750000000,667.064449000,461.658086000,426642.798000000,206.985000000,56.245331800,1.000000000,saturated
1198,39.861822200,3587564,79.416666700,186,181.350000000,666.993472000,461.608733000,426879.998000000,207.099000000,56.316785000,1.000000000,saturated
1199,39.895155600,3590564,79.583333300,185,179.500000000,666.930914000,461.823131000,428834.602000000,206.398000000,56.448756900,1.000000000,saturated
1200,39.928000000,3593520,79.916666700,179,171.500000000,666.846964000,462.052042000,416759.000000000,204.768000000,55.982127200,1.000000000,saturated
1201,39.961333300,3596520,80.833333300,178,171.350000000,666.848911000,462.117958000,416463.000000000,205.110000000,55.958756000,1.000000000,saturated
1202,39.994666700,3599520,81.833333300,171,166.350000000,666.936842000,462.104623000,414279.000000000,206.398000000,55.839015600,1.000000000,saturated
1203,40.028000000,3602520,81.500000000,171,164.650000000,667.093438000,462.002365000,411900.000000000,206.398000000,55.703051700,1.000000000,saturated
1204,40.061333300,3605520,80.000000000,170,164.950000000,667.144920000,461.887082000,410433.581000000,204.409000000,55.715334200,1.000000000,saturated
1205,40.094666700,3608520,82.458333300,172,168.400000000,667.226204000,461.813543000,418993.019000000,206.398000000,55.971857900,1.000000000,saturated
1206,40.128000000,3611520,82.125000000,171,167.400000000,667.257022000,461.793336000,419273.019000000,207.099000000,55.979129800,1.000000000,saturated
1207,40.161333300,3614520,81.583333300,171,168.250000000,667.283916000,461.639544000,420330.819000000,204.996000000,56.002655900,1.000000000,saturated
1208,40.194188900,3617477,83.791666700,171,169.250000000,667.270159000,461.640018000,424438.998000000,205.355000000,56.160663700,1.000000000,saturated
1209,40.227522200,3620477,84.125000000,171,170.000000000,667.344177000,461.485673000,425037.798000000,206.039000000,56.248600000,1.000000000,saturated
1210,40.260855600,3623477,82.541666700,172,170.700000000,667.441630000,461.612276000,417506.000000000,207.213000000,56.050518100,1.000000000,saturated
1211,40.294188900,3626477,83.208333300,172,170.850000000,667.368623000,461.635233000,417478.000000000,207.213000000,56.049191800,1.000000000,saturated
1212,40.327522200,3629477,82.916666700,169,169.000000000,667.425137000,461.649456000,417200.000000000,205.811000000,56.015940600,1.000000000,saturated
1213,40.360855600,3632477,83.166666700,170,170.000000000,667.319487000,461.750486000,418898.603000000,206.512000000,56.116384200,1.000000000,saturated
1214,40.394188900,3635477,83.125000000,170,169.850000000,667.390542000,461.763195000,414045.000000000,205.811000000,56.006679000,1.000000000,saturated
1215,40.427522200,3638477,82.958333300,171,169.850000000,667.514883000,461.651020000,408416.004000000,206.512000000,55.777706300,1.000000000,saturated
1216,40.460388900,3641435,81.416666700,172,171.700000000,667.268504000,461.591914000,409098.204000000,204.996000000,55.815208500,1.000000000,saturated
1217,40.493722200,3644435,82.666666700,172,170.850000000,667.166509000,461.585020000,419244.000000000,204.996000000,56.118920100,1.000000000,saturated
1218,40.527055600,3647435,81.875000000,173,171.700000000,667.152283000,461.698876000,417669.000000000,204.996000000,56.079113800,1.000000000,saturated
1219,40.560388900,3650435,81.833333300,173,172.400000000,667.087209000,461.682730000,416941.000000000,205.110000000,55.986947900,1.000000000,saturated
1220,40.593722200,3653435,81.458333300,174,172.400000000,667.383122000,461.531512000,409685.796000000,205.811000000,55.843407600,1.000000000,saturated
1221,40.627055600,3656435,80.791666700,173,171.550000000,667.387264000,461.637477000,415634.000000000,207.213000000,56.037380600,1.000000000,saturated
1222,40.660388900,3659435,81.083333300,174,171.550000000,667.356878000,461.610202000,413365.000000000,208.142000000,55.916969000,1.000000000,saturated
1223,40.693722200,3662435,81.458333300,173,170.850000000,667.371482000,461.559351000,417211.419000000,207.441000000,56.184570500,1.000000000,saturated
1224,40.726555600,3665390,80.666666700,172,169.850000000,667.269519000,461.537591000,417723.419000000,207.914000000,56.167110300,1.000000000,saturated
1225,40.759888900,3668390,81.041666700,172,170.000000000,667.399949000,461.587136000,415131.019000000,207.213000000,55.953214100,1.000000000,saturated
1226,40.793222200,3671390,81.541666700,172,170.700000000,667.340098000,461.590777000,426390.203000000,208.501000000,56.481752900,1.000000000,saturated
1227,40.826555600,3674390,80.916666700,174,171.550000000,667.449881000,461.517661000,422596.403000000,207.800000000,56.312347600,1.000000000,saturated
1228,40.859888900,3677390,80.291666700,178,173.250000000,667.609313000,461.368434000,420019.203000000,208.501000000,56.261151500,1.000000000,saturated
1229,40.893222200,3680390,81.000000000,179,175.100000000,667.641032000,461.564638000,420429.603000000,207.099000000,56.333237100,1.000000000,saturated
1230,40.926555600,3683390,82.000000000,178,171.250000000,667.515772000,461.524067000,418679.003000000,205.697000000,56.319580800,1.000000000,saturated
1231,40.959888900,3686390,81.708333300,177,170.950000000,667.555426000,461.496634000,417628.003000000,207.099000000,56.245693600,1.000000000,saturated
1232,40.992755600,3689348,80.958333300,177,170.950000000,667.528805000,461.474782000,418826.203000000,206.170000000,56.258386000,1.000000000,saturated
1233,41.026088900,3692348,80.916666700,179,172.500000000,667.458327000,461.480803000,421136.603000000,206.871000000,56.295802400,1.000000000,saturated
1234,41.059422200,3695348,80.625000000,178,172.500000000,667.551804000,461.381514000,414697.197000000,205.355000000,56.144446600,1.000000000,saturated
1235,41.092755600,3698348,80.291666700,178,170.800000000,667.440995000,461.311756000,414554.797000000,206.170000000,56.221588900,1.000000000,saturated
1236,41.126088900,3701348,80.500000000,177,172.200000000,667.338767000,461.151808000,415124.197000000,206.170000000,56.241986300,1.000000000,saturated
1237,41.159422200,3704348,81.041666700,178,173.050000000,667.347340000,461.204528000,419964.803000000,205.469000000,56.335667600,0.999982856,saturated
1238,41.192755600,3707348,80.250000000,177,172.200000000,667.407001000,461.164037000,417872.803000000,205.355000000,56.292983500,1.000000000,saturated
1239,41.226088900,3710348,80.208333300,176,170.200000000,667.338612000,461.232934000,418795.403000000,206.871000000,56.146082600,1.000000000,saturated
1240,41.258944400,3713305,79.625000000,175,169.350000000,667.472836000,461.128521000,410712.618000000,205.469000000,55.861382700,1.000000000,saturated
1241,41.292277800,3716305,81.125000000,177,171.600000000,667.312563000,461.256277000,418422.598000000,206.170000000,56.021869500,1.000000000,saturated
1242,41.325611100,3719305,81.000000000,176,171.450000000,667.301586000,461.323041000,413132.818000000,205.469000000,55.934468200,1.000000000,saturated
1243,41.358944400,3722305,79.625000000,175,169.600000000,667.262889000,461.377507000,412788.618000000,206.284000000,55.873803300,1.000000000,saturated
1244,41.392277800,3725305,80.083333300,175,169.600000000,667.233543000,461.313654000,420239.797000000,206.284000000,56.098210400,1.000000000,saturated
1245,41.425611100,3728305,79.666666700,172,168.750000000,667.262474000,461.284873000,422697.000000000,206.284000000,56.219924800,1.000000000,saturated
1246,41.458944400,3731305,79.000000000,171,168.750000000,667.349181000,461.344054000,420449.000000000,206.985000000,56.259509400,1.000000000,saturated
1247,41.492277800,3734305,79.125000000,170,167.900000000,667.276221000,461.270043000,426113.981000000,206.985000000,56.353232600,0.999977471,saturated
1248,41.525122200,3737261,79.416666700,171,167.900000000,667.154365000,461.325576000,428280.397000000,206.284000000,56.486124600,1.000000000,saturated
1249,41.558455600,3740261,81.958333300,175,171.050000000,667.173288000,461.363304000,425649.581000000,205.583000000,56.436831100,1.000000000,saturated
1250,41.591788900,3743261,82.333333300,178,170.200000000,667.251797000,461.363158000,413342.997000000,205.583000000,56.083663400,0.999949679,saturated
1251,41.625122200,3746261,82.125000000,177,168.200000000,667.070668000,461.322752000,417798.603000000,205.583000000,56.231108300,1.000000000,saturated
1252,41.658455600,3749261,81.916666700,177,169.050000000,666.926696000,461.575854000,425628.381000000,206.284000000,56.438954600,0.999956770,saturated
1253,41.691788900,3752261,81.375000000,176,168.900000000,667.045612000,461.450910000,426834.181000000,205.583000000,56.344757600,1.000000000,saturated
1254,41.725122200,3755261,82.083333300,176,169.900000000,667.344620000,461.366341000,405595.000000000,205.583000000,55.745035600,0.999980276,saturated
1255,41.758455600,3758261,80.666666700,175,169.750000000,667.233042000,461.315759000,405562.000000000,204.768000000,55.733215800,1.000000000,saturated
1256,41.791311100,3761218,80.333333300,172,168.900000000,667.072918000,461.273946000,409849.804000000,205.224000000,55.973602600,1.000000000,saturated
1257,41.824644400,3764218,80.125000000,171,167.200000000,667.115065000,461.139302000,420317.003000000,207.800000000,56.327236200,0.999973353,saturated
1258,41.857977800,3767218,80.583333300,171,167.350000000,667.109881000,461.168286000,422952.019000000,207.686000000,56.414223300,0.999965954,saturated
1259,41.891311100,3770218,80.458333300,172,168.200000000,667.167357000,461.216788000,429986.000000000,208.387000000,56.694822400,1.000000000,saturated
1260,41.924644400,3773218,82.166666700,174,169.600000000,667.208064000,461.180306000,412417.397000000,204.996000000,56.191708000,1.000000000,saturated
1261,41.957977800,3776218,82.125000000,174,169.600000000,667.430580000,461.186826000,410181.197000000,204.996000000,56.053851000,1.000000000,saturated
1262,41.991311100,3779218,82.125000000,174,168.600000000,667.581479000,461.174873000,400713.000000000,204.996000000,55.816629000,1.000000000,saturated
1263,42.024644400,3782218,83.250000000,174,168.750000000,667.470738000,461.243330000,397741.782000000,204.996000000,55.720148300,1.000000000,saturated
1264,42.057500000,3785175,81.333333300,174,168.600000000,667.240234000,461.357603000,406342.000000000,205.697000000,55.930423400,1.000000000,saturated
1265,42.090833300,3788175,81.041666700,175,172.000000000,667.291991000,461.413057000,408704.000000000,205.697000000,55.977457900,1.000000000,saturated
1266,42.124166700,3791175,81.000000000,176,173.000000000,667.215324000,461.460068000,410878.000000000,205.338000000,56.009406800,1.000000000,saturated
1267,42.157500000,3794175,81.708333300,177,173.850000000,667.000425000,461.094078000,430745.580000000,206.740000000,56.635247000,1.000000000,saturated
1268,42.190833300,3797175,81.833333300,177,173.000000000,666.979730000,461.153213000,430608.381000000,206.757000000,56.538629100,1.000000000,saturated
1269,42.224166700,3800175,83.208333300,179,175.150000000,666.994567000,461.290503000,418620.997000000,206.284000000,56.163444300,1.000000000,saturated
1270,42.257500000,3803175,82.708333300,178,175.750000000,667.096335000,461.182704000,429690.180000000,207.686000000,56.518467100,1.000000000,saturated
1271,42.290833300,3806175,82.458333300,177,174.900000000,667.148177000,461.217627000,430195.780000000,208.387000000,56.573631500,1.000000000,saturated
1272,42.323677800,3809131,83.958333300,179,176.200000000,667.170796000,461.184432000,424242.403000000,207.686000000,56.351847000,1.000000000,saturated
1273,42.357011100,3812131,84.541666700,178,176.200000000,667.001028000,461.249361000,431085.980000000,208.387000000,56.686775200,1.000000000,saturated
1274,42.390344400,3815131,84.416666700,178,176.200000000,666.995448000,461.129445000,429800.580000000,206.512000000,56.609456200,1.000000000,saturated
1275,42.423677800,3818131,84.125000000,181,179.050000000,667.023690000,461.131692000,425948.603000000,206.871000000,56.351372800,1.000000000,saturated
1276,42.457011100,3821131,85.083333300,181,179.050000000,667.039570000,461.105030000,425135.603000000,206.871000000,56.391690600,1.000000000,saturated
1277,42.490344400,3824131,83.500000000,177,175.050000000,667.017216000,461.229459000,423505.803000000,208.501000000,56.349104500,1.000000000,saturated
1278,42.523677800,3827131,84.291666700,177,175.350000000,667.028985000,461.117245000,426234.981000000,207.572000000,56.390544400,1.000000000,saturated
1279,42.557011100,3830131,84.208333300,178,175.350000000,667.084203000,461.016637000,427229.981000000,206.871000000,56.415720900,1.000000000,saturated
1280,42.589866700,3833088,84.166666700,177,175.350000000,667.225573000,461.178631000,426030.981000000,207.572000000,56.437390400,1.000000000,saturated
1281,42.623200000,3836088,84.833333300,177,174.500000000,667.181677000,461.143635000,415994.997000000,206.398000000,56.068922900,1.000000000,saturated
1282,42.656533300,3839088,82.750000000,169,168.250000000,667.031097000,461.061387000,427723.797000000,206.985000000,56.382648400,1.000000000,saturated
1283,42.689866700,3842088,83.500000000,167,165.700000000,667.001022000,460.914987000,433276.000000000,207.099000000,56.614003500,1.000000000,saturated
1284,42.723200000,3845088,85.708333300,169,168.000000000,666.961070000,460.840103000,433704.000000000,206.985000000,56.508021400,1.000000000,saturated
1285,42.756533300,3848088,87.000000000,170,169.000000000,666.936002000,460.837073000,429803.381000000,207.099000000,56.482343000,1.000000000,saturated
1286,42.789866700,3851088,87.541666700,170,169.000000000,666.823385000,460.957546000,433933.000000000,207.914000000,56.545528500,1.000000000,saturated
1287,42.823200000,3854088,87.083333300,170,170.000000000,666.747006000,460.941874000,422258.397000000,206.512000000,56.206393700,1.000000000,saturated
1288,42.856066700,3857046,87.000000000,169,169.000000000,666.660735000,460.981920000,423151.397000000,205.811000000,56.115398200,1.000000000,saturated
1289,42.889400000,3860046,85.958333300,169,168.000000000,666.661291000,461.007977000,422036.798000000,207.800000000,56.053307600,1.000000000,saturated
1290,42.922733300,3863046,85.625000000,168,162.850000000,666.595112000,460.983609000,425165.203000000,210.359000000,56.391876600,1.000000000,saturated
1291,42.956066700,3866046,84.541666700,167,161.850000000,666.541280000,460.967764000,429322.180000000,210.359000000,56.388153000,1.000000000,saturated
1292,42.989400000,3869046,85.125000000,166,161.850000000,666.796912000,460.997636000,422842.403000000,208.957000000,56.262339700,1.000000000,saturated
1293,43.022733300,3872046,86.333333300,167,162.700000000,667.036293000,460.880584000,414468.219000000,208.957000000,56.056596900,1.000000000,saturated
1294,43.056066700,3875046,86.291666700,167,162.850000000,667.066477000,460.935696000,413703.819000000,208.256000000,55.934808300,1.000000000,saturated
1295,43.089400000,3878046,86.208333300,168,164.000000000,666.727831000,460.962038000,424530.000000000,208.957000000,56.148054800,1.000000000,saturated
1296,43.122244400,3881002,85.833333300,166,163.000000000,666.660597000,460.869770000,429557.000000000,208.957000000,56.314302000,1.000000000,saturated
1297,43.155577800,3884002,85.166666700,164,162.550000000,666.526166000,461.051914000,434695.819000000,211.761000000,56.545017500,1.000000000,saturated
1298,43.188911100,3887002,85.208333300,162,161.700000000,666.545075000,461.103592000,439747.798000000,211.060000000,56.750517100,1.000000000,saturated
1299,43.222244400,3890002,85.875000000,166,165.550000000,666.498996000,461.028168000,438601.180000000,211.761000000,56.666285800,1.000000000,saturated
1300,43.255577800,3893002,86.625000000,167,165.700000000,666.672821000,460.940227000,434653.402000000,207.327000000,56.492440500,0.999955827,saturated
1301,43.288911100,3896002,86.166666700,167,166.550000000,666.733353000,460.960339000,433172.002000000,207.327000000,56.494687800,0.999955676,saturated
1302,43.322244400,3899002,86.375000000,167,166.550000000,666.693966000,460.943773000,431563.819000000,208.028000000,56.443429100,1.000000000,saturated
1303,43.355577800,3902002,86.833333300,167,166.400000000,666.645953000,460.881747000,431824.619000000,209.316000000,56.561581200,1.000000000,saturated
1304,43.388433300,3904959,86.083333300,168,166.400000000,666.795886000,460.963568000,427632.403000000,208.729000000,56.303408100,1.000000000,saturated
1305,43.421766700,3907959,85.375000000,169,166.400000000,666.960312000,461.046511000,424159.000000000,208.028000000,56.168321300,1.000000000,saturated
1306,43.455100000,3910959,85.291666700,169,166.250000000,666.885513000,461.015846000,424398.000000000,207.800000000,56.176669600,0.999962300,saturated
1307,43.488433300,3913959,85.791666700,169,165.250000000,667.013613000,460.901542000,424097.397000000,207.800000000,56.243535700,1.000000000,saturated
1308,43.521766700,3916959,85.791666700,169,165.100000000,667.035044000,460.962121000,415906.000000000,208.028000000,56.007800500,1.000000000,saturated
1309,43.555100000,3919959,85.958333300,167,165.250000000,667.062884000,461.087346000,416548.000000000,206.398000000,55.794683100,1.000000000,saturated
1310,43.588433300,3922959,86.708333300,169,166.950000000,666.944845000,461.069272000,414812.000000000,208.028000000,55.827825600,1.000000000,saturated
1311,43.621766700,3925959,87.041666700,171,167.800000000,667.062305000,460.957323000,415985.000000000,207.327000000,56.078523700,1.000000000,saturated
1312,43.654622200,3928916,86.333333300,171,168.800000000,666.967835000,460.829965000,423766.619000000,207.914000000,56.389338500,1.000000000,saturated
1313,43.687955600,3931916,87.208333300,171,168.950000000,666.957512000,460.907680000,433527.202000000,207.914000000,56.620007100,1.000000000,saturated
1314,43.721288900,3934916,87.125000000,170,167.800000000,667.048387000,461.103246000,430241.802000000,207.914000000,56.528479900,1.000000000,saturated
1315,43.754622200,3937916,85.791666700,169,166.650000000,666.993788000,461.100685000,418571.403000000,208.028000000,56.172862500,1.000000000,saturated
1316,43.787955600,3940916,85.041666700,169,165.500000000,667.039791000,461.311411000,407881.003000000,206.854000000,55.931227900,1.000000000,saturated
1317,43.821288900,3943916,84.541666700,168,165.500000000,667.046670000,461.253123000,404888.604000000,206.626000000,55.879048100,1.000000000,saturated
1318,43.854622200,3946916,84.958333300,168,164.500000000,666.956480000,461.197477000,418268.819000000,208.028000000,56.208656800,1.000000000,saturated
1319,43.887955600,3949916,84.583333300,167,165.500000000,666.888826000,461.237483000,419273.619000000,208.028000000,56.231722800,1.000000000,saturated
1320,43.920800000,3952872,85.083333300,175,167.950000000,666.708036000,461.079215000,430731.380000000,208.387000000,56.619260300,1.000000000,saturated
1321,43.954133300,3955872,85.791666700,174,168.650000000,666.699316000,461.099243000,434902.000000000,208.387000000,56.744698300,1.000000000,saturated
1322,43.987466700,3958872,86.458333300,172,167.950000000,666.916099000,461.096415000,432476.000000000,208.387000000,56.661527100,1.000000000,saturated
1323,44.020800000,3961872,85.666666700,172,167.950000000,666.832741000,461.233373000,431378.000000000,208.387000000,56.628544500,1.000000000,saturated
1324,44.054133300,3964872,84.791666700,172,169.500000000,666.883022000,461.196531000,424141.380000000,207.686000000,56.357208600,1.000000000,saturated
1325,44.087466700,3967872,84.458333300,172,170.350000000,666.942794000,461.292865000,416858.203000000,207.800000000,56.229060900,1.000000000,saturated
1326,44.120800000,3970872,85.083333300,173,171.350000000,666.915600000,461.175889000,417366.219000000,207.800000000,56.309911400,1.000000000,saturated
1327,44.154133300,3973872,84.625000000,172,170.350000000,667.035298000,461.098345000,417271.781000000,207.800000000,56.223679900,1.000000000,saturated
1328,44.186988900,3976829,84.541666700,173,170.650000000,667.025354000,461.087244000,415023.219000000,208.028000000,56.106217100,1.000000000,saturated
1329,44.220322200,3979829,83.708333300,171,169.650000000,666.934152000,461.172915000,417616.019000000,208.028000000,56.123184200,1.000000000,saturated
1330,44.253655600,3982829,84.958333300,171,166.500000000,666.812712000,461.240735000,420651.781000000,208.501000000,56.314001000,1.000000000,saturated
1331,44.286988900,3985829,84.625000000,170,165.650000000,666.899627000,461.307012000,421610.398000000,208.501000000,56.342122100,1.000000000,saturated
1332,44.320322200,3988829,85.416666700,168,166.500000000,666.830300000,461.298480000,424142.997000000,208.501000000,56.553270500,1.000000000,saturated
1333,44.353655600,3991829,85.458333300,168,166.350000000,666.807298000,461.331830000,425558.598000000,209.202000000,56.515135100,1.000000000,saturated
1334,44.386988900,3994829,85.250000000,169,167.350000000,666.726047000,461.210711000,426144.998000000,205.942000000,56.519314400,1.000000000,saturated
1335,44.420322200,3997829,84.916666700,169,166.350000000,666.679266000,461.213496000,426541.981000000,205.942000000,56.489738200,1.000000000,saturated
1336,44.453188900,4000787,85.208333300,170,167.200000000,666.697867000,461.313608000,420153.602000000,205.469000000,56.265315000,1.000000000,saturated
1337,44.486522200,4003787,84.833333300,168,166.800000000,666.729083000,461.369552000,415986.803000000,206.871000000,56.189354300,1.000000000,saturated
1338,44.519855600,4006787,84.916666700,169,167.350000000,666.717642000,461.289486000,417985.803000000,205.355000000,56.258538300,1.000000000,saturated
1339,44.553188900,4009787,84.500000000,169,167.200000000,666.898435000,461.255218000,409202.618000000,205.469000000,55.856649800,1.000000000,saturated
1340,44.586522200,4012787,84.791666700,172,168.800000000,666.779155000,461.101579000,434025.580000000,208.159000000,56.716523500,1.000000000,saturated
1341,44.619855600,4015787,85.333333300,172,169.500000000,666.704322000,461.115613000,432190.780000000,206.056000000,56.843363100,1.000000000,saturated
1342,44.653188900,4018787,84.625000000,170,168.650000000,666.724073000,461.143109000,430859.980000000,205.942000000,56.791682600,1.000000000,saturated
1343,44.686522200,4021787,85.833333300,171,168.800000000,666.688980000,461.283228000,436197.000000000,206.643000000,57.021576600,1.000000000,saturated
1344,44.719355600,4024742,85.833333300,170,167.950000000,666.780703000,461.396944000,432791.580000000,207.344000000,56.813113700,1.000000000,saturated
1345,44.752688900,4027742,85.083333300,169,167.800000000,667.037698000,461.323951000,416816.419000000,205.697000000,56.199496200,1.000000000,saturated
1346,44.786022200,4030742,85.541666700,170,168.800000000,667.046271000,461.270032000,417319.419000000,205.697000000,56.164397000,1.000000000,saturated
1347,44.819355600,4033742,85.375000000,170,168.650000000,666.878560000,461.249535000,427691.803000000,207.572000000,56.619424600,1.000000000,saturated
1348,44.852688900,4036742,85.791666700,170,168.800000000,666.848794000,461.225477000,429555.003000000,208.501000000,56.652593600,1.000000000,saturated
1349,44.886022200,4039742,85.416666700,170,168.650000000,666.805004000,461.206653000,428013.203000000,207.800000000,56.613685200,1.000000000,saturated
1350,44.919355600,4042742,85.833333300,176,170.050000000,666.798254000,461.418683000,419494.581000000,207.800000000,56.335226300,1.000000000,saturated
1351,44.952688900,4045742,85.333333300,173,169.050000000,666.809012000,461.170028000,421207.181000000,208.501000000,56.371602600,1.000000000,saturated
1352,44.985555600,4048700,86.000000000,174,169.900000000,666.868845000,461.258170000,415722.203000000,206.284000000,56.131881000,1.000000000,saturated
1353,45.018888900,4051700,85.458333300,173,168.750000000,667.016837000,461.291570000,409489.997000000,206.284000000,55.965999100,1.000000000,saturated
1354,45.052222200,4054700,84.875000000,173,168.600000000,666.759529000,461.240360000,419122.603000000,205.241000000,56.282097900,1.000000000,saturated
1355,45.085555600,4057700,85.791666700,172,168.600000000,666.723229000,461.216264000,430511.000000000,207.800000000,56.638087000,1.000000000,saturated
1356,45.118888900,4060700,84.583333300,171,167.600000000,666.656502000,461.197369000,430742.000000000,207.099000000,56.684696300,1.000000000,saturated
1357,45.152222200,4063700,85.541666700,172,168.600000000,666.704018000,461.197389000,427698.000000000,207.099000000,56.402045500,1.000000000,saturated
1358,45.185555600,4066700,84.875000000,173,170.600000000,666.527154000,461.323425000,429508.203000000,209.903000000,56.485009100,0.999936672,saturated
1359,45.218888900,4069700,84.833333300,176,171.750000000,666.589139000,461.450967000,435474.419000000,209.903000000,56.624983300,0.999930191,saturated
1360,45.251744400,4072657,84.625000000,173,169.900000000,666.766161000,461.459386000,437352.819000000,207.686000000,56.929594300,1.000000000,saturated
1361,45.285077800,4075657,85.041666700,173,169.750000000,666.779505000,461.441644000,433397.000000000,206.284000000,56.848884500,1.000000000,saturated
1362,45.318411100,4078657,85.333333300,172,169.750000000,666.707312000,461.482187000,435068.000000000,208.387000000,56.854923400,1.000000000,saturated
1363,45.351744400,4081657,85.416666700,172,169.750000000,666.615584000,461.293585000,433960.000000000,206.985000000,56.829066000,1.000000000,saturated
1364,45.385077800,4084657,85.166666700,171,168.900000000,666.612301000,461.291974000,431518.000000000,206.985000000,56.619546100,1.000000000,saturated
1365,45.418411100,4087657,84.333333300,172,169.900000000,666.763986000,461.136328000,432526.619000000,206.985000000,56.629115400,1.000000000,saturated
1366,45.451744400,4090657,83.500000000,172,169.900000000,666.884985000,461.248861000,433466.819000000,207.686000000,56.551913400,1.000000000,saturated
1367,45.485077800,4093657,84.000000000,176,168.650000000,666.780034000,461.263141000,435319.819000000,208.387000000,56.656270200,1.000000000,saturated
1368,45.517922200,4096613,82.833333300,174,167.500000000,666.888052000,461.331117000,434574.602000000,210.359000000,56.758652200,1.000000000,saturated
1369,45.551255600,4099613,82.625000000,173,166.500000000,666.886670000,461.370998000,431418.602000000,209.088000000,56.558080700,1.000000000,saturated
1370,45.584588900,4102613,83.458333300,176,173.600000000,666.788772000,461.401095000,432770.402000000,208.387000000,56.493011700,1.000000000,saturated
1371,45.617922200,4105613,83.375000000,176,173.600000000,666.870662000,461.333917000,428684.000000000,208.387000000,56.435016200,1.000000000,saturated
1372,45.651255600,4108613,83.000000000,176,172.300000000,666.823502000,461.307063000,430860.000000000,207.441000000,56.681896400,1.000000000,saturated
1373,45.684588900,4111613,82.750000000,177,172.300000000,666.827706000,461.330826000,433412.402000000,207.441000000,56.749898200,1.000000000,saturated
1374,45.717922200,4114613,81.666666700,181,174.000000000,666.796501000,461.323899000,433446.802000000,208.142000000,56.705922700,1.000000000,saturated
1375,45.751255600,4117613,81.958333300,181,174.000000000,666.700571000,461.391356000,435261.602000000,209.544000000,56.761430400,1.000000000,saturated
1376,45.784111100,4120570,81.958333300,181,174.000000000,666.795997000,461.301028000,435506.002000000,207.099000000,56.648976000,1.000000000,saturated
1377,45.817444400,4123570,83.333333300,180,174.450000000,666.785658000,461.268593000,434281.202000000,207.099000000,56.558134600,1.000000000,saturated
1378,45.850777800,4126570,84.208333300,180,174.450000000,666.808819000,461.288295000,433028.402000000,207.099000000,56.478455700,1.000000000,saturated
1379,45.884111100,4129570,83.791666700,179,173.300000000,666.755802000,461.380370000,430687.402000000,207.800000000,56.442457600,1.000000000,saturated
1380,45.917444400,4132570,83.833333300,180,175.450000000,666.959667000,461.421624000,433403.802000000,206.512000000,56.583472100,1.000000000,saturated
1381,45.950777800,4135570,84.250000000,179,174.300000000,666.909680000,461.327481000,430401.000000000,205.942000000,56.473032800,1.000000000,saturated
1382,45.984111100,4138570,84.875000000,181,175.600000000,666.845900000,461.542644000,427488.000000000,205.942000000,56.556612800,1.000000000,saturated
1383,46.017444400,4141570,84.791666700,178,174.050000000,666.635278000,461.526835000,434340.019000000,206.170000000,56.771463500,1.000000000,saturated
1384,46.050300000,4144527,84.916666700,178,174.050000000,666.600263000,461.499011000,426104.802000000,206.398000000,56.550381700,1.000000000,saturated
1385,46.083633300,4147527,85.708333300,177,173.900000000,665.178471000,461.419699000,455981.401000000,209.316000000,57.713165200,1.000000000,saturated
1386,46.116966700,4150527,84.666666700,173,170.350000000,660.728344000,462.866910000,487143.779000000,207.800000000,58.895506800,1.000000000,saturated
1387,46.150300000,4153527,83.500000000,171,169.050000000,658.749283000,465.099391000,489056.179000000,205.355000000,59.297651700,1.000000000,saturated
1388,46.183633300,4156527,82.291666700,176,170.600000000,658.825810000,466.364342000,492316.397000000,205.355000000,59.463936100,1.000000000,saturated
1389,46.216966700,4159527,81.666666700,174,169.600000000,661.930870000,467.802463000,442667.603000000,204.181000000,57.342571300,1.000000000,saturated
1390,46.250300000,4162527,81.375000000,174,169.450000000,665.679685000,466.322007000,404780.203000000,205.110000000,55.434775300,1.000000000,saturated
1391,46.283633300,4165527,81.083333300,173,168.450000000,668.556289000,464.627469000,361911.000000000,201.377000000,53.873454900,1.000000000,saturated
1392,46.316477800,4168483,83.166666700,176,173.150000000,668.457202000,464.234605000,395588.603000000,205.355000000,54.670167200,1.000000000,saturated
1393,46.349811100,4171483,82.041666700,176,172.000000000,669.812608000,464.043907000,371177.397000000,206.170000000,54.114672800,1.000000000,saturated
1394,46.383144400,4174483,82.333333300,175,172.150000000,669.810819000,464.411955000,382101.782000000,207.914000000,54.022735400,1.000000000,saturated
1395,46.416477800,4177483,83.250000000,175,172.450000000,669.772608000,465.028883000,370646.203000000,204.426000000,53.615281100,1.000000000,saturated
1396,46.449811100,4180483,83.791666700,176,173.600000000,669.792561000,465.625458000,361719.817000000,205.697000000,53.387436900,1.000000000,saturated
1397,46.483144400,4183483,84.000000000,177,173.600000000,669.843937000,465.674530000,362937.197000000,206.170000000,53.485026000,1.000000000,saturated
1398,46.516477800,4186483,83.791666700,177,172.450000000,669.772680000,465.483462000,367309.997000000,206.170000000,53.770213700,1.000000000,saturated
1399,46.549811100,4189483,83.250000000,177,170.600000000,669.546508000,465.289721000,372199.397000000,207.099000000,54.659361300,1.000000000,saturated
1400,46.582666700,4192440,83.583333300,176,168.750000000,669.184547000,465.359816000,367564.197000000,203.480000000,54.221359400,1.000000000,saturated
1401,46.616000000,4195440,83.125000000,177,168.750000000,668.423103000,465.854126000,389725.782000000,207.327000000,55.228673700,1.000000000,saturated
1402,46.649333300,4198440,82.166666700,177,168.750000000,667.890618000,466.279631000,392167.018000000,207.099000000,55.269720700,1.000000000,saturated
1403,46.682666700,4201440,81.166666700,176,167.750000000,667.616760000,466.314533000,393059.000000000,204.067000000,55.232090500,1.000000000,saturated
1404,46.716000000,4204440,81.750000000,176,167.600000000,667.577259000,465.999994000,410422.782000000,206.170000000,55.633528800,1.000000000,saturated
1405,46.749333300,4207440,81.291666700,177,168.450000000,667.561654000,465.714855000,401220.598000000,208.256000000,55.225269900,1.000000000,saturated
1406,46.782666700,4210440,80.375000000,177,170.150000000,667.397518000,465.283999000,400916.018000000,208.142000000,55.240960600,1.000000000,saturated
1407,46.816000000,4213440,80.250000000,177,170.150000000,667.230252000,465.073040000,398187.197000000,205.811000000,55.422827900,0.999987945,saturated
1408,46.848866700,4216398,81.208333300,177,170.150000000,667.079482000,465.110310000,419293.198000000,206.284000000,56.250172500,0.999969472,saturated
1409,46.882200000,4219398,83.166666700,179,172.850000000,666.455000000,465.470972000,419146.419000000,204.067000000,56.136949100,1.000000000,saturated
1410,46.915533300,4222398,82.833333300,176,171.850000000,665.687747000,465.817743000,436423.402000000,205.241000000,56.503344100,1.000000000,saturated
1411,46.948866700,4225398,81.583333300,175,170.700000000,665.679605000,465.890403000,430173.181000000,203.138000000,56.272758500,1.000000000,saturated
1412,46.982200000,4228398,80.875000000,175,170.700000000,665.641431000,465.864097000,431346.002000000,203.594000000,56.284315900,1.000000000,saturated
1413,47.015533300,4231398,81.708333300,175,171.700000000,665.851531000,465.784381000,427589.002000000,206.871000000,55.912948100,1.000000000,saturated
1414,47.048866700,4234398,81.250000000,176,171.700000000,666.398275000,465.581621000,410442.418000000,204.768000000,55.389362000,1.000000000,saturated
1415,47.082200000,4237398,80.291666700,177,171.700000000,666.871823000,465.515429000,407131.018000000,206.284000000,55.301852000,1.000000000,saturated
1416,47.115044400,4240354,81.291666700,177,171.850000000,666.976794000,465.328936000,407829.798000000,205.355000000,55.322788900,1.000000000,saturated
1417,47.148377800,4243354,81.708333300,176,171.850000000,667.074287000,465.453186000,411031.602000000,206.871000000,55.596527700,1.000000000,saturated
1418,47.181711100,4246354,81.708333300,177,172.850000000,666.944655000,465.675178000,409571.002000000,206.170000000,55.630853600,1.000000000,saturated
1419,47.215044400,4249354,81.125000000,176,171.850000000,666.975029000,465.648219000,409740.002000000,207.686000000,55.673424800,1.000000000,saturated
1420,47.248377800,4252354,81.583333300,180,173.850000000,666.976483000,465.604400000,409431.402000000,206.871000000,55.627779500,1.000000000,saturated
1421,47.281711100,4255354,81.791666700,180,173.850000000,666.982200000,465.758641000,406528.202000000,206.871000000,55.443795700,1.000000000,saturated
1422,47.315044400,4258354,82.208333300,179,173.850000000,666.983000000,465.872897000,408782.602000000,207.099000000,55.442164100,1.000000000,saturated
1423,47.348377800,4261354,80.666666700,177,172.400000000,666.935816000,465.969795000,405871.802000000,207.686000000,55.433651900,1.000000000,saturated
1424,47.381233300,4264311,79.333333300,173,167.550000000,666.988240000,465.941381000,405618.802000000,207.686000000,55.428547800,1.000000000,saturated
1425,47.414566700,4267311,78.833333300,175,166.550000000,667.116760000,465.576917000,407412.182000000,208.387000000,55.530676200,1.000000000,saturated
1426,47.447900000,4270311,80.375000000,175,167.700000000,667.067364000,465.621398000,412312.181000000,206.985000000,55.705775500,1.000000000,saturated
1427,47.481233300,4273311,80.708333300,172,167.700000000,667.021737000,465.487492000,409183.602000000,207.686000000,55.627401200,1.000000000,saturated
1428,47.514566700,4276311,79.416666700,170,165.700000000,667.007135000,465.433523000,412136.218000000,205.355000000,55.650280000,1.000000000,saturated
1429,47.547900000,4279311,79.458333300,170,165.850000000,666.843204000,465.503829000,416510.581000000,206.757000000,55.872954300,1.000000000,saturated
1430,47.581233300,4282311,79.541666700,169,165.000000000,666.916336000,465.480935000,403096.018000000,203.839000000,55.474822200,1.000000000,saturated
1431,47.614566700,4285311,78.541666700,167,164.150000000,666.690080000,465.478055000,406415.382000000,205.355000000,55.518977100,1.000000000,saturated
1432,47.647422200,4288268,78.333333300,169,164.300000000,666.701137000,465.644086000,408920.998000000,206.170000000,55.559829900,1.000000000,saturated
1433,47.680755600,4291268,77.916666700,169,164.150000000,666.758881000,465.758963000,405584.798000000,206.398000000,55.502402900,1.000000000,saturated
1434,47.714088900,4294268,80.208333300,167,162.650000000,666.938989000,465.697973000,404990.998000000,205.811000000,55.480136600,1.000000000,saturated
1435,47.747422200,4297268,78.791666700,169,162.650000000,666.939456000,465.699775000,401521.818000000,205.811000000,55.314168100,1.000000000,saturated
1436,47.780755600,4300268,80.416666700,170,165.350000000,666.931841000,465.600801000,401441.582000000,206.512000000,55.432631800,1.000000000,saturated
1437,47.814088900,4303268,80.416666700,171,165.200000000,666.899104000,465.636531000,404863.997000000,207.099000000,55.475872500,1.000000000,saturated
1438,47.847422200,4306268,80.916666700,170,164.350000000,666.875173000,465.626295000,404801.382000000,206.398000000,55.501095600,1.000000000,saturated
1439,47.880755600,4309268,81.000000000,171,166.050000000,666.828815000,465.723044000,404739.182000000,205.697000000,55.402169100,1.000000000,saturated
1440,47.913600000,4312224,81.458333300,170,167.350000000,666.747131000,465.756878000,400700.782000000,205.469000000,55.378064800,1.000000000,saturated
1441,47.946933300,4315224,81.875000000,170,167.350000000,666.572835000,465.660121000,409528.003000000,206.871000000,55.703558100,1.000000000,saturated
1442,47.980266700,4318224,81.208333300,170,167.350000000,666.554743000,465.607706000,408452.003000000,206.170000000,55.804526400,1.000000000,saturated
1443,48.013600000,4321224,80.541666700,169,166.500000000,666.780738000,465.443606000,414270.798000000,206.871000000,55.914896700,1.000000000,saturated
1444,48.046933300,4324224,80.083333300,169,166.500000000,666.893134000,465.389425000,406885.803000000,207.800000000,55.670390800,1.000000000,saturated
1445,48.080266700,4327224,80.833333300,177,173.050000000,666.781526000,465.502186000,411966.618000000,207.099000000,55.655119100,1.000000000,saturated
1446,48.113600000,4330224,81.750000000,178,174.900000000,666.675572000,465.512402000,414012.202000000,205.697000000,55.655964600,1.000000000,saturated
1447,48.146933300,4333224,81.333333300,176,170.050000000,666.782152000,465.508847000,409698.598000000,205.697000000,55.497770900,1.000000000,saturated
1448,48.179788900,4336181,80.250000000,172,168.050000000,666.680792000,465.463976000,415137.418000000,206.056000000,55.816692800,1.000000000,saturated
1449,48.213122200,4339181,80.541666700,172,167.900000000,666.586621000,465.522898000,417154.598000000,205.942000000,55.950753100,1.000000000,saturated
1450,48.246455600,4342181,81.041666700,177,173.300000000,666.667918000,465.543440000,416408.781000000,208.387000000,56.074607400,1.000000000,saturated
1451,48.279788900,4345181,81.333333300,178,174.150000000,666.613204000,465.524850000,418526.781000000,208.387000000,56.153355100,1.000000000,saturated
1452,48.313122200,4348181,81.083333300,176,173.300000000,666.621862000,465.442151000,415435.381000000,208.387000000,56.071211200,1.000000000,saturated
1453,48.346455600,4351181,81.375000000,176,173.300000000,666.510345000,465.598341000,416511.981000000,208.387000000,56.029757700,1.000000000,saturated
1454,48.379788900,4354181,81.166666700,174,170.900000000,666.651188000,465.551859000,415002.981000000,208.387000000,55.948544100,1.000000000,saturated
1455,48.413122200,4357181,81.833333300,176,172.900000000,666.622780000,465.446142000,415796.981000000,205.942000000,56.013486400,1.000000000,saturated
1456,48.445988900,4360139,80.208333300,175,172.450000000,666.508465000,465.522577000,417954.581000000,207.099000000,56.014699600,1.000000000,saturated
1457,48.479322200,4363139,80.208333300,173,169.050000000,666.544547000,465.549832000,416250.002000000,206.398000000,55.963717100,1.000000000,saturated
1458,48.512655600,4366139,79.291666700,172,168.900000000,666.522586000,465.568562000,416206.402000000,206.985000000,55.909381500,1.000000000,saturated
1459,48.545988900,4369139,80.000000000,172,168.900000000,666.500995000,465.622469000,422078.398000000,206.985000000,56.077678400,1.000000000,saturated
1460,48.579322200,4372139,80.208333300,177,170.600000000,666.623040000,465.567436000,412022.402000000,206.985000000,55.757332600,1.000000000,saturated
1461,48.612655600,4375139,81.916666700,180,173.450000000,666.685728000,465.528785000,405160.618000000,206.284000000,55.614063800,1.000000000,saturated
1462,48.645988900,4378139,82.333333300,179,173.750000000,666.711127000,465.551794000,404740.018000000,206.284000000,55.566177700,1.000000000,saturated
1463,48.679322200,4381139,82.458333300,182,174.600000000,666.720120000,465.550766000,403915.818000000,205.925000000,55.591365900,1.000000000,saturated
1464,48.712155600,4384094,81.208333300,179,174.750000000,666.772118000,465.597723000,398737.218000000,205.925000000,55.343145700,1.000000000,saturated
1465,48.745488900,4387094,81.791666700,178,174.900000000,666.609882000,465.521571000,408058.003000000,206.985000000,55.676625400,1.000000000,saturated
1466,48.778822200,4390094,81.875000000,176,174.050000000,666.444433000,465.474373000,411499.803000000,206.985000000,55.763448600,1.000000000,saturated
1467,48.812155600,4393094,82.458333300,176,172.200000000,666.388661000,465.459934000,417020.581000000,208.387000000,55.952112200,1.000000000,saturated
1468,48.845488900,4396094,82.541666700,173,168.650000000,666.484407000,465.482332000,419201.000000000,206.985000000,56.012289000,1.000000000,saturated
1469,48.878822200,4399094,82.750000000,171,167.500000000,666.474446000,465.568029000,409070.003000000,207.686000000,55.690027500,1.000000000,saturated
1470,48.912155600,4402094,81.750000000,171,167.350000000,666.470429000,465.610056000,414671.602000000,207.099000000,55.929991100,1.000000000,saturated
1471,48.945488900,4405094,81.250000000,169,166.350000000,666.473344000,465.546775000,416418.002000000,206.871000000,55.968007700,1.000000000,saturated
1472,48.978355600,4408052,80.791666700,168,165.350000000,666.544861000,465.568150000,414416.603000000,207.099000000,55.955249700,1.000000000,saturated
1473,49.011688900,4411052,80.708333300,168,163.650000000,666.593700000,465.526884000,413040.603000000,207.099000000,56.007774500,1.000000000,saturated
1474,49.045022200,4414052,81.041666700,164,162.250000000,666.428187000,465.624764000,412874.603000000,207.800000000,55.966654300,1.000000000,saturated
1475,49.078355600,4417052,80.833333300,165,161.950000000,666.553208000,465.720606000,418250.581000000,209.202000000,56.115427300,1.000000000,saturated
1476,49.111688900,4420052,82.000000000,167,164.100000000,666.624095000,465.786382000,420981.000000000,209.202000000,56.183545700,1.000000000,saturated
1477,49.145022200,4423052,81.458333300,165,163.250000000,666.771057000,465.817137000,419314.000000000,209.202000000,56.138436600,1.000000000,saturated
1478,49.178355600,4426052,80.833333300,164,162.100000000,666.725363000,465.899045000,421614.000000000,209.202000000,56.384459600,1.000000000,saturated
1479,49.211688900,4429052,80.583333300,164,163.400000000,666.812616000,465.804777000,417499.781000000,208.387000000,56.191979600,1.000000000,saturated
1480,49.244544400,4432009,82.416666700,172,168.250000000,666.908158000,465.923902000,409855.803000000,208.501000000,55.914521100,1.000000000,saturated
1481,49.277877800,4435009,81.375000000,170,167.100000000,666.796638000,466.081005000,410169.403000000,208.501000000,55.948127500,1.000000000,saturated
1482,49.311211100,4438009,80.583333300,169,166.250000000,666.674383000,466.089445000,416463.581000000,208.501000000,56.347681200,1.000000000,saturated
1483,49.344544400,4441009,82.083333300,170,168.100000000,666.718797000,466.046887000,414301.381000000,208.501000000,56.188394300,1.000000000,saturated
1484,49.377877800,4444009,82.000000000,172,165.000000000,666.843050000,465.859056000,409522.003000000,208.501000000,56.078242800,1.000000000,saturated
1485,49.411211100,4447009,82.208333300,171,165.000000000,666.848074000,465.972578000,414547.181000000,206.871000000,56.131337400,1.000000000,saturated
1486,49.444544400,4450009,82.625000000,171,165.000000000,666.870970000,466.049403000,410540.403000000,206.170000000,55.928984500,1.000000000,saturated
1487,49.477877800,4453009,82.166666700,170,166.700000000,667.042516000,466.014728000,404559.197000000,206.170000000,55.683049900,1.000000000,saturated
1488,49.510722200,4455965,82.166666700,170,166.850000000,666.830712000,466.089247000,405351.597000000,205.469000000,55.723269100,1.000000000,saturated
1489,49.544055600,4458965,82.666666700,171,167.550000000,666.964085000,466.113272000,407926.803000000,206.056000000,55.839446100,1.000000000,saturated
1490,49.577388900,4461965,82.333333300,171,167.550000000,667.101936000,466.064989000,405954.803000000,205.355000000,55.844033200,1.000000000,saturated
1491,49.610722200,4464965,80.833333300,169,164.000000000,667.021631000,466.067112000,406246.603000000,204.654000000,55.915840800,1.000000000,saturated
1492,49.644055600,4467965,80.000000000,169,164.000000000,666.961941000,466.111346000,407091.603000000,205.355000000,55.956344000,1.000000000,saturated
1493,49.677388900,4470965,80.958333300,172,168.250000000,666.773010000,466.162145000,410745.981000000,205.355000000,56.067570000,1.000000000,saturated
1494,49.710722200,4473965,81.625000000,175,169.250000000,666.729829000,466.125291000,413884.203000000,205.942000000,56.342313800,1.000000000,saturated
1495,49.744055600,4476965,81.250000000,172,169.100000000,666.835744000,466.076881000,407235.981000000,206.056000000,56.023731800,1.000000000,saturated
1496,49.776911100,4479922,80.375000000,170,167.250000000,666.762567000,465.881761000,404333.000000000,205.355000000,55.883340100,1.000000000,saturated
1497,49.810244400,4482922,80.166666700,170,168.950000000,666.696247000,466.000137000,408329.000000000,204.654000000,55.788297900,1.000000000,saturated
1498,49.843577800,4485922,79.708333300,169,168.250000000,666.761877000,466.001198000,408218.000000000,204.654000000,55.765614100,1.000000000,saturated
1499,49.876911100,4488922,79.875000000,169,168.100000000,666.656877000,466.129205000,410972.402000000,204.654000000,55.891268300,1.000000000,saturated
1500,49.910244400,4491922,80.208333300,170,168.350000000,666.508608000,466.020377000,414294.581000000,206.757000000,56.057530400,1.000000000,saturated
1501,49.943577800,4494922,80.708333300,171,169.050000000,666.662120000,465.965910000,414284.781000000,205.355000000,56.122650200,1.000000000,saturated
1502,49.976911100,4497922,80.708333300,169,166.950000000,666.748880000,465.817713000,409669.003000000,206.056000000,55.959984100,1.000000000,saturated
1503,50.010244400,4500922,80.083333300,167,164.250000000,666.649464000,465.749430000,411267.603000000,205.241000000,56.004763900,1.000000000,saturated
1504,50.043100000,4503879,80.083333300,167,165.950000000,666.835808000,465.750658000,405404.997000000,204.996000000,55.853880800,1.000000000,saturated
1505,50.076433300,4506879,81.958333300,169,167.250000000,666.696024000,465.860996000,410057.003000000,204.996000000,56.059209200,1.000000000,saturated
1506,50.109766700,4509879,82.750000000,172,169.950000000,666.752598000,465.899016000,411689.403000000,204.996000000,56.083598300,1.000000000,saturated
1507,50.143100000,4512879,83.958333300,173,169.550000000,666.691935000,466.038916000,408941.403000000,205.697000000,56.029888700,1.000000000,saturated
1508,50.176433300,4515879,83.708333300,173,169.550000000,666.571974000,466.071203000,413699.981000000,205.697000000,56.213614700,1.000000000,saturated
1509,50.209766700,4518879,83.083333300,171,169.250000000,666.526978000,466.140734000,421655.002000000,205.127000000,56.399434900,1.000000000,saturated
1510,50.243100000,4521879,82.083333300,170,168.250000000,666.489919000,466.235169000,421725.803000000,206.056000000,56.466264500,1.000000000,saturated
1511,50.276433300,4524879,82.458333300,170,168.100000000,666.521358000,466.210844000,422297.603000000,207.458000000,56.465947300,1.000000000,saturated
1512,50.309277800,4527835,81.958333300,169,164.700000000,666.504294000,466.069020000,417353.597000000,205.355000000,56.188408000,1.000000000,saturated
1513,50.342611100,4530835,81.375000000,168,163.850000000,666.509637000,466.069609000,418146.997000000,205.355000000,56.153322700,1.000000000,saturated
1514,50.375944400,4533835,81.708333300,168,164.000000000,666.559869000,466.077233000,419733.998000000,206.056000000,56.167605300,1.000000000,saturated
1515,50.409277800,4536835,83.166666700,169,166.700000000,666.611214000,465.995200000,420379.998000000,206.757000000,56.112164000,1.000000000,saturated
1516,50.442611100,4539835,81.750000000,167,163.700000000,666.558117000,465.979633000,425687.602000000,206.757000000,56.289510400,1.000000000,saturated
1517,50.475944400,4542835,80.875000000,165,162.700000000,666.479443000,465.978361000,425837.802000000,208.729000000,56.310723500,1.000000000,saturated
1518,50.509277800,4545835,79.958333300,167,162.550000000,666.497923000,465.907556000,423260.000000000,208.729000000,56.181650100,1.000000000,saturated
1519,50.542611100,4548835,80.333333300,168,164.550000000,666.614846000,465.867108000,420897.000000000,208.729000000,56.144549700,1.000000000,saturated
1520,50.575466700,4551792,81.083333300,171,168.250000000,666.659886000,466.050613000,415366.581000000,209.430000000,55.912194800,1.000000000,saturated
1521,50.608800000,4554792,81.166666700,170,168.100000000,666.565755000,466.013442000,419961.000000000,207.327000000,56.023923900,1.000000000,saturated
1522,50.642133300,4557792,81.000000000,169,167.100000000,666.542765000,466.012062000,420821.000000000,207.327000000,56.038076600,1.000000000,saturated
1523,50.675466700,4560792,80.041666700,168,166.800000000,666.595894000,466.035726000,420194.000000000,207.686000000,56.078745200,1.000000000,saturated
1524,50.708800000,4563792,79.583333300,165,164.250000000,666.574896000,465.985370000,420786.000000000,208.387000000,56.165243100,1.000000000,saturated
1525,50.742133300,4566792,80.416666700,167,164.400000000,666.527333000,465.948625000,421804.000000000,208.387000000,56.129811300,1.000000000,saturated
1526,50.775466700,4569792,81.041666700,167,164.550000000,666.597014000,465.854451000,412660.003000000,207.686000000,55.809017500,1.000000000,saturated
1527,50.808800000,4572792,81.208333300,167,164.550000000,666.568480000,465.828016000,412315.603000000,206.626000000,55.842509100,1.000000000,saturated
1528,50.841666700,4575750,81.875000000,168,166.550000000,666.552765000,465.772793000,412455.003000000,205.583000000,55.838522100,1.000000000,saturated
1529,50.875000000,4578750,80.625000000,168,164.850000000,666.655320000,465.704586000,412375.403000000,205.925000000,55.798905400,1.000000000,saturated
1530,50.908333300,4581750,82.125000000,180,167.550000000,666.805665000,465.511092000,408273.598000000,206.740000000,55.420722400,1.000000000,saturated
1531,50.941666700,4584750,82.166666700,179,166.850000000,666.807777000,465.563163000,407639.198000000,208.843000000,55.373883200,1.000000000,saturated
1532,50.975000000,4587750,81.875000000,177,165.000000000,666.750996000,465.549257000,407282.598000000,206.039000000,55.377610900,1.000000000,saturated
1533,51.008333300,4590750,83.750000000,179,167.700000000,666.682099000,465.480519000,408498.998000000,209.886000000,55.523840500,1.000000000,saturated
1534,51.041666700,4593750,83.125000000,179,167.700000000,666.500712000,465.547558000,416800.781000000,209.316000000,55.793825600,1.000000000,saturated
1535,51.075000000,4596750,84.416666700,182,169.700000000,666.764442000,465.443893000,399931.218000000,206.740000000,55.322105300,1.000000000,saturated
1536,51.107844400,4599706,84.041666700,181,169.700000000,666.636626000,465.474944000,407934.803000000,207.099000000,55.556477800,1.000000000,saturated
1537,51.141177800,4602706,85.875000000,187,176.950000000,666.693855000,465.461084000,412892.981000000,207.800000000,55.808987200,1.000000000,saturated
1538,51.174511100,4605706,84.750000000,185,181.900000000,666.772455000,465.403494000,413775.781000000,207.572000000,55.890214200,1.000000000,saturated
1539,51.207844400,4608706,84.708333300,184,181.050000000,666.868924000,465.539123000,415902.781000000,208.387000000,55.916253400,1.000000000,saturated
1540,51.241177800,4611706,86.000000000,186,182.200000000,666.987599000,465.574309000,415604.381000000,207.800000000,55.886027700,1.000000000,saturated
1541,51.274511100,4614706,84.583333300,184,181.200000000,666.944338000,465.622201000,417617.181000000,208.387000000,56.055291000,1.000000000,saturated
1542,51.307844400,4617706,85.625000000,186,183.050000000,666.893004000,465.514148000,412757.003000000,207.914000000,55.816462300,1.000000000,saturated
1543,51.341177800,4620706,85.541666700,186,175.950000000,666.804703000,465.509763000,413772.602000000,206.740000000,55.798628900,1.000000000,saturated
1544,51.374033300,4623663,84.541666700,185,176.800000000,666.640498000,465.394533000,416975.381000000,208.387000000,55.982408100,1.000000000,saturated
1545,51.407366700,4626663,84.875000000,186,177.650000000,666.838301000,465.444270000,413713.781000000,208.729000000,55.879381700,1.000000000,saturated
1546,51.440700000,4629663,86.250000000,187,181.600000000,666.879571000,465.327935000,407522.403000000,207.686000000,55.619476000,1.000000000,saturated
1547,51.474033300,4632663,85.250000000,185,177.900000000,666.982020000,465.415060000,400742.597000000,206.985000000,55.453804400,1.000000000,saturated
1548,51.507366700,4635663,84.666666700,183,176.200000000,666.801585000,465.496403000,400245.997000000,206.985000000,55.399399500,1.000000000,saturated
1549,51.540700000,4638663,84.083333300,180,174.200000000,666.867870000,465.506227000,394943.218000000,204.654000000,55.362072000,1.000000000,saturated
1550,51.574033300,4641663,83.833333300,180,174.350000000,666.925203000,465.563377000,393593.018000000,203.252000000,55.347906100,1.000000000,saturated
1551,51.607366700,4644663,83.375000000,179,173.500000000,666.966382000,465.518004000,394824.418000000,204.654000000,55.534326200,1.000000000,saturated
1552,51.640222200,4647620,83.583333300,178,174.200000000,666.953540000,465.420546000,391126.204000000,203.839000000,55.404515600,1.000000000,saturated
1553,51.673555600,4650620,82.875000000,174,170.100000000,666.850664000,465.647814000,390683.000000000,203.252000000,55.456437200,1.000000000,saturated
1554,51.706888900,4653620,82.791666700,175,170.100000000,666.880521000,465.618083000,394584.218000000,207.099000000,55.544379700,1.000000000,saturated
1555,51.740222200,4656620,83.208333300,175,171.650000000,666.858963000,465.560099000,397365.618000000,206.398000000,55.694745800,1.000000000,saturated
1556,51.773555600,4659620,82.625000000,173,170.100000000,666.649101000,465.624302000,403992.604000000,206.398000000,56.010042400,1.000000000,saturated
1557,51.806888900,4662620,83.250000000,173,170.100000000,666.624621000,465.603697000,400531.797000000,205.697000000,55.793167400,1.000000000,saturated
1558,51.840222200,4665620,83.791666700,175,171.800000000,666.688231000,465.708047000,396298.218000000,205.697000000,55.691407000,1.000000000,saturated
1559,51.873555600,4668620,83.458333300,172,170.800000000,666.832326000,465.807227000,385471.017000000,205.338000000,55.301189700,1.000000000,saturated
1560,51.906400000,4671576,82.291666700,178,167.250000000,666.636958000,465.870536000,406373.803000000,206.985000000,55.818373000,1.000000000,saturated
1561,51.939733300,4674576,81.458333300,174,163.550000000,666.648188000,465.903257000,405719.603000000,206.056000000,55.836654400,1.000000000,saturated
1562,51.973066700,4677576,82.500000000,173,162.400000000,666.672877000,465.869428000,406505.003000000,205.355000000,55.821839700,1.000000000,saturated
1563,52.006400000,4680576,82.625000000,174,163.250000000,666.634953000,465.871853000,410122.981000000,206.757000000,55.931962300,1.000000000,saturated
1564,52.039733300,4683576,82.250000000,174,165.950000000,666.743248000,465.913119000,411159.181000000,207.686000000,55.872306900,1.000000000,saturated
1565,52.073066700,4686576,82.583333300,175,166.250000000,666.840282000,465.827977000,410474.418000000,206.871000000,55.752108600,1.000000000,saturated
1566,52.106400000,4689576,82.375000000,173,165.250000000,666.750622000,465.903861000,409817.218000000,206.284000000,55.712566800,1.000000000,saturated
1567,52.139733300,4692576,82.041666700,171,165.100000000,666.707086000,465.839775000,411516.000000000,208.387000000,55.936283000,1.000000000,saturated
1568,52.172588900,4695533,82.250000000,170,165.100000000,666.660760000,465.807463000,417411.418000000,208.387000000,56.205631000,1.000000000,saturated
1569,52.205922200,4698533,83.458333300,171,163.000000000,666.690810000,465.767908000,411590.981000000,208.387000000,56.009344700,1.000000000,saturated
1570,52.239255600,4701533,83.291666700,173,165.850000000,666.767278000,465.768808000,410421.381000000,208.387000000,56.023639300,1.000000000,saturated
1571,52.272588900,4704533,82.750000000,171,166.700000000,666.750962000,465.839970000,408232.381000000,207.686000000,55.888080100,1.000000000,saturated
1572,52.305922200,4707533,81.625000000,169,163.700000000,666.587929000,465.791207000,410530.382000000,208.387000000,55.849993500,1.000000000,saturated
1573,52.339255600,4710533,81.500000000,170,165.550000000,666.523285000,465.867025000,409449.582000000,208.387000000,55.750455700,1.000000000,saturated
1574,52.372588900,4713533,80.208333300,167,162.000000000,666.430488000,465.906061000,410392.582000000,208.387000000,55.825460700,1.000000000,saturated
1575,52.405922200,4716533,82.333333300,167,162.700000000,666.511400000,465.688761000,411359.782000000,205.942000000,55.974115900,1.000000000,saturated
1576,52.438788900,4719491,82.916666700,170,165.550000000,666.594611000,465.649797000,412154.581000000,206.056000000,55.863805400,1.000000000,saturated
1577,52.472122200,4722491,83.583333300,173,164.700000000,666.532322000,465.611808000,413394.181000000,206.056000000,55.849393200,1.000000000,saturated
1578,52.505455600,4725491,85.333333300,175,167.850000000,666.534277000,465.833601000,415717.603000000,206.170000000,55.778068400,1.000000000,saturated
1579,52.538788900,4728491,85.208333300,174,165.850000000,666.491842000,465.774179000,416346.203000000,206.170000000,55.852724900,1.000000000,saturated
1580,52.572122200,4731491,84.833333300,174,166.850000000,666.432624000,465.913211000,418979.803000000,206.871000000,56.056784900,1.000000000,saturated
1581,52.605455600,4734491,85.750000000,174,167.000000000,666.526484000,465.926990000,421085.202000000,205.811000000,56.129083400,1.000000000,saturated
1582,52.638788900,4737491,85.250000000,171,163.700000000,666.497867000,465.860618000,419715.798000000,207.213000000,56.150426500,1.000000000,saturated
1583,52.672122200,4740491,84.666666700,171,164.550000000,666.493377000,465.800409000,418066.197000000,206.985000000,56.142091100,1.000000000,saturated
1584,52.704955600,4743446,84.208333300,169,163.400000000,666.428436000,465.693135000,419571.397000000,206.985000000,56.125252800,1.000000000,saturated
1585,52.738288900,4746446,85.750000000,171,166.100000000,666.490282000,465.744446000,424839.202000000,207.800000000,56.206247900,1.000000000,saturated
1586,52.771622200,4749446,85.791666700,171,167.100000000,666.651406000,465.708522000,422073.998000000,206.284000000,56.003608700,1.000000000,saturated
1587,52.804955600,4752446,85.583333300,172,167.950000000,666.646458000,465.711953000,419936.998000000,206.170000000,55.965998800,1.000000000,saturated
1588,52.838288900,4755446,85.458333300,174,168.950000000,666.721196000,465.710010000,418510.798000000,206.170000000,55.934256200,1.000000000,saturated
1589,52.871622200,4758446,85.625000000,170,168.100000000,666.684436000,465.553002000,418266.798000000,206.170000000,55.856876800,1.000000000,saturated
1590,52.904955600,4761446,86.458333300,169,161.550000000,666.834320000,465.643096000,411569.418000000,205.469000000,55.669084100,1.000000000,saturated
1591,52.938288900,4764446,85.291666700,167,160.550000000,666.821408000,465.614555000,411253.618000000,205.469000000,55.679884700,1.000000000,saturated
1592,52.971155600,4767404,86.041666700,168,161.400000000,666.799494000,465.627637000,412048.018000000,203.839000000,55.635926900,1.000000000,saturated
1593,53.004488900,4770404,85.125000000,167,161.250000000,666.887466000,465.554815000,412704.618000000,203.839000000,55.668791000,1.000000000,saturated
1594,53.037822200,4773404,85.708333300,169,162.700000000,666.827878000,465.625006000,411533.018000000,203.839000000,55.568279000,1.000000000,saturated
1595,53.071155600,4776404,86.333333300,169,162.700000000,666.719133000,465.516388000,417919.198000000,204.050000000,55.943847900,1.000000000,saturated
1596,53.104488900,4779404,86.708333300,167,162.400000000,666.700856000,465.518678000,416775.198000000,203.839000000,55.928693500,1.000000000,saturated
1597,53.137822200,4782404,86.416666700,167,163.100000000,666.618661000,465.712266000,414416.998000000,206.170000000,55.758320400,1.000000000,saturated
1598,53.171155600,4785404,85.625000000,167,163.100000000,666.637429000,465.545457000,409916.618000000,205.469000000,55.572745200,1.000000000,saturated
1599,53.204488900,4788404,85.750000000,164,161.250000000,666.735772000,465.530811000,410006.198000000,206.170000000,55.588387500,1.000000000,saturated
1600,53.237344400,4791361,88.208333300,168,165.200000000,666.843714000,465.551673000,407164.218000000,203.839000000,55.493929600,1.000000000,saturated
1601,53.270677800,4794361,87.250000000,167,165.200000000,666.952678000,465.597514000,405472.418000000,204.067000000,55.426413100,1.000000000,saturated
1602,53.304011100,4797361,88.375000000,167,163.050000000,666.970921000,465.693080000,408560.018000000,204.067000000,55.598796400,1.000000000,saturated
1603,53.337344400,4800361,90.125000000,168,164.750000000,667.017908000,465.579365000,405023.000000000,202.665000000,55.451729900,1.000000000,saturated
1604,53.370677800,4803361,88.583333300,167,163.050000000,667.101244000,465.607680000,405200.000000000,203.138000000,55.563823300,1.000000000,saturated
1605,53.404011100,4806361,87.541666700,164,161.850000000,667.043526000,465.652617000,409712.018000000,203.839000000,55.675954400,1.000000000,saturated
1606,53.437344400,4809361,88.500000000,165,162.700000000,667.108131000,465.557403000,414502.398000000,207.213000000,55.857505900,1.000000000,saturated
1607,53.470677800,4812361,88.083333300,165,162.850000000,667.066298000,465.531785000,409317.218000000,206.512000000,55.625079400,1.000000000,saturated
1608,53.503522200,4815317,88.041666700,165,163.850000000,667.114437000,465.475403000,403918.000000000,205.110000000,55.453702800,1.000000000,saturated
1609,53.536855600,4818317,86.458333300,163,161.000000000,667.088500000,465.352836000,403539.000000000,206.512000000,55.482588600,1.000000000,saturated
1610,53.570188900,4821317,87.666666700,165,165.000000000,666.914701000,465.185431000,410048.798000000,205.355000000,55.585076600,1.000000000,saturated
1611,53.603522200,4824317,86.666666700,165,164.850000000,666.817582000,465.289947000,410422.203000000,205.241000000,55.689184600,1.000000000,saturated
1612,53.636855600,4827317,84.916666700,163,162.850000000,666.763418000,465.339856000,419245.000000000,206.757000000,55.905450300,1.000000000,saturated
1613,53.670188900,4830317,84.666666700,165,162.700000000,666.714017000,465.392757000,423718.019000000,206.757000000,56.055899300,1.000000000,saturated
1614,53.703522200,4833317,85.208333300,169,164.700000000,666.846986000,465.310687000,421766.819000000,205.241000000,56.079222800,1.000000000,saturated
1615,53.736855600,4836317,84.791666700,168,162.850000000,666.702776000,465.274171000,418927.202000000,205.828000000,56.013356400,1.000000000,saturated
1616,53.769711100,4839274,85.000000000,169,164.000000000,666.701194000,465.404097000,420247.019000000,205.127000000,55.992858300,1.000000000,saturated
1617,53.803044400,4842274,85.583333300,169,165.000000000,666.680106000,465.517369000,422148.219000000,206.757000000,56.043472800,1.000000000,saturated
1618,53.836377800,4845274,85.291666700,168,167.000000000,666.652621000,465.449420000,426892.398000000,208.387000000,56.242174700,1.000000000,saturated
1619,53.869711100,4848274,85.875000000,168,167.850000000,666.560930000,465.555011000,427258.000000000,209.789000000,56.390141300,1.000000000,saturated
1620,53.903044400,4851274,86.916666700,168,166.700000000,666.636292000,465.704607000,418348.002000000,208.273000000,56.124410100,1.000000000,saturated
1621,53.936377800,4854274,86.250000000,168,165.550000000,666.654659000,465.699049000,418650.002000000,208.273000000,56.116037700,1.000000000,saturated
1622,53.969711100,4857274,86.500000000,167,165.550000000,666.602802000,465.601881000,421431.002000000,208.273000000,56.217852300,1.000000000,saturated
1623,54.003044400,4860274,87.083333300,165,164.550000000,666.661026000,465.648713000,422544.402000000,207.686000000,56.268099100,1.000000000,saturated
1624,54.035900000,4863231,85.416666700,164,161.850000000,666.715459000,465.638968000,418847.000000000,206.985000000,56.024686400,1.000000000,saturated
1625,54.069233300,4866231,85.750000000,164,160.850000000,666.868774000,465.465617000,405590.998000000,205.355000000,55.537961700,1.000000000,saturated
1626,54.102566700,4869231,86.541666700,163,159.850000000,666.808158000,465.561386000,404918.202000000,206.170000000,54.948667300,1.000000000,saturated
1627,54.135900000,4872231,88.083333300,164,160.850000000,670.791245000,463.583697000,351682.603000000,206.056000000,53.031746100,1.000000000,saturated
1628,54.169233300,4875231,86.083333300,164,160.850000000,673.802716000,460.399659000,331430.000000000,205.583000000,51.932667900,1.000000000,saturated
1629,54.202566700,4878231,85.583333300,164,159.700000000,674.056690000,459.474659000,350278.784000000,205.942000000,53.058411000,1.000000000,saturated
1630,54.235900000,4881231,86.916666700,162,158.700000000,671.949089000,457.963159000,382315.583000000,209.316000000,55.229089300,1.000000000,saturated
1631,54.269233300,4884231,87.041666700,162,159.550000000,668.849187000,459.256862000,396583.000000000,207.441000000,56.472207900,1.000000000,saturated
1632,54.302077800,4887187,87.291666700,164,161.550000000,665.126603000,462.326867000,456259.601000000,207.327000000,57.438932500,1.000000000,saturated
1633,54.335411100,4890187,86.333333300,163,159.400000000,664.072563000,462.986655000,464960.799000000,203.839000000,57.725167000,1.000000000,saturated
1634,54.368744400,4893187,86.750000000,169,167.700000000,663.672030000,463.151065000,468522.802000000,207.686000000,58.023191000,1.000000000,saturated
1635,54.402077800,4896187,86.000000000,167,163.850000000,663.138421000,462.780439000,487813.821000000,207.686000000,58.731987800,1.000000000,saturated
1636,54.435411100,4899187,85.750000000,166,162.850000000,663.156396000,461.856284000,482924.579000000,206.871000000,58.547179100,1.000000000,saturated
1637,54.468744400,4902187,86.291666700,164,163.000000000,663.052696000,461.276299000,482893.179000000,206.871000000,58.544410900,1.000000000,saturated
1638,54.502077800,4905187,86.708333300,164,163.700000000,662.979561000,461.223478000,484777.379000000,206.871000000,58.635603100,1.000000000,saturated
1639,54.535411100,4908187,87.583333300,167,166.400000000,662.804571000,461.184044000,482174.000000000,209.316000000,58.485034500,1.000000000,saturated
1640,54.568266700,4911144,86.958333300,167,166.400000000,662.874941000,461.321624000,482878.021000000,206.643000000,58.569909700,1.000000000,saturated
1641,54.601600000,4914144,86.125000000,165,163.550000000,663.505365000,461.350358000,463067.998000000,207.099000000,57.804017500,1.000000000,saturated
1642,54.634933300,4917144,86.666666700,167,165.250000000,664.353518000,461.174038000,455360.402000000,209.316000000,57.691834200,1.000000000,saturated
1643,54.668266700,4920144,86.708333300,167,165.250000000,665.145214000,460.922343000,454091.580000000,209.202000000,57.653064300,1.000000000,saturated
1644,54.701600000,4923144,87.166666700,167,166.100000000,665.554715000,460.717056000,447989.779000000,207.800000000,57.446371600,1.000000000,saturated
1645,54.734933300,4926144,87.333333300,167,166.100000000,665.714532000,460.976751000,449740.780000000,209.202000000,57.523374300,1.000000000,saturated
1646,54.768266700,4929144,86.291666700,167,165.100000000,665.907147000,461.134615000,444404.802000000,206.985000000,57.207680100,1.000000000,saturated
1647,54.801600000,4932144,86.541666700,167,165.250000000,666.093007000,461.478698000,431115.619000000,205.583000000,56.720585800,1.000000000,saturated
1648,54.834466700,4935102,85.666666700,167,162.850000000,666.408809000,461.441235000,435375.202000000,205.697000000,56.567009400,1.000000000,saturated
1649,54.867800000,4938102,86.000000000,168,163.000000000,666.930548000,461.544346000,407037.181000000,203.594000000,55.575427200,1.000000000,saturated
1650,54.901133300,4941102,86.166666700,170,162.800000000,667.794062000,461.013198000,395578.003000000,206.039000000,55.416272900,1.000000000,saturated
1651,54.934466700,4944102,86.666666700,169,161.800000000,668.066317000,460.835206000,399578.000000000,206.398000000,55.690503800,1.000000000,saturated
1652,54.967800000,4947102,85.250000000,167,160.650000000,668.210783000,460.601447000,399223.797000000,207.441000000,55.752926100,1.000000000,saturated
1653,55.001133300,4950102,85.583333300,167,160.800000000,668.201280000,460.551444000,403439.997000000,205.811000000,56.058577400,1.000000000,saturated
1654,55.034466700,4953102,85.375000000,168,161.650000000,668.021295000,460.607393000,399144.018000000,207.327000000,56.161499100,1.000000000,saturated
1655,55.067800000,4956102,85.166666700,167,160.650000000,666.987462000,460.982841000,438065.603000000,209.316000000,57.347414400,1.000000000,saturated
1656,55.100644400,4959058,82.833333300,166,160.650000000,666.657447000,461.114849000,431302.003000000,206.871000000,57.094807400,1.000000000,saturated
1657,55.133977800,4962058,83.083333300,166,159.800000000,666.482328000,461.142854000,444266.000000000,207.914000000,57.443957300,1.000000000,saturated
1658,55.167311100,4965058,83.000000000,167,160.650000000,666.543936000,461.154409000,439251.980000000,207.914000000,57.208434300,1.000000000,saturated
1659,55.200644400,4968058,83.333333300,163,158.650000000,666.503861000,461.071532000,447478.402000000,208.501000000,57.595551300,1.000000000,saturated
1660,55.233977800,4971058,84.083333300,164,159.800000000,666.523694000,460.906278000,439965.780000000,207.572000000,57.350409900,1.000000000,saturated
1661,55.267311100,4974058,84.500000000,164,159.950000000,666.520971000,460.837698000,440132.180000000,208.387000000,57.369580900,1.000000000,saturated
1662,55.300644400,4977058,84.166666700,164,159.950000000,666.585603000,460.708697000,439100.580000000,206.985000000,57.335206600,1.000000000,saturated
1663,55.333977800,4980058,85.041666700,163,158.950000000,666.633002000,460.697733000,437068.580000000,207.572000000,57.156314400,1.000000000,saturated
1664,55.366833300,4983015,85.375000000,163,159.800000000,666.659496000,460.543556000,427542.797000000,206.284000000,56.787189800,1.000000000,saturated
1665,55.400166700,4986015,85.958333300,166,162.350000000,666.700146000,460.532424000,420883.819000000,206.398000000,56.556458500,1.000000000,saturated
1666,55.433500000,4989015,85.750000000,166,164.050000000,666.607855000,460.580926000,422104.819000000,206.284000000,56.595484500,1.000000000,saturated
1667,55.466833300,4992015,85.250000000,166,162.050000000,666.680158000,460.648972000,422668.619000000,206.284000000,56.547057100,1.000000000,saturated
1668,55.500166700,4995015,84.791666700,163,160.900000000,666.738121000,460.765510000,424224.619000000,204.469000000,56.580567200,1.000000000,saturated
1669,55.533500000,4998015,83.958333300,161,158.900000000,666.769537000,460.834126000,423710.819000000,206.284000000,56.504673900,1.000000000,saturated
1670,55.566833300,5001015,84.291666700,162,159.750000000,666.909237000,460.783297000,419326.619000000,205.583000000,56.344290600,1.000000000,saturated
1671,55.600166700,5004015,84.416666700,163,159.900000000,666.903403000,460.906166000,415594.000000000,205.697000000,56.290515300,1.000000000,saturated
1672,55.633022200,5006972,84.708333300,162,159.900000000,666.979522000,460.955221000,420603.197000000,207.099000000,56.431842200,1.000000000,saturated
1673,55.666355600,5009972,84.750000000,167,159.200000000,666.930535000,460.910228000,422150.003000000,207.686000000,56.382722700,1.000000000,saturated
1674,55.699688900,5012972,85.583333300,167,159.050000000,666.852491000,460.808387000,424222.203000000,207.800000000,56.451277600,1.000000000,saturated
1675,55.733022200,5015972,85.875000000,167,160.050000000,666.699615000,460.993136000,432669.380000000,206.056000000,56.589866400,1.000000000,saturated
1676,55.766355600,5018972,85.458333300,167,160.050000000,666.706608000,461.002288000,424343.397000000,207.800000000,56.414126500,1.000000000,saturated
1677,55.799688900,5021972,85.458333300,168,160.900000000,666.560672000,461.076405000,432041.981000000,206.056000000,56.697868800,1.000000000,saturated
1678,55.833022200,5024972,85.083333300,166,160.900000000,666.507945000,460.979782000,432934.780000000,206.871000000,56.696738600,1.000000000,saturated
1679,55.866355600,5027972,84.416666700,164,160.900000000,666.756111000,461.163381000,417973.397000000,207.099000000,56.262245700,1.000000000,saturated
1680,55.899200000,5030928,83.708333300,169,162.450000000,666.781520000,461.265498000,417196.781000000,206.398000000,56.283746000,1.000000000,saturated
1681,55.932533300,5033928,85.083333300,170,162.750000000,666.739420000,461.265834000,425102.003000000,206.398000000,56.504295100,1.000000000,saturated
1682,55.965866700,5036928,84.583333300,168,160.900000000,666.809714000,461.232245000,421219.203000000,207.099000000,56.507494200,1.000000000,saturated
1683,55.999200000,5039928,83.875000000,169,162.200000000,666.821441000,461.213771000,419375.003000000,206.398000000,56.511764300,1.000000000,saturated
1684,56.032533300,5042928,84.166666700,170,163.200000000,666.763469000,461.179991000,424258.381000000,207.327000000,56.662555200,1.000000000,saturated
1685,56.065866700,5045928,84.375000000,168,161.350000000,666.627023000,461.211737000,426377.781000000,208.387000000,56.538846600,1.000000000,saturated
1686,56.099200000,5048928,85.000000000,168,160.500000000,666.589224000,461.197215000,428663.781000000,207.686000000,56.636351700,1.000000000,saturated
1687,56.132533300,5051928,84.583333300,167,160.500000000,666.563917000,461.393918000,425798.381000000,206.284000000,56.587995100,1.000000000,saturated
1688,56.165388900,5054885,84.875000000,168,162.200000000,666.551913000,461.434591000,424669.781000000,206.056000000,56.553962400,1.000000000,saturated
1689,56.198722200,5057885,85.208333300,168,161.350000000,666.581120000,461.302005000,425146.781000000,205.942000000,56.576952100,1.000000000,saturated
1690,56.232055600,5060885,84.625000000,169,159.350000000,666.716265000,461.231453000,429270.000000000,205.697000000,56.763050100,1.000000000,saturated
1691,56.265388900,5063885,84.625000000,167,159.200000000,666.666256000,461.361636000,428688.000000000,207.099000000,56.679710200,1.000000000,saturated
1692,56.298722200,5066885,85.583333300,169,160.650000000,666.702448000,461.422742000,430620.000000000,208.501000000,56.747160300,1.000000000,saturated
1693,56.332055600,5069885,84.958333300,168,157.400000000,666.740386000,461.291811000,431756.000000000,208.501000000,56.719930300,0.999925884,saturated
1694,56.365388900,5072885,85.541666700,170,160.250000000,666.893441000,461.377879000,426416.581000000,208.501000000,56.614317300,0.999939965,saturated
1695,56.398722200,5075885,84.125000000,169,157.850000000,666.840608000,461.264266000,419498.403000000,208.501000000,56.398712000,1.000000000,saturated
1696,56.431588900,5078843,84.041666700,169,159.550000000,666.822608000,461.282778000,420926.603000000,207.800000000,56.525399800,1.000000000,saturated
1697,56.464922200,5081843,84.833333300,169,159.550000000,666.791192000,461.358158000,427094.180000000,207.213000000,56.690881700,1.000000000,saturated
1698,56.498255600,5084843,86.041666700,169,158.700000000,666.733677000,461.302473000,426737.180000000,207.572000000,56.695910000,1.000000000,saturated
1699,56.531588900,5087843,86.041666700,168,156.850000000,666.706658000,461.352355000,421949.603000000,207.914000000,56.523330200,1.000000000,saturated
1700,56.564922200,5090843,84.750000000,170,160.100000000,666.600421000,461.256096000,430908.000000000,208.387000000,56.851876000,1.000000000,saturated
1701,56.598255600,5093843,84.583333300,168,157.400000000,666.629708000,461.306203000,430420.000000000,207.099000000,56.788533100,1.000000000,saturated
1702,56.631588900,5096843,84.083333300,167,157.400000000,666.664412000,461.446778000,429750.000000000,208.387000000,56.677695000,1.000000000,saturated
1703,56.664922200,5099843,84.625000000,167,157.400000000,666.754792000,461.423106000,428550.000000000,207.686000000,56.671793800,1.000000000,saturated
1704,56.697755600,5102798,85.125000000,168,159.100000000,666.813734000,461.335528000,434083.000000000,207.572000000,56.840845800,1.000000000,saturated
1705,56.731088900,5105798,83.583333300,165,161.100000000,666.821666000,461.290845000,434235.000000000,207.572000000,56.757430500,1.000000000,saturated
1706,56.764422200,5108798,82.708333300,163,159.250000000,666.633691000,461.342288000,439541.219000000,208.273000000,56.888307900,1.000000000,saturated
1707,56.797755600,5111798,83.250000000,162,159.400000000,666.514693000,461.322170000,441709.619000000,208.387000000,57.108787800,1.000000000,saturated
1708,56.831088900,5114798,82.375000000,161,157.000000000,666.580687000,461.336829000,437210.000000000,209.316000000,57.012812800,1.000000000,saturated
1709,56.864422200,5117798,82.166666700,158,156.000000000,666.683940000,461.280116000,430183.219000000,206.284000000,56.798156000,1.000000000,saturated
1710,56.897755600,5120798,81.583333300,164,161.250000000,666.610063000,461.322541000,424838.397000000,205.110000000,56.608738700,1.000000000,saturated
1711,56.931088900,5123798,80.541666700,162,160.100000000,666.586283000,461.307773000,424550.797000000,205.811000000,56.557139400,1.000000000,saturated
1712,56.963955600,5126756,81.166666700,162,160.250000000,666.778793000,461.404370000,419032.819000000,205.811000000,56.509590900,1.000000000,saturated
1713,56.997288900,5129756,81.583333300,162,160.950000000,666.836141000,461.295211000,418910.819000000,205.811000000,56.444682000,1.000000000,saturated
1714,57.030622200,5132756,80.666666700,162,160.950000000,666.812867000,461.177453000,423227.997000000,205.110000000,56.605201400,1.000000000,saturated
1715,57.063955600,5135756,81.041666700,161,158.800000000,666.926186000,461.326186000,424755.000000000,206.985000000,56.464809200,1.000000000,saturated
1716,57.097288900,5138756,80.708333300,161,157.800000000,666.874572000,461.362384000,424530.000000000,207.099000000,56.421574700,1.000000000,saturated
1717,57.130622200,5141756,81.500000000,163,159.800000000,666.848499000,461.362876000,428534.819000000,207.686000000,56.527976400,1.000000000,saturated
1718,57.163955600,5144756,82.708333300,166,161.650000000,666.817380000,461.267999000,426552.203000000,206.985000000,56.493443300,1.000000000,saturated
1719,57.197288900,5147756,83.125000000,167,165.200000000,666.701535000,461.320955000,428825.202000000,206.985000000,56.573905100,1.000000000,saturated
1720,57.230144400,5150713,83.041666700,169,163.750000000,666.670847000,461.388575000,430506.802000000,206.985000000,56.605885100,1.000000000,saturated
1721,57.263477800,5153713,85.041666700,169,164.050000000,666.711028000,461.338289000,429398.602000000,206.985000000,56.592218800,1.000000000,saturated
1722,57.296811100,5156713,84.333333300,169,162.050000000,666.638364000,461.156837000,430849.180000000,208.387000000,56.679337300,1.000000000,saturated
1723,57.330144400,5159713,83.625000000,169,162.050000000,666.598164000,461.162781000,431258.380000000,207.686000000,56.655681100,1.000000000,saturated
1724,57.363477800,5162713,84.166666700,170,164.050000000,666.480425000,461.134937000,445269.820000000,208.387000000,57.123699700,1.000000000,saturated
1725,57.396811100,5165713,84.166666700,169,163.600000000,666.900444000,461.088798000,437350.000000000,207.686000000,56.871807500,1.000000000,saturated
1726,57.430144400,5168713,84.875000000,169,164.450000000,666.853285000,461.093390000,437604.000000000,206.985000000,56.920915100,1.000000000,saturated
1727,57.463477800,5171713,84.958333300,170,164.050000000,666.903944000,461.304485000,438172.000000000,206.985000000,56.857595500,1.000000000,saturated
1728,57.496322200,5174669,84.666666700,169,164.200000000,666.901767000,461.252225000,439691.000000000,207.099000000,56.916502200,1.000000000,saturated
1729,57.529655600,5177669,84.541666700,168,164.350000000,666.724534000,461.277740000,429226.603000000,208.501000000,56.637402800,1.000000000,saturated
1730,57.562988900,5180669,84.708333300,168,162.500000000,666.689681000,461.129193000,427525.203000000,206.740000000,56.549134200,1.000000000,saturated
1731,57.596322200,5183669,84.708333300,168,162.500000000,666.587942000,461.060479000,438103.000000000,207.572000000,56.891760100,1.000000000,saturated
1732,57.629655600,5186669,84.750000000,168,162.800000000,666.725849000,461.191552000,429799.203000000,209.316000000,56.633987000,1.000000000,saturated
1733,57.662988900,5189669,84.541666700,169,164.800000000,666.821054000,461.112548000,429634.602000000,207.914000000,56.532204200,1.000000000,saturated
1734,57.696322200,5192669,85.583333300,171,163.400000000,666.836564000,461.186486000,429756.780000000,207.914000000,56.541382100,1.000000000,saturated
1735,57.729655600,5195669,85.541666700,169,162.700000000,666.701769000,461.333360000,426313.802000000,206.985000000,56.339025500,1.000000000,saturated
1736,57.762511100,5198626,85.916666700,169,161.850000000,666.584757000,461.310295000,426489.403000000,206.985000000,56.465648900,1.000000000,saturated
1737,57.795844400,5201626,85.458333300,168,161.550000000,666.763997000,461.335341000,429173.780000000,206.985000000,56.723756500,1.000000000,saturated
1738,57.829177800,5204626,85.250000000,167,162.250000000,666.717483000,461.304916000,431270.000000000,206.284000000,56.766728000,1.000000000,saturated
1739,57.862511100,5207626,84.416666700,167,162.250000000,666.787023000,461.308008000,429638.000000000,206.284000000,56.645174200,1.000000000,saturated
1740,57.895844400,5210626,84.041666700,172,166.350000000,666.710502000,461.259273000,419843.603000000,207.686000000,56.456489300,1.000000000,saturated
1741,57.929177800,5213626,84.666666700,172,167.200000000,666.826485000,461.173438000,422421.781000000,208.387000000,56.462992600,1.000000000,saturated
1742,57.962511100,5216626,84.625000000,172,167.350000000,666.891304000,461.168664000,411804.997000000,206.985000000,56.132469400,1.000000000,saturated
1743,57.995844400,5219626,83.333333300,170,165.800000000,666.851483000,461.241189000,419356.603000000,206.056000000,56.466229500,1.000000000,saturated
1744,58.028700000,5222583,84.666666700,173,167.250000000,666.637838000,461.257202000,420903.000000000,206.512000000,56.447820500,1.000000000,saturated
1745,58.062033300,5225583,85.041666700,168,162.250000000,666.748515000,461.197201000,428274.581000000,207.800000000,56.687142800,1.000000000,saturated
1746,58.095366700,5228583,86.375000000,169,163.250000000,666.703650000,461.112376000,425326.781000000,208.501000000,56.667034300,1.000000000,saturated
1747,58.128700000,5231583,85.333333300,168,163.250000000,666.666699000,461.190861000,421115.181000000,208.501000000,56.509731900,1.000000000,saturated
1748,58.162033300,5234583,85.791666700,167,162.250000000,666.802217000,461.286117000,419438.203000000,206.985000000,56.466351600,1.000000000,saturated
1749,58.195366700,5237583,87.208333300,169,162.850000000,666.846534000,461.207547000,419555.781000000,206.284000000,56.281538500,1.000000000,saturated
1750,58.228700000,5240583,87.166666700,171,165.400000000,666.780354000,461.216205000,411606.604000000,206.170000000,55.915992000,1.000000000,saturated
1751,58.262033300,5243583,86.750000000,171,165.250000000,666.665919000,461.394451000,412478.804000000,206.985000000,55.989990400,1.000000000,saturated
1752,58.294877800,5246539,85.750000000,169,166.200000000,666.744608000,461.337382000,417747.581000000,207.572000000,56.147364700,1.000000000,saturated
1753,58.328211100,5249539,85.875000000,168,163.350000000,666.783792000,461.488620000,418007.581000000,208.387000000,56.174441200,1.000000000,saturated
1754,58.361544400,5252539,85.375000000,169,164.200000000,666.757811000,461.449972000,427113.019000000,209.088000000,56.485128000,1.000000000,saturated
1755,58.394877800,5255539,83.583333300,170,167.800000000,666.848065000,461.371241000,427695.419000000,205.942000000,56.646131600,1.000000000,saturated
1756,58.428211100,5258539,83.041666700,171,167.800000000,666.908282000,461.527131000,426348.619000000,206.056000000,56.579525000,1.000000000,saturated
1757,58.461544400,5261539,82.500000000,170,166.800000000,667.004053000,461.687756000,419216.981000000,206.985000000,56.261488000,1.000000000,saturated
1758,58.494877800,5264539,81.708333300,170,165.500000000,666.726509000,461.635307000,426232.003000000,208.273000000,56.577252600,1.000000000,saturated
1759,58.528211100,5267539,82.500000000,177,170.500000000,666.824855000,461.516775000,424734.000000000,208.387000000,56.564173700,1.000000000,saturated
1760,58.561066700,5270496,82.166666700,178,171.650000000,666.882797000,461.549551000,419748.181000000,206.284000000,56.382245700,1.000000000,saturated
1761,58.594400000,5273496,82.791666700,176,171.650000000,666.992104000,461.660514000,418091.981000000,205.583000000,56.297959900,1.000000000,saturated
1762,58.627733300,5276496,82.125000000,173,170.650000000,666.922725000,461.671578000,419657.981000000,206.985000000,56.249839400,1.000000000,saturated
1763,58.661066700,5279496,82.583333300,176,171.500000000,666.852736000,461.615974000,423437.000000000,207.572000000,56.288730300,1.000000000,saturated
1764,58.694400000,5282496,81.583333300,176,172.350000000,666.898120000,461.555211000,416957.381000000,207.686000000,56.101105000,1.000000000,saturated
1765,58.727733300,5285496,82.041666700,176,172.350000000,666.971330000,461.583425000,417616.781000000,208.387000000,56.182755800,1.000000000,saturated
1766,58.761066700,5288496,81.666666700,176,171.200000000,666.833510000,461.702470000,416843.981000000,207.686000000,56.130327800,1.000000000,saturated
1767,58.794400000,5291496,82.083333300,176,174.050000000,666.681962000,461.645594000,425359.803000000,208.615000000,56.419889900,1.000000000,saturated
1768,58.827266700,5294454,80.416666700,174,171.200000000,666.790453000,461.429267000,421657.181000000,208.615000000,56.313985000,1.000000000,saturated
1769,58.860600000,5297454,81.666666700,173,171.500000000,666.746475000,461.235258000,425700.381000000,208.615000000,56.495102900,1.000000000,saturated
1770,58.893933300,5300454,83.625000000,178,173.900000000,666.688450000,461.542397000,428562.597000000,207.686000000,56.672979600,1.000000000,saturated
1771,58.927266700,5303454,82.083333300,176,172.750000000,666.646511000,461.420699000,435877.219000000,207.914000000,56.860311600,1.000000000,saturated
1772,58.960600000,5306454,79.916666700,175,170.750000000,666.669783000,461.534319000,437575.819000000,209.316000000,56.884076400,1.000000000,saturated
1773,58.993933300,5309454,80.083333300,173,170.750000000,666.679163000,461.570262000,428225.981000000,208.387000000,56.535668000,1.000000000,saturated
1774,59.027266700,5312454,81.125000000,175,172.450000000,666.624821000,461.499950000,429682.181000000,208.387000000,56.589287800,1.000000000,saturated
1775,59.060600000,5315454,82.750000000,176,171.200000000,666.661825000,461.394867000,431155.000000000,208.387000000,56.662754300,1.000000000,saturated
1776,59.093444400,5318410,82.416666700,175,171.200000000,666.658427000,461.472220000,436154.819000000,209.088000000,56.819168100,1.000000000,saturated
1777,59.126777800,5321410,83.000000000,173,170.200000000,666.682070000,461.406537000,432463.000000000,207.686000000,56.780847300,1.000000000,saturated
1778,59.160111100,5324410,82.083333300,172,169.050000000,666.699098000,461.353282000,430648.000000000,207.686000000,56.701374500,1.000000000,saturated
1779,59.193444400,5327410,83.541666700,175,172.750000000,666.810794000,461.381370000,417803.197000000,206.985000000,56.254181300,1.000000000,saturated
1780,59.226777800,5330410,83.750000000,178,175.750000000,666.903049000,461.466952000,415215.397000000,204.768000000,56.276836300,1.000000000,saturated
1781,59.260111100,5333410,83.500000000,176,173.900000000,666.795176000,461.496938000,424331.781000000,207.572000000,56.664685400,1.000000000,saturated
1782,59.293444400,5336410,82.666666700,172,169.050000000,666.618227000,461.693641000,422211.181000000,207.572000000,56.481330400,1.000000000,saturated
1783,59.326777800,5339410,80.375000000,170,167.200000000,666.569130000,461.787251000,425864.381000000,207.572000000,56.562676100,1.000000000,saturated
1784,59.359633300,5342367,80.541666700,170,166.200000000,666.797823000,461.737044000,422175.203000000,207.213000000,56.230900200,1.000000000,saturated
1785,59.392966700,5345367,81.708333300,170,168.350000000,666.929202000,461.732702000,412498.819000000,205.469000000,56.019836400,1.000000000,saturated
1786,59.426300000,5348367,82.541666700,171,169.650000000,666.865118000,461.676473000,414614.419000000,205.469000000,55.974042800,1.000000000,saturated
1787,59.459633300,5351367,83.958333300,174,172.350000000,666.874523000,461.695865000,414681.419000000,204.654000000,55.941066300,1.000000000,saturated
1788,59.492966700,5354367,83.583333300,172,167.950000000,666.926609000,461.533545000,412610.803000000,204.654000000,55.922713100,1.000000000,saturated
1789,59.526300000,5357367,82.333333300,171,167.800000000,667.078938000,461.523910000,402982.618000000,204.996000000,55.718487900,1.000000000,saturated
1790,59.559633300,5360367,81.583333300,170,165.950000000,666.979176000,461.491083000,397905.804000000,203.480000000,55.658873500,1.000000000,saturated
1791,59.592966700,5363367,80.666666700,169,163.950000000,666.797431000,461.552447000,406942.000000000,204.067000000,55.985110300,1.000000000,saturated
1792,59.625822200,5366324,80.041666700,168,163.950000000,666.892407000,461.602533000,405007.000000000,204.768000000,55.914262300,1.000000000,saturated
1793,59.659155600,5369324,80.583333300,169,165.950000000,666.843529000,461.583943000,401743.381000000,204.181000000,55.823955300,1.000000000,saturated
1794,59.692488900,5372324,80.958333300,171,166.400000000,666.856080000,461.569952000,404116.381000000,204.882000000,55.944245100,0.999954469,saturated
1795,59.725822200,5375324,81.208333300,170,163.700000000,666.776755000,461.558135000,411749.803000000,204.181000000,56.205883900,1.000000000,saturated
1796,59.759155600,5378324,82.333333300,172,166.400000000,666.882327000,461.580683000,405249.981000000,203.480000000,56.002717400,1.000000000,saturated
1797,59.792488900,5381324,83.750000000,169,163.400000000,666.972196000,461.662394000,404509.597000000,204.181000000,56.020452000,0.999968357,saturated
1798,59.825822200,5384324,83.291666700,169,164.400000000,666.925331000,461.421262000,410161.204000000,207.213000000,56.079312400,0.999953189,saturated
1799,59.859155600,5387324,83.250000000,173,164.550000000,666.997478000,461.443951000,402610.996000000,206.512000000,55.855549500,1.000000000,saturated
1800,59.892000000,5390280,81.250000000,177,163.850000000,666.682991000,461.687035000,429124.000000000,205.583000000,56.564080800,1.000000000,saturated
1801,59.925333300,5393280,80.666666700,174,163.700000000,666.637812000,461.661643000,427727.819000000,209.088000000,56.637833600,1.000000000,saturated
1802,59.958666700,5396280,81.041666700,174,164.550000000,666.486334000,461.705665000,426588.819000000,207.800000000,56.610018500,1.000000000,saturated
1803,59.992000000,5399280,81.000000000,174,165.400000000,666.630498000,461.640628000,428215.019000000,208.387000000,56.777651500,1.000000000,saturated
1804,60.025333300,5402280,81.375000000,173,163.700000000,666.813737000,461.644558000,429447.619000000,208.387000000,56.822938500,1.000000000,saturated
1805,60.058666700,5405280,80.625000000,170,163.700000000,666.714868000,461.693137000,427684.003000000,208.501000000,56.727541300,1.000000000,saturated
1806,60.092000000,5408280,80.083333300,170,164.700000000,666.678827000,461.606659000,429689.003000000,209.903000000,56.800732700,1.000000000,saturated
1807,60.125333300,5411280,81.750000000,172,167.550000000,666.638374000,461.857342000,426715.003000000,207.800000000,56.625515600,1.000000000,saturated
1808,60.158188900,5414237,80.541666700,170,167.400000000,666.474901000,461.827412000,429962.803000000,207.099000000,56.549306700,1.000000000,saturated
1809,60.191522200,5417237,80.208333300,168,165.850000000,666.499049000,461.773435000,431874.202000000,206.985000000,56.558980200,1.000000000,saturated
1810,60.224855600,5420237,81.333333300,170,168.100000000,666.516223000,461.838633000,431887.203000000,208.387000000,56.591377800,1.000000000,saturated
1811,60.258188900,5423237,81.791666700,170,169.100000000,666.471368000,461.915145000,424642.981000000,208.387000000,56.284084000,1.000000000,saturated
1812,60.291522200,5426237,81.708333300,166,165.400000000,666.566944000,461.870759000,423815.581000000,208.387000000,56.264705200,1.000000000,saturated
1813,60.324855600,5429237,83.583333300,169,167.250000000,666.663369000,461.959833000,421140.381000000,207.572000000,56.261161800,1.000000000,saturated
1814,60.358188900,5432237,84.541666700,169,168.250000000,666.648820000,461.935576000,424248.581000000,209.544000000,56.466817000,1.000000000,saturated
1815,60.391522200,5435237,83.750000000,169,167.550000000,666.574881000,461.976218000,422602.981000000,211.647000000,56.444105600,1.000000000,saturated
1816,60.424388900,5438195,82.541666700,168,165.850000000,666.521514000,461.854909000,424112.781000000,208.387000000,56.435134900,1.000000000,saturated
1817,60.457722200,5441195,83.125000000,172,169.700000000,666.393692000,461.958003000,434398.419000000,208.501000000,56.820769000,1.000000000,saturated
1818,60.491055600,5444195,83.791666700,171,168.850000000,666.392404000,462.084256000,433617.619000000,210.718000000,56.828535000,1.000000000,saturated
1819,60.524388900,5447195,83.500000000,171,169.850000000,666.363589000,462.099532000,427782.000000000,206.985000000,56.563346100,1.000000000,saturated
1820,60.557722200,5450195,84.833333300,172,169.850000000,666.496598000,462.083467000,423923.381000000,209.316000000,56.366301100,1.000000000,saturated
1821,60.591055600,5453195,84.041666700,171,169.000000000,666.636488000,462.089913000,419797.581000000,208.615000000,56.247807200,1.000000000,saturated
1822,60.624388900,5456195,83.916666700,171,168.550000000,666.737545000,462.066559000,410648.597000000,207.914000000,55.903606600,1.000000000,saturated
1823,60.657722200,5459195,82.458333300,171,166.000000000,666.802113000,461.957285000,411819.997000000,207.213000000,55.937675700,1.000000000,saturated
1824,60.690555600,5462150,81.208333300,169,165.000000000,666.759564000,461.994944000,413458.197000000,207.800000000,55.984198700,1.000000000,saturated
1825,60.723888900,5465150,81.375000000,169,165.850000000,666.632300000,462.096879000,423463.581000000,207.800000000,56.305495100,1.000000000,saturated
1826,60.757222200,5468150,83.458333300,170,168.000000000,666.573421000,462.095857000,427752.000000000,209.316000000,56.556307500,1.000000000,saturated
1827,60.790555600,5471150,82.833333300,170,168.400000000,666.689978000,462.419180000,426182.000000000,208.387000000,56.724345800,1.000000000,saturated
1828,60.823888900,5474150,82.458333300,170,167.550000000,666.452105000,462.192964000,428148.000000000,207.572000000,56.753124300,1.000000000,saturated
1829,60.857222200,5477150,81.041666700,169,168.250000000,666.484837000,462.210965000,430770.403000000,207.099000000,56.772738000,1.000000000,saturated
1830,60.890555600,5480150,80.041666700,172,167.400000000,666.605566000,462.105644000,414459.597000000,207.800000000,56.040456200,1.000000000,saturated
1831,60.923888900,5483150,80.375000000,172,167.250000000,666.676794000,462.121256000,420541.203000000,207.800000000,56.286374700,1.000000000,saturated
1832,60.956755600,5486108,81.750000000,171,163.850000000,666.781019000,462.151894000,406695.618000000,208.142000000,55.904152200,1.000000000,saturated
1833,60.990088900,5489108,83.125000000,171,164.700000000,666.838660000,462.100720000,402499.618000000,208.028000000,55.713359200,1.000000000,saturated
1834,61.023422200,5492108,82.500000000,171,164.000000000,666.852604000,461.937365000,413087.203000000,208.501000000,55.880669500,1.000000000,saturated
1835,61.056755600,5495108,83.583333300,172,165.000000000,666.759742000,461.879106000,414940.803000000,206.398000000,55.961383600,1.000000000,saturated
1836,61.090088900,5498108,83.458333300,172,166.700000000,666.856283000,461.918062000,412337.000000000,205.452000000,55.919866400,1.000000000,saturated
1837,61.123422200,5501108,82.916666700,172,166.700000000,666.792654000,462.037209000,411491.000000000,206.398000000,55.903106800,1.000000000,saturated
1838,61.156755600,5504108,81.541666700,170,164.000000000,666.813720000,462.042931000,412432.000000000,206.740000000,55.891045600,1.000000000,saturated
1839,61.190088900,5507108,80.916666700,170,163.850000000,666.677237000,461.999521000,417736.818000000,206.284000000,56.077386700,1.000000000,saturated
1840,61.222944400,5510065,81.416666700,169,163.700000000,666.765189000,462.067857000,415485.219000000,206.985000000,56.158826500,1.000000000,saturated
1841,61.256277800,5513065,82.583333300,171,164.550000000,666.566133000,462.074891000,416430.618000000,207.800000000,56.128759500,1.000000000,saturated
1842,61.289611100,5516065,82.291666700,170,164.550000000,666.593320000,462.031606000,417246.619000000,207.800000000,56.032428100,1.000000000,saturated
1843,61.322944400,5519065,82.333333300,169,164.100000000,666.811775000,462.069917000,411000.597000000,206.398000000,55.857765000,1.000000000,saturated
1844,61.356277800,5522065,83.625000000,170,166.250000000,666.799213000,462.088714000,410698.397000000,205.697000000,55.899143100,1.000000000,saturated
1845,61.389611100,5525065,83.541666700,172,167.100000000,666.664271000,462.077672000,419352.381000000,206.757000000,56.200566700,1.000000000,saturated
1846,61.422944400,5528065,83.125000000,172,167.100000000,666.620596000,462.098267000,420200.181000000,206.871000000,56.179763100,1.000000000,saturated
1847,61.456277800,5531065,84.041666700,173,167.400000000,666.643830000,461.959049000,427611.000000000,207.572000000,56.470226400,1.000000000,saturated
1848,61.489122200,5534021,83.583333300,171,164.700000000,666.630251000,462.040904000,429788.002000000,208.273000000,56.376323000,0.999955327,saturated
1849,61.522455600,5537021,84.041666700,172,166.550000000,666.673241000,462.031156000,426431.000000000,207.800000000,56.395044200,1.000000000,saturated
1850,61.555788900,5540021,82.208333300,169,163.550000000,666.630979000,461.985019000,427287.000000000,207.099000000,56.527742300,1.000000000,saturated
1851,61.589122200,5543021,81.875000000,172,166.400000000,666.711492000,461.839592000,415646.000000000,206.398000000,56.132141300,1.000000000,saturated
1852,61.622455600,5546021,82.833333300,173,166.700000000,666.797672000,461.893800000,414757.000000000,205.697000000,56.302883800,1.000000000,saturated
1853,61.655788900,5549021,82.458333300,173,167.400000000,666.824169000,461.941840000,419450.581000000,206.871000000,56.388781400,1.000000000,saturated
1854,61.689122200,5552021,81.708333300,172,164.850000000,666.729492000,462.028959000,418808.981000000,206.512000000,56.348382200,1.000000000,saturated
1855,61.722455600,5555021,81.666666700,172,164.850000000,666.648070000,462.065831000,427579.003000000,206.757000000,56.624035300,1.000000000,saturated
1856,61.755311100,5557978,82.000000000,171,163.000000000,666.735046000,462.162811000,429159.202000000,206.757000000,56.612138000,1.000000000,saturated
1857,61.788644400,5560978,82.750000000,173,165.000000000,666.670851000,462.133063000,434762.180000000,208.974000000,56.826510500,1.000000000,saturated
1858,61.821977800,5563978,84.458333300,180,174.100000000,666.612760000,462.173669000,434050.780000000,208.974000000,56.803019800,1.000000000,saturated
1859,61.855311100,5566978,82.666666700,179,172.400000000,666.679283000,461.972777000,439494.780000000,208.974000000,56.846419900,1.000000000,saturated
1860,61.888644400,5569978,82.875000000,192,173.000000000,666.792012000,461.677459000,434710.819000000,206.871000000,56.736143700,1.000000000,saturated
1861,61.921977800,5572978,82.583333300,186,171.000000000,666.790566000,461.718223000,434345.619000000,206.871000000,56.732012500,1.000000000,saturated
1862,61.955311100,5575978,82.000000000,177,169.700000000,666.784886000,461.839171000,432197.019000000,208.273000000,56.725237600,1.000000000,saturated
1863,61.988644400,5578978,81.375000000,176,168.850000000,666.756203000,461.895430000,432276.019000000,207.572000000,56.716827000,1.000000000,saturated
1864,62.021500000,5581935,82.875000000,176,172.550000000,666.698219000,461.860887000,430447.219000000,207.572000000,56.643405900,1.000000000,saturated
1865,62.054833300,5584935,82.625000000,173,170.850000000,666.767796000,461.802341000,424859.000000000,205.469000000,56.403502000,1.000000000,saturated
1866,62.088166700,5587935,81.625000000,171,169.000000000,666.768920000,461.893029000,420310.981000000,206.170000000,56.247648700,1.000000000,saturated
1867,62.121500000,5590935,81.750000000,170,168.850000000,666.509273000,461.972402000,433665.981000000,206.757000000,56.727713500,1.000000000,saturated
1868,62.154833300,5593935,82.875000000,169,169.000000000,662.255468000,462.791972000,493828.179000000,205.942000000,59.169784000,1.000000000,saturated
1869,62.188166700,5596935,82.625000000,170,169.000000000,659.353628000,465.431292000,502608.378000000,206.985000000,59.863844900,1.000000000,saturated
1870,62.221500000,5599935,79.458333300,168,164.550000000,658.492491000,467.057497000,492986.000000000,205.697000000,59.316306900,1.000000000,saturated
1871,62.254833300,5602935,80.166666700,166,164.400000000,659.898702000,468.291275000,463095.779000000,204.996000000,58.412623600,1.000000000,saturated
1872,62.287677800,5605891,81.625000000,165,164.400000000,664.136845000,467.919448000,445491.998000000,203.024000000,56.924605600,1.000000000,saturated
1873,62.321011100,5608891,83.291666700,169,166.950000000,666.960298000,465.738529000,407785.218000000,202.323000000,55.376429200,1.000000000,saturated
1874,62.354344400,5611891,84.458333300,171,168.650000000,667.689046000,464.952089000,386569.218000000,202.665000000,55.091026400,1.000000000,saturated
1875,62.387677800,5614891,83.250000000,169,167.800000000,668.384824000,464.727922000,395915.803000000,206.284000000,54.598176300,1.000000000,saturated
1876,62.421011100,5617891,83.750000000,169,166.950000000,668.940841000,464.812884000,382215.397000000,205.355000000,54.158255300,1.000000000,saturated
1877,62.454344400,5620891,84.541666700,171,167.950000000,669.404379000,465.354410000,344570.000000000,200.676000000,53.008368400,1.000000000,saturated
1878,62.487677800,5623891,82.250000000,166,164.950000000,669.534271000,465.978372000,341922.000000000,201.708000000,52.771130800,1.000000000,saturated
1879,62.521011100,5626891,81.541666700,169,168.100000000,669.758551000,466.214259000,339318.000000000,206.039000000,52.600167600,1.000000000,saturated
1880,62.553866700,5629848,82.875000000,169,166.950000000,669.766568000,466.090701000,357383.183000000,205.583000000,53.316998100,1.000000000,saturated
1881,62.587200000,5632848,83.208333300,170,167.950000000,669.491864000,465.883104000,349095.397000000,203.480000000,53.607318600,1.000000000,saturated
1882,62.620533300,5635848,82.708333300,171,167.950000000,669.303304000,465.840671000,367518.003000000,206.512000000,54.332418000,1.000000000,saturated
1883,62.653866700,5638848,81.625000000,169,167.100000000,668.321209000,466.160559000,381169.382000000,204.996000000,55.222622500,1.000000000,saturated
1884,62.687200000,5641848,81.958333300,169,167.250000000,667.750571000,466.385449000,386546.782000000,204.067000000,55.236645300,0.999975165,saturated
1885,62.720533300,5644848,83.125000000,169,167.100000000,667.173169000,466.574504000,400956.618000000,204.768000000,55.603215100,1.000000000,saturated
1886,62.753866700,5647848,81.541666700,168,164.400000000,667.106344000,466.663610000,403360.418000000,203.252000000,55.538103400,1.000000000,saturated
1887,62.787200000,5650848,82.208333300,170,168.100000000,667.013436000,466.552872000,402431.000000000,203.252000000,55.630279500,1.000000000,saturated
1888,62.820066700,5653806,81.916666700,169,168.100000000,667.011966000,465.955263000,403310.000000000,203.252000000,55.536847500,1.000000000,saturated
1889,62.853400000,5656806,80.833333300,168,164.400000000,666.798428000,465.662486000,407065.000000000,202.551000000,55.671600800,0.999941041,saturated
1890,62.886733300,5659806,80.708333300,170,166.800000000,666.627704000,465.795302000,418851.219000000,207.099000000,56.027601100,1.000000000,saturated
1891,62.920066700,5662806,81.291666700,170,166.950000000,666.319680000,466.095764000,423805.819000000,206.284000000,56.298325400,1.000000000,saturated
1892,62.953400000,5665806,80.625000000,170,167.350000000,665.910834000,466.209322000,424237.419000000,206.398000000,56.385496900,1.000000000,saturated
1893,62.986733300,5668806,83.375000000,170,167.800000000,665.537092000,466.531615000,427632.019000000,207.099000000,56.352671500,1.000000000,saturated
1894,63.020066700,5671806,83.125000000,169,165.950000000,665.300940000,466.704107000,439990.002000000,206.871000000,56.601335300,1.000000000,saturated
1895,63.053400000,5674806,82.291666700,170,167.250000000,665.352754000,466.679593000,427204.598000000,206.512000000,56.104432300,1.000000000,saturated
1896,63.086244400,5677762,81.125000000,169,165.700000000,665.954149000,466.456806000,425620.402000000,206.398000000,56.106883000,1.000000000,saturated
1897,63.119577800,5680762,82.916666700,167,165.550000000,666.298076000,466.194986000,419484.602000000,206.056000000,55.942084300,1.000000000,saturated
1898,63.152911100,5683762,80.416666700,167,164.000000000,666.596410000,466.239390000,410043.818000000,205.583000000,55.557300900,1.000000000,saturated
1899,63.186244400,5686762,81.625000000,165,164.850000000,666.643293000,466.062886000,411040.598000000,206.170000000,55.598274000,1.000000000,saturated
1900,63.219577800,5689762,81.250000000,168,163.850000000,666.779393000,466.361951000,410926.198000000,208.615000000,55.639517800,1.000000000,saturated
1901,63.252911100,5692762,80.458333300,167,162.850000000,666.740413000,466.436720000,411784.202000000,208.501000000,55.721798200,1.000000000,saturated
1902,63.286244400,5695762,81.041666700,167,161.000000000,666.651411000,466.577431000,407642.398000000,207.213000000,55.611678200,1.000000000,saturated
1903,63.319577800,5698762,79.541666700,167,160.850000000,666.705625000,466.468903000,407646.398000000,207.914000000,55.609080100,1.000000000,saturated
1904,63.352433300,5701719,79.916666700,169,162.000000000,666.851821000,466.532477000,400047.018000000,207.914000000,55.551567100,1.000000000,saturated
1905,63.385766700,5704719,80.208333300,169,161.700000000,666.656811000,466.406492000,413852.581000000,209.202000000,55.961558000,1.000000000,saturated
1906,63.419100000,5707719,80.125000000,169,162.550000000,666.721739000,466.329229000,413912.581000000,209.202000000,55.939268400,1.000000000,saturated
1907,63.452433300,5710719,79.166666700,168,162.250000000,666.785674000,466.316849000,415363.181000000,208.501000000,55.947173500,1.000000000,saturated
1908,63.485766700,5713719,79.916666700,169,162.700000000,666.784675000,466.314087000,415630.181000000,207.686000000,55.911313500,1.000000000,saturated
1909,63.519100000,5716719,81.458333300,169,162.850000000,666.735855000,466.317980000,417710.381000000,207.572000000,55.940645100,1.000000000,saturated
1910,63.552433300,5719719,80.916666700,170,163.700000000,666.678693000,466.292898000,415543.602000000,206.985000000,55.635685700,1.000000000,saturated
1911,63.585766700,5722719,79.583333300,169,162.700000000,666.652991000,466.176102000,418120.802000000,206.985000000,55.756699100,1.000000000,saturated
1912,63.618622200,5725676,78.750000000,167,161.000000000,666.744671000,466.215638000,413908.198000000,204.882000000,55.689939500,1.000000000,saturated
1913,63.651955600,5728676,79.291666700,168,161.000000000,666.732297000,466.229329000,413186.198000000,206.985000000,55.659034600,1.000000000,saturated
1914,63.685288900,5731676,79.166666700,167,161.000000000,666.696218000,466.271828000,408677.818000000,207.099000000,55.440764300,1.000000000,saturated
1915,63.718622200,5734676,80.000000000,164,160.850000000,666.814639000,466.270927000,409974.218000000,205.583000000,55.526871500,1.000000000,saturated
1916,63.751955600,5737676,80.583333300,164,161.700000000,666.819907000,466.307057000,412890.003000000,206.985000000,55.763321600,1.000000000,saturated
1917,63.785288900,5740676,81.208333300,165,162.700000000,666.798757000,466.300784000,413199.603000000,207.686000000,55.651008100,1.000000000,saturated
1918,63.818622200,5743676,82.541666700,165,163.550000000,666.825749000,466.308088000,412297.002000000,207.686000000,55.634607200,1.000000000,saturated
1919,63.851955600,5746676,82.291666700,165,163.550000000,666.841261000,466.159253000,413940.602000000,207.686000000,55.644894300,1.000000000,saturated
1920,63.884800000,5749632,80.500000000,173,169.800000000,666.653621000,466.231455000,414665.602000000,206.740000000,55.797042400,1.000000000,saturated
1921,63.918133300,5752632,81.166666700,173,170.650000000,666.611258000,466.157821000,421344.781000000,206.740000000,55.965747000,1.000000000,saturated
1922,63.951466700,5755632,83.291666700,174,170.950000000,666.437499000,466.194886000,423104.981000000,208.387000000,55.955716500,1.000000000,saturated
1923,63.984800000,5758632,82.666666700,172,169.950000000,666.480424000,466.153439000,421462.602000000,207.441000000,55.963341700,1.000000000,saturated
1924,64.018133300,5761632,81.500000000,169,167.950000000,666.530056000,466.208278000,419671.402000000,208.142000000,55.956580500,1.000000000,saturated
1925,64.051466700,5764632,80.458333300,168,166.950000000,666.495161000,466.107990000,414917.398000000,206.985000000,55.753349100,1.000000000,saturated
1926,64.084800000,5767632,81.458333300,168,167.100000000,666.578911000,466.099328000,412860.598000000,206.985000000,55.627245400,1.000000000,saturated
1927,64.118133300,5770632,81.416666700,169,167.950000000,666.509487000,466.001625000,414845.998000000,205.355000000,55.664645700,1.000000000,saturated
1928,64.150988900,5773589,82.291666700,171,168.950000000,666.540644000,466.037250000,420630.581000000,207.572000000,55.939047900,1.000000000,saturated
1929,64.184322200,5776589,82.291666700,171,169.800000000,666.499707000,466.156383000,421549.000000000,207.800000000,56.128458900,0.999905112,saturated
1930,64.217655600,5779589,82.625000000,172,169.950000000,666.534806000,466.176341000,411728.602000000,205.241000000,55.863729100,1.000000000,saturated
1931,64.250988900,5782589,82.791666700,173,169.950000000,666.458128000,466.117652000,414853.181000000,204.426000000,55.853835700,1.000000000,saturated
1932,64.284322200,5785589,82.500000000,175,171.200000000,666.503043000,466.111461000,421091.218000000,206.643000000,56.108254700,1.000000000,saturated
1933,64.317655600,5788589,83.416666700,178,174.050000000,666.487764000,466.239175000,419648.819000000,206.871000000,56.123715400,1.000000000,saturated
1934,64.350988900,5791589,84.625000000,180,175.900000000,666.479537000,466.438493000,418594.418000000,206.643000000,56.198490800,1.000000000,saturated
1935,64.384322200,5794589,81.833333300,175,167.100000000,666.528802000,466.362857000,416822.619000000,209.088000000,56.207975900,1.000000000,saturated
1936,64.417188900,5797547,83.208333300,175,167.100000000,666.517435000,466.150137000,413951.419000000,209.903000000,56.122823800,1.000000000,saturated
1937,64.450522200,5800547,82.083333300,175,167.100000000,666.332956000,466.358140000,417159.419000000,209.202000000,56.129623400,1.000000000,saturated
1938,64.483855600,5803547,81.916666700,175,167.100000000,666.369601000,466.282245000,416024.019000000,209.202000000,56.063666800,1.000000000,saturated
1939,64.517188900,5806547,81.541666700,175,167.100000000,666.450535000,466.222747000,409788.000000000,205.942000000,55.911278100,1.000000000,saturated
1940,64.550522200,5809547,83.583333300,179,166.550000000,666.314998000,465.969973000,409564.000000000,205.942000000,55.900599700,1.000000000,saturated
1941,64.583855600,5812547,81.958333300,176,164.700000000,666.405093000,465.903900000,409676.000000000,205.942000000,56.032116300,1.000000000,saturated
1942,64.617188900,5815547,81.916666700,176,166.550000000,666.523207000,466.039407000,412875.000000000,204.654000000,56.096307400,1.000000000,saturated
1943,64.650522200,5818547,83.291666700,179,169.250000000,666.791762000,466.093444000,397803.797000000,204.882000000,55.568732500,1.000000000,saturated
1944,64.683355600,5821502,83.500000000,180,170.400000000,666.779893000,466.184403000,397310.797000000,204.768000000,55.585579300,1.000000000,saturated
1945,64.716688900,5824502,84.583333300,189,179.200000000,666.562832000,466.100545000,406713.781000000,205.942000000,55.825012900,1.000000000,saturated
1946,64.750022200,5827502,84.833333300,189,180.750000000,666.571631000,466.114529000,407078.581000000,205.355000000,55.834646700,1.000000000,saturated
1947,64.783355600,5830502,85.791666700,190,181.900000000,666.582116000,466.195834000,411435.000000000,206.985000000,55.931008400,1.000000000,saturated
1948,64.816688900,5833502,84.791666700,189,180.750000000,666.531634000,466.190331000,410391.000000000,208.387000000,56.038077400,1.000000000,saturated
1949,64.850022200,5836502,83.416666700,186,178.200000000,666.554577000,466.217336000,410783.000000000,208.387000000,55.930116700,1.000000000,saturated
1950,64.883355600,5839502,84.458333300,190,182.050000000,666.516046000,466.206323000,415015.000000000,208.387000000,55.977307200,1.000000000,saturated
1951,64.916688900,5842502,86.166666700,192,184.050000000,666.594861000,466.149260000,405091.802000000,206.284000000,55.646778400,1.000000000,saturated
1952,64.949555600,5845460,85.500000000,196,184.600000000,666.587430000,466.163092000,408045.981000000,207.686000000,55.861772900,1.000000000,saturated
1953,64.982888900,5848460,85.000000000,195,184.600000000,666.564972000,466.090187000,397959.597000000,206.626000000,55.428424000,1.000000000,saturated
1954,65.016222200,5851460,84.458333300,193,183.600000000,666.717171000,465.973172000,396291.618000000,207.327000000,55.309572000,1.000000000,saturated
1955,65.049555600,5854460,85.416666700,195,183.600000000,666.694469000,465.987041000,395159.418000000,207.099000000,55.243923600,1.000000000,saturated
1956,65.082888900,5857460,86.583333300,193,182.600000000,666.583547000,465.995665000,394843.218000000,208.028000000,55.216803100,1.000000000,saturated
1957,65.116222200,5860460,86.041666700,192,182.450000000,666.668988000,466.030014000,404287.403000000,207.800000000,55.429363900,1.000000000,saturated
1958,65.149555600,5863460,87.041666700,192,183.450000000,666.671045000,466.029587000,403348.003000000,206.985000000,55.418875800,1.000000000,saturated
1959,65.182888900,5866460,86.166666700,191,181.600000000,666.688687000,466.077226000,403929.203000000,206.985000000,55.528556700,1.000000000,saturated
1960,65.215744400,5869417,86.750000000,192,182.450000000,666.740672000,466.117411000,403765.803000000,205.925000000,55.616950400,1.000000000,saturated
1961,65.249077800,5872417,86.291666700,195,184.300000000,666.773112000,466.086297000,405058.403000000,205.811000000,55.795198900,1.000000000,saturated
1962,65.282411100,5875417,85.500000000,196,182.450000000,666.845690000,465.824025000,408907.803000000,206.056000000,55.981736200,1.000000000,saturated
1963,65.315744400,5878417,84.583333300,193,181.150000000,666.817840000,465.850818000,404345.797000000,206.626000000,55.817457100,1.000000000,saturated
1964,65.349077800,5881417,84.000000000,193,180.150000000,666.607129000,465.879956000,419222.000000000,207.327000000,56.334629400,1.000000000,saturated
1965,65.382411100,5884417,83.333333300,197,180.150000000,666.660188000,465.968655000,407946.403000000,207.686000000,56.019251700,1.000000000,saturated
1966,65.415744400,5887417,84.291666700,198,181.450000000,666.733347000,465.948349000,398969.818000000,207.213000000,55.736042000,1.000000000,saturated
1967,65.449077800,5890417,85.250000000,197,183.300000000,666.802786000,465.828196000,389592.182000000,205.811000000,55.439343900,1.000000000,saturated
1968,65.481922200,5893373,86.416666700,200,186.300000000,666.644938000,465.671524000,398187.818000000,205.110000000,55.632816200,1.000000000,saturated
1969,65.515255600,5896373,85.583333300,199,184.450000000,666.499223000,465.716377000,409944.203000000,208.501000000,55.867645000,1.000000000,saturated
1970,65.548588900,5899373,85.625000000,200,184.450000000,666.461830000,465.954548000,405293.597000000,205.811000000,55.665944900,1.000000000,saturated
1971,65.581922200,5902373,84.791666700,199,184.450000000,666.530579000,465.835299000,405691.397000000,204.751000000,55.713693100,1.000000000,saturated
1972,65.615255600,5905373,85.583333300,198,184.600000000,666.571985000,465.863321000,406715.997000000,205.110000000,55.747811300,1.000000000,saturated
1973,65.648588900,5908373,86.583333300,199,186.300000000,666.621252000,465.838290000,405886.597000000,205.338000000,55.770444200,1.000000000,saturated
1974,65.681922200,5911373,88.250000000,200,189.000000000,666.446838000,465.881432000,408336.997000000,204.409000000,55.702408600,1.000000000,saturated
1975,65.715255600,5914373,87.416666700,203,190.850000000,666.411140000,465.976472000,403965.418000000,207.914000000,55.586041700,1.000000000,saturated
1976,65.748111100,5917330,87.000000000,204,190.850000000,666.391288000,465.980330000,403979.818000000,207.213000000,55.597286100,1.000000000,saturated
1977,65.781444400,5920330,86.750000000,201,189.000000000,666.440860000,465.956000000,400631.618000000,207.099000000,55.554378100,1.000000000,saturated
1978,65.814777800,5923330,86.208333300,200,187.000000000,666.541335000,465.955354000,402528.418000000,204.654000000,55.621517300,1.000000000,saturated
1979,65.848111100,5926330,86.416666700,200,187.850000000,666.399192000,466.105313000,405290.597000000,207.099000000,55.764960200,1.000000000,saturated
1980,65.881444400,5929330,88.125000000,199,182.900000000,666.382009000,466.215859000,409365.403000000,206.056000000,55.762168100,1.000000000,saturated
1981,65.914777800,5932330,87.708333300,198,181.900000000,666.456255000,466.118872000,409177.403000000,205.355000000,55.843472700,1.000000000,saturated
1982,65.948111100,5935330,86.416666700,198,181.900000000,666.499476000,466.080908000,405289.397000000,205.583000000,55.634692900,1.000000000,saturated
1983,65.981444400,5938330,86.333333300,197,180.900000000,666.528977000,466.011648000,407614.197000000,206.985000000,55.740753300,1.000000000,saturated
1984,66.014300000,5941287,86.250000000,196,179.900000000,666.506579000,465.983083000,405820.397000000,203.839000000,55.684246200,1.000000000,saturated
1985,66.047633300,5944287,86.000000000,199,182.750000000,666.534334000,465.964824000,408678.982000000,204.654000000,55.531132700,1.000000000,saturated
1986,66.080966700,5947287,86.958333300,199,183.750000000,666.565786000,465.966373000,406100.818000000,203.839000000,55.429227200,1.000000000,saturated
1987,66.114300000,5950287,87.166666700,198,183.750000000,666.464182000,466.105456000,406006.218000000,203.839000000,55.553420900,1.000000000,saturated
1988,66.147633300,5953287,85.791666700,199,180.450000000,666.440370000,466.104762000,405422.818000000,204.996000000,55.609716200,1.000000000,saturated
1989,66.180966700,5956287,86.625000000,199,181.450000000,666.362222000,466.138741000,405719.418000000,204.996000000,55.667245800,1.000000000,saturated
1990,66.214300000,5959287,85.458333300,199,182.300000000,666.229238000,466.222809000,415299.003000000,204.426000000,56.051755200,1.000000000,saturated
1991,66.247633300,5962287,83.083333300,194,180.450000000,666.259870000,466.345338000,413271.203000000,206.056000000,55.959400300,1.000000000,saturated
1992,66.280477800,5965243,84.708333300,195,181.300000000,666.181368000,466.320729000,413171.603000000,205.241000000,55.930020300,1.000000000,saturated
1993,66.313811100,5968243,85.166666700,195,181.450000000,666.325566000,466.347785000,419114.781000000,205.241000000,56.040948100,1.000000000,saturated
1994,66.347144400,5971243,85.791666700,194,180.600000000,666.522754000,466.256573000,411232.198000000,205.355000000,55.795344100,1.000000000,saturated
1995,66.380477800,5974243,85.208333300,184,178.350000000,666.593416000,466.246735000,415818.000000000,205.355000000,55.961309000,1.000000000,saturated
1996,66.413811100,5977243,85.875000000,184,179.350000000,666.747199000,466.223686000,413298.000000000,205.355000000,55.857771300,1.000000000,saturated
1997,66.447144400,5980243,85.916666700,184,178.350000000,666.748297000,466.287669000,412383.000000000,202.725000000,55.818630800,1.000000000,saturated
1998,66.480477800,5983243,84.041666700,183,176.200000000,666.881209000,466.256635000,411807.398000000,205.355000000,55.769937700,1.000000000,saturated
1999,66.513811100,5986243,84.750000000,177,174.500000000,666.928792000,466.224130000,414142.398000000,206.170000000,55.925782100,1.000000000,saturated
2000,66.546666700,5989200,85.083333300,169,166.500000000,666.949472000,466.153217000,408031.418000000,206.284000000,55.758395700,1.000000000,saturated
2001,66.580000000,5992200,84.500000000,171,167.950000000,666.838433000,466.131147000,410400.618000000,204.181000000,55.807720900,1.000000000,saturated
2002,66.613333300,5995200,83.333333300,170,166.950000000,666.789413000,466.103880000,412139.418000000,205.583000000,55.784907400,1.000000000,saturated
2003,66.646666700,5998200,84.083333300,174,169.100000000,666.794720000,466.030833000,409302.618000000,203.839000000,55.628536500,1.000000000,saturated
2004,66.680000000,6001200,85.375000000,178,170.700000000,666.811140000,466.051612000,407489.218000000,203.839000000,55.617855700,1.000000000,saturated
2005,66.713333300,6004200,84.666666700,176,169.700000000,666.743473000,466.167419000,412785.582000000,203.839000000,55.726120200,1.000000000,saturated
2006,66.746666700,6007200,85.708333300,180,178.650000000,666.788691000,466.036447000,413582.382000000,205.355000000,55.731884600,1.000000000,saturated
2007,66.780000000,6010200,84.666666700,176,174.800000000,666.782604000,466.082009000,416272.998000000,207.099000000,55.839708900,1.000000000,saturated
2008,66.812866700,6013158,86.416666700,181,179.500000000,666.674645000,466.093679000,423158.218000000,207.800000000,55.991349700,1.000000000,saturated
2009,66.846200000,6016158,85.375000000,180,177.500000000,666.606094000,466.026685000,423602.418000000,207.800000000,55.953119300,1.000000000,saturated
2010,66.879533300,6019158,83.333333300,172,164.350000000,666.553182000,465.996343000,433669.000000000,208.387000000,56.276966000,1.000000000,saturated
2011,66.912866700,6022158,84.083333300,174,165.350000000,666.566014000,465.873247000,431297.000000000,208.387000000,56.232860200,1.000000000,saturated
2012,66.946200000,6025158,84.291666700,177,167.650000000,666.432906000,465.866767000,434494.219000000,208.273000000,56.349751200,1.000000000,saturated
2013,66.979533300,6028158,85.000000000,176,166.500000000,666.542551000,465.694124000,434391.019000000,208.273000000,56.454311100,1.000000000,saturated
2014,67.012866700,6031158,84.625000000,175,166.200000000,666.561388000,465.682183000,433429.019000000,208.387000000,56.354225300,1.000000000,saturated
2015,67.046200000,6034158,83.958333300,173,165.350000000,666.727245000,465.789722000,426250.000000000,206.170000000,56.078419200,1.000000000,saturated
2016,67.079044400,6037114,84.333333300,172,163.500000000,666.731786000,465.778877000,425243.000000000,206.170000000,56.135811800,1.000000000,saturated
2017,67.112377800,6040114,85.083333300,172,163.650000000,666.716098000,465.644889000,422927.000000000,206.871000000,56.073644400,1.000000000,saturated
2018,67.145711100,6043114,85.875000000,173,165.500000000,666.689176000,465.622208000,423921.000000000,207.572000000,56.061508200,1.000000000,saturated
2019,67.179044400,6046114,85.666666700,173,165.500000000,666.695486000,465.550550000,424227.000000000,206.871000000,56.110900500,1.000000000,saturated
2020,67.212377800,6049114,86.458333300,176,167.950000000,666.802741000,465.580805000,418626.218000000,206.170000000,55.819522800,1.000000000,saturated
2021,67.245711100,6052114,86.583333300,175,167.950000000,666.754536000,465.592373000,415853.000000000,206.170000000,55.658097000,1.000000000,saturated
2022,67.279044400,6055114,85.958333300,168,167.000000000,666.796877000,465.505508000,416630.000000000,206.170000000,55.790907700,1.000000000,saturated
2023,67.312377800,6058114,85.083333300,167,165.000000000,666.791839000,465.495139000,415952.000000000,205.469000000,55.820823000,1.000000000,saturated
2024,67.345233300,6061071,84.250000000,167,164.850000000,666.877557000,465.559487000,414299.000000000,205.355000000,55.690476900,1.000000000,saturated
2025,67.378566700,6064071,86.208333300,168,164.700000000,666.880988000,465.554081000,413959.000000000,205.469000000,55.642886600,1.000000000,saturated
2026,67.411900000,6067071,85.500000000,167,163.700000000,666.761639000,465.657191000,417288.000000000,204.067000000,55.789885300,1.000000000,saturated
2027,67.445233300,6070071,86.125000000,168,166.400000000,666.862266000,465.683582000,413150.000000000,206.170000000,55.741557300,1.000000000,saturated
2028,67.478566700,6073071,85.875000000,168,167.250000000,666.876133000,465.667594000,406364.218000000,204.768000000,55.589313900,1.000000000,saturated
2029,67.511900000,6076071,85.458333300,170,167.950000000,666.857340000,465.627412000,403006.000000000,204.181000000,55.377070600,1.000000000,saturated
2030,67.545233300,6079071,84.375000000,166,162.850000000,666.814971000,465.565406000,406813.618000000,206.284000000,55.443841900,1.000000000,saturated
2031,67.578566700,6082071,84.500000000,166,162.000000000,666.824933000,465.602609000,412448.000000000,205.355000000,55.667633100,1.000000000,saturated
2032,67.611422200,6085028,84.791666700,165,161.850000000,666.817911000,465.529915000,413502.000000000,204.654000000,55.737940800,1.000000000,saturated
2033,67.644755600,6088028,84.541666700,163,159.700000000,666.783881000,465.564580000,413582.000000000,204.996000000,55.893382800,1.000000000,saturated
2034,67.678088900,6091028,84.541666700,166,161.700000000,666.675816000,465.691284000,421453.781000000,205.110000000,56.176509400,1.000000000,saturated
2035,67.711422200,6094028,84.458333300,165,159.700000000,666.840257000,465.625825000,416165.802000000,205.241000000,56.051679800,1.000000000,saturated
2036,67.744755600,6097028,83.541666700,163,158.850000000,666.834068000,465.623828000,413529.402000000,206.056000000,55.935746000,1.000000000,saturated
2037,67.778088900,6100028,84.000000000,163,160.250000000,666.757852000,465.607088000,418457.781000000,206.056000000,56.070080600,1.000000000,saturated
2038,67.811422200,6103028,83.916666700,162,160.550000000,666.824151000,465.655399000,405365.018000000,206.626000000,55.496406000,1.000000000,saturated
2039,67.844755600,6106028,83.958333300,162,161.850000000,666.757822000,465.646853000,403848.018000000,205.583000000,55.503354500,1.000000000,saturated
2040,67.877600000,6108984,84.000000000,168,166.550000000,666.723968000,465.814548000,412029.602000000,206.398000000,55.776333000,1.000000000,saturated
2041,67.910933300,6111984,83.666666700,166,164.700000000,666.725860000,465.794098000,412784.602000000,206.398000000,55.738140100,1.000000000,saturated
2042,67.944266700,6114984,84.166666700,168,166.700000000,666.695121000,465.711570000,413398.602000000,207.686000000,55.656238500,1.000000000,saturated
2043,67.977600000,6117984,83.833333300,168,165.000000000,666.716966000,465.718237000,415067.202000000,207.686000000,55.719754200,1.000000000,saturated
2044,68.010933300,6120984,83.416666700,167,166.700000000,666.771659000,465.744324000,406522.218000000,205.469000000,55.447656900,1.000000000,saturated
2045,68.044266700,6123984,84.833333300,167,164.850000000,666.822617000,465.685055000,405257.818000000,206.284000000,55.332297400,1.000000000,saturated
2046,68.077600000,6126984,84.250000000,165,164.850000000,666.705829000,465.728507000,414798.402000000,207.686000000,55.711762900,1.000000000,saturated
2047,68.110933300,6129984,83.666666700,165,164.000000000,666.657245000,465.825375000,413584.403000000,207.686000000,55.801745600,1.000000000,saturated
2048,68.143788900,6132941,84.250000000,167,164.700000000,666.655614000,465.919134000,412641.203000000,207.686000000,55.701826400,1.000000000,saturated
2049,68.177122200,6135941,84.000000000,167,163.850000000,666.550445000,465.976028000,415569.402000000,207.800000000,55.790198100,1.000000000,saturated
2050,68.210455600,6138941,85.708333300,177,171.850000000,666.657006000,465.948931000,415286.202000000,205.583000000,55.805719500,1.000000000,saturated
2051,68.243788900,6141941,86.208333300,176,171.000000000,666.753854000,465.905187000,413930.802000000,207.686000000,55.723924100,1.000000000,saturated
2052,68.277122200,6144941,85.250000000,172,168.850000000,666.730078000,465.858063000,413604.402000000,206.985000000,55.696696700,1.000000000,saturated
2053,68.310455600,6147941,84.416666700,171,167.850000000,666.784622000,465.890187000,414134.002000000,208.615000000,55.707994700,1.000000000,saturated
2054,68.343788900,6150941,84.458333300,169,168.400000000,666.767294000,465.793935000,415532.802000000,207.686000000,55.878983600,1.000000000,saturated
2055,68.377122200,6153941,84.041666700,168,164.700000000,666.661007000,465.793017000,420988.181000000,208.387000000,56.089389600,1.000000000,saturated
2056,68.409988900,6156899,84.208333300,169,164.850000000,666.636159000,465.898162000,419023.381000000,210.017000000,56.004624200,1.000000000,saturated
2057,68.443322200,6159899,84.166666700,169,164.850000000,666.728075000,465.744171000,407182.198000000,203.839000000,55.627637700,1.000000000,saturated
2058,68.476655600,6162899,84.000000000,168,163.850000000,666.723767000,465.877568000,409763.402000000,205.241000000,55.737880600,1.000000000,saturated
2059,68.509988900,6165899,83.958333300,168,163.850000000,666.711282000,465.971737000,407130.402000000,204.426000000,55.609343200,1.000000000,saturated
2060,68.543322200,6168899,84.250000000,168,165.000000000,666.726789000,465.831721000,410621.982000000,207.686000000,55.738741100,1.000000000,saturated
2061,68.576655600,6171899,83.791666700,166,165.000000000,666.712013000,465.822278000,411084.182000000,205.241000000,55.717877200,1.000000000,saturated
2062,68.609988900,6174899,83.791666700,166,165.000000000,666.649394000,465.833955000,415923.000000000,208.387000000,55.872729200,1.000000000,saturated
2063,68.643322200,6177899,85.416666700,168,168.000000000,666.583767000,465.877278000,414597.000000000,207.686000000,55.767121400,1.000000000,saturated
2064,68.676155600,6180854,85.416666700,169,168.850000000,666.607125000,465.917736000,413012.000000000,208.387000000,55.719093800,1.000000000,saturated
2065,68.709488900,6183854,86.041666700,169,169.000000000,666.597586000,465.775776000,413582.000000000,208.387000000,55.728498700,1.000000000,saturated
2066,68.742822200,6186854,85.875000000,168,168.000000000,666.649369000,465.732295000,415308.000000000,208.387000000,55.690529500,1.000000000,saturated
2067,68.776155600,6189854,85.791666700,169,167.550000000,666.675087000,465.739380000,419032.618000000,208.387000000,55.951377100,1.000000000,saturated
2068,68.809488900,6192854,85.583333300,168,166.550000000,666.642191000,465.860650000,417350.418000000,207.572000000,55.939299200,1.000000000,saturated
2069,68.842822200,6195854,85.166666700,168,167.850000000,666.646074000,465.859261000,419732.781000000,208.273000000,56.076665700,1.000000000,saturated
2070,68.876155600,6198854,84.708333300,170,167.550000000,666.714466000,465.793924000,405510.182000000,208.387000000,55.436742700,1.000000000,saturated
2071,68.909488900,6201854,85.375000000,169,165.850000000,666.733056000,465.780296000,404344.982000000,208.387000000,55.371804700,1.000000000,saturated
2072,68.942355600,6204812,86.500000000,170,167.850000000,666.753102000,465.745465000,404240.782000000,206.284000000,55.378859200,1.000000000,saturated
2073,68.975688900,6207812,85.875000000,168,167.550000000,666.762463000,465.627614000,405264.182000000,206.284000000,55.492450000,1.000000000,saturated
2074,69.009022200,6210812,85.458333300,168,167.550000000,666.634957000,465.664592000,406557.382000000,206.757000000,55.581936000,1.000000000,saturated
2075,69.042355600,6213812,85.041666700,168,166.850000000,666.544679000,465.718762000,405949.182000000,205.942000000,55.428414700,1.000000000,saturated
2076,69.075688900,6216812,86.083333300,169,167.550000000,666.530433000,465.735183000,407282.582000000,205.942000000,55.450750100,1.000000000,saturated
2077,69.109022200,6219812,85.291666700,169,167.550000000,666.440973000,465.790520000,411347.000000000,205.241000000,55.588737800,1.000000000,saturated
2078,69.142355600,6222812,84.083333300,169,167.400000000,666.647680000,465.847042000,404393.782000000,203.839000000,55.363740600,1.000000000,saturated
2079,69.175688900,6225812,84.291666700,168,166.250000000,666.634302000,465.858695000,403650.182000000,206.985000000,55.368442400,1.000000000,saturated
2080,69.208544400,6228769,84.083333300,165,164.550000000,666.506545000,465.999805000,415294.018000000,205.583000000,55.683603400,1.000000000,saturated
2081,69.241877800,6231769,84.541666700,166,164.400000000,666.464763000,465.919318000,415936.818000000,206.985000000,55.703613100,1.000000000,saturated
2082,69.275211100,6234769,83.875000000,168,164.550000000,666.495162000,466.010226000,415264.818000000,207.686000000,55.649425900,1.000000000,saturated
2083,69.308544400,6237769,83.333333300,165,163.550000000,666.479915000,466.187294000,415465.018000000,208.387000000,55.773607100,1.000000000,saturated
2084,69.341877800,6240769,81.958333300,164,160.850000000,666.482280000,466.193513000,410757.000000000,208.387000000,55.644275400,1.000000000,saturated
2085,69.375211100,6243769,82.750000000,164,160.850000000,666.426910000,466.043893000,414846.000000000,208.387000000,55.686881000,1.000000000,saturated
2086,69.408544400,6246769,85.166666700,168,164.700000000,666.418309000,465.929211000,414160.000000000,208.387000000,55.656931300,1.000000000,saturated
2087,69.441877800,6249769,84.375000000,168,164.700000000,666.511295000,465.818612000,402791.998000000,206.985000000,55.216775600,1.000000000,saturated
2088,69.474722200,6252725,84.500000000,170,164.850000000,666.541240000,465.792630000,407919.000000000,206.985000000,55.528164500,1.000000000,saturated
2089,69.508055600,6255725,85.250000000,170,164.000000000,666.447791000,466.028796000,409785.000000000,207.099000000,55.562246700,1.000000000,saturated
2090,69.541388900,6258725,84.708333300,170,164.850000000,666.413836000,466.130042000,419176.598000000,206.757000000,55.911900500,1.000000000,saturated
2091,69.574722200,6261725,84.250000000,170,164.700000000,666.420562000,466.044375000,416438.598000000,206.056000000,55.875104200,1.000000000,saturated
2092,69.608055600,6264725,84.291666700,170,164.700000000,666.322993000,465.955041000,417159.998000000,206.757000000,56.010646700,1.000000000,saturated
2093,69.641388900,6267725,83.916666700,170,165.700000000,666.223403000,465.972742000,416519.782000000,206.871000000,55.935759700,1.000000000,saturated
2094,69.674722200,6270725,84.458333300,170,167.400000000,666.309260000,465.962496000,416992.782000000,206.757000000,55.974872000,1.000000000,saturated
2095,69.708055600,6273725,82.750000000,169,164.850000000,666.341785000,466.005126000,411531.202000000,206.056000000,55.823431700,1.000000000,saturated
2096,69.740911100,6276682,82.333333300,166,164.700000000,666.317457000,465.888055000,416031.402000000,208.501000000,55.783158600,1.000000000,saturated
2097,69.774244400,6279682,82.666666700,166,164.850000000,666.185099000,465.835369000,421292.981000000,206.757000000,56.005202700,1.000000000,saturated
2098,69.807577800,6282682,81.708333300,166,161.950000000,666.246637000,465.898684000,421255.781000000,205.942000000,55.954681900,1.000000000,saturated
2099,69.840911100,6285682,82.000000000,166,162.100000000,666.385645000,465.996339000,417359.181000000,207.099000000,55.802615700,1.000000000,saturated
2100,69.874244400,6288682,84.875000000,184,178.500000000,666.515618000,466.159106000,412250.198000000,204.996000000,55.586542700,1.000000000,saturated
2101,69.907577800,6291682,84.291666700,182,176.500000000,666.498645000,466.019767000,410588.598000000,205.697000000,55.481318400,1.000000000,saturated
2102,69.940911100,6294682,82.625000000,177,175.650000000,666.508769000,465.938079000,408405.597000000,205.355000000,55.482975000,1.000000000,saturated
2103,69.974244400,6297682,83.291666700,177,174.800000000,666.552508000,466.041208000,408173.597000000,205.355000000,55.471469500,1.000000000,saturated
2104,70.007100000,6300639,83.416666700,176,173.800000000,666.559543000,465.939969000,411904.602000000,206.170000000,55.627235600,1.000000000,saturated
2105,70.040433300,6303639,84.041666700,177,174.650000000,666.485506000,466.029050000,412293.802000000,205.469000000,55.728902900,1.000000000,saturated
2106,70.073766700,6306639,85.583333300,178,176.800000000,666.465209000,466.181732000,416905.381000000,206.871000000,55.804312800,1.000000000,saturated
2107,70.107100000,6309639,84.208333300,175,173.100000000,666.374631000,466.054293000,415718.402000000,206.056000000,55.699478400,1.000000000,saturated
2108,70.140433300,6312639,82.416666700,173,170.250000000,666.426403000,466.133594000,407228.998000000,205.697000000,55.098142800,1.000000000,saturated
2109,70.173766700,6315639,83.625000000,175,172.650000000,669.234273000,465.629611000,348449.598000000,206.512000000,52.646373000,1.000000000,saturated
2110,70.207100000,6318639,84.250000000,176,173.650000000,671.711239000,462.778499000,363886.017000000,206.985000000,53.276020600,1.000000000,saturated
2111,70.240433300,6321639,84.333333300,178,175.650000000,673.457642000,459.958947000,361217.000000000,205.241000000,53.659370800,1.000000000,saturated
2112,70.273277800,6324595,86.291666700,181,177.800000000,673.338606000,459.057752000,360808.983000000,206.056000000,54.638247000,1.000000000,saturated
2113,70.306611100,6327595,85.375000000,180,177.650000000,669.393516000,459.767851000,402009.018000000,206.512000000,56.225048100,1.000000000,saturated
2114,70.339944400,6330595,85.458333300,179,176.650000000,665.647708000,462.367167000,447390.000000000,205.241000000,57.817769300,1.000000000,saturated
2115,70.373277800,6333595,85.666666700,180,177.500000000,664.891352000,463.107767000,453352.002000000,205.583000000,57.654665800,1.000000000,saturated
2116,70.406611100,6336595,85.750000000,180,178.200000000,663.961980000,463.422721000,465277.601000000,206.056000000,57.893124300,1.000000000,saturated
2117,70.439944400,6339595,83.791666700,174,171.500000000,663.180555000,463.638663000,478968.000000000,205.942000000,58.521800100,1.000000000,saturated
2118,70.473277800,6342595,83.000000000,176,174.050000000,662.913343000,462.961182000,478485.000000000,206.170000000,58.534137300,1.000000000,saturated
2119,70.506611100,6345595,84.541666700,180,176.200000000,662.544800000,462.318656000,481796.621000000,208.501000000,58.688685700,1.000000000,saturated
2120,70.539466700,6348552,83.375000000,180,175.200000000,662.379305000,462.083144000,479580.000000000,207.213000000,58.421237400,1.000000000,saturated
2121,70.572800000,6351552,82.708333300,183,177.500000000,662.455136000,461.988243000,484747.000000000,205.942000000,58.460603600,1.000000000,saturated
2122,70.606133300,6354552,82.541666700,180,176.650000000,662.740554000,462.263175000,479684.000000000,206.871000000,58.251925500,1.000000000,saturated
2123,70.639466700,6357552,83.791666700,180,176.650000000,663.527575000,462.307229000,457904.602000000,208.729000000,57.387834200,1.000000000,saturated
2124,70.672800000,6360552,85.541666700,185,179.350000000,664.301447000,462.159008000,448839.780000000,208.615000000,56.684012000,1.000000000,saturated
2125,70.706133300,6363552,86.083333300,185,181.200000000,664.980881000,461.675309000,443001.020000000,206.284000000,56.727969300,1.000000000,saturated
2126,70.739466700,6366552,85.166666700,186,181.050000000,665.600581000,461.495109000,421248.803000000,204.067000000,56.060633500,1.000000000,saturated
2127,70.772800000,6369552,83.750000000,184,177.200000000,665.790005000,461.394667000,431621.219000000,204.181000000,56.398757600,1.000000000,saturated
2128,70.805666700,6372510,84.416666700,184,179.900000000,666.169301000,461.523716000,412472.000000000,203.708000000,55.681657100,1.000000000,saturated
2129,70.839000000,6375510,83.625000000,183,178.050000000,666.323133000,461.954680000,417817.581000000,206.512000000,55.877233800,1.000000000,saturated
2130,70.872333300,6378510,83.750000000,198,182.450000000,666.706360000,462.192009000,414559.000000000,207.213000000,55.825909700,1.000000000,saturated
2131,70.905666700,6381510,83.291666700,193,179.600000000,666.604011000,462.261188000,414006.818000000,207.327000000,55.491828300,1.000000000,saturated
2132,70.939000000,6384510,83.208333300,192,179.600000000,667.142910000,461.987466000,410726.618000000,206.626000000,55.564908000,1.000000000,saturated
2133,70.972333300,6387510,84.750000000,193,180.450000000,667.883836000,461.448177000,405004.418000000,207.099000000,55.577436800,1.000000000,saturated
2134,71.005666700,6390510,86.375000000,193,181.450000000,668.208125000,461.345651000,398324.000000000,204.067000000,55.364454900,1.000000000,saturated
2135,71.039000000,6393510,85.916666700,193,181.600000000,668.174736000,461.109852000,408050.398000000,205.469000000,55.845739700,1.000000000,saturated
2136,71.071844400,6396466,85.416666700,192,180.600000000,667.932984000,461.006024000,416531.998000000,206.170000000,56.409562500,1.000000000,saturated
2137,71.105177800,6399466,85.416666700,191,180.750000000,667.276242000,461.398901000,430002.781000000,207.800000000,56.566588600,1.000000000,saturated
2138,71.138511100,6402466,86.166666700,193,181.600000000,666.922856000,461.819595000,425517.802000000,207.099000000,56.192536800,1.000000000,saturated
2139,71.171844400,6405466,86.375000000,193,182.600000000,666.704844000,461.978692000,425853.602000000,206.398000000,56.161653500,1.000000000,saturated
2140,71.205177800,6408466,86.541666700,198,182.600000000,666.757489000,461.931860000,417694.818000000,207.555000000,55.893400600,1.000000000,saturated
2141,71.238511100,6411466,85.791666700,197,180.600000000,666.713979000,461.802921000,417612.019000000,206.284000000,56.117496200,1.000000000,saturated
2142,71.271844400,6414466,83.916666700,191,174.750000000,666.493656000,461.645318000,424528.603000000,208.501000000,56.417344500,1.000000000,saturated
2143,71.305177800,6417466,84.375000000,191,174.750000000,666.439496000,461.690207000,421295.597000000,205.583000000,56.253439100,1.000000000,saturated
2144,71.338033300,6420423,84.208333300,191,175.750000000,666.342461000,461.728873000,417066.419000000,204.996000000,55.980319600,1.000000000,saturated
2145,71.371366700,6423423,84.625000000,189,178.200000000,666.448142000,461.790309000,412889.000000000,205.697000000,55.746027000,0.999980624,saturated
2146,71.404700000,6426423,84.000000000,187,177.200000000,666.495440000,461.737027000,410833.000000000,203.953000000,55.747513100,0.999980527,saturated
2147,71.438033300,6429423,84.500000000,187,177.200000000,666.277815000,461.886370000,415304.819000000,203.839000000,55.938451100,0.999965327,saturated
2148,71.471366700,6432423,84.291666700,186,177.200000000,666.322699000,461.969516000,414149.218000000,203.480000000,55.918735800,0.999965230,saturated
2149,71.504700000,6435423,84.791666700,186,177.200000000,666.433642000,462.009054000,415825.419000000,204.067000000,55.911562300,1.000000000,saturated
2150,71.538033300,6438423,83.916666700,185,176.900000000,666.508787000,462.013382000,415470.181000000,203.839000000,55.943851400,1.000000000,saturated
2151,71.571366700,6441423,84.375000000,184,175.900000000,666.573221000,462.051168000,410515.004000000,203.024000000,55.782757000,1.000000000,saturated
2152,71.604222200,6444380,83.416666700,183,174.900000000,666.550370000,462.056714000,412595.403000000,204.654000000,55.898322800,1.000000000,saturated
2153,71.637555600,6447380,83.250000000,182,173.900000000,666.695597000,461.964583000,406181.197000000,204.067000000,55.582809100,1.000000000,saturated
2154,71.670888900,6450380,84.416666700,185,176.050000000,666.758425000,461.904462000,409207.000000000,206.512000000,55.728885900,0.999941350,saturated
2155,71.704222200,6453380,83.500000000,184,174.200000000,666.805186000,461.815273000,408062.797000000,204.181000000,55.741264900,0.999968632,saturated
2156,71.737555600,6456380,83.416666700,182,173.050000000,666.703599000,461.747959000,417999.419000000,206.284000000,56.077556500,0.999946411,saturated
2157,71.770888900,6459380,83.000000000,179,169.500000000,666.601570000,461.786092000,424127.797000000,204.654000000,56.309535800,0.999932096,saturated
2158,71.804222200,6462380,82.791666700,177,169.500000000,666.516498000,461.613996000,422159.998000000,206.985000000,56.234156300,0.999931779,saturated
2159,71.837555600,6465380,83.041666700,176,168.500000000,666.456283000,461.712085000,421428.798000000,206.398000000,56.191063600,1.000000000,saturated
2160,71.870400000,6468336,84.208333300,187,172.500000000,666.378090000,461.873207000,428063.202000000,208.142000000,56.506539900,1.000000000,saturated
2161,71.903733300,6471336,84.791666700,186,172.200000000,666.511719000,461.868875000,429477.581000000,206.757000000,56.574222100,1.000000000,saturated
2162,71.937066700,6474336,85.166666700,186,172.500000000,666.552972000,461.982534000,426003.981000000,208.387000000,56.540886200,1.000000000,saturated
2163,71.970400000,6477336,85.041666700,190,175.500000000,666.486346000,461.810237000,438995.420000000,209.088000000,56.848168900,1.000000000,saturated
2164,72.003733300,6480336,84.166666700,190,174.650000000,666.473588000,461.734780000,436885.402000000,209.088000000,56.650793800,1.000000000,saturated
2165,72.037066700,6483336,86.333333300,198,178.700000000,666.418060000,461.868039000,435335.802000000,209.088000000,56.547580700,1.000000000,saturated
2166,72.070400000,6486336,85.375000000,195,176.850000000,666.405807000,461.902387000,436485.202000000,208.387000000,56.649049300,1.000000000,saturated
2167,72.103733300,6489336,85.041666700,193,175.400000000,666.359620000,461.885110000,437266.402000000,209.088000000,56.588508100,1.000000000,saturated
2168,72.136588900,6492293,85.375000000,191,175.800000000,666.390919000,461.811880000,434328.000000000,208.387000000,56.480308800,1.000000000,saturated
2169,72.169922200,6495293,84.916666700,188,174.800000000,666.599314000,461.816340000,424239.781000000,208.387000000,56.239725000,1.000000000,saturated
2170,72.203255600,6498293,82.375000000,170,161.850000000,666.613332000,461.819691000,418790.603000000,207.800000000,56.069068900,1.000000000,saturated
2171,72.236588900,6501293,83.458333300,171,162.850000000,666.550854000,461.861473000,419253.403000000,207.099000000,56.046516800,1.000000000,saturated
2172,72.269922200,6504293,83.708333300,171,162.850000000,666.517054000,461.851412000,421027.203000000,206.871000000,55.981536700,1.000000000,saturated
2173,72.303255600,6507293,82.958333300,169,162.000000000,666.582900000,461.945282000,418566.597000000,208.615000000,55.973481300,1.000000000,saturated
2174,72.336588900,6510293,82.291666700,168,161.000000000,666.485887000,461.946886000,423365.003000000,209.316000000,56.114485600,1.000000000,saturated
2175,72.369922200,6513293,81.083333300,175,164.100000000,666.460114000,461.927417000,426645.202000000,206.985000000,56.204682900,1.000000000,saturated
2176,72.402788900,6516251,81.500000000,173,164.100000000,666.455464000,461.891730000,424571.802000000,207.686000000,56.173913500,1.000000000,saturated
2177,72.436122200,6519251,81.375000000,172,163.250000000,666.619004000,461.861299000,423802.402000000,207.686000000,56.077214200,1.000000000,saturated
2178,72.469455600,6522251,80.833333300,170,161.550000000,666.561323000,461.825866000,421837.602000000,206.871000000,56.052397300,1.000000000,saturated
2179,72.502788900,6525251,80.708333300,171,161.850000000,666.598125000,462.057330000,425586.181000000,207.572000000,56.234587400,1.000000000,saturated
2180,72.536122200,6528251,82.333333300,177,166.950000000,666.451350000,462.034083000,416004.997000000,206.039000000,55.969145300,1.000000000,saturated
2181,72.569455600,6531251,81.458333300,177,165.250000000,666.491316000,462.032750000,416458.197000000,206.039000000,55.971445100,1.000000000,saturated
2182,72.602788900,6534251,82.541666700,178,167.100000000,666.385652000,462.135955000,430429.000000000,207.555000000,56.410266800,1.000000000,saturated
2183,72.636122200,6537251,82.041666700,177,164.100000000,666.311956000,462.224682000,428157.000000000,208.957000000,56.312261400,1.000000000,saturated
2184,72.668955600,6540206,83.375000000,177,165.400000000,666.405199000,462.230796000,428868.000000000,209.658000000,56.308697700,1.000000000,saturated
2185,72.702288900,6543206,83.291666700,178,164.850000000,666.489533000,462.181813000,426066.181000000,207.555000000,56.199396200,1.000000000,saturated
2186,72.735622200,6546206,82.208333300,177,163.850000000,666.585668000,462.107630000,422217.581000000,207.572000000,56.093156600,1.000000000,saturated
2187,72.768955600,6549206,82.708333300,180,167.550000000,666.627640000,462.080933000,411173.197000000,206.968000000,55.741864600,1.000000000,saturated
2188,72.802288900,6552206,82.500000000,180,168.550000000,666.572382000,462.056182000,411320.397000000,206.968000000,55.708887200,1.000000000,saturated
2189,72.835622200,6555206,81.666666700,180,169.100000000,666.531406000,462.113548000,411808.797000000,206.968000000,55.768597700,1.000000000,saturated
2190,72.868955600,6558206,84.666666700,198,184.450000000,666.519377000,461.816350000,421673.381000000,209.316000000,56.043824000,1.000000000,saturated
2191,72.902288900,6561206,85.500000000,198,185.450000000,666.484897000,461.790984000,421856.981000000,209.316000000,56.088432100,1.000000000,saturated
2192,72.935155600,6564164,85.666666700,197,185.300000000,666.497152000,461.795331000,424183.381000000,209.316000000,56.114924900,1.000000000,saturated
2193,72.968488900,6567164,84.916666700,197,184.300000000,666.630665000,461.794089000,425364.381000000,209.316000000,56.164332300,1.000000000,saturated
2194,73.001822200,6570164,84.958333300,194,183.450000000,666.620438000,461.747337000,428860.000000000,209.316000000,56.242967100,1.000000000,saturated
2195,73.035155600,6573164,83.458333300,198,182.600000000,666.719904000,461.782741000,427646.581000000,208.615000000,56.047133800,1.000000000,saturated
2196,73.068488900,6576164,84.208333300,197,182.750000000,666.581392000,461.769244000,431898.000000000,209.316000000,56.250068000,1.000000000,saturated
2197,73.101822200,6579164,84.333333300,194,181.750000000,666.617268000,461.771494000,433586.202000000,209.316000000,56.335788900,1.000000000,saturated
2198,73.135155600,6582164,84.541666700,196,182.750000000,666.560394000,461.861173000,434768.202000000,209.903000000,56.402381000,1.000000000,saturated
2199,73.168488900,6585164,84.958333300,197,184.750000000,666.689470000,461.883721000,427791.581000000,209.202000000,56.140857100,1.000000000,saturated
2200,73.201344400,6588121,84.458333300,204,184.300000000,666.678059000,461.814185000,421263.000000000,208.843000000,55.922908500,1.000000000,saturated
2201,73.234677800,6591121,84.000000000,204,184.300000000,666.715064000,461.893249000,422424.000000000,208.843000000,55.906025100,1.000000000,saturated
2202,73.268011100,6594121,85.083333300,204,187.150000000,666.620322000,462.066634000,421607.602000000,209.316000000,55.882757500,1.000000000,saturated
2203,73.301344400,6597121,86.750000000,205,187.150000000,666.523446000,462.033565000,422445.402000000,209.316000000,55.839782000,1.000000000,saturated
2204,73.334677800,6600121,85.500000000,204,186.150000000,666.632393000,461.907971000,418482.198000000,206.284000000,55.797282300,1.000000000,saturated
2205,73.368011100,6603121,86.000000000,198,184.900000000,666.606352000,461.839917000,417850.197000000,206.985000000,55.786982700,1.000000000,saturated
2206,73.401344400,6606121,84.708333300,198,184.750000000,666.596936000,461.906995000,421855.202000000,207.686000000,55.948656300,1.000000000,saturated
2207,73.434677800,6609121,85.083333300,197,184.750000000,666.560561000,461.992231000,423164.202000000,207.686000000,56.071853200,1.000000000,saturated
2208,73.467522200,6612077,84.416666700,196,183.750000000,666.625929000,461.953351000,418757.197000000,206.985000000,55.918841600,1.000000000,saturated
2209,73.500855600,6615077,84.208333300,194,182.750000000,666.592841000,461.795321000,416733.397000000,208.028000000,55.788705700,1.000000000,saturated
2210,73.534188900,6618077,84.083333300,193,180.900000000,666.444682000,461.874931000,425819.419000000,208.501000000,55.973400600,1.000000000,saturated
2211,73.567522200,6621077,85.166666700,194,180.750000000,666.431378000,461.898826000,425886.618000000,207.800000000,56.012960800,1.000000000,saturated
2212,73.600855600,6624077,84.375000000,192,178.600000000,666.429765000,461.835113000,424678.803000000,209.544000000,56.044492300,1.000000000,saturated
2213,73.634188900,6627077,85.375000000,192,180.450000000,666.499683000,461.775521000,420737.797000000,209.544000000,55.816389200,1.000000000,saturated
2214,73.667522200,6630077,84.500000000,191,180.450000000,666.530718000,461.940146000,425182.003000000,209.544000000,56.066348600,0.999964251,saturated
2215,73.700855600,6633077,84.791666700,194,183.450000000,666.384549000,462.079361000,424037.603000000,209.544000000,55.893855400,1.000000000,saturated
2216,73.733711100,6636034,85.625000000,193,187.300000000,666.454955000,461.944572000,429440.000000000,207.327000000,56.121741000,0.999981371,saturated
2217,73.767044400,6639034,84.541666700,197,187.300000000,666.445058000,461.961772000,423591.581000000,208.028000000,55.909997900,0.999996223,saturated
2218,73.800377800,6642034,85.708333300,197,188.300000000,666.459933000,461.775506000,423614.000000000,208.729000000,56.020827900,0.999981115,saturated
2219,73.833711100,6645034,86.458333300,197,187.300000000,666.387356000,461.879424000,423667.000000000,210.131000000,56.033853900,0.999981117,saturated
2220,73.867044400,6648034,88.208333300,206,182.200000000,666.600009000,461.855892000,413717.403000000,209.316000000,55.773361400,1.000000000,saturated
2221,73.900377800,6651034,87.291666700,204,180.200000000,666.647279000,461.825477000,413721.003000000,207.686000000,55.767140200,1.000000000,saturated
2222,73.933711100,6654034,88.500000000,204,181.050000000,666.477553000,461.693820000,411602.403000000,208.028000000,55.679046200,1.000000000,saturated
2223,73.967044400,6657034,88.833333300,204,182.450000000,666.349457000,461.770779000,410619.803000000,210.131000000,55.641995700,1.000000000,saturated
2224,73.999900000,6659991,89.250000000,206,184.300000000,666.431530000,461.726839000,412911.803000000,210.131000000,55.650472300,1.000000000,saturated
2225,74.033233300,6662991,86.708333300,196,176.500000000,666.342807000,461.709068000,421587.000000000,210.131000000,55.860662300,1.000000000,saturated
2226,74.066566700,6665991,87.083333300,197,177.350000000,666.359422000,461.679808000,422937.000000000,210.832000000,55.989348300,1.000000000,saturated
2227,74.099900000,6668991,86.375000000,197,178.200000000,666.364979000,461.720218000,424033.000000000,209.202000000,56.046663800,1.000000000,saturated
2228,74.133233300,6671991,85.916666700,195,179.200000000,666.297725000,461.840228000,426807.000000000,209.202000000,56.103132000,1.000000000,saturated
2229,74.166566700,6674991,86.250000000,195,180.050000000,666.294552000,461.827944000,435329.798000000,208.974000000,56.505071500,1.000000000,saturated
2230,74.199900000,6677991,88.208333300,200,186.750000000,666.391958000,461.834056000,425946.019000000,208.273000000,56.186018000,1.000000000,saturated
2231,74.233233300,6680991,87.416666700,198,184.900000000,666.289582000,461.891342000,426236.019000000,208.273000000,56.059883600,1.000000000,saturated
2232,74.266077800,6683947,86.875000000,196,183.050000000,666.410753000,462.001432000,415211.181000000,207.914000000,55.721663500,1.000000000,saturated
2233,74.299411100,6686947,87.125000000,197,183.900000000,666.372356000,461.996289000,422724.002000000,208.273000000,55.962078500,1.000000000,saturated
2234,74.332744400,6689947,87.125000000,197,185.900000000,666.346630000,461.977413000,425341.381000000,208.273000000,56.058271400,1.000000000,saturated
2235,74.366077800,6692947,87.458333300,187,173.950000000,666.550337000,461.812610000,431416.000000000,210.604000000,56.317815300,1.000000000,saturated
2236,74.399411100,6695947,88.250000000,189,174.650000000,666.492594000,461.867447000,433607.000000000,210.604000000,56.335219900,1.000000000,saturated
2237,74.432744400,6698947,87.875000000,186,172.500000000,666.607351000,461.903085000,429310.981000000,208.974000000,56.230353900,1.000000000,saturated
2238,74.466077800,6701947,88.416666700,185,170.650000000,666.461302000,461.946265000,428482.019000000,208.273000000,56.274915500,1.000000000,saturated
2239,74.499411100,6704947,86.583333300,185,171.100000000,666.475230000,461.910566000,427958.619000000,209.903000000,56.338289000,1.000000000,saturated
2240,74.532266700,6707904,86.583333300,185,171.250000000,666.480409000,461.973845000,426173.619000000,208.501000000,56.213991400,1.000000000,saturated
2241,74.565600000,6710904,87.416666700,189,175.100000000,666.639428000,461.912355000,416856.581000000,207.572000000,55.961477200,1.000000000,saturated
2242,74.598933300,6713904,86.500000000,187,174.100000000,666.859391000,461.789509000,405603.797000000,205.811000000,55.509974600,1.000000000,saturated
2243,74.632266700,6716904,86.500000000,189,175.100000000,666.827274000,461.865928000,404335.397000000,205.583000000,55.522028200,1.000000000,saturated
2244,74.665600000,6719904,85.500000000,187,174.100000000,666.683977000,461.868386000,416268.381000000,207.572000000,55.773279400,1.000000000,saturated
2245,74.698933300,6722904,85.791666700,189,175.100000000,666.761028000,461.894334000,415578.581000000,208.615000000,55.789584800,1.000000000,saturated
2246,74.732266700,6725904,85.416666700,187,175.250000000,666.685936000,461.848244000,418198.000000000,207.686000000,56.105299700,1.000000000,saturated
2247,74.765600000,6728904,85.833333300,187,175.250000000,666.589528000,461.910082000,422520.019000000,208.273000000,56.212528000,1.000000000,saturated
2248,74.798466700,6731862,86.750000000,189,176.550000000,666.499175000,461.865897000,422978.619000000,208.273000000,56.221524700,1.000000000,saturated
2249,74.831800000,6734862,87.125000000,189,176.250000000,666.739279000,461.738389000,403096.596000000,206.985000000,55.619558500,1.000000000,saturated
2250,74.865133300,6737862,86.875000000,199,183.900000000,666.629999000,461.657364000,412531.981000000,207.572000000,55.731397000,1.000000000,saturated
2251,74.898466700,6740862,87.500000000,200,183.900000000,666.612633000,461.714115000,412856.981000000,208.387000000,55.759310200,1.000000000,saturated
2252,74.931800000,6743862,86.708333300,199,183.900000000,666.449515000,461.863988000,408631.603000000,206.871000000,55.593121400,1.000000000,saturated
2253,74.965133300,6746862,85.208333300,198,182.900000000,666.551529000,461.775124000,409034.781000000,207.572000000,55.689231200,1.000000000,saturated
2254,74.998466700,6749862,85.541666700,198,183.750000000,666.693568000,461.638441000,405753.603000000,206.871000000,55.748284300,1.000000000,saturated
2255,75.031800000,6752862,87.416666700,203,186.900000000,666.541478000,461.561516000,412047.581000000,207.572000000,55.931578500,1.000000000,saturated
2256,75.064644400,6755818,86.833333300,201,184.900000000,666.505502000,461.540134000,403579.196000000,206.170000000,55.649264100,1.000000000,saturated
2257,75.097977800,6758818,86.625000000,199,184.050000000,666.384577000,461.643353000,410878.381000000,206.153000000,55.774068400,1.000000000,saturated
2258,75.131311100,6761818,86.208333300,198,184.900000000,666.354673000,461.587111000,410840.381000000,206.170000000,55.811857100,1.000000000,saturated
2259,75.164644400,6764818,86.458333300,197,184.050000000,666.507478000,461.570081000,402884.597000000,206.170000000,55.454760700,1.000000000,saturated
2260,75.197977800,6767818,86.333333300,196,183.050000000,666.528156000,461.582772000,404750.197000000,205.355000000,55.633560600,0.999948610,saturated
2261,75.231311100,6770818,86.750000000,193,179.900000000,666.473450000,461.577551000,403759.596000000,206.170000000,55.576021600,1.000000000,saturated
2262,75.264644400,6773818,86.375000000,179,167.100000000,666.446115000,461.501163000,411658.781000000,206.757000000,55.841718700,1.000000000,saturated
2263,75.297977800,6776818,83.916666700,176,163.400000000,666.507802000,461.503109000,403944.197000000,206.170000000,55.499462600,0.999968312,saturated
2264,75.330833300,6779775,84.416666700,177,163.400000000,666.517368000,461.507169000,403923.797000000,205.469000000,55.498459500,0.999968311,saturated
2265,75.364166700,6782775,84.166666700,176,163.550000000,666.504984000,461.594671000,403381.582000000,205.469000000,55.516131100,1.000000000,saturated
2266,75.397500000,6785775,84.500000000,175,163.700000000,666.370758000,461.638652000,415102.781000000,205.241000000,55.926109100,1.000000000,saturated
2267,75.430833300,6788775,85.291666700,175,164.850000000,666.403749000,461.616367000,412180.003000000,205.469000000,55.880616500,1.000000000,saturated
2268,75.464166700,6791775,87.083333300,180,171.700000000,666.453672000,461.527476000,418012.981000000,205.697000000,56.075831300,1.000000000,saturated
2269,75.497500000,6794775,83.750000000,178,169.100000000,666.499746000,461.506732000,416683.181000000,205.697000000,56.069248700,1.000000000,saturated
2270,75.530833300,6797775,85.375000000,184,173.350000000,666.572594000,461.435240000,421000.000000000,204.996000000,56.182777700,1.000000000,saturated
2271,75.564166700,6800775,85.541666700,183,171.500000000,666.513210000,461.439179000,421958.000000000,204.409000000,56.167009500,0.999933643,saturated
2272,75.597022200,6803732,84.750000000,180,169.500000000,666.624630000,461.437872000,428351.219000000,205.013000000,56.375201500,1.000000000,saturated
2273,75.630355600,6806732,84.500000000,179,168.350000000,666.673037000,461.547032000,425326.619000000,207.458000000,56.307622900,1.000000000,saturated
2274,75.663688900,6809732,85.166666700,171,169.550000000,666.594818000,461.626884000,428317.419000000,207.458000000,56.361007200,1.000000000,saturated
2275,75.697022200,6812732,85.125000000,168,167.850000000,666.596155000,461.732006000,422296.000000000,205.942000000,56.144652700,1.000000000,saturated
2276,75.730355600,6815732,84.666666700,169,168.700000000,666.650824000,461.694144000,426687.219000000,205.355000000,56.394264000,1.000000000,saturated
2277,75.763688900,6818732,85.625000000,171,169.700000000,666.742380000,461.591297000,421847.219000000,207.458000000,56.148784300,1.000000000,saturated
2278,75.797022200,6821732,83.666666700,171,170.100000000,666.662546000,461.513799000,419041.000000000,205.469000000,56.327247200,1.000000000,saturated
2279,75.830355600,6824732,84.625000000,171,169.250000000,666.586756000,461.636046000,425519.219000000,207.572000000,56.434529900,1.000000000,saturated
2280,75.863200000,6827688,88.083333300,183,177.650000000,666.705954000,461.659488000,422478.000000000,207.572000000,56.136234500,1.000000000,saturated
2281,75.896533300,6830688,88.291666700,183,177.650000000,666.774025000,461.638445000,423285.000000000,205.355000000,56.129493400,1.000000000,saturated
2282,75.929866700,6833688,85.666666700,180,175.800000000,666.731817000,461.680652000,418356.381000000,206.871000000,56.018443000,1.000000000,saturated
2283,75.963200000,6836688,85.375000000,177,175.950000000,666.731075000,461.667918000,427339.019000000,206.056000000,56.213867600,1.000000000,saturated
2284,75.996533300,6839688,85.916666700,177,175.100000000,666.871326000,461.722651000,427264.419000000,206.757000000,56.372591400,1.000000000,saturated
2285,76.029866700,6842688,84.416666700,176,174.100000000,666.975672000,461.629367000,418875.381000000,206.757000000,56.211934100,1.000000000,saturated
2286,76.063200000,6845688,85.083333300,175,171.400000000,666.929539000,461.646019000,418977.981000000,205.469000000,56.139190700,1.000000000,saturated
2287,76.096533300,6848688,85.166666700,171,170.550000000,666.790302000,461.730489000,423805.000000000,204.768000000,56.244270000,1.000000000,saturated
2288,76.129388900,6851645,83.833333300,171,169.250000000,667.097348000,461.748734000,404817.618000000,205.110000000,55.732805300,1.000000000,saturated
2289,76.162722200,6854645,84.208333300,171,169.250000000,666.994634000,461.712771000,401767.418000000,205.697000000,55.506340800,1.000000000,saturated
2290,76.196055600,6857645,86.250000000,176,173.800000000,666.823748000,461.694248000,405264.418000000,207.099000000,55.564572000,1.000000000,saturated
2291,76.229388900,6860645,86.166666700,177,174.650000000,666.762034000,461.824486000,414781.003000000,207.800000000,55.916270900,1.000000000,saturated
2292,76.262722200,6863645,83.708333300,176,171.650000000,666.723606000,461.760422000,413243.803000000,206.871000000,55.981235100,1.000000000,saturated
2293,76.296055600,6866645,83.750000000,176,171.650000000,666.881587000,461.553104000,409303.403000000,206.170000000,55.771743800,1.000000000,saturated
2294,76.329388900,6869645,84.583333300,176,171.650000000,666.811683000,461.666903000,414239.781000000,206.757000000,56.079623600,1.000000000,saturated
2295,76.362722200,6872645,84.833333300,173,170.650000000,666.762597000,461.747045000,415759.581000000,206.757000000,56.113641100,1.000000000,saturated
2296,76.395588900,6875603,85.625000000,173,169.950000000,666.630216000,461.845626000,416597.781000000,206.757000000,56.072153000,1.000000000,saturated
2297,76.428922200,6878603,85.416666700,173,169.950000000,666.610432000,461.852468000,421603.000000000,206.056000000,56.200572800,1.000000000,saturated
2298,76.462255600,6881603,85.166666700,172,169.950000000,666.634359000,461.710180000,418479.781000000,205.355000000,56.066300300,1.000000000,saturated
2299,76.495588900,6884603,85.791666700,172,170.100000000,666.613513000,461.758954000,417729.581000000,206.056000000,56.056863400,1.000000000,saturated
2300,76.528922200,6887603,86.083333300,173,170.950000000,666.750205000,461.500658000,414267.203000000,206.056000000,55.982679400,1.000000000,saturated
2301,76.562255600,6890603,85.833333300,173,170.800000000,666.790359000,461.500645000,414388.403000000,205.355000000,55.958120300,1.000000000,saturated
2302,76.595588900,6893603,87.375000000,171,168.250000000,666.884451000,461.657306000,413315.003000000,205.355000000,55.874927700,1.000000000,saturated
2303,76.628922200,6896603,87.000000000,170,168.400000000,667.015088000,461.694614000,406720.818000000,204.768000000,55.546735400,1.000000000,saturated
2304,76.661755600,6899558,86.500000000,171,169.100000000,666.987906000,461.539160000,410157.997000000,206.170000000,55.747848100,1.000000000,saturated
2305,76.695088900,6902558,87.291666700,171,169.250000000,666.995917000,461.613422000,407970.197000000,206.170000000,55.680323800,1.000000000,saturated
2306,76.728422200,6905558,86.625000000,170,168.100000000,666.977674000,461.659135000,407095.997000000,206.170000000,55.612430400,1.000000000,saturated
2307,76.761755600,6908558,86.791666700,170,168.100000000,667.047052000,461.725815000,393874.182000000,202.893000000,55.232054100,1.000000000,saturated
2308,76.795088900,6911558,87.250000000,166,164.850000000,667.035539000,461.569947000,408752.997000000,205.469000000,55.793081400,1.000000000,saturated
2309,76.828422200,6914558,87.375000000,168,166.400000000,667.041954000,461.498299000,406618.797000000,208.615000000,55.809737000,1.000000000,saturated
2310,76.861755600,6917558,85.125000000,169,165.850000000,667.033210000,461.485683000,420060.000000000,207.572000000,56.025954500,1.000000000,saturated
2311,76.895088900,6920558,84.916666700,169,167.550000000,667.054623000,461.420046000,416176.781000000,206.757000000,56.001307200,1.000000000,saturated
2312,76.927955600,6923516,84.500000000,169,165.850000000,666.982948000,461.386223000,411765.803000000,207.099000000,55.893280500,0.999982514,saturated
2313,76.961288900,6926516,84.916666700,169,166.700000000,666.840528000,461.406716000,415283.819000000,206.871000000,56.024061300,0.999974957,saturated
2314,76.994622200,6929516,85.666666700,170,169.250000000,666.858016000,461.399486000,418472.419000000,206.170000000,56.159661500,0.999975148,saturated
2315,77.027955600,6932516,85.583333300,169,168.100000000,666.791349000,461.414927000,418724.219000000,209.316000000,56.140788700,0.999975163,saturated
2316,77.061288900,6935516,85.791666700,171,169.950000000,666.742663000,461.499469000,425496.000000000,209.316000000,56.410846800,0.999952996,saturated
2317,77.094622200,6938516,85.083333300,170,168.950000000,666.899216000,461.500739000,417598.003000000,206.512000000,56.118024300,1.000000000,saturated
2318,77.127955600,6941516,84.541666700,169,168.100000000,666.910934000,461.424354000,416698.803000000,206.170000000,56.045209100,1.000000000,saturated
2319,77.161288900,6944516,85.125000000,169,167.100000000,666.758426000,461.473263000,426064.981000000,210.017000000,56.284132100,1.000000000,saturated
2320,77.194144400,6947473,85.166666700,169,168.100000000,666.772867000,461.438246000,423701.381000000,208.387000000,56.115559500,1.000000000,saturated
2321,77.227477800,6950473,85.916666700,170,168.950000000,666.618422000,461.480936000,422597.581000000,206.871000000,56.121858200,1.000000000,saturated
2322,77.260811100,6953473,85.083333300,168,167.100000000,666.743092000,461.476287000,415845.003000000,206.871000000,55.983614100,1.000000000,saturated
2323,77.294144400,6956473,85.125000000,169,168.250000000,666.558417000,461.544979000,428997.002000000,208.273000000,56.461849100,1.000000000,saturated
2324,77.327477800,6959473,85.125000000,169,168.250000000,666.607641000,461.615662000,426824.603000000,207.572000000,56.453645100,1.000000000,saturated
2325,77.360811100,6962473,84.291666700,169,167.250000000,666.646184000,461.586081000,430023.419000000,208.273000000,56.487180200,1.000000000,saturated
2326,77.394144400,6965473,84.125000000,169,167.400000000,666.584725000,461.757969000,432607.219000000,208.273000000,56.610483900,1.000000000,saturated
2327,77.427477800,6968473,82.666666700,167,164.550000000,666.658515000,461.683404000,423723.000000000,206.871000000,56.381051100,1.000000000,saturated
2328,77.460322200,6971429,83.791666700,167,166.250000000,666.677678000,461.640466000,422522.000000000,206.985000000,56.456808100,1.000000000,saturated
2329,77.493655600,6974429,83.875000000,167,164.700000000,666.702040000,461.466500000,420791.000000000,207.686000000,56.342534600,1.000000000,saturated
2330,77.526988900,6977429,83.708333300,165,164.700000000,666.556767000,461.533662000,423770.000000000,207.686000000,56.374762200,1.000000000,saturated
2331,77.560322200,6980429,84.541666700,167,164.850000000,666.691950000,461.487517000,427661.000000000,206.757000000,56.496985400,1.000000000,saturated
2332,77.593655600,6983429,84.333333300,169,166.700000000,666.834248000,461.552305000,420913.581000000,206.757000000,56.208837600,1.000000000,saturated
2333,77.626988900,6986429,85.000000000,169,167.850000000,666.748293000,461.476499000,419754.781000000,208.387000000,56.248290100,1.000000000,saturated
2334,77.660322200,6989429,85.125000000,170,168.700000000,666.819427000,461.387413000,419399.781000000,208.501000000,56.118142900,1.000000000,saturated
2335,77.693655600,6992429,85.125000000,171,169.700000000,666.871210000,461.409407000,419641.381000000,207.099000000,56.023681800,1.000000000,saturated
2336,77.726511100,6995386,85.333333300,172,170.850000000,666.871270000,461.436893000,418691.381000000,207.099000000,55.969838200,1.000000000,saturated
2337,77.759844400,6998386,84.208333300,170,169.000000000,666.821779000,461.495135000,415174.003000000,204.768000000,55.977374100,1.000000000,saturated
2338,77.793177800,7001386,84.166666700,169,168.850000000,666.877698000,461.608328000,416116.203000000,205.355000000,56.038916000,0.999973084,saturated
2339,77.826511100,7004386,84.041666700,167,164.850000000,666.832486000,461.504663000,417437.003000000,206.056000000,56.029797300,0.999973170,saturated
2340,77.859844400,7007386,84.125000000,166,165.250000000,666.833604000,461.677625000,424263.581000000,208.615000000,56.471323300,1.000000000,saturated
2341,77.893177800,7010386,84.208333300,164,163.550000000,666.823229000,461.627076000,423879.581000000,206.871000000,56.376867600,1.000000000,saturated
2342,77.926511100,7013386,85.875000000,167,166.400000000,666.798786000,461.632518000,425127.181000000,209.544000000,56.375787600,1.000000000,saturated
2343,77.959844400,7016386,86.333333300,169,168.400000000,666.749766000,461.613002000,425090.000000000,209.316000000,56.452525500,1.000000000,saturated
2344,77.992700000,7019343,86.708333300,168,166.550000000,666.818501000,461.663935000,426784.000000000,209.316000000,56.429721500,1.000000000,saturated
2345,78.026033300,7022343,86.083333300,164,163.700000000,666.720037000,461.620452000,425778.000000000,209.316000000,56.277385700,1.000000000,saturated
2346,78.059366700,7025343,85.750000000,163,163.000000000,666.810470000,461.475115000,424589.781000000,209.316000000,56.193061500,1.000000000,saturated
2347,78.092700000,7028343,86.000000000,163,163.000000000,666.754187000,461.485568000,428054.398000000,208.615000000,56.279492600,1.000000000,saturated
2348,78.126033300,7031343,85.916666700,164,163.850000000,666.762774000,461.511281000,437441.819000000,209.316000000,56.660644500,1.000000000,saturated
2349,78.159366700,7034343,85.625000000,163,162.850000000,666.391764000,461.518603000,433941.181000000,209.316000000,56.607884700,1.000000000,saturated
2350,78.192700000,7037343,83.791666700,162,161.000000000,663.830824000,461.761761000,486788.421000000,208.615000000,58.657723900,1.000000000,saturated
2351,78.226033300,7040343,85.708333300,164,163.550000000,659.754608000,464.419366000,502262.379000000,207.572000000,59.115288100,1.000000000,saturated
2352,78.258877800,7043299,86.375000000,164,163.550000000,659.127844000,466.367883000,449485.395000000,202.306000000,58.449442800,1.000000000,saturated
2353,78.292211100,7046299,86.208333300,163,162.700000000,659.450538000,467.418902000,481864.797000000,208.028000000,59.065851300,1.000000000,saturated
2354,78.325544400,7049299,86.500000000,163,162.700000000,662.876368000,467.563570000,433903.619000000,206.626000000,56.892895900,1.000000000,saturated
2355,78.358877800,7052299,87.875000000,165,164.000000000,666.546979000,465.444234000,418764.398000000,206.327000000,56.077612600,1.000000000,saturated
2356,78.392211100,7055299,87.833333300,165,164.850000000,668.471999000,464.442224000,384378.000000000,207.555000000,54.838211000,1.000000000,saturated
2357,78.425544400,7058299,88.000000000,165,165.000000000,669.131785000,463.931567000,382980.017000000,206.284000000,54.128759200,1.000000000,saturated
2358,78.458877800,7061299,87.666666700,165,164.850000000,669.528146000,463.793154000,376525.217000000,206.512000000,53.723848300,1.000000000,saturated
2359,78.492211100,7064299,87.416666700,164,163.000000000,669.757119000,464.414876000,366958.000000000,206.398000000,53.347735000,1.000000000,saturated
2360,78.525066700,7067256,86.333333300,170,164.850000000,669.942773000,465.080047000,357329.197000000,204.996000000,53.192229800,1.000000000,saturated
2361,78.558400000,7070256,87.791666700,171,165.000000000,669.828852000,465.472698000,362041.602000000,204.768000000,53.330473500,1.000000000,saturated
2362,78.591733300,7073256,87.625000000,170,165.700000000,669.836546000,465.452756000,365836.198000000,206.985000000,53.451430400,1.000000000,saturated
2363,78.625066700,7076256,87.583333300,171,165.850000000,669.729214000,465.554595000,364783.616000000,207.914000000,53.550918100,1.000000000,saturated
2364,78.658400000,7079256,87.708333300,172,167.550000000,669.506332000,465.148506000,363931.000000000,205.697000000,54.277001200,1.000000000,saturated
2365,78.691733300,7082256,87.833333300,172,166.700000000,668.919678000,465.517146000,375687.000000000,205.338000000,54.799520800,1.000000000,saturated
2366,78.725066700,7085256,88.375000000,171,167.400000000,668.451846000,465.738426000,378972.183000000,205.697000000,54.833887200,1.000000000,saturated
2367,78.758400000,7088256,89.208333300,172,169.100000000,667.759335000,466.093516000,395304.182000000,204.996000000,55.557763200,1.000000000,saturated
2368,78.791266700,7091214,88.666666700,170,168.250000000,667.578069000,466.004714000,397443.818000000,207.099000000,55.493875700,1.000000000,saturated
2369,78.824600000,7094214,88.791666700,169,167.950000000,667.441019000,465.647614000,406411.598000000,205.355000000,55.585561700,1.000000000,saturated
2370,78.857933300,7097214,89.625000000,170,168.400000000,667.305993000,465.296586000,403739.818000000,209.772000000,55.259740700,1.000000000,saturated
2371,78.891266700,7100214,88.125000000,169,167.400000000,667.221487000,465.268880000,408406.618000000,207.213000000,55.487845600,1.000000000,saturated
2372,78.924600000,7103214,87.375000000,167,164.700000000,667.176559000,465.071730000,410083.218000000,208.142000000,55.899318300,0.999925869,saturated
2373,78.957933300,7106214,88.625000000,167,166.550000000,666.853213000,465.151191000,405625.603000000,205.697000000,55.523013600,1.000000000,saturated
2374,78.991266700,7109214,89.166666700,168,167.400000000,666.207097000,465.400636000,412278.582000000,204.768000000,55.995155400,1.000000000,saturated
2375,79.024600000,7112214,89.041666700,169,168.250000000,665.789158000,465.682607000,420135.000000000,204.181000000,56.180103000,1.000000000,saturated
2376,79.057444400,7115170,89.333333300,168,167.400000000,665.796726000,465.816574000,419312.202000000,206.284000000,56.115336900,1.000000000,saturated
2377,79.090777800,7118170,87.666666700,169,168.250000000,665.631257000,465.850089000,415886.000000000,204.409000000,55.692507700,1.000000000,saturated
2378,79.124111100,7121170,88.291666700,170,167.950000000,666.099606000,465.663637000,408671.000000000,205.452000000,55.333672000,1.000000000,saturated
2379,79.157444400,7124170,87.666666700,170,167.800000000,666.282947000,465.497052000,409834.618000000,205.697000000,55.240551600,1.000000000,saturated
2380,79.190777800,7127170,88.666666700,168,166.100000000,666.673374000,465.393291000,409958.602000000,209.316000000,55.341065700,1.000000000,saturated
2381,79.224111100,7130170,88.375000000,167,166.100000000,666.731676000,465.503063000,409303.602000000,209.316000000,55.390475500,1.000000000,saturated
2382,79.257444400,7133170,87.625000000,165,164.250000000,666.830392000,465.476055000,409310.402000000,206.398000000,55.354778700,1.000000000,saturated
2383,79.290777800,7136170,86.416666700,167,163.800000000,666.998201000,465.539020000,410282.602000000,206.170000000,55.485497200,1.000000000,saturated
2384,79.323633300,7139127,88.666666700,168,166.250000000,666.870670000,465.701413000,412503.582000000,207.572000000,55.862438500,1.000000000,saturated
2385,79.356966700,7142127,90.375000000,169,166.400000000,666.886476000,465.863169000,411604.582000000,209.202000000,55.725673400,1.000000000,saturated
2386,79.390300000,7145127,90.291666700,168,164.700000000,666.863298000,465.875983000,408947.602000000,208.615000000,55.543787100,1.000000000,saturated
2387,79.423633300,7148127,88.958333300,168,164.700000000,666.819982000,465.884589000,405331.798000000,206.985000000,55.310211400,1.000000000,saturated
2388,79.456966700,7151127,87.333333300,165,164.400000000,666.807231000,465.782758000,407185.402000000,207.686000000,55.433588400,1.000000000,saturated
2389,79.490300000,7154127,87.625000000,164,162.700000000,666.852229000,465.680706000,406175.603000000,206.170000000,55.454509100,1.000000000,saturated
2390,79.523633300,7157127,87.041666700,164,163.550000000,666.826676000,465.699519000,402493.197000000,204.996000000,55.276314800,1.000000000,saturated
2391,79.556966700,7160127,86.541666700,163,161.850000000,666.810647000,465.689530000,407340.402000000,206.398000000,55.464290800,1.000000000,saturated
2392,79.589822200,7163084,88.375000000,164,161.850000000,666.860563000,465.531778000,406882.002000000,206.170000000,55.507155900,1.000000000,saturated
2393,79.623155600,7166084,88.583333300,164,161.850000000,666.754228000,465.528992000,407532.402000000,206.056000000,55.569673700,1.000000000,saturated
2394,79.656488900,7169084,88.375000000,165,163.850000000,666.741045000,465.562874000,406928.000000000,205.355000000,55.643160100,1.000000000,saturated
2395,79.689822200,7172084,87.833333300,165,163.000000000,666.621705000,465.705777000,409279.203000000,206.284000000,55.778957200,1.000000000,saturated
2396,79.723155600,7175084,87.750000000,165,164.700000000,666.484613000,465.830283000,407415.203000000,206.056000000,55.609723600,1.000000000,saturated
2397,79.756488900,7178084,86.958333300,165,163.850000000,666.576646000,465.904988000,405288.797000000,206.398000000,55.468388200,1.000000000,saturated
2398,79.789822200,7181084,87.416666700,165,164.550000000,666.612669000,465.909578000,406471.398000000,207.327000000,55.453080800,1.000000000,saturated
2399,79.823155600,7184084,87.916666700,168,166.100000000,666.611311000,465.738940000,413354.618000000,206.871000000,55.681394900,1.000000000,saturated
2400,79.856000000,7187040,85.791666700,169,166.000000000,666.995667000,465.574803000,391633.000000000,204.768000000,55.014547200,1.000000000,saturated
2401,79.889333300,7190040,86.916666700,169,167.850000000,666.806278000,465.539542000,394709.000000000,204.751000000,55.102541900,1.000000000,saturated
2402,79.922666700,7193040,88.208333300,169,168.000000000,666.684107000,465.428094000,405086.997000000,206.854000000,55.422979600,1.000000000,saturated
2403,79.956000000,7196040,87.416666700,168,167.850000000,666.828607000,465.314715000,403799.397000000,206.985000000,55.401155200,1.000000000,saturated
2404,79.989333300,7199040,87.208333300,167,166.000000000,666.801509000,465.374182000,400655.797000000,206.985000000,55.277277900,1.000000000,saturated
2405,80.022666700,7202040,86.500000000,169,167.850000000,666.490878000,465.558844000,414783.000000000,208.387000000,55.612663700,1.000000000,saturated
2406,80.056000000,7205040,87.750000000,169,167.000000000,666.437401000,465.612634000,414956.000000000,207.572000000,55.672218600,1.000000000,saturated
2407,80.089333300,7208040,87.916666700,168,165.850000000,666.413618000,465.569605000,416641.802000000,208.387000000,55.649279700,1.000000000,saturated
2408,80.122188900,7210997,87.583333300,169,166.850000000,666.515986000,465.560218000,411808.181000000,209.544000000,55.599971700,1.000000000,saturated
2409,80.155522200,7213997,86.916666700,168,165.850000000,666.441036000,465.482876000,414847.381000000,210.946000000,55.703413500,1.000000000,saturated
2410,80.188855600,7216997,86.833333300,168,167.000000000,666.564194000,465.648253000,416620.781000000,208.501000000,55.739753900,1.000000000,saturated
2411,80.222188900,7219997,87.125000000,166,166.000000000,666.704531000,465.376781000,416003.581000000,207.099000000,55.761311200,1.000000000,saturated
2412,80.255522200,7222997,88.291666700,166,165.700000000,666.709814000,465.446131000,417626.381000000,208.501000000,55.947379900,1.000000000,saturated
2413,80.288855600,7225997,87.333333300,169,167.550000000,666.706806000,465.409162000,418500.581000000,207.800000000,56.054882800,1.000000000,saturated
2414,80.322188900,7228997,86.125000000,167,165.700000000,666.765966000,465.518978000,418558.381000000,206.757000000,56.073681500,1.000000000,saturated
2415,80.355522200,7231997,87.125000000,168,165.700000000,666.865496000,465.437422000,418752.581000000,204.540000000,56.057527300,1.000000000,saturated
2416,80.388388900,7234955,86.291666700,167,164.700000000,666.802523000,465.449347000,420990.981000000,204.127000000,56.104726100,1.000000000,saturated
2417,80.421722200,7237955,86.041666700,165,161.850000000,666.624773000,465.254979000,421200.181000000,204.127000000,56.201591300,1.000000000,saturated
2418,80.455055600,7240955,86.791666700,166,163.000000000,666.543789000,465.301255000,420975.981000000,206.757000000,56.141299000,1.000000000,saturated
2419,80.488388900,7243955,86.291666700,165,162.000000000,666.623113000,465.274277000,420041.981000000,206.757000000,56.066964300,1.000000000,saturated
2420,80.521722200,7246955,87.041666700,167,165.700000000,666.577546000,465.298399000,417212.402000000,204.426000000,55.880702200,1.000000000,saturated
2421,80.555055600,7249955,87.166666700,167,166.700000000,666.603199000,465.276177000,417294.802000000,206.170000000,55.841653500,1.000000000,saturated
2422,80.588388900,7252955,89.083333300,170,168.250000000,666.671815000,465.326185000,421585.781000000,205.942000000,55.988004700,1.000000000,saturated
2423,80.621722200,7255955,88.958333300,167,166.400000000,666.704749000,465.345803000,419774.381000000,205.942000000,56.017061900,1.000000000,saturated
2424,80.654555600,7258910,85.750000000,162,161.850000000,666.585070000,465.479110000,420502.781000000,206.056000000,56.016215400,1.000000000,saturated
2425,80.687888900,7261910,85.958333300,162,161.850000000,666.556560000,465.449923000,421104.181000000,205.942000000,56.001463100,1.000000000,saturated
2426,80.721222200,7264910,87.125000000,165,164.700000000,666.575460000,465.424053000,423667.581000000,206.871000000,56.207137300,1.000000000,saturated
2427,80.754555600,7267910,86.291666700,165,162.700000000,666.675570000,465.434874000,421741.781000000,206.056000000,56.116833300,1.000000000,saturated
2428,80.787888900,7270910,88.250000000,168,165.550000000,666.552021000,465.603608000,420608.981000000,205.355000000,56.039609700,1.000000000,saturated
2429,80.821222200,7273910,88.958333300,166,164.000000000,666.550789000,465.604617000,413265.998000000,205.355000000,55.735147500,1.000000000,saturated
2430,80.854555600,7276910,89.625000000,170,166.700000000,666.558819000,465.437163000,409459.182000000,205.355000000,55.630933800,1.000000000,saturated
2431,80.887888900,7279910,90.250000000,170,167.700000000,666.673587000,465.439387000,405372.818000000,203.138000000,55.548397000,1.000000000,saturated
2432,80.920755600,7282868,88.708333300,168,166.700000000,666.682955000,465.402365000,403555.818000000,202.437000000,55.456643500,1.000000000,saturated
2433,80.954088900,7285868,87.666666700,165,164.850000000,666.614886000,465.270835000,410085.598000000,205.469000000,55.658362100,1.000000000,saturated
2434,80.987422200,7288868,87.291666700,164,163.000000000,666.547728000,465.410661000,431343.019000000,206.643000000,56.400224400,1.000000000,saturated
2435,81.020755600,7291868,86.416666700,164,163.000000000,666.591920000,465.386343000,433219.219000000,207.458000000,56.464721200,1.000000000,saturated
2436,81.054088900,7294868,87.125000000,165,164.850000000,666.607200000,465.419907000,429695.602000000,206.056000000,56.435018500,1.000000000,saturated
2437,81.087422200,7297868,87.333333300,167,166.400000000,666.536557000,465.458051000,430883.619000000,207.458000000,56.575061300,1.000000000,saturated
2438,81.120755600,7300868,86.208333300,169,168.700000000,666.601844000,465.332562000,430699.219000000,206.757000000,56.643868500,1.000000000,saturated
2439,81.154088900,7303868,86.291666700,168,167.000000000,666.687089000,465.254867000,426758.419000000,206.871000000,56.351074000,1.000000000,saturated
2440,81.186944400,7306825,86.250000000,168,166.700000000,666.493962000,465.081081000,425800.381000000,207.458000000,56.376950000,1.000000000,saturated
2441,81.220277800,7309825,86.458333300,168,167.550000000,666.401868000,465.349192000,424370.181000000,206.643000000,56.344488300,1.000000000,saturated
2442,81.253611100,7312825,86.208333300,169,168.400000000,666.552193000,465.444080000,405670.000000000,204.540000000,55.834475300,1.000000000,saturated
2443,81.286944400,7315825,86.458333300,170,168.400000000,666.631730000,465.447207000,408033.618000000,205.241000000,55.986967000,1.000000000,saturated
2444,81.320277800,7318825,86.125000000,169,168.400000000,666.767822000,465.396173000,394040.618000000,203.839000000,55.469292200,1.000000000,saturated
2445,81.353611100,7321825,85.500000000,169,167.850000000,666.775225000,465.389757000,393963.818000000,203.839000000,55.439284300,1.000000000,saturated
2446,81.386944400,7324825,85.416666700,167,164.850000000,666.656108000,465.434866000,395958.397000000,203.138000000,55.596029100,1.000000000,saturated
2447,81.420277800,7327825,85.000000000,167,164.850000000,666.640966000,465.403147000,406792.000000000,205.127000000,55.911865900,1.000000000,saturated
2448,81.453122200,7330781,85.791666700,168,167.100000000,666.282482000,465.703150000,414657.818000000,205.942000000,56.281679900,1.000000000,saturated
2449,81.486455600,7333781,87.458333300,169,167.250000000,666.295726000,465.824522000,410975.000000000,204.426000000,56.159726700,1.000000000,saturated
2450,81.519788900,7336781,86.500000000,168,165.550000000,666.392921000,465.759368000,407546.182000000,205.127000000,56.036779600,1.000000000,saturated
2451,81.553122200,7339781,85.791666700,165,164.550000000,666.590208000,465.545009000,405843.982000000,205.127000000,56.074094800,1.000000000,saturated
2452,81.586455600,7342781,86.625000000,165,164.850000000,666.566646000,465.568085000,405264.782000000,204.637000000,56.070593500,1.000000000,saturated
2453,81.619788900,7345781,88.000000000,169,167.550000000,666.471916000,465.793382000,404552.582000000,203.936000000,56.146867900,1.000000000,saturated
2454,81.653122200,7348781,87.666666700,169,165.550000000,666.216444000,465.581925000,408674.582000000,203.936000000,56.120180000,1.000000000,saturated
2455,81.686455600,7351781,87.083333300,168,165.400000000,666.200688000,465.493835000,415252.000000000,203.691000000,56.296435300,1.000000000,saturated
2456,81.719311100,7354738,87.875000000,169,167.250000000,666.355007000,465.500854000,404225.204000000,204.392000000,55.963476700,1.000000000,saturated
2457,81.752644400,7357738,88.125000000,170,167.250000000,666.224091000,465.544272000,411468.982000000,203.691000000,56.097442000,1.000000000,saturated
2458,81.785977800,7360738,87.208333300,168,164.550000000,666.220631000,465.656644000,411793.182000000,204.426000000,56.134483800,1.000000000,saturated
2459,81.819311100,7363738,87.708333300,170,165.400000000,666.225063000,465.709950000,413365.597000000,205.942000000,56.188094200,1.000000000,saturated
2460,81.852644400,7366738,85.750000000,170,165.200000000,666.232548000,465.629187000,417304.818000000,206.643000000,56.232867200,1.000000000,saturated
2461,81.885977800,7369738,85.666666700,169,163.350000000,666.279008000,465.625086000,413196.000000000,204.426000000,56.073954700,1.000000000,saturated
2462,81.919311100,7372738,85.583333300,170,166.900000000,666.333589000,465.657537000,416603.000000000,203.839000000,56.261765400,1.000000000,saturated
2463,81.952644400,7375738,86.500000000,171,167.900000000,666.334750000,465.596220000,410003.982000000,205.942000000,56.181125000,1.000000000,saturated
2464,81.985500000,7378695,85.875000000,170,166.050000000,666.396289000,465.584090000,404543.003000000,205.241000000,55.915100600,1.000000000,saturated
2465,82.018833300,7381695,85.916666700,168,165.750000000,666.572846000,465.500825000,392539.818000000,204.409000000,55.525680000,1.000000000,saturated
2466,82.052166700,7384695,85.625000000,168,165.750000000,666.543006000,465.549622000,393953.018000000,204.181000000,55.527452600,1.000000000,saturated
2467,82.085500000,7387695,86.208333300,168,165.750000000,666.582079000,465.613480000,392516.218000000,202.779000000,55.482482100,1.000000000,saturated
2468,82.118833300,7390695,85.333333300,167,164.900000000,666.340996000,465.520266000,403629.203000000,202.910000000,55.819022700,1.000000000,saturated
2469,82.152166700,7393695,86.125000000,164,161.900000000,666.220541000,465.502424000,406408.203000000,204.426000000,55.827703100,1.000000000,saturated
2470,82.185500000,7396695,86.375000000,165,163.050000000,666.195537000,465.648177000,410263.782000000,205.127000000,55.958363500,1.000000000,saturated
2471,82.218833300,7399695,86.500000000,168,164.200000000,666.229087000,465.568831000,410348.982000000,205.583000000,55.999081600,1.000000000,saturated
2472,82.251677800,7402651,85.625000000,166,164.050000000,666.224599000,465.548675000,410309.603000000,205.583000000,55.884587200,1.000000000,saturated
2473,82.285011100,7405651,86.125000000,166,163.200000000,666.198683000,465.579537000,418934.181000000,205.110000000,56.063435100,1.000000000,saturated
2474,82.318344400,7408651,85.875000000,165,163.200000000,666.432390000,465.387187000,414060.982000000,206.871000000,55.588834100,1.000000000,saturated
2475,82.351677800,7411651,85.166666700,163,161.200000000,666.569582000,465.357528000,411972.182000000,207.572000000,55.614295000,1.000000000,saturated
2476,82.385011100,7414651,85.208333300,165,162.350000000,666.590991000,465.371885000,412597.582000000,206.757000000,55.670980600,1.000000000,saturated
2477,82.418344400,7417651,82.583333300,161,158.500000000,666.675701000,465.400178000,414165.582000000,206.056000000,55.786419700,1.000000000,saturated
2478,82.451677800,7420651,82.916666700,158,155.800000000,666.649589000,465.389839000,414526.382000000,206.056000000,55.873593400,1.000000000,saturated
2479,82.485011100,7423651,81.500000000,157,154.800000000,666.595452000,465.505003000,413734.782000000,206.871000000,55.905341400,1.000000000,saturated
2480,82.517866700,7426608,83.291666700,162,159.500000000,666.476229000,465.553342000,415516.981000000,206.871000000,55.948647800,1.000000000,saturated
2481,82.551200000,7429608,83.416666700,163,161.350000000,666.416673000,465.585586000,418505.598000000,206.170000000,56.036006600,1.000000000,saturated
2482,82.584533300,7432608,84.208333300,163,161.350000000,666.456296000,465.669880000,417641.598000000,206.170000000,55.943396800,1.000000000,saturated
2483,82.617866700,7435608,85.625000000,165,163.050000000,666.541304000,465.556713000,417361.598000000,207.572000000,56.009155800,1.000000000,saturated
2484,82.651200000,7438608,85.458333300,165,162.900000000,666.531961000,465.487300000,416788.981000000,205.355000000,55.968112100,1.000000000,saturated
2485,82.684533300,7441608,86.291666700,167,161.200000000,666.646834000,465.627644000,416469.781000000,206.056000000,56.053155900,1.000000000,saturated
2486,82.717866700,7444608,85.291666700,163,160.050000000,666.675092000,465.563247000,415169.181000000,206.056000000,56.164904900,1.000000000,saturated
2487,82.751200000,7447608,84.416666700,161,158.200000000,666.628236000,465.519716000,411467.981000000,206.757000000,56.025959300,1.000000000,saturated
2488,82.784066700,7450566,84.416666700,161,159.200000000,666.695064000,465.542005000,408582.203000000,206.056000000,55.792352100,1.000000000,saturated
2489,82.817400000,7453566,83.416666700,161,159.050000000,666.699199000,465.610428000,407430.603000000,206.056000000,55.681658800,1.000000000,saturated
2490,82.850733300,7456566,84.125000000,168,162.150000000,666.708223000,465.812355000,403181.397000000,205.355000000,55.568343500,1.000000000,saturated
2491,82.884066700,7459566,84.958333300,168,162.000000000,666.694516000,465.795408000,400969.797000000,205.583000000,55.534575300,1.000000000,saturated
2492,82.917400000,7462566,85.125000000,168,163.000000000,666.690343000,465.741201000,399939.997000000,206.284000000,55.527340500,1.000000000,saturated
2493,82.950733300,7465566,85.083333300,169,165.000000000,666.756165000,465.722949000,399357.198000000,206.284000000,55.435268400,1.000000000,saturated
2494,82.984066700,7468566,85.208333300,169,164.850000000,666.893163000,465.725604000,401827.798000000,205.355000000,55.560445300,1.000000000,saturated
2495,83.017400000,7471566,84.833333300,170,163.450000000,666.756720000,465.747994000,413721.000000000,206.985000000,55.966883500,1.000000000,saturated
2496,83.050244400,7474522,84.000000000,169,162.450000000,666.748726000,465.959284000,416056.000000000,207.686000000,56.105506900,1.000000000,saturated
2497,83.083577800,7477522,84.708333300,170,163.450000000,666.713420000,465.879404000,417360.000000000,208.387000000,56.104525700,1.000000000,saturated
2498,83.116911100,7480522,84.166666700,169,163.300000000,666.684323000,465.919089000,417769.000000000,208.387000000,56.110338200,1.000000000,saturated
2499,83.150244400,7483522,84.708333300,171,166.000000000,666.654419000,465.805528000,416883.000000000,208.501000000,56.072356200,1.000000000,saturated
2500,83.183577800,7486522,84.041666700,171,162.600000000,666.651980000,465.797260000,410038.181000000,206.985000000,55.725819000,1.000000000,saturated
2501,83.216911100,7489522,84.166666700,170,162.750000000,666.718105000,465.844649000,416581.803000000,206.985000000,56.074046100,1.000000000,saturated
2502,83.250244400,7492522,86.000000000,173,166.450000000,666.745065000,465.836789000,420285.802000000,207.686000000,56.160146000,1.000000000,saturated
2503,83.283577800,7495522,85.625000000,172,165.300000000,666.811249000,465.766463000,414789.398000000,207.686000000,55.942144500,1.000000000,saturated
2504,83.316433300,7498479,86.500000000,172,166.300000000,666.728471000,465.940410000,412231.198000000,208.387000000,55.833039800,1.000000000,saturated
2505,83.349766700,7501479,87.000000000,169,164.500000000,666.720898000,465.917422000,417410.000000000,208.387000000,56.053303900,1.000000000,saturated
2506,83.383100000,7504479,86.916666700,168,162.350000000,666.765882000,465.859140000,416073.000000000,207.327000000,55.962753000,1.000000000,saturated
2507,83.416433300,7507479,85.875000000,165,161.500000000,666.729909000,465.744803000,412316.000000000,208.615000000,56.050647000,1.000000000,saturated
2508,83.449766700,7510479,85.416666700,164,160.650000000,666.855092000,465.667029000,412613.000000000,207.914000000,56.042726300,1.000000000,saturated
2509,83.483100000,7513479,85.541666700,163,161.100000000,666.764557000,465.695544000,414954.802000000,207.914000000,56.124488200,1.000000000,saturated
2510,83.516433300,7516479,85.916666700,163,160.850000000,666.916613000,465.539310000,417849.802000000,208.273000000,56.226811700,1.000000000,saturated
2511,83.549766700,7519479,84.000000000,158,157.000000000,666.967033000,465.446353000,419083.402000000,206.985000000,56.302274700,1.000000000,saturated
2512,83.582622200,7522436,83.541666700,157,156.000000000,666.885780000,465.494529000,417747.000000000,206.871000000,56.129963100,1.000000000,saturated
2513,83.615955600,7525436,83.375000000,157,155.850000000,666.914472000,465.480651000,412327.581000000,207.572000000,55.938839000,1.000000000,saturated
2514,83.649288900,7528436,84.875000000,161,159.700000000,666.888768000,465.571985000,413636.381000000,206.985000000,55.996447600,1.000000000,saturated
2515,83.682622200,7531436,84.208333300,161,160.700000000,666.916872000,465.556634000,413712.181000000,207.686000000,55.946070900,1.000000000,saturated
2516,83.715955600,7534436,84.041666700,160,157.700000000,666.879760000,465.610381000,414386.181000000,207.686000000,55.994971800,1.000000000,saturated
2517,83.749288900,7537436,83.708333300,158,157.000000000,667.030884000,465.501384000,410893.003000000,206.284000000,55.920746500,1.000000000,saturated
2518,83.782622200,7540436,83.166666700,156,156.000000000,667.000637000,465.599983000,411552.381000000,206.871000000,55.929300500,1.000000000,saturated
2519,83.815955600,7543436,85.000000000,160,157.000000000,666.850419000,465.610287000,404829.403000000,204.882000000,55.649987000,1.000000000,saturated
2520,83.848800000,7546392,83.583333300,167,163.850000000,666.773980000,465.549927000,403153.797000000,205.110000000,55.603758700,1.000000000,saturated
2521,83.882133300,7549392,83.666666700,164,163.000000000,666.783733000,465.526885000,402278.997000000,205.110000000,55.497728900,1.000000000,saturated
2522,83.915466700,7552392,84.041666700,164,163.000000000,666.774284000,465.442575000,404223.397000000,207.800000000,55.573868100,1.000000000,saturated
2523,83.948800000,7555392,85.291666700,165,164.000000000,666.827197000,465.545775000,397605.418000000,205.697000000,55.348921700,1.000000000,saturated
2524,83.982133300,7558392,84.958333300,165,164.000000000,666.851464000,465.475689000,386767.182000000,206.398000000,55.074212700,1.000000000,saturated
2525,84.015466700,7561392,84.791666700,170,166.400000000,666.784007000,465.483661000,400062.597000000,207.800000000,55.486645200,1.000000000,saturated
2526,84.048800000,7564392,85.125000000,173,168.250000000,666.791209000,465.415439000,400996.397000000,207.800000000,55.565649300,1.000000000,saturated
2527,84.082133300,7567392,85.833333300,175,169.100000000,666.713094000,465.490290000,404212.003000000,208.501000000,55.640396200,1.000000000,saturated
2528,84.114988900,7570349,85.208333300,175,168.100000000,666.680261000,465.452265000,403316.203000000,207.800000000,55.587352600,1.000000000,saturated
2529,84.148322200,7573349,85.166666700,175,168.100000000,666.710208000,465.490338000,413480.000000000,207.800000000,55.922039500,1.000000000,saturated
2530,84.181655600,7576349,85.916666700,177,169.250000000,666.865749000,465.484013000,404464.003000000,205.583000000,55.680602600,1.000000000,saturated
2531,84.214988900,7579349,85.166666700,175,168.250000000,666.742935000,465.496373000,413284.000000000,206.985000000,55.966897400,1.000000000,saturated
2532,84.248322200,7582349,83.541666700,173,167.250000000,666.875924000,465.516300000,408873.581000000,209.202000000,55.808103100,1.000000000,saturated
2533,84.281655600,7585349,84.083333300,173,168.100000000,666.819112000,465.467438000,410116.981000000,208.501000000,55.835759300,1.000000000,saturated
2534,84.314988900,7588349,84.041666700,173,168.100000000,666.826481000,465.414571000,410524.181000000,208.501000000,55.818692800,1.000000000,saturated
2535,84.348322200,7591349,84.625000000,172,168.250000000,666.928841000,465.375685000,401694.397000000,206.170000000,55.575061200,1.000000000,saturated
2536,84.381188900,7594307,86.166666700,173,169.550000000,666.949254000,465.273026000,401483.797000000,206.170000000,55.421771900,1.000000000,saturated
2537,84.414522200,7597307,84.166666700,172,168.250000000,666.885800000,465.336986000,400926.797000000,206.170000000,55.391853200,1.000000000,saturated
2538,84.447855600,7600307,82.541666700,167,164.700000000,666.935511000,465.452880000,403543.797000000,206.170000000,55.479478700,1.000000000,saturated
2539,84.481188900,7603307,81.666666700,165,164.700000000,666.867454000,465.499636000,406620.003000000,206.871000000,55.506643400,1.000000000,saturated
2540,84.514522200,7606307,80.583333300,168,166.700000000,666.884385000,465.474603000,406725.203000000,206.871000000,55.472085600,1.000000000,saturated
2541,84.547855600,7609307,80.333333300,170,168.850000000,666.768901000,465.487648000,407050.202000000,206.871000000,55.460223400,1.000000000,saturated
2542,84.581188900,7612307,80.041666700,169,167.550000000,666.979936000,465.367322000,406903.402000000,206.871000000,55.356098900,1.000000000,saturated
2543,84.614522200,7615307,80.708333300,170,168.850000000,667.079486000,465.324731000,407696.402000000,206.871000000,55.311282000,1.000000000,saturated
2544,84.647355600,7618262,80.208333300,169,168.000000000,667.071857000,465.259250000,400776.018000000,205.224000000,55.133057900,1.000000000,saturated
2545,84.680688900,7621262,80.250000000,168,167.700000000,667.087478000,465.355893000,404803.218000000,205.224000000,55.364762400,1.000000000,saturated
2546,84.714022200,7624262,80.416666700,168,167.700000000,667.032776000,465.254572000,403569.218000000,206.626000000,55.355815500,1.000000000,saturated
2547,84.747355600,7627262,81.708333300,168,166.550000000,667.052249000,465.230053000,403484.018000000,207.327000000,55.354897700,1.000000000,saturated
2548,84.780688900,7630262,81.041666700,169,167.700000000,667.089013000,465.294712000,403568.618000000,205.224000000,55.330216900,1.000000000,saturated
2549,84.814022200,7633262,80.416666700,169,168.400000000,667.009147000,465.105258000,401684.418000000,204.654000000,55.226752100,1.000000000,saturated
2550,84.847355600,7636262,81.458333300,178,175.900000000,666.865889000,465.196009000,407513.798000000,204.067000000,55.338964300,1.000000000,saturated
2551,84.880688900,7639262,81.250000000,176,172.500000000,666.733329000,465.245126000,411028.402000000,204.768000000,55.568142200,1.000000000,saturated
2552,84.913555600,7642220,79.708333300,172,170.350000000,666.745811000,465.174981000,407969.598000000,205.355000000,55.542895400,1.000000000,saturated
2553,84.946888900,7645220,78.708333300,171,168.650000000,666.764945000,465.162446000,407974.398000000,206.039000000,55.502182900,1.000000000,saturated
2554,84.980222200,7648220,79.041666700,172,168.650000000,666.757465000,465.055597000,414336.218000000,206.056000000,55.792471200,1.000000000,saturated
2555,85.013555600,7651220,78.250000000,171,165.550000000,666.796214000,464.941631000,406294.598000000,206.985000000,55.568309700,1.000000000,saturated
2556,85.046888900,7654220,77.833333300,171,167.100000000,666.871733000,464.969581000,407961.602000000,206.871000000,55.637355900,1.000000000,saturated
2557,85.080222200,7657220,77.625000000,171,168.250000000,666.930111000,465.135784000,407028.402000000,206.284000000,55.510081700,1.000000000,saturated
2558,85.113555600,7660220,77.333333300,171,168.950000000,666.997557000,465.024301000,408618.602000000,206.871000000,55.621042600,1.000000000,saturated
2559,85.146888900,7663220,77.250000000,170,168.100000000,666.934578000,464.906986000,409119.002000000,206.871000000,55.682064300,1.000000000,saturated
2560,85.179744400,7666177,77.458333300,169,168.100000000,666.929050000,464.853503000,415240.382000000,206.985000000,55.921369000,1.000000000,saturated
2561,85.213077800,7669177,77.333333300,168,167.100000000,666.996555000,464.825537000,410201.202000000,206.284000000,55.746801700,1.000000000,saturated
2562,85.246411100,7672177,77.875000000,168,167.250000000,667.096687000,464.808539000,409570.602000000,206.985000000,55.742563000,1.000000000,saturated
2563,85.279744400,7675177,77.875000000,166,165.250000000,667.073148000,464.849644000,408188.802000000,205.241000000,55.730823300,1.000000000,saturated
2564,85.313077800,7678177,77.958333300,168,166.950000000,666.947117000,464.768961000,410081.202000000,205.241000000,55.711896700,1.000000000,saturated
2565,85.346411100,7681177,76.625000000,172,168.350000000,666.912016000,464.766020000,410121.402000000,204.768000000,55.681779000,1.000000000,saturated
2566,85.379744400,7684177,76.750000000,171,167.500000000,666.929903000,464.851015000,409249.203000000,205.241000000,55.743702500,1.000000000,saturated
2567,85.413077800,7687177,76.250000000,170,166.500000000,667.015019000,464.895902000,406269.002000000,205.241000000,55.656934400,1.000000000,saturated
2568,85.445922200,7690133,76.583333300,171,167.350000000,666.908842000,465.054883000,405776.602000000,205.241000000,55.533514400,1.000000000,saturated
2569,85.479255600,7693133,75.125000000,169,166.200000000,666.980880000,465.112616000,399792.818000000,204.768000000,55.204923900,1.000000000,saturated
2570,85.512588900,7696133,75.750000000,172,168.050000000,666.884283000,465.129853000,405299.982000000,205.355000000,55.547833400,1.000000000,saturated
2571,85.545922200,7699133,75.791666700,171,167.050000000,666.845975000,465.102399000,405999.182000000,204.540000000,55.570949300,1.000000000,saturated
2572,85.579255600,7702133,75.000000000,169,164.350000000,666.846636000,465.131467000,410240.000000000,204.540000000,55.817575800,1.000000000,saturated
2573,85.612588900,7705133,75.375000000,170,166.050000000,666.802175000,465.103929000,410348.000000000,205.355000000,55.831859700,1.000000000,saturated
2574,85.645922200,7708133,75.583333300,170,166.050000000,666.823905000,465.106816000,408377.000000000,205.355000000,55.848420100,1.000000000,saturated
2575,85.679255600,7711133,75.416666700,171,166.050000000,666.778033000,465.121049000,411606.018000000,206.056000000,55.945973400,1.000000000,saturated
2576,85.712111100,7714090,76.375000000,171,167.200000000,666.714096000,465.062957000,414469.418000000,206.056000000,55.956290300,1.000000000,saturated
2577,85.745444400,7717090,76.041666700,172,167.650000000,666.561646000,465.202289000,417297.818000000,205.241000000,56.128381700,1.000000000,saturated
2578,85.778777800,7720090,75.625000000,171,166.500000000,666.684650000,465.221491000,414728.018000000,206.056000000,56.071281100,1.000000000,saturated
2579,85.812111100,7723090,74.291666700,170,165.650000000,666.650668000,465.155469000,413167.018000000,205.241000000,56.086735400,1.000000000,saturated
2580,85.845444400,7726090,73.458333300,173,166.500000000,666.718310000,465.097858000,410862.403000000,206.398000000,55.911352500,1.000000000,saturated
2581,85.878777800,7729090,72.583333300,172,166.350000000,666.736995000,465.168620000,410109.203000000,207.686000000,55.876043300,1.000000000,saturated
2582,85.912111100,7732090,72.083333300,171,163.800000000,666.636002000,465.104677000,418478.000000000,205.925000000,56.101110200,1.000000000,saturated
2583,85.945444400,7735090,70.875000000,169,162.950000000,666.584192000,465.034034000,421601.019000000,208.387000000,56.225518600,1.000000000,saturated
2584,85.978300000,7738047,70.875000000,169,162.950000000,666.716948000,464.828253000,420647.000000000,208.387000000,56.181028800,1.000000000,saturated
2585,86.011633300,7741047,71.416666700,167,158.700000000,666.803500000,464.826112000,425700.000000000,207.686000000,56.402495000,1.000000000,saturated
2586,86.044966700,7744047,71.458333300,168,160.850000000,666.784795000,464.842714000,420093.781000000,208.387000000,56.256223500,1.000000000,saturated
2587,86.078300000,7747047,71.583333300,170,162.850000000,666.711612000,464.895581000,420766.381000000,208.387000000,56.225634100,1.000000000,saturated
2588,86.111633300,7750047,71.458333300,169,161.000000000,666.691251000,464.902983000,421499.181000000,207.686000000,56.260054700,1.000000000,saturated
2589,86.144966700,7753047,70.375000000,168,160.850000000,666.765106000,464.792770000,421102.781000000,207.572000000,56.183924600,1.000000000,saturated
2590,86.178300000,7756047,69.500000000,166,159.000000000,666.943931000,464.700922000,414950.202000000,206.985000000,55.941191600,1.000000000,saturated
2591,86.211633300,7759047,69.333333300,167,161.550000000,668.826209000,464.859307000,357966.983000000,204.110000000,53.361967600,1.000000000,saturated
2592,86.244477800,7762003,70.708333300,166,160.700000000,671.478807000,462.992021000,328961.403000000,205.697000000,51.898598100,1.000000000,saturated
2593,86.277811100,7765003,70.208333300,166,160.700000000,673.525371000,460.172519000,371050.000000000,205.241000000,54.672521300,1.000000000,saturated
2594,86.311144400,7768003,72.583333300,168,161.550000000,673.703458000,458.617862000,371126.183000000,206.512000000,54.895467400,1.000000000,saturated
2595,86.344477800,7771003,72.750000000,169,161.700000000,671.632418000,457.693452000,399217.000000000,207.213000000,56.148562900,1.000000000,saturated
2596,86.377811100,7774003,72.958333300,169,162.850000000,667.330048000,460.065832000,411746.000000000,204.996000000,56.148231300,1.000000000,saturated
2597,86.411144400,7777003,73.750000000,171,165.700000000,664.615215000,461.950981000,453456.000000000,206.985000000,58.210076100,1.000000000,saturated
2598,86.444477800,7780003,75.458333300,170,168.400000000,664.309836000,462.214794000,468417.379000000,206.170000000,58.518605200,1.000000000,saturated
2599,86.477811100,7783003,74.333333300,171,168.550000000,663.645906000,462.246953000,467299.802000000,204.426000000,58.346685300,1.000000000,saturated
2600,86.510666700,7785960,74.083333300,171,167.400000000,663.591583000,461.772827000,446740.804000000,201.850000000,57.544558300,1.000000000,saturated
2601,86.544000000,7788960,74.833333300,172,167.850000000,663.490080000,461.036807000,451966.780000000,204.996000000,57.725858800,1.000000000,saturated
2602,86.577333300,7791960,75.375000000,172,163.850000000,663.231776000,460.231804000,471181.602000000,206.398000000,58.334766100,1.000000000,saturated
2603,86.610666700,7794960,75.500000000,172,163.850000000,663.278723000,460.261585000,473101.802000000,206.170000000,58.349950500,1.000000000,saturated
2604,86.644000000,7797960,75.291666700,170,161.850000000,663.336272000,460.220750000,462621.220000000,204.768000000,57.723367800,1.000000000,saturated
2605,86.677333300,7800960,75.791666700,172,163.000000000,663.599493000,460.398684000,463743.198000000,208.729000000,57.674002700,1.000000000,saturated
2606,86.710666700,7803960,76.208333300,174,163.550000000,664.552893000,460.321182000,454528.602000000,206.985000000,57.314958900,1.000000000,saturated
2607,86.744000000,7806960,76.375000000,174,163.400000000,665.680154000,459.971330000,438583.798000000,207.327000000,56.433850500,1.000000000,saturated
2608,86.776866700,7809918,76.583333300,176,166.250000000,666.107643000,459.671056000,442092.002000000,206.626000000,56.611057000,1.000000000,saturated
2609,86.810200000,7812918,76.333333300,175,166.100000000,666.592607000,459.579484000,430951.619000000,206.626000000,56.422824300,1.000000000,saturated
2610,86.843533300,7815918,76.500000000,175,169.800000000,666.667522000,459.751030000,437204.202000000,206.871000000,56.815213200,1.000000000,saturated
2611,86.876866700,7818918,77.041666700,174,168.800000000,666.705152000,460.004501000,439390.780000000,208.387000000,56.922514300,1.000000000,saturated
2612,86.910200000,7821918,76.833333300,174,168.800000000,666.760435000,460.220134000,427155.819000000,205.583000000,56.350185500,1.000000000,saturated
2613,86.943533300,7824918,77.333333300,175,169.800000000,666.953646000,460.477161000,418689.000000000,204.996000000,55.723963900,1.000000000,saturated
2614,86.976866700,7827918,77.916666700,175,169.950000000,667.158597000,460.496940000,419992.602000000,206.871000000,56.015750100,1.000000000,saturated
2615,87.010200000,7830918,76.916666700,172,168.100000000,667.928842000,460.291523000,421403.781000000,207.572000000,55.896915400,1.000000000,saturated
2616,87.043044400,7833874,76.416666700,171,167.250000000,668.085923000,460.059945000,419922.981000000,208.387000000,55.936223900,1.000000000,saturated
2617,87.076377800,7836874,75.708333300,170,166.400000000,668.064104000,459.936776000,413197.002000000,207.686000000,55.662190600,1.000000000,saturated
2618,87.109711100,7839874,76.291666700,171,168.250000000,668.180704000,459.637532000,415691.803000000,207.686000000,56.200232400,1.000000000,saturated
2619,87.143044400,7842874,76.541666700,170,166.400000000,667.750391000,459.660634000,431112.580000000,208.615000000,56.578170900,1.000000000,saturated
2620,87.176377800,7845874,75.916666700,169,166.100000000,667.315205000,460.201411000,415101.000000000,206.512000000,56.003923900,1.000000000,saturated
2621,87.209711100,7848874,75.375000000,166,163.650000000,666.925513000,460.386169000,419455.198000000,207.213000000,56.111225400,1.000000000,saturated
2622,87.243044400,7851874,76.208333300,165,163.500000000,666.868752000,460.291211000,418182.597000000,205.811000000,56.164129300,1.000000000,saturated
2623,87.276377800,7854874,76.833333300,165,162.800000000,666.827069000,460.199041000,417108.397000000,205.110000000,56.093565600,1.000000000,saturated
2624,87.309233300,7857831,76.375000000,164,160.950000000,666.773613000,460.297444000,416572.997000000,204.768000000,56.113562500,1.000000000,saturated
2625,87.342566700,7860831,78.875000000,166,164.250000000,666.901098000,460.233035000,413132.418000000,203.067000000,56.098858600,1.000000000,saturated
2626,87.375900000,7863831,78.791666700,167,165.100000000,666.966363000,460.282419000,409986.018000000,204.409000000,55.997993400,1.000000000,saturated
2627,87.409233300,7866831,78.916666700,166,163.250000000,666.850216000,460.348757000,415626.197000000,204.067000000,56.251216200,1.000000000,saturated
2628,87.442566700,7869831,79.791666700,166,162.400000000,666.859195000,460.161076000,414257.997000000,204.181000000,56.087080600,1.000000000,saturated
2629,87.475900000,7872831,79.791666700,166,163.400000000,666.942294000,459.948246000,412781.397000000,204.768000000,55.896218700,1.000000000,saturated
2630,87.509233300,7875831,80.041666700,166,163.400000000,667.046131000,460.052764000,409745.597000000,205.224000000,55.855238300,1.000000000,saturated
2631,87.542566700,7878831,80.541666700,167,166.250000000,667.117539000,460.068392000,409415.797000000,205.224000000,55.847340800,1.000000000,saturated
2632,87.575422200,7881788,80.125000000,169,165.250000000,666.959439000,460.042172000,415847.003000000,206.284000000,56.120630300,1.000000000,saturated
2633,87.608755600,7884788,79.500000000,168,162.400000000,666.858584000,460.011283000,428877.402000000,206.985000000,56.589414500,1.000000000,saturated
2634,87.642088900,7887788,79.625000000,168,160.100000000,666.676477000,460.049398000,442797.420000000,207.458000000,57.075087400,1.000000000,saturated
2635,87.675422200,7890788,80.750000000,168,162.100000000,666.754348000,460.012252000,431465.180000000,206.871000000,56.658126300,1.000000000,saturated
2636,87.708755600,7893788,82.291666700,168,165.100000000,666.837874000,460.010157000,428643.802000000,206.284000000,56.477054600,1.000000000,saturated
2637,87.742088900,7896788,80.541666700,165,162.250000000,666.947732000,460.030694000,426613.002000000,206.985000000,56.482578400,1.000000000,saturated
2638,87.775422200,7899788,81.375000000,164,161.700000000,666.900891000,459.802402000,426307.003000000,207.686000000,56.395510000,1.000000000,saturated
2639,87.808755600,7902788,82.541666700,170,168.100000000,666.887831000,459.754876000,426302.402000000,207.213000000,56.282011100,1.000000000,saturated
2640,87.841600000,7905744,85.250000000,177,169.550000000,667.248880000,459.814972000,417827.397000000,204.654000000,56.141085900,1.000000000,saturated
2641,87.874933300,7908744,85.791666700,178,170.550000000,667.222576000,459.807343000,419689.997000000,207.800000000,56.110006400,1.000000000,saturated
2642,87.908266700,7911744,85.291666700,177,169.850000000,667.013800000,459.807802000,417441.397000000,206.170000000,55.974263800,1.000000000,saturated
2643,87.941600000,7914744,85.833333300,177,170.000000000,666.798350000,459.763763000,428872.381000000,206.170000000,56.339498100,1.000000000,saturated
2644,87.974933300,7917744,85.791666700,177,170.850000000,666.843586000,459.726503000,429440.780000000,208.387000000,56.364802900,1.000000000,saturated
2645,88.008266700,7920744,85.208333300,184,171.700000000,667.027445000,459.608370000,427780.981000000,206.398000000,56.369048900,1.000000000,saturated
2646,88.041600000,7923744,85.208333300,184,171.700000000,667.128466000,459.615654000,415613.397000000,206.398000000,56.028651800,1.000000000,saturated
2647,88.074933300,7926744,84.250000000,182,170.400000000,667.171389000,459.544363000,419326.997000000,206.398000000,56.118516900,1.000000000,saturated
2648,88.107788900,7929701,83.750000000,180,169.950000000,667.120247000,459.550087000,416904.619000000,207.099000000,56.120745000,1.000000000,saturated
2649,88.141122200,7932701,83.458333300,180,169.950000000,667.176031000,459.569010000,405064.181000000,205.338000000,55.761385600,1.000000000,saturated
2650,88.174455600,7935701,84.125000000,184,176.500000000,667.046832000,459.546000000,426845.981000000,206.170000000,56.481527900,1.000000000,saturated
2651,88.207788900,7938701,84.500000000,184,176.350000000,667.061165000,459.619675000,417949.997000000,206.170000000,56.233881200,1.000000000,saturated
2652,88.241122200,7941701,84.875000000,185,176.050000000,667.130785000,459.673279000,412973.018000000,205.811000000,56.013898100,1.000000000,saturated
2653,88.274455600,7944701,84.541666700,185,174.200000000,667.144107000,459.752607000,418745.997000000,205.811000000,56.140526100,1.000000000,saturated
2654,88.307788900,7947701,83.708333300,184,173.900000000,667.230814000,459.639440000,417702.197000000,207.213000000,56.129475200,1.000000000,saturated
2655,88.341122200,7950701,83.875000000,184,177.450000000,667.109397000,459.647179000,426351.181000000,208.501000000,56.395065700,1.000000000,saturated
2656,88.373988900,7953659,83.583333300,184,177.300000000,667.034523000,459.718704000,427157.981000000,208.501000000,56.505294300,1.000000000,saturated
2657,88.407322200,7956659,83.791666700,183,178.850000000,667.024196000,459.710707000,431144.000000000,209.202000000,56.607820200,1.000000000,saturated
2658,88.440655600,7959659,83.333333300,182,177.000000000,666.976308000,459.720301000,429347.000000000,208.387000000,56.714055100,1.000000000,saturated
2659,88.473988900,7962659,84.833333300,184,179.850000000,666.921679000,459.837570000,428584.000000000,207.686000000,56.611299800,1.000000000,saturated
2660,88.507322200,7965659,84.208333300,189,181.150000000,667.028989000,459.853583000,415457.997000000,207.213000000,56.256992300,1.000000000,saturated
2661,88.540655600,7968659,84.291666700,190,182.300000000,667.043975000,459.845135000,414794.797000000,207.213000000,56.172954300,1.000000000,saturated
2662,88.573988900,7971659,83.916666700,190,182.300000000,667.039350000,459.901672000,414680.997000000,207.914000000,56.223932400,1.000000000,saturated
2663,88.607322200,7974659,84.750000000,189,183.450000000,666.899696000,459.730583000,417777.597000000,207.327000000,56.132728300,1.000000000,saturated
2664,88.640155600,7977614,83.458333300,187,183.300000000,666.896653000,459.711608000,427108.781000000,207.914000000,56.284259400,1.000000000,saturated
2665,88.673488900,7980614,82.458333300,190,186.150000000,667.175944000,459.805477000,423438.181000000,209.316000000,56.154406700,1.000000000,saturated
2666,88.706822200,7983614,81.666666700,196,188.600000000,667.090000000,459.898270000,426266.000000000,209.544000000,56.258475600,1.000000000,saturated
2667,88.740155600,7986614,82.333333300,196,188.600000000,667.080443000,459.874731000,426562.000000000,209.544000000,56.265601800,1.000000000,saturated
2668,88.773488900,7989614,82.125000000,194,187.750000000,667.008151000,459.821667000,428641.000000000,208.501000000,56.214864900,1.000000000,saturated
2669,88.806822200,7992614,81.500000000,193,186.900000000,666.965452000,459.854205000,439591.000000000,209.789000000,56.604451500,1.000000000,saturated
2670,88.840155600,7995614,81.041666700,199,188.900000000,667.129771000,459.930560000,422314.381000000,212.462000000,56.153953000,1.000000000,saturated
2671,88.873488900,7998614,80.500000000,199,187.750000000,667.136968000,459.915107000,422334.981000000,210.359000000,56.139604100,1.000000000,saturated
2672,88.906355600,8001572,82.750000000,202,191.600000000,667.117927000,459.854001000,423556.181000000,207.327000000,56.272584000,1.000000000,saturated
2673,88.939688900,8004572,83.333333300,202,191.600000000,666.940511000,459.838245000,426750.981000000,208.028000000,56.451868900,1.000000000,saturated
2674,88.973022200,8007572,83.083333300,202,194.450000000,666.884544000,459.815098000,425382.981000000,208.028000000,56.479750800,1.000000000,saturated
2675,89.006355600,8010572,83.291666700,204,196.600000000,666.851067000,459.731662000,424317.181000000,209.316000000,56.482672000,1.000000000,saturated
2676,89.039688900,8013572,83.333333300,202,196.600000000,666.841181000,459.778655000,424289.381000000,208.501000000,56.422845900,1.000000000,saturated
2677,89.073022200,8016572,83.583333300,201,197.750000000,666.887620000,459.719598000,423319.781000000,207.914000000,56.411492700,1.000000000,saturated
2678,89.106355600,8019572,83.916666700,209,197.900000000,666.899720000,459.579014000,423823.581000000,207.572000000,56.437515800,1.000000000,saturated
2679,89.139688900,8022572,84.416666700,209,199.900000000,666.944828000,459.741410000,425121.381000000,208.615000000,56.468802200,1.000000000,saturated
2680,89.172544400,8025529,83.708333300,208,198.200000000,667.081513000,459.560434000,422118.803000000,207.669000000,56.201853400,1.000000000,saturated
2681,89.205877800,8028529,83.958333300,207,198.200000000,667.105603000,459.593885000,422867.403000000,207.669000000,56.315095200,1.000000000,saturated
2682,89.239211100,8031529,83.750000000,208,197.750000000,667.147453000,459.560735000,420071.203000000,210.359000000,56.180938800,1.000000000,saturated
2683,89.272544400,8034529,81.875000000,205,194.750000000,667.172936000,459.614698000,412759.597000000,208.957000000,56.069722900,1.000000000,saturated
2684,89.305877800,8037529,82.541666700,205,195.900000000,667.054906000,459.612795000,421470.581000000,208.256000000,56.395256400,1.000000000,saturated
2685,89.339211100,8040529,81.625000000,202,193.050000000,667.101572000,459.388698000,427226.000000000,207.800000000,56.501699600,1.000000000,saturated
2686,89.372544400,8043529,80.291666700,199,189.050000000,667.053011000,459.413718000,431855.219000000,208.387000000,56.616055200,1.000000000,saturated
2687,89.405877800,8046529,80.875000000,197,187.050000000,667.138432000,459.551842000,426238.000000000,207.572000000,56.469477500,1.000000000,saturated
2688,89.438722200,8049485,79.750000000,202,195.750000000,667.018175000,459.512789000,427174.000000000,207.572000000,56.497396300,1.000000000,saturated
2689,89.472055600,8052485,81.291666700,207,198.600000000,666.915521000,459.649992000,421822.781000000,206.871000000,56.249319600,1.000000000,saturated
2690,89.505388900,8055485,82.166666700,208,196.050000000,666.898909000,459.797588000,415397.603000000,207.800000000,56.033258400,1.000000000,saturated
2691,89.538722200,8058485,82.416666700,207,195.050000000,666.926209000,459.746720000,415571.603000000,208.028000000,56.046218500,1.000000000,saturated
2692,89.572055600,8061485,82.625000000,207,197.200000000,667.088279000,459.591357000,405126.000000000,207.327000000,55.714067000,1.000000000,saturated
2693,89.605388900,8064485,80.791666700,205,195.500000000,667.097991000,459.571536000,414000.197000000,208.729000000,55.996830900,1.000000000,saturated
2694,89.638722200,8067485,80.666666700,204,194.500000000,667.093813000,459.490403000,414237.597000000,208.729000000,56.002672500,1.000000000,saturated
2695,89.672055600,8070485,80.625000000,202,194.500000000,667.096389000,459.417262000,413192.597000000,206.284000000,55.961521400,1.000000000,saturated
2696,89.704911100,8073442,81.375000000,201,192.800000000,667.074612000,459.428568000,417545.203000000,207.686000000,56.110271100,1.000000000,saturated
2697,89.738244400,8076442,81.458333300,201,192.800000000,667.229938000,459.328425000,420055.203000000,206.985000000,56.224348500,1.000000000,saturated
2698,89.771577800,8079442,82.250000000,200,194.950000000,667.228184000,459.279715000,413109.018000000,206.284000000,55.959768100,1.000000000,saturated
2699,89.804911100,8082442,81.958333300,199,192.950000000,667.212060000,459.348731000,413517.618000000,206.284000000,55.851590600,1.000000000,saturated
2700,89.838244400,8085442,81.083333300,203,197.250000000,667.229005000,459.256355000,431326.381000000,207.572000000,56.356436000,1.000000000,saturated
2701,89.871577800,8088442,81.541666700,204,198.250000000,667.173380000,459.273811000,435132.000000000,206.170000000,56.501061800,1.000000000,saturated
2702,89.904911100,8091442,81.416666700,204,198.550000000,667.192949000,459.298826000,424436.802000000,206.284000000,56.111081300,1.000000000,saturated
2703,89.938244400,8094442,80.791666700,203,198.550000000,667.160634000,459.238759000,425793.802000000,206.854000000,56.132785700,1.000000000,saturated
2704,89.971100000,8097399,81.041666700,204,199.550000000,667.137953000,459.124083000,424504.002000000,207.914000000,56.056936500,1.000000000,saturated
2705,90.004433300,8100399,81.583333300,203,199.550000000,667.439297000,459.168829000,402676.418000000,203.480000000,55.454476400,1.000000000,saturated
2706,90.037766700,8103399,80.958333300,200,196.550000000,667.513697000,459.182188000,402442.018000000,206.512000000,55.456321200,1.000000000,saturated
2707,90.071100000,8106399,79.916666700,200,196.400000000,667.377637000,459.261572000,403260.218000000,205.110000000,55.572396900,1.000000000,saturated
2708,90.104433300,8109399,79.541666700,200,197.400000000,667.294120000,459.345395000,413699.619000000,204.768000000,55.899868000,1.000000000,saturated
2709,90.137766700,8112399,80.791666700,206,199.800000000,667.403535000,459.252394000,412897.418000000,205.469000000,55.850714000,1.000000000,saturated
2710,90.171100000,8115399,79.916666700,205,198.800000000,667.395911000,459.414392000,422417.402000000,205.469000000,56.143240600,1.000000000,saturated
2711,90.204433300,8118399,79.708333300,201,195.950000000,667.523131000,459.513159000,422922.602000000,206.170000000,56.171410500,1.000000000,saturated
2712,90.237277800,8121355,79.166666700,201,195.950000000,667.469805000,459.319045000,427190.981000000,206.871000000,56.371738900,1.000000000,saturated
2713,90.270611100,8124355,80.666666700,201,197.100000000,667.467289000,459.198903000,427933.981000000,207.572000000,56.523419300,1.000000000,saturated
2714,90.303944400,8127355,80.250000000,200,195.950000000,667.432170000,459.073183000,428682.781000000,205.110000000,56.555198100,1.000000000,saturated
2715,90.337277800,8130355,80.125000000,204,199.500000000,667.376690000,459.036916000,433823.198000000,206.871000000,56.689103500,1.000000000,saturated
2716,90.370611100,8133355,80.250000000,204,198.500000000,667.341907000,459.167031000,438288.602000000,208.273000000,56.837525500,1.000000000,saturated
2717,90.403944400,8136355,80.333333300,204,199.500000000,667.518784000,459.237921000,435283.000000000,207.800000000,56.646064000,1.000000000,saturated
2718,90.437277800,8139355,80.458333300,205,199.350000000,667.426604000,459.194185000,433669.000000000,207.099000000,56.630624000,1.000000000,saturated
2719,90.470611100,8142355,79.375000000,205,201.050000000,667.368233000,459.213430000,435482.000000000,207.213000000,56.709836400,1.000000000,saturated
2720,90.503466700,8145312,78.541666700,204,200.600000000,667.504927000,459.091708000,425998.003000000,207.914000000,56.379338600,1.000000000,saturated
2721,90.536800000,8148312,79.041666700,203,200.900000000,667.492492000,459.105184000,425001.802000000,207.914000000,56.349011200,1.000000000,saturated
2722,90.570133300,8151312,79.166666700,204,200.950000000,667.366017000,459.098287000,429743.181000000,207.213000000,56.623442800,1.000000000,saturated
2723,90.603466700,8154312,80.458333300,203,202.100000000,667.344452000,459.189995000,431374.581000000,207.686000000,56.771243000,1.000000000,saturated
2724,90.636800000,8157312,79.958333300,201,200.400000000,667.483244000,459.262060000,425868.802000000,206.985000000,56.518043300,1.000000000,saturated
2725,90.670133300,8160312,79.833333300,200,199.400000000,667.482801000,459.206035000,424723.603000000,206.985000000,56.485376100,1.000000000,saturated
2726,90.703466700,8163312,79.750000000,201,200.250000000,667.464837000,459.056799000,422306.602000000,207.441000000,56.385000600,1.000000000,saturated
2727,90.736800000,8166312,78.916666700,198,197.250000000,667.440999000,459.123215000,423880.002000000,207.441000000,56.449036300,1.000000000,saturated
2728,90.769666700,8169270,79.625000000,198,197.250000000,667.323223000,459.013863000,430272.980000000,208.843000000,56.845527300,1.000000000,saturated
2729,90.803000000,8172270,80.458333300,200,198.700000000,667.326008000,459.067433000,430086.381000000,210.245000000,56.865294000,1.000000000,saturated
2730,90.836333300,8175270,80.291666700,203,197.950000000,667.330271000,459.270828000,422457.003000000,210.245000000,56.615408900,1.000000000,saturated
2731,90.869666700,8178270,79.583333300,199,196.950000000,667.266454000,459.310478000,422081.203000000,210.946000000,56.640364500,1.000000000,saturated
2732,90.903000000,8181270,80.291666700,199,196.950000000,667.270241000,459.360313000,414836.997000000,209.544000000,56.435720800,1.000000000,saturated
2733,90.936333300,8184270,80.583333300,200,197.950000000,667.267529000,459.341446000,414633.597000000,209.544000000,56.430363300,1.000000000,saturated
2734,90.969666700,8187270,80.125000000,200,197.800000000,666.999560000,459.535334000,424760.580000000,210.946000000,56.722260200,1.000000000,saturated
2735,91.003000000,8190270,79.791666700,201,197.800000000,666.929112000,459.402655000,420481.603000000,209.316000000,56.538464500,1.000000000,saturated
2736,91.035844400,8193226,79.583333300,200,197.800000000,667.024392000,459.448693000,413645.219000000,207.914000000,56.240433900,0.999793059,saturated
2737,91.069177800,8196226,79.166666700,204,197.500000000,667.067405000,459.567192000,409266.403000000,207.213000000,56.280090000,0.999753706,saturated
2738,91.102511100,8199226,79.791666700,201,196.200000000,667.103068000,459.556959000,410013.603000000,207.213000000,56.285030800,0.999754154,saturated
2739,91.135844400,8202226,81.208333300,204,198.050000000,666.943769000,459.627651000,421276.803000000,208.501000000,56.668693400,0.999789212,saturated
2740,91.169177800,8205226,81.583333300,204,198.350000000,667.086909000,459.506972000,414822.181000000,207.800000000,56.551980000,1.000000000,saturated
2741,91.202511100,8208226,79.333333300,204,196.900000000,667.224107000,459.694392000,402785.197000000,208.028000000,56.148808300,1.000000000,saturated
2742,91.235844400,8211226,79.958333300,204,197.750000000,667.182070000,459.431712000,413200.997000000,209.430000000,56.424851800,1.000000000,saturated
2743,91.269177800,8214226,80.375000000,207,201.300000000,667.054391000,459.335919000,418233.803000000,208.729000000,56.418976100,1.000000000,saturated
2744,91.302033300,8217183,81.250000000,207,202.300000000,666.979865000,459.297000000,419205.203000000,209.430000000,56.593477800,1.000000000,saturated
2745,91.335366700,8220183,80.875000000,207,203.150000000,667.043767000,459.288705000,406917.819000000,208.729000000,56.203808400,1.000000000,saturated
2746,91.368700000,8223183,80.916666700,210,203.850000000,666.905605000,459.317093000,418579.203000000,210.131000000,56.626506700,1.000000000,saturated
2747,91.402033300,8226183,79.791666700,213,204.550000000,666.891983000,459.335811000,424987.180000000,209.430000000,56.933051000,1.000000000,saturated
2748,91.435366700,8229183,80.083333300,214,206.400000000,666.882309000,459.409106000,425325.980000000,208.729000000,56.902682500,1.000000000,saturated
2749,91.468700000,8232183,79.583333300,213,203.700000000,667.011277000,459.485346000,425939.580000000,210.131000000,56.977294200,1.000000000,saturated
2750,91.502033300,8235183,80.375000000,215,207.400000000,667.021482000,459.245181000,422279.403000000,209.430000000,56.801361200,1.000000000,saturated
2751,91.535366700,8238183,80.208333300,216,206.400000000,666.906852000,459.272057000,432976.000000000,209.430000000,57.156829300,1.000000000,saturated
2752,91.568222200,8241140,80.541666700,215,206.550000000,667.109091000,459.017513000,432640.000000000,210.017000000,57.124910500,1.000000000,saturated
2753,91.601555600,8244140,81.000000000,215,208.550000000,667.090731000,458.952944000,434921.020000000,210.718000000,57.139378700,1.000000000,saturated
2754,91.634888900,8247140,81.333333300,213,196.350000000,667.232352000,458.837537000,433382.003000000,208.501000000,57.237182500,1.000000000,saturated
2755,91.668222200,8250140,80.041666700,213,197.050000000,667.160915000,458.927679000,430786.000000000,207.800000000,56.981743900,1.000000000,saturated
2756,91.701555600,8253140,79.958333300,213,197.050000000,667.259217000,458.723195000,430335.000000000,208.615000000,56.941968100,1.000000000,saturated
2757,91.734888900,8256140,79.666666700,210,195.050000000,667.119487000,458.788084000,436544.419000000,209.088000000,57.104454200,1.000000000,saturated
2758,91.768222200,8259140,79.500000000,210,195.200000000,667.077026000,458.775538000,436249.019000000,209.088000000,57.027945300,1.000000000,saturated
2759,91.801555600,8262140,80.375000000,212,198.050000000,667.209850000,458.638032000,434671.419000000,208.501000000,57.077681100,1.000000000,saturated
2760,91.834400000,8265096,79.125000000,212,196.200000000,667.161118000,458.877144000,426281.981000000,207.441000000,56.756498100,1.000000000,saturated
2761,91.867733300,8268096,79.125000000,210,194.350000000,667.129070000,458.872350000,431501.000000000,208.142000000,56.872513800,1.000000000,saturated
2762,91.901066700,8271096,78.958333300,208,194.350000000,667.185827000,458.951380000,426152.581000000,207.441000000,56.752677000,1.000000000,saturated
2763,91.934400000,8274096,79.208333300,207,192.650000000,667.283185000,459.043570000,419577.000000000,208.843000000,56.617111700,1.000000000,saturated
2764,91.967733300,8277096,78.958333300,204,190.800000000,667.344560000,459.012295000,406518.000000000,206.039000000,56.226809500,1.000000000,saturated
2765,92.001066700,8280096,78.416666700,201,188.800000000,667.066296000,459.017762000,418526.603000000,206.284000000,56.481650400,1.000000000,saturated
2766,92.034400000,8283096,78.291666700,203,191.650000000,667.185544000,459.110028000,416101.997000000,205.355000000,56.410550000,1.000000000,saturated
2767,92.067733300,8286096,79.041666700,203,191.650000000,667.384839000,459.110368000,408427.419000000,206.740000000,56.258975100,1.000000000,saturated
2768,92.100588900,8289053,79.125000000,206,194.350000000,667.498681000,459.234754000,408969.219000000,206.740000000,56.335396000,1.000000000,saturated
2769,92.133922200,8292053,78.958333300,206,196.350000000,667.301869000,459.187895000,407878.419000000,206.740000000,56.281783700,0.999886241,saturated
2770,92.167255600,8295053,79.708333300,206,195.350000000,667.254008000,459.223105000,412006.019000000,206.039000000,56.381245100,0.999887380,saturated
2771,92.200588900,8298053,78.875000000,203,194.350000000,667.291034000,459.132481000,419976.203000000,206.056000000,56.687302700,1.000000000,saturated
2772,92.233922200,8301053,78.583333300,199,191.800000000,667.439919000,459.216868000,419762.003000000,206.740000000,56.616503400,0.999878026,saturated
2773,92.267255600,8304053,78.500000000,198,190.950000000,667.405496000,459.109826000,420423.203000000,206.740000000,56.615057900,0.999878218,saturated
2774,92.300588900,8307053,78.708333300,198,191.800000000,667.497981000,459.012788000,419221.203000000,206.056000000,56.474282200,0.999877869,saturated
2775,92.333922200,8310053,78.875000000,199,192.950000000,667.474174000,458.987407000,417955.203000000,206.740000000,56.400428700,0.999877499,saturated
2776,92.366788900,8313011,78.458333300,198,191.550000000,667.462132000,459.066893000,419773.603000000,207.441000000,56.668701500,1.000000000,saturated
2777,92.400122200,8316011,77.125000000,196,189.400000000,667.444922000,458.910387000,419324.803000000,207.441000000,56.509459500,1.000000000,saturated
2778,92.433455600,8319011,78.375000000,197,189.400000000,667.291942000,458.909510000,421388.003000000,206.039000000,56.567558500,1.000000000,saturated
2779,92.466788900,8322011,78.291666700,197,190.250000000,667.144805000,458.917410000,427776.381000000,207.213000000,56.766461700,1.000000000,saturated
2780,92.500122200,8325011,78.125000000,198,192.400000000,667.114303000,458.953885000,427297.381000000,209.316000000,56.694881300,1.000000000,saturated
2781,92.533455600,8328011,78.541666700,196,193.400000000,667.099598000,458.890591000,427134.381000000,210.017000000,56.650040400,1.000000000,saturated
2782,92.566788900,8331011,79.583333300,200,197.100000000,667.198510000,458.869331000,420029.203000000,209.316000000,56.480533600,0.999935243,saturated
2783,92.600122200,8334011,79.541666700,201,197.500000000,667.241774000,458.828710000,413347.997000000,207.099000000,56.270552900,1.000000000,saturated
2784,92.632955600,8336966,79.666666700,200,196.350000000,667.183704000,458.839058000,419196.603000000,207.914000000,56.496084200,1.000000000,saturated
2785,92.666288900,8339966,78.708333300,199,195.350000000,666.970969000,458.909867000,420610.403000000,206.871000000,56.488822300,0.999935332,saturated
2786,92.699622200,8342966,77.958333300,199,195.200000000,667.026656000,458.948672000,422872.381000000,206.871000000,56.629388000,0.999861897,saturated
2787,92.732955600,8345966,78.666666700,198,196.200000000,667.077412000,459.004321000,418824.204000000,207.213000000,56.571746800,0.999883483,saturated
2788,92.766288900,8348966,79.541666700,198,196.350000000,667.016501000,458.986762000,419775.003000000,208.957000000,56.529035300,0.999883747,saturated
2789,92.799622200,8351966,78.958333300,197,194.350000000,667.068441000,458.842292000,418999.004000000,207.914000000,56.571286800,0.999707875,saturated
2790,92.832955600,8354966,80.458333300,194,192.400000000,666.989377000,458.967241000,429458.580000000,210.131000000,56.876647700,1.000000000,saturated
2791,92.866288900,8357966,79.916666700,193,191.700000000,667.099267000,458.969219000,425568.803000000,208.501000000,56.651690100,1.000000000,saturated
2792,92.899155600,8360924,78.833333300,192,190.700000000,667.088953000,458.886303000,430698.000000000,207.686000000,56.899022700,1.000000000,saturated
2793,92.932488900,8363924,80.083333300,197,193.250000000,667.050140000,458.830679000,431875.019000000,209.088000000,56.969292500,1.000000000,saturated
2794,92.965822200,8366924,80.625000000,197,185.400000000,666.953283000,458.977004000,434144.997000000,208.387000000,57.142987500,1.000000000,saturated
2795,92.999155600,8369924,81.041666700,193,187.950000000,667.029630000,459.114995000,432166.997000000,208.273000000,56.958807200,1.000000000,saturated
2796,93.032488900,8372924,80.458333300,191,185.250000000,667.159464000,459.209389000,426612.219000000,208.273000000,56.734881500,1.000000000,saturated
2797,93.065822200,8375924,81.125000000,193,188.100000000,667.148851000,459.220010000,424300.019000000,208.273000000,56.539174400,1.000000000,saturated
2798,93.099155600,8378924,81.000000000,192,185.100000000,667.123174000,459.197473000,419733.000000000,207.572000000,56.418541300,1.000000000,saturated
2799,93.132488900,8381924,80.375000000,190,185.400000000,667.084787000,459.042856000,421316.000000000,206.757000000,56.541874600,1.000000000,saturated
2800,93.165344400,8384881,82.208333300,196,192.650000000,667.264834000,459.109658000,414936.381000000,207.572000000,56.449406100,1.000000000,saturated
2801,93.198677800,8387881,81.375000000,192,190.650000000,667.240483000,459.168233000,415592.181000000,206.871000000,56.527733100,1.000000000,saturated
2802,93.232011100,8390881,80.875000000,190,187.500000000,667.151508000,459.245832000,413872.004000000,206.871000000,56.477940800,1.000000000,saturated
2803,93.265344400,8393881,81.375000000,191,188.650000000,667.027745000,459.227058000,411514.404000000,206.871000000,56.297081800,1.000000000,saturated
2804,93.298677800,8396881,81.625000000,190,188.650000000,667.018047000,459.478893000,415636.781000000,207.572000000,56.410275800,1.000000000,saturated
2805,93.332011100,8399881,81.250000000,196,192.650000000,666.963706000,459.350817000,421967.000000000,207.686000000,56.522966500,1.000000000,saturated
2806,93.365344400,8402881,81.750000000,196,193.650000000,666.990769000,459.285242000,426258.219000000,207.686000000,56.648248600,1.000000000,saturated
2807,93.398677800,8405881,82.375000000,198,195.200000000,667.090962000,459.315210000,426784.419000000,208.729000000,56.615556800,1.000000000,saturated
2808,93.431522200,8408837,81.166666700,196,192.350000000,667.125908000,459.153575000,428922.797000000,207.783000000,56.658425700,1.000000000,saturated
2809,93.464855600,8411837,81.125000000,196,192.200000000,667.211517000,459.160581000,423246.819000000,207.686000000,56.506472400,1.000000000,saturated
2810,93.498188900,8414837,80.500000000,198,193.900000000,667.294698000,459.113569000,413807.381000000,207.686000000,56.193088500,1.000000000,saturated
2811,93.531522200,8417837,79.916666700,198,193.600000000,667.202422000,459.159165000,415913.381000000,207.783000000,56.221807800,1.000000000,saturated
2812,93.564855600,8420837,80.208333300,199,193.450000000,667.047857000,459.340126000,415276.781000000,210.245000000,56.211920400,1.000000000,saturated
2813,93.598188900,8423837,79.333333300,197,190.750000000,667.029980000,459.315242000,407260.596000000,210.245000000,55.932119400,1.000000000,saturated
2814,93.631522200,8426837,80.125000000,198,192.750000000,667.054891000,459.215722000,410912.804000000,210.245000000,56.071909800,1.000000000,saturated
2815,93.664855600,8429837,79.833333300,197,191.900000000,667.184599000,459.241210000,406088.796000000,208.843000000,55.871372900,1.000000000,saturated
2816,93.697711100,8432794,79.333333300,194,191.050000000,667.003027000,459.359264000,414820.981000000,209.202000000,56.221120500,1.000000000,saturated
2817,93.731044400,8435794,79.083333300,197,192.050000000,666.926004000,459.416474000,416152.381000000,205.942000000,56.273386000,1.000000000,saturated
2818,93.764377800,8438794,78.625000000,199,191.350000000,666.900760000,459.290939000,413079.203000000,205.697000000,56.150979800,1.000000000,saturated
2819,93.797711100,8441794,79.291666700,200,193.900000000,666.794432000,459.211977000,402752.000000000,206.398000000,55.841047500,1.000000000,saturated
2820,93.831044400,8444794,78.833333300,202,192.650000000,666.870884000,459.266387000,405518.818000000,208.843000000,56.168942500,1.000000000,saturated
2821,93.864377800,8447794,79.708333300,200,192.650000000,666.879811000,459.310716000,405211.018000000,208.142000000,56.142820900,1.000000000,saturated
2822,93.897711100,8450794,79.458333300,200,192.650000000,666.975572000,459.351033000,406553.618000000,208.843000000,56.199855000,1.000000000,saturated
2823,93.931044400,8453794,79.000000000,199,192.800000000,666.941998000,459.346875000,406850.818000000,208.843000000,56.132562600,1.000000000,saturated
2824,93.963900000,8456751,79.958333300,200,194.350000000,666.886264000,459.454252000,406994.818000000,208.142000000,56.218637300,1.000000000,saturated
2825,93.997233300,8459751,80.250000000,201,195.350000000,666.798662000,459.404780000,422556.181000000,207.572000000,56.819229300,1.000000000,saturated
2826,94.030566700,8462751,79.291666700,200,193.500000000,666.652739000,459.408273000,425615.181000000,207.572000000,56.812065700,1.000000000,saturated
2827,94.063900000,8465751,80.208333300,201,191.950000000,666.951487000,459.256615000,422535.403000000,206.871000000,56.731410900,1.000000000,saturated
2828,94.097233300,8468751,80.041666700,204,191.650000000,667.011293000,459.274735000,421164.803000000,207.686000000,56.735532600,1.000000000,saturated
2829,94.130566700,8471751,80.708333300,204,191.500000000,666.884009000,459.279586000,429321.197000000,207.686000000,56.912632700,1.000000000,saturated
2830,94.163900000,8474751,80.041666700,197,187.950000000,666.812500000,459.055426000,435226.000000000,206.871000000,56.918132500,1.000000000,saturated
2831,94.197233300,8477751,79.666666700,196,185.800000000,666.757212000,458.992609000,435231.980000000,206.871000000,56.854619500,1.000000000,saturated
2832,94.230077800,8480707,81.375000000,198,187.500000000,661.294767000,459.787116000,475943.821000000,206.512000000,59.383361000,1.000000000,saturated
2833,94.263411100,8483707,81.500000000,197,188.500000000,652.641670000,462.198884000,506798.000000000,207.213000000,60.586759300,1.000000000,saturated
2834,94.296744400,8486707,83.500000000,195,189.100000000,646.408668000,466.866254000,513901.005000000,207.686000000,61.527479200,1.000000000,saturated
2835,94.330077800,8489707,84.333333300,197,190.950000000,646.965007000,470.982260000,530000.976000000,208.159000000,62.242468400,1.000000000,saturated
2836,94.363411100,8492707,84.875000000,197,191.950000000,653.848787000,473.464016000,508026.377000000,212.348000000,60.903541600,1.000000000,saturated
2837,94.396744400,8495707,85.958333300,202,196.650000000,661.344007000,471.919570000,481383.820000000,209.903000000,58.854621300,1.000000000,saturated
2838,94.430077800,8498707,84.583333300,203,196.200000000,666.156164000,469.639635000,400545.403000000,208.142000000,55.386952700,1.000000000,saturated
2839,94.463411100,8501707,85.125000000,204,195.050000000,669.152644000,466.294616000,350583.003000000,205.811000000,53.481082200,1.000000000,saturated
2840,94.496266700,8504664,85.208333300,205,196.200000000,669.504066000,465.800613000,367509.983000000,208.387000000,53.793531600,1.000000000,saturated
2841,94.529600000,8507664,86.208333300,204,196.200000000,669.633896000,465.655548000,364668.583000000,207.686000000,53.613754200,1.000000000,saturated
2842,94.562933300,8510664,86.541666700,199,191.050000000,669.796659000,466.053302000,360326.000000000,206.871000000,53.369027000,1.000000000,saturated
2843,94.596266700,8513664,86.083333300,197,190.050000000,670.138766000,466.923607000,346785.183000000,204.409000000,52.597061400,1.000000000,saturated
2844,94.629600000,8516664,85.208333300,196,190.050000000,670.331641000,467.744440000,343031.000000000,208.729000000,52.376556200,1.000000000,saturated
2845,94.662933300,8519664,84.958333300,195,189.050000000,670.662725000,468.486835000,338329.816000000,207.572000000,51.751753100,1.000000000,saturated
2846,94.696266700,8522664,82.833333300,190,185.350000000,670.974866000,468.507837000,333904.616000000,206.056000000,51.503668500,1.000000000,saturated
2847,94.729600000,8525664,83.958333300,192,188.200000000,671.105837000,468.352262000,329394.000000000,205.942000000,51.410572100,1.000000000,saturated
2848,94.762466700,8528622,83.625000000,192,188.200000000,670.590911000,468.145132000,332792.203000000,208.501000000,52.274552900,1.000000000,saturated
2849,94.795800000,8531622,82.958333300,191,188.200000000,670.059717000,468.460832000,339403.384000000,208.615000000,52.929688700,1.000000000,saturated
2850,94.829133300,8534622,81.791666700,189,185.100000000,669.539499000,468.656317000,341732.403000000,205.697000000,53.252824100,1.000000000,saturated
2851,94.862466700,8537622,82.375000000,189,186.250000000,668.492361000,468.457518000,361145.383000000,204.540000000,53.875923700,1.000000000,saturated
2852,94.895800000,8540622,83.291666700,191,188.100000000,668.043455000,468.266568000,367643.017000000,207.099000000,54.559236200,1.000000000,saturated
2853,94.929133300,8543622,83.458333300,191,188.100000000,667.560821000,467.866519000,388995.017000000,205.583000000,54.995335200,1.000000000,saturated
2854,94.962466700,8546622,83.125000000,189,188.250000000,666.995723000,467.706447000,400127.997000000,206.985000000,55.870741700,1.000000000,saturated
2855,94.995800000,8549622,83.250000000,188,186.400000000,666.023980000,467.892762000,424515.000000000,203.839000000,56.606288900,1.000000000,saturated
2856,95.028644400,8552578,83.291666700,191,188.100000000,665.521292000,468.031439000,431380.000000000,205.355000000,56.769067900,1.000000000,saturated
2857,95.061977800,8555578,84.375000000,192,190.100000000,665.055235000,468.256631000,440236.801000000,204.654000000,57.073085000,1.000000000,saturated
2858,95.095311100,8558578,84.291666700,191,189.100000000,665.068410000,468.142394000,439955.801000000,205.469000000,56.947740200,1.000000000,saturated
2859,95.128644400,8561578,85.041666700,189,187.400000000,665.381348000,468.070393000,433284.001000000,206.170000000,56.684517700,1.000000000,saturated
2860,95.161977800,8564578,84.625000000,187,185.700000000,665.458766000,467.860059000,432250.181000000,206.398000000,56.504084600,1.000000000,saturated
2861,95.195311100,8567578,84.625000000,186,184.850000000,665.492011000,467.632414000,429160.002000000,205.697000000,56.184413400,1.000000000,saturated
2862,95.228644400,8570578,84.083333300,185,183.850000000,665.597261000,467.605669000,427506.602000000,204.654000000,56.123446000,1.000000000,saturated
2863,95.261977800,8573578,84.458333300,185,183.850000000,665.668577000,467.699654000,423495.602000000,206.871000000,56.059601000,1.000000000,saturated
2864,95.294833300,8576535,84.500000000,185,184.000000000,665.699922000,467.788302000,427536.781000000,206.398000000,56.110147900,1.000000000,saturated
2865,95.328166700,8579535,84.916666700,184,183.850000000,665.773183000,468.045226000,421587.581000000,208.387000000,55.866801700,1.000000000,saturated
2866,95.361500000,8582535,84.625000000,184,183.850000000,665.877782000,468.024203000,421125.381000000,207.800000000,55.876773300,1.000000000,saturated
2867,95.394833300,8585535,84.333333300,184,183.700000000,666.311168000,468.027975000,408580.203000000,206.740000000,55.480011000,1.000000000,saturated
2868,95.428166700,8588535,83.458333300,182,180.700000000,666.568728000,467.881286000,409332.582000000,207.213000000,55.511392000,1.000000000,saturated
2869,95.461500000,8591535,84.416666700,184,174.000000000,666.680667000,467.871679000,408749.782000000,205.811000000,55.504580200,1.000000000,saturated
2870,95.494833300,8594535,84.333333300,183,175.000000000,666.887660000,467.728139000,399599.798000000,206.985000000,55.204738000,1.000000000,saturated
2871,95.528166700,8597535,84.458333300,181,174.550000000,666.981309000,467.641761000,397774.797000000,206.284000000,55.167667900,1.000000000,saturated
2872,95.561022200,8600492,84.375000000,181,175.400000000,666.843417000,467.633235000,399444.000000000,206.284000000,55.206481200,1.000000000,saturated
2873,95.594355600,8603492,85.041666700,182,174.700000000,666.866529000,467.533148000,397824.000000000,206.284000000,55.195349300,1.000000000,saturated
2874,95.627688900,8606492,86.208333300,182,175.850000000,666.740572000,467.788594000,401262.003000000,205.338000000,55.315244900,1.000000000,saturated
2875,95.661022200,8609492,85.833333300,178,177.550000000,666.751800000,467.607841000,399509.203000000,205.338000000,55.229396600,1.000000000,saturated
2876,95.694355600,8612492,86.083333300,178,177.400000000,666.762209000,467.684195000,397096.000000000,206.039000000,55.147658500,1.000000000,saturated
2877,95.727688900,8615492,86.666666700,178,177.700000000,666.618102000,467.670431000,406834.000000000,208.615000000,55.580006900,1.000000000,saturated
2878,95.761022200,8618492,85.666666700,177,176.850000000,666.717043000,467.759551000,402560.982000000,208.615000000,55.409279400,1.000000000,saturated
2879,95.794355600,8621492,86.500000000,189,183.400000000,666.761552000,467.720059000,406018.000000000,209.544000000,55.524630100,1.000000000,saturated
2880,95.827200000,8624448,84.875000000,182,180.000000000,666.575738000,467.740389000,410837.818000000,207.686000000,55.612800500,1.000000000,saturated
2881,95.860533300,8627448,84.875000000,180,179.000000000,666.683886000,467.616563000,407227.000000000,208.387000000,55.485029800,1.000000000,saturated
2882,95.893866700,8630448,84.333333300,181,179.700000000,666.706612000,467.477453000,411475.000000000,210.832000000,55.569180600,1.000000000,saturated
2883,95.927200000,8633448,84.125000000,181,179.550000000,666.791604000,467.406575000,410519.998000000,208.729000000,55.396613700,1.000000000,saturated
2884,95.960533300,8636448,84.416666700,183,179.550000000,666.700792000,467.499076000,405844.582000000,207.327000000,55.204428200,1.000000000,saturated
2885,95.993866700,8639448,85.625000000,185,181.700000000,666.512207000,467.571791000,404761.582000000,208.387000000,55.090985200,1.000000000,saturated
2886,96.027200000,8642448,84.208333300,182,179.000000000,666.530666000,467.482799000,405622.182000000,208.387000000,55.140488900,1.000000000,saturated
2887,96.060533300,8645448,83.958333300,180,178.000000000,666.544855000,467.402592000,404805.182000000,208.729000000,55.163859200,1.000000000,saturated
2888,96.093388900,8648405,82.958333300,179,177.000000000,666.736714000,467.412439000,402696.382000000,208.729000000,55.196206300,1.000000000,saturated
2889,96.126722200,8651405,82.541666700,176,175.850000000,666.747568000,467.330532000,400484.582000000,210.131000000,55.179468600,1.000000000,saturated
2890,96.160055600,8654405,83.958333300,177,172.400000000,666.728171000,467.466522000,396354.203000000,205.241000000,55.256940200,1.000000000,saturated
2891,96.193388900,8657405,82.875000000,175,170.400000000,666.706490000,467.390392000,397242.203000000,205.241000000,55.278337300,1.000000000,saturated
2892,96.226722200,8660405,83.791666700,175,170.700000000,666.802657000,467.238782000,400176.382000000,208.387000000,55.342850500,1.000000000,saturated
2893,96.260055600,8663405,84.166666700,176,170.000000000,666.704490000,467.235840000,401689.982000000,207.686000000,55.383607400,1.000000000,saturated
2894,96.293388900,8666405,83.916666700,174,169.000000000,666.576841000,467.363889000,403297.182000000,205.241000000,55.400376200,1.000000000,saturated
2895,96.326722200,8669405,85.416666700,184,179.900000000,666.708420000,467.267710000,405598.582000000,208.501000000,55.440946300,1.000000000,saturated
2896,96.359588900,8672363,85.250000000,183,178.200000000,666.715700000,467.271468000,404675.582000000,207.099000000,55.477372900,1.000000000,saturated
2897,96.392922200,8675363,85.416666700,181,178.050000000,666.536800000,467.299611000,406225.982000000,205.942000000,55.554289300,1.000000000,saturated
2898,96.426255600,8678363,85.333333300,185,178.200000000,666.598665000,467.276267000,406133.982000000,206.757000000,55.551453000,1.000000000,saturated
2899,96.459588900,8681363,84.750000000,183,177.200000000,666.620126000,467.199373000,402606.003000000,206.056000000,55.432272800,1.000000000,saturated
2900,96.492922200,8684363,84.541666700,187,178.350000000,666.596233000,467.345103000,401186.403000000,207.686000000,55.285888700,1.000000000,saturated
2901,96.526255600,8687363,85.708333300,192,183.750000000,666.536603000,467.327837000,402646.803000000,206.985000000,55.365426100,1.000000000,saturated
2902,96.559588900,8690363,84.958333300,190,182.900000000,666.521585000,467.303682000,402620.203000000,207.099000000,55.388371600,1.000000000,saturated
2903,96.592922200,8693363,85.458333300,190,182.900000000,666.648611000,467.274617000,399750.203000000,207.099000000,55.385713100,1.000000000,saturated
2904,96.625755600,8696318,85.166666700,190,182.900000000,666.675163000,467.318445000,399007.403000000,206.170000000,55.416093900,1.000000000,saturated
2905,96.659088900,8699318,84.458333300,187,180.900000000,666.710975000,467.330841000,398965.803000000,206.871000000,55.171844800,1.000000000,saturated
2906,96.692422200,8702318,84.125000000,189,181.750000000,666.745220000,467.200066000,400372.403000000,206.871000000,55.225722500,1.000000000,saturated
2907,96.725755600,8705318,84.458333300,186,177.200000000,666.694250000,467.239478000,404448.782000000,208.615000000,55.422231700,1.000000000,saturated
2908,96.759088900,8708318,85.375000000,185,177.200000000,666.732441000,467.276462000,402615.182000000,207.572000000,55.270398300,1.000000000,saturated
2909,96.792422200,8711318,85.125000000,187,178.200000000,666.741768000,467.323295000,403048.582000000,207.914000000,55.294870200,1.000000000,saturated
2910,96.825755600,8714318,84.208333300,190,178.800000000,666.715524000,467.132927000,401440.802000000,207.914000000,55.223604400,1.000000000,saturated
2911,96.859088900,8717318,83.750000000,188,176.950000000,666.768541000,467.134341000,399935.402000000,208.957000000,55.209744800,1.000000000,saturated
2912,96.891955600,8720276,84.375000000,186,176.800000000,666.726843000,467.178884000,399256.202000000,209.316000000,55.168716200,1.000000000,saturated
2913,96.925288900,8723276,84.291666700,184,176.650000000,666.780971000,467.195178000,398979.003000000,209.316000000,55.189490100,1.000000000,saturated
2914,96.958622200,8726276,84.625000000,184,176.650000000,666.764321000,467.279590000,394394.603000000,206.512000000,55.096738300,1.000000000,saturated
2915,96.991955600,8729276,85.083333300,190,176.500000000,666.660966000,467.204251000,394024.203000000,207.914000000,55.151554500,1.000000000,saturated
2916,97.025288900,8732276,84.666666700,189,176.350000000,666.576585000,467.221546000,396349.403000000,206.512000000,55.187797400,1.000000000,saturated
2917,97.058622200,8735276,85.625000000,191,179.900000000,666.623849000,467.222733000,394850.597000000,206.512000000,55.182934100,1.000000000,saturated
2918,97.091955600,8738276,85.250000000,190,178.050000000,666.547980000,467.274169000,401865.803000000,206.512000000,55.438426500,1.000000000,saturated
2919,97.125288900,8741276,84.791666700,185,176.350000000,666.558822000,467.330235000,402036.018000000,205.355000000,55.413114100,1.000000000,saturated
2920,97.158144400,8744233,85.041666700,183,174.950000000,666.644253000,467.392117000,395214.000000000,206.985000000,55.101908200,1.000000000,saturated
2921,97.191477800,8747233,85.875000000,184,175.950000000,666.640281000,467.391994000,395506.000000000,204.768000000,55.026467800,1.000000000,saturated
2922,97.224811100,8750233,84.875000000,182,173.950000000,666.564493000,467.283317000,403779.182000000,208.387000000,55.364420600,1.000000000,saturated
2923,97.258144400,8753233,84.291666700,179,175.100000000,666.623999000,467.339958000,402712.982000000,207.686000000,55.414421900,1.000000000,saturated
2924,97.291477800,8756233,83.958333300,179,173.250000000,666.769081000,467.358754000,397009.803000000,205.583000000,55.183596100,1.000000000,saturated
2925,97.324811100,8759233,84.625000000,179,175.100000000,666.716861000,467.300595000,403031.782000000,205.469000000,55.279064300,1.000000000,saturated
2926,97.358144400,8762233,84.666666700,179,174.950000000,666.631073000,467.368560000,402925.382000000,206.757000000,55.295844100,1.000000000,saturated
2927,97.391477800,8765233,85.041666700,180,173.100000000,666.650019000,467.426180000,402303.582000000,206.757000000,55.396000400,1.000000000,saturated
2928,97.424322200,8768189,84.458333300,183,172.650000000,666.623526000,467.452327000,399397.403000000,206.170000000,55.224828900,1.000000000,saturated
2929,97.457655600,8771189,85.125000000,186,174.350000000,666.617481000,467.450812000,400129.603000000,206.871000000,55.348219200,1.000000000,saturated
2930,97.490988900,8774189,84.625000000,194,180.050000000,666.527441000,467.496557000,411284.000000000,207.686000000,55.811528000,1.000000000,saturated
2931,97.524322200,8777189,84.041666700,192,177.200000000,666.519641000,467.446388000,411095.000000000,206.985000000,55.844723900,1.000000000,saturated
2932,97.557655600,8780189,84.000000000,191,175.050000000,666.599274000,467.569356000,405957.982000000,206.757000000,55.678073200,1.000000000,saturated
2933,97.590988900,8783189,83.291666700,191,174.900000000,666.505350000,467.694535000,411932.000000000,207.914000000,55.748190900,1.000000000,saturated
2934,97.624322200,8786189,83.541666700,190,175.900000000,666.527637000,467.772258000,410127.000000000,207.914000000,55.519481700,1.000000000,saturated
2935,97.657655600,8789189,84.125000000,192,179.750000000,666.550556000,467.876967000,405592.198000000,208.729000000,55.454171700,1.000000000,saturated
2936,97.690511100,8792146,84.125000000,190,176.900000000,666.617132000,467.805581000,402020.982000000,210.131000000,55.457095000,1.000000000,saturated
2937,97.723844400,8795146,83.166666700,185,173.200000000,666.560815000,467.713088000,403376.782000000,208.729000000,55.513876400,1.000000000,saturated
2938,97.757177800,8798146,83.041666700,185,173.350000000,666.650874000,467.729001000,401389.982000000,207.327000000,55.458677100,1.000000000,saturated
2939,97.790511100,8801146,83.583333300,186,173.200000000,666.610461000,467.686470000,400517.582000000,207.327000000,55.478767300,1.000000000,saturated
2940,97.823844400,8804146,82.750000000,181,170.250000000,666.424894000,467.733153000,403597.782000000,205.241000000,55.517190900,1.000000000,saturated
2941,97.857177800,8807146,81.916666700,179,169.100000000,666.386994000,467.680137000,404859.581000000,205.241000000,55.547667500,1.000000000,saturated
2942,97.890511100,8810146,82.541666700,179,168.100000000,666.544666000,467.582082000,399702.203000000,204.426000000,55.310361700,1.000000000,saturated
2943,97.923844400,8813146,81.583333300,169,162.700000000,666.683197000,467.577382000,392356.397000000,206.170000000,55.026767100,1.000000000,saturated
2944,97.956700000,8816103,81.333333300,167,161.550000000,666.720970000,467.547168000,390990.398000000,204.067000000,54.909773100,1.000000000,saturated
2945,97.990033300,8819103,81.500000000,165,162.550000000,666.673420000,467.662102000,394770.402000000,205.583000000,55.029194900,1.000000000,saturated
2946,98.023366700,8822103,81.625000000,164,162.550000000,666.660036000,467.795671000,393603.202000000,206.039000000,54.995403800,1.000000000,saturated
2947,98.056700000,8825103,81.500000000,165,162.550000000,666.562672000,467.817165000,397382.782000000,207.686000000,55.217447600,1.000000000,saturated
2948,98.090033300,8828103,81.416666700,165,162.700000000,666.583677000,467.625919000,398060.782000000,207.800000000,55.307859500,1.000000000,saturated
2949,98.123366700,8831103,82.041666700,168,163.850000000,666.566542000,467.765554000,397405.202000000,208.501000000,55.093300100,1.000000000,saturated
2950,98.156700000,8834103,82.083333300,167,163.850000000,666.663368000,467.839132000,399604.782000000,208.501000000,55.068856100,1.000000000,saturated
2951,98.190033300,8837103,82.083333300,165,163.700000000,666.647674000,467.822537000,400226.182000000,210.946000000,55.156483600,1.000000000,saturated
2952,98.222877800,8840059,82.291666700,165,162.700000000,666.558792000,467.741413000,399949.382000000,208.387000000,55.215639600,1.000000000,saturated
2953,98.256211100,8843059,83.125000000,164,162.550000000,666.593123000,467.689619000,399257.182000000,207.686000000,55.275773500,1.000000000,saturated
2954,98.289544400,8846059,83.833333300,167,163.700000000,666.515772000,467.638272000,399039.782000000,207.686000000,55.156858300,1.000000000,saturated
2955,98.322877800,8849059,83.541666700,164,162.850000000,666.562121000,467.614504000,394728.182000000,207.572000000,55.046499500,1.000000000,saturated
2956,98.356211100,8852059,82.875000000,163,161.850000000,666.476006000,467.748621000,395401.797000000,206.985000000,55.138893600,1.000000000,saturated
2957,98.389544400,8855059,82.541666700,162,161.000000000,666.561869000,467.644961000,395377.782000000,206.284000000,55.097066800,1.000000000,saturated
2958,98.422877800,8858059,80.708333300,161,158.700000000,666.600328000,467.607751000,395083.982000000,206.056000000,55.123895500,1.000000000,saturated
2959,98.456211100,8861059,80.583333300,162,159.550000000,666.477633000,467.675204000,392216.582000000,206.757000000,54.994850100,1.000000000,saturated
2960,98.489066700,8864016,81.750000000,170,163.850000000,666.432391000,467.824711000,393389.382000000,206.170000000,55.095324400,1.000000000,saturated
2961,98.522400000,8867016,82.875000000,171,165.550000000,666.423397000,467.847793000,393648.782000000,205.355000000,55.137585000,1.000000000,saturated
2962,98.555733300,8870016,82.000000000,171,165.400000000,666.394189000,467.797466000,399316.000000000,206.170000000,55.359794600,1.000000000,saturated
2963,98.589066700,8873016,81.416666700,172,166.400000000,666.221515000,467.645145000,400885.000000000,206.871000000,55.416550900,1.000000000,saturated
2964,98.622400000,8876016,82.125000000,172,167.400000000,666.159309000,467.824086000,403322.818000000,205.828000000,55.499441300,1.000000000,saturated
2965,98.655733300,8879016,83.000000000,175,170.400000000,666.280785000,467.749787000,398729.000000000,204.540000000,55.284065800,1.000000000,saturated
2966,98.689066700,8882016,82.708333300,173,170.400000000,666.263927000,467.564433000,400145.000000000,204.654000000,55.321206400,1.000000000,saturated
2967,98.722400000,8885016,81.958333300,173,169.100000000,666.226419000,467.529482000,398907.000000000,206.056000000,55.327165000,1.000000000,saturated
2968,98.755266700,8887974,82.208333300,171,168.250000000,666.147346000,467.575253000,400019.000000000,205.942000000,55.445211800,1.000000000,saturated
2969,98.788600000,8890974,82.083333300,170,168.250000000,666.154562000,467.486578000,402499.000000000,206.056000000,55.521600600,1.000000000,saturated
2970,98.821933300,8893974,82.208333300,167,165.700000000,666.357712000,467.549499000,403260.000000000,206.871000000,55.492680800,1.000000000,saturated
2971,98.855266700,8896974,81.875000000,165,163.850000000,666.369707000,467.679727000,401723.000000000,206.871000000,55.437851800,1.000000000,saturated
2972,98.888600000,8899974,82.041666700,165,163.850000000,666.351102000,467.641931000,402288.000000000,207.572000000,55.436378800,1.000000000,saturated
2973,98.921933300,8902974,82.208333300,167,165.550000000,666.270965000,467.586399000,405964.418000000,208.273000000,55.687486900,1.000000000,saturated
2974,98.955266700,8905974,82.625000000,169,166.550000000,666.245699000,467.511886000,408209.218000000,207.572000000,55.748799100,1.000000000,saturated
2975,98.988600000,8908974,82.541666700,167,165.400000000,666.222022000,467.386869000,413285.397000000,209.088000000,56.046276900,1.000000000,saturated
2976,99.021444400,8911930,83.458333300,168,165.850000000,666.224125000,467.428733000,408522.418000000,208.273000000,55.787532300,1.000000000,saturated
2977,99.054777800,8914930,84.416666700,169,167.850000000,666.297332000,467.447722000,408130.818000000,208.273000000,55.784638700,1.000000000,saturated
2978,99.088111100,8917930,84.125000000,169,167.000000000,666.286342000,467.380274000,406359.418000000,208.273000000,55.809386800,1.000000000,saturated
2979,99.121444400,8920930,83.791666700,168,166.700000000,666.254566000,467.354943000,402135.000000000,206.871000000,55.601168100,1.000000000,saturated
2980,99.154777800,8923930,84.708333300,168,167.000000000,666.358012000,467.233099000,399886.000000000,206.170000000,55.448096100,1.000000000,saturated
2981,99.188111100,8926930,83.958333300,169,167.850000000,666.192902000,467.404278000,400685.000000000,208.615000000,55.488077700,1.000000000,saturated
2982,99.221444400,8929930,83.958333300,169,167.850000000,666.357097000,467.419938000,394510.982000000,206.985000000,55.205206400,1.000000000,saturated
2983,99.254777800,8932930,84.000000000,168,167.700000000,666.371395000,467.428931000,394963.382000000,207.572000000,55.183561900,1.000000000,saturated
2984,99.287633300,8935887,85.500000000,182,178.200000000,666.368354000,467.649659000,407890.218000000,206.871000000,55.547073800,1.000000000,saturated
2985,99.320966700,8938887,83.416666700,179,175.050000000,666.296888000,467.682522000,408731.218000000,206.871000000,55.560635900,1.000000000,saturated
2986,99.354300000,8941887,84.333333300,181,176.950000000,666.352441000,467.478821000,408233.382000000,206.529000000,55.749383700,1.000000000,saturated
2987,99.387633300,8944887,84.333333300,181,177.100000000,666.407735000,467.509233000,401050.000000000,206.757000000,55.521042100,1.000000000,saturated
2988,99.420966700,8947887,84.333333300,179,177.700000000,666.187289000,467.497787000,407601.818000000,206.056000000,55.847769400,1.000000000,saturated
2989,99.454300000,8950887,84.166666700,178,175.700000000,666.270390000,467.406648000,405910.603000000,209.316000000,55.816932700,1.000000000,saturated
2990,99.487633300,8953887,84.125000000,176,175.000000000,666.322040000,467.243206000,405698.403000000,210.718000000,55.809912600,1.000000000,saturated
2991,99.520966700,8956887,84.916666700,175,173.000000000,666.324506000,467.195157000,404680.418000000,210.718000000,55.852690300,1.000000000,saturated
2992,99.553822200,8959844,85.833333300,176,173.950000000,666.434959000,467.216502000,403787.218000000,210.718000000,55.803279700,1.000000000,saturated
2993,99.587155600,8962844,86.166666700,176,174.250000000,666.424219000,467.245110000,407783.781000000,208.615000000,55.929466100,1.000000000,saturated
2994,99.620488900,8965844,84.916666700,172,171.250000000,666.453305000,467.246119000,407947.781000000,209.316000000,56.002964700,1.000000000,saturated
2995,99.653822200,8968844,83.833333300,172,170.250000000,666.483624000,467.427759000,408528.181000000,210.832000000,56.074151000,1.000000000,saturated
2996,99.687155600,8971844,83.375000000,176,171.850000000,666.489384000,467.461190000,406235.781000000,212.234000000,56.016071800,1.000000000,saturated
2997,99.720488900,8974844,82.375000000,173,171.000000000,666.523497000,467.614775000,397031.582000000,208.729000000,55.774704500,1.000000000,saturated
2998,99.753822200,8977844,82.333333300,171,171.000000000,666.612010000,467.661946000,391738.404000000,207.669000000,55.706989900,1.000000000,saturated
2999,99.787155600,8980844,83.041666700,178,175.400000000,666.519145000,467.628854000,400102.197000000,208.729000000,55.931600600,1.000000000,saturated
3000,99.820000000,8983800,85.125000000,183,179.850000000,666.531726000,467.776913000,398899.000000000,212.576000000,55.960231800,1.000000000,saturated
3001,99.853333300,8986800,84.791666700,181,178.700000000,666.624829000,467.699752000,395795.982000000,211.875000000,55.762145700,1.000000000,saturated
3002,99.886666700,8989800,84.625000000,180,178.700000000,666.702290000,467.648805000,394935.182000000,211.174000000,55.717331800,1.000000000,saturated
3003,99.920000000,8992800,83.208333300,179,177.000000000,666.496087000,467.752170000,405678.381000000,211.533000000,56.035840100,1.000000000,saturated
3004,99.953333300,8995800,84.041666700,180,177.850000000,666.437282000,467.851649000,398254.803000000,208.256000000,55.716004800,1.000000000,saturated
3005,99.986666700,8998800,83.416666700,179,178.000000000,666.415117000,467.859881000,396257.000000000,206.854000000,55.454454800,1.000000000,saturated
3006,100.020000000,9001800,83.791666700,179,178.700000000,666.402784000,467.765063000,397737.000000000,208.387000000,55.593340200,1.000000000,saturated
3007,100.053333000,9004800,83.750000000,179,177.000000000,666.492038000,467.809478000,397256.000000000,207.686000000,55.590422300,1.000000000,saturated
3008,100.086189000,9007757,83.666666700,180,178.000000000,666.535324000,467.714271000,395353.000000000,208.387000000,55.573064200,1.000000000,saturated
3009,100.119522000,9010757,84.125000000,180,177.850000000,666.464498000,467.670032000,391391.982000000,208.501000000,55.352199200,1.000000000,saturated
3010,100.152856000,9013757,83.666666700,176,175.400000000,666.473167000,467.590814000,389756.003000000,210.131000000,55.216500100,1.000000000,saturated
3011,100.186189000,9016757,83.833333300,176,175.400000000,666.386900000,467.463750000,387747.804000000,208.729000000,55.208600900,1.000000000,saturated
3012,100.219522000,9019757,83.875000000,178,176.850000000,666.349521000,467.564477000,391883.582000000,208.387000000,55.371106600,1.000000000,saturated
3013,100.252856000,9022757,83.333333300,178,176.850000000,666.348730000,467.624264000,394570.382000000,208.387000000,55.412800500,1.000000000,saturated
3014,100.286189000,9025757,83.750000000,177,177.000000000,666.349882000,467.585125000,399658.000000000,207.099000000,55.641606100,1.000000000,saturated
3015,100.319522000,9028757,82.708333300,176,176.000000000,666.327654000,467.629068000,401017.000000000,208.387000000,55.611190600,1.000000000,saturated
3016,100.352389000,9031715,81.916666700,174,172.700000000,666.351912000,467.754975000,397700.782000000,205.697000000,55.388726800,1.000000000,saturated
3017,100.385722000,9034715,82.333333300,173,172.400000000,666.387140000,467.863587000,400902.582000000,208.501000000,55.285720900,1.000000000,saturated
3018,100.419056000,9037715,82.958333300,173,172.550000000,666.363205000,467.728793000,400373.782000000,208.501000000,55.217450100,1.000000000,saturated
3019,100.452389000,9040715,81.500000000,171,169.700000000,666.332907000,467.780208000,401569.582000000,207.800000000,55.262127900,1.000000000,saturated
3020,100.485722000,9043715,81.875000000,171,169.700000000,666.327691000,467.835101000,404830.582000000,207.686000000,55.314299200,1.000000000,saturated
3021,100.519056000,9046715,82.458333300,172,170.000000000,666.167676000,467.897912000,404817.182000000,207.686000000,55.275169700,1.000000000,saturated
3022,100.552389000,9049715,82.166666700,171,170.000000000,666.270229000,467.849193000,401780.218000000,207.800000000,55.152204900,1.000000000,saturated
3023,100.585722000,9052715,82.291666700,171,170.000000000,666.296453000,467.962068000,398977.218000000,208.501000000,55.159971100,1.000000000,saturated
3024,100.618556000,9055670,82.041666700,170,170.000000000,666.320652000,467.837998000,403374.182000000,208.387000000,55.396905100,1.000000000,saturated
3025,100.651889000,9058670,81.375000000,170,168.000000000,666.399468000,467.797667000,399606.782000000,208.501000000,55.289015900,1.000000000,saturated
3026,100.685222000,9061670,81.541666700,170,167.850000000,666.392354000,467.816005000,399888.182000000,208.501000000,55.266598100,1.000000000,saturated
3027,100.718556000,9064670,82.916666700,173,170.850000000,666.347907000,467.783676000,401722.782000000,207.213000000,55.176698600,1.000000000,saturated
3028,100.751889000,9067670,83.666666700,175,172.700000000,666.303773000,467.792310000,402253.182000000,207.914000000,55.256412100,1.000000000,saturated
3029,100.785222000,9070670,83.333333300,173,170.850000000,666.331812000,467.843712000,404982.000000000,207.800000000,55.418364800,1.000000000,saturated
3030,100.818556000,9073670,83.375000000,182,177.800000000,666.430884000,467.700724000,404065.000000000,207.572000000,55.515143300,1.000000000,saturated
3031,100.851889000,9076670,83.625000000,182,177.800000000,666.307805000,467.815118000,402528.000000000,206.871000000,55.384672300,1.000000000,saturated
3032,100.884756000,9079628,82.750000000,179,175.950000000,666.189615000,467.765321000,404731.000000000,207.572000000,55.363719800,1.000000000,saturated
3033,100.918089000,9082628,82.333333300,178,174.950000000,666.204571000,467.778000000,404211.000000000,207.800000000,55.411706500,1.000000000,saturated
3034,100.951422000,9085628,82.583333300,179,175.100000000,666.357023000,467.697862000,402674.000000000,208.501000000,55.441954200,1.000000000,saturated
3035,100.984756000,9088628,82.583333300,177,173.000000000,666.189130000,467.829773000,404706.000000000,208.501000000,55.477449200,1.000000000,saturated
3036,101.018089000,9091628,82.250000000,176,171.700000000,666.105899000,467.946327000,407935.000000000,207.572000000,55.697782400,1.000000000,saturated
3037,101.051422000,9094628,84.125000000,180,176.100000000,666.137310000,467.923919000,409891.000000000,208.501000000,55.778781600,1.000000000,saturated
3038,101.084756000,9097628,83.416666700,178,175.950000000,666.221886000,467.915815000,407497.000000000,207.572000000,55.719707600,1.000000000,saturated
3039,101.118089000,9100628,82.625000000,176,172.400000000,666.106842000,468.108857000,415730.598000000,210.604000000,55.944502600,1.000000000,saturated
3040,101.150944000,9103585,83.958333300,185,179.850000000,666.282802000,468.102887000,410425.418000000,209.772000000,55.800009000,1.000000000,saturated
3041,101.184278000,9106585,82.875000000,183,176.850000000,666.359620000,468.033903000,407628.000000000,207.669000000,55.785864300,1.000000000,saturated
3042,101.217611000,9109585,82.875000000,181,176.000000000,666.356808000,467.841615000,406401.000000000,207.669000000,55.756901300,1.000000000,saturated
3043,101.250944000,9112585,81.750000000,178,174.000000000,666.300974000,467.821973000,406731.403000000,207.572000000,55.729776600,1.000000000,saturated
3044,101.284278000,9115585,82.291666700,178,172.850000000,666.384983000,467.707381000,402387.382000000,206.968000000,55.516460700,1.000000000,saturated
3045,101.317611000,9118585,83.791666700,183,177.700000000,666.519149000,467.681417000,398411.003000000,206.170000000,55.338929200,1.000000000,saturated
3046,101.350944000,9121585,82.791666700,181,175.550000000,666.569519000,467.592644000,392325.997000000,206.153000000,55.100867500,1.000000000,saturated
3047,101.384278000,9124585,82.958333300,180,174.550000000,666.543054000,467.599699000,391936.397000000,206.854000000,55.109384300,1.000000000,saturated
3048,101.417122000,9127541,82.625000000,177,176.250000000,666.548073000,467.616844000,392981.197000000,206.854000000,55.126047500,1.000000000,saturated
3049,101.450456000,9130541,83.000000000,177,175.400000000,666.698604000,467.570450000,393155.197000000,206.170000000,55.152167700,1.000000000,saturated
3050,101.483789000,9133541,83.083333300,178,175.850000000,666.510578000,467.383992000,407275.018000000,209.544000000,55.664891700,1.000000000,saturated
3051,101.517122000,9136541,83.250000000,180,175.000000000,666.445762000,467.340472000,406984.818000000,210.245000000,55.634957600,1.000000000,saturated
3052,101.550456000,9139541,82.625000000,180,174.700000000,666.383309000,467.282053000,408105.618000000,210.245000000,55.690039600,1.000000000,saturated
3053,101.583789000,9142541,83.083333300,180,174.700000000,666.496709000,467.239447000,404867.000000000,208.501000000,55.508533800,1.000000000,saturated
3054,101.617122000,9145541,83.125000000,178,172.000000000,666.494943000,467.220366000,403279.000000000,208.387000000,55.447985200,1.000000000,saturated
3055,101.650456000,9148541,82.583333300,176,171.850000000,666.466718000,467.255730000,403179.000000000,208.387000000,55.472202000,1.000000000,saturated
3056,101.683311000,9151498,82.583333300,173,171.850000000,666.471792000,467.314241000,406440.000000000,208.387000000,55.607239800,1.000000000,saturated
3057,101.716644000,9154498,82.208333300,172,171.000000000,666.590444000,467.386434000,408686.000000000,206.757000000,55.697232700,1.000000000,saturated
3058,101.749978000,9157498,82.500000000,172,171.850000000,666.824417000,467.381309000,406201.000000000,208.501000000,55.514463500,1.000000000,saturated
3059,101.783311000,9160498,83.083333300,175,171.000000000,666.592438000,467.475959000,397766.202000000,208.501000000,55.129702700,1.000000000,saturated
3060,101.816644000,9163498,83.541666700,179,172.550000000,666.697270000,467.392430000,391820.418000000,206.284000000,55.061388200,1.000000000,saturated
3061,101.849978000,9166498,84.291666700,178,172.400000000,666.790160000,467.305382000,391345.818000000,206.284000000,54.998809900,1.000000000,saturated
3062,101.883311000,9169498,85.166666700,179,171.850000000,666.829915000,467.386068000,388549.217000000,206.284000000,54.873671300,1.000000000,saturated
3063,101.916644000,9172498,84.708333300,179,171.850000000,666.825297000,467.479020000,387405.017000000,205.469000000,54.769096500,1.000000000,saturated
3064,101.949500000,9175455,85.625000000,180,173.700000000,666.934070000,467.519978000,384637.417000000,206.284000000,54.770918600,1.000000000,saturated
3065,101.982833000,9178455,84.750000000,179,174.950000000,666.764522000,467.649831000,398556.782000000,208.387000000,55.230886100,1.000000000,saturated
3066,102.016167000,9181455,84.541666700,177,173.250000000,666.671664000,467.661450000,398908.982000000,207.914000000,55.210614700,1.000000000,saturated
3067,102.049500000,9184455,84.458333300,177,172.400000000,666.622584000,467.614728000,400330.582000000,207.213000000,55.177119300,1.000000000,saturated
3068,102.082833000,9187455,84.166666700,178,172.550000000,666.611611000,467.607879000,402020.782000000,207.213000000,55.287697900,1.000000000,saturated
3069,102.116167000,9190455,83.916666700,178,171.850000000,666.655359000,467.636639000,404165.000000000,206.757000000,55.348038300,1.000000000,saturated
3070,102.149500000,9193455,84.625000000,183,178.650000000,666.639961000,467.533173000,400633.603000000,207.458000000,55.430833100,1.000000000,saturated
3071,102.182833000,9196455,85.166666700,181,177.650000000,666.654074000,467.525189000,401051.403000000,207.686000000,55.463702300,1.000000000,saturated
3072,102.215678000,9199411,85.625000000,181,178.650000000,666.536079000,467.716407000,400837.403000000,208.387000000,55.420857000,1.000000000,saturated
3073,102.249011000,9202411,85.583333300,181,178.500000000,668.830765000,468.031770000,357345.602000000,209.316000000,53.007845200,1.000000000,saturated
3074,102.282344000,9205411,88.583333300,187,183.200000000,674.710562000,466.137515000,296374.000000000,208.974000000,49.320739700,1.000000000,saturated
3075,102.315678000,9208411,88.250000000,189,183.200000000,681.758414000,460.752019000,229129.788000000,203.936000000,44.786741500,1.000000000,saturated
3076,102.349011000,9211411,86.625000000,184,179.500000000,683.021284000,457.282538000,270462.387000000,204.768000000,47.052699600,1.000000000,saturated
3077,102.382344000,9214411,86.166666700,183,177.350000000,680.455018000,452.835676000,331726.815000000,209.675000000,51.947519900,1.000000000,saturated
3078,102.415678000,9217411,84.458333300,179,176.800000000,674.215427000,452.859872000,387595.017000000,208.273000000,55.543189100,1.000000000,saturated
3079,102.449011000,9220411,84.291666700,179,176.800000000,667.767547000,456.446816000,458312.000000000,208.088000000,57.812038700,1.000000000,saturated
3080,102.481867000,9223368,85.541666700,182,180.500000000,664.250082000,459.645978000,472194.400000000,208.142000000,57.693421200,1.000000000,saturated
3081,102.515200000,9226368,85.458333300,179,177.650000000,663.425383000,461.027419000,459666.020000000,207.213000000,58.005690900,1.000000000,saturated
3082,102.548533000,9229368,85.791666700,180,177.650000000,662.818680000,461.446114000,468791.379000000,207.686000000,58.245865400,1.000000000,saturated
3083,102.581867000,9232368,84.833333300,179,176.800000000,662.405310000,461.436759000,472938.002000000,207.213000000,58.268767500,1.000000000,saturated
3084,102.615200000,9235368,85.625000000,180,176.950000000,662.248295000,459.878281000,470361.820000000,205.925000000,58.112422700,1.000000000,saturated
3085,102.648533000,9238368,85.916666700,180,177.950000000,661.849322000,459.135868000,475955.996000000,206.284000000,58.760352000,1.000000000,saturated
3086,102.681867000,9241368,85.708333300,179,177.800000000,661.100920000,458.900658000,477046.597000000,207.213000000,58.861617300,1.000000000,saturated
3087,102.715200000,9244368,85.916666700,179,177.650000000,660.400543000,458.709128000,504091.202000000,208.142000000,59.076613700,1.000000000,saturated
3088,102.748067000,9247326,85.916666700,178,176.650000000,660.091792000,458.819412000,501415.778000000,207.441000000,58.952784500,1.000000000,saturated
3089,102.781400000,9250326,84.833333300,176,173.500000000,659.967217000,458.773325000,485356.998000000,208.729000000,58.539292800,1.000000000,saturated
3090,102.814733000,9253326,85.625000000,179,172.100000000,660.814032000,458.680234000,476650.598000000,207.914000000,58.290021800,1.000000000,saturated
3091,102.848067000,9256326,85.500000000,179,172.100000000,661.734426000,458.339788000,472775.598000000,207.213000000,58.018787800,1.000000000,saturated
3092,102.881400000,9259326,85.041666700,178,172.100000000,662.841489000,458.336479000,464985.798000000,206.985000000,57.764667800,1.000000000,saturated
3093,102.914733000,9262326,86.208333300,179,174.800000000,663.778640000,458.581625000,457265.802000000,208.729000000,57.679945900,1.000000000,saturated
3094,102.948067000,9265326,86.500000000,179,172.250000000,665.962245000,459.181404000,427085.402000000,206.985000000,56.138506400,1.000000000,saturated
3095,102.981400000,9268326,86.250000000,182,175.100000000,666.542683000,459.319256000,417843.203000000,206.170000000,55.629909600,1.000000000,saturated
3096,103.014244000,9271282,85.083333300,182,179.450000000,666.981054000,459.094516000,411521.803000000,206.871000000,55.241274400,1.000000000,saturated
3097,103.047578000,9274282,85.916666700,183,180.750000000,667.960508000,459.150108000,400430.597000000,206.284000000,55.080814400,1.000000000,saturated
3098,103.080911000,9277282,86.375000000,183,180.750000000,668.422659000,458.982013000,393722.397000000,206.284000000,54.869550100,1.000000000,saturated
3099,103.114244000,9280282,86.166666700,182,177.750000000,668.695006000,458.941434000,397482.182000000,205.583000000,55.016541700,1.000000000,saturated
3100,103.147578000,9283282,85.916666700,181,177.600000000,668.648077000,459.112878000,399285.582000000,206.757000000,55.067766300,1.000000000,saturated
3101,103.180911000,9286282,85.791666700,183,179.750000000,668.739392000,459.159953000,404619.000000000,206.985000000,55.380337400,1.000000000,saturated
3102,103.214244000,9289282,86.708333300,184,180.750000000,668.624867000,459.220451000,404766.000000000,205.355000000,55.347825200,1.000000000,saturated
3103,103.247578000,9292282,86.583333300,184,180.750000000,668.543003000,459.319732000,408132.000000000,205.942000000,55.565551600,1.000000000,saturated
3104,103.280433000,9295239,85.916666700,182,178.050000000,668.565400000,459.314608000,394844.398000000,206.398000000,55.048556300,1.000000000,saturated
3105,103.313767000,9298239,85.791666700,180,178.050000000,668.671528000,458.921840000,400518.002000000,207.686000000,55.378357000,1.000000000,saturated
3106,103.347100000,9301239,85.750000000,179,176.350000000,668.609272000,458.924739000,409134.000000000,208.387000000,55.875827200,1.000000000,saturated
3107,103.380433000,9304239,86.250000000,182,179.750000000,668.165984000,458.802935000,425972.781000000,208.273000000,56.414543600,1.000000000,saturated
3108,103.413767000,9307239,86.750000000,184,181.750000000,667.880474000,458.766511000,417005.402000000,206.985000000,56.063421500,1.000000000,saturated
3109,103.447100000,9310239,85.833333300,183,180.750000000,667.675689000,458.770455000,419180.002000000,207.800000000,56.215459600,1.000000000,saturated
3110,103.480433000,9313239,86.375000000,185,181.900000000,667.407583000,458.989881000,409971.618000000,207.099000000,55.971907000,1.000000000,saturated
3111,103.513767000,9316239,87.458333300,190,185.200000000,667.099258000,459.010231000,414103.419000000,207.099000000,56.027372600,1.000000000,saturated
3112,103.546622000,9319196,87.625000000,191,185.200000000,666.890433000,458.969942000,424808.000000000,207.800000000,56.266883800,1.000000000,saturated
3113,103.579956000,9322196,86.208333300,189,183.050000000,666.990715000,459.000400000,422180.998000000,207.800000000,56.125917100,1.000000000,saturated
3114,103.613289000,9325196,86.000000000,189,182.900000000,666.953096000,459.040475000,421588.998000000,207.099000000,56.046602800,1.000000000,saturated
3115,103.646622000,9328196,84.625000000,186,179.750000000,666.928525000,458.993322000,428819.219000000,209.316000000,56.372136300,1.000000000,saturated
3116,103.679956000,9331196,86.500000000,187,181.900000000,666.950202000,458.926156000,430833.419000000,207.914000000,56.471047700,1.000000000,saturated
3117,103.713289000,9334196,86.625000000,186,182.200000000,667.017785000,458.850049000,429103.619000000,209.316000000,56.480262700,1.000000000,saturated
3118,103.746622000,9337196,85.833333300,187,182.350000000,666.965097000,458.959165000,435383.000000000,210.017000000,56.630719000,1.000000000,saturated
3119,103.779956000,9340196,84.958333300,186,180.950000000,666.944389000,459.147623000,436881.602000000,210.017000000,56.784929800,1.000000000,saturated
3120,103.812800000,9343152,86.250000000,189,183.000000000,667.341434000,458.987076000,426320.002000000,207.686000000,56.438819900,1.000000000,saturated
3121,103.846133000,9346152,85.416666700,187,182.850000000,667.095499000,459.211070000,437757.202000000,209.088000000,56.793474500,1.000000000,saturated
3122,103.879467000,9349152,84.875000000,186,183.000000000,667.026303000,459.176377000,437410.802000000,207.686000000,56.741358100,1.000000000,saturated
3123,103.912800000,9352152,83.916666700,186,182.700000000,667.115967000,459.333340000,430885.181000000,206.985000000,56.320039700,1.000000000,saturated
3124,103.946133000,9355152,84.291666700,187,186.400000000,666.877050000,459.531545000,431305.581000000,206.871000000,56.107122100,1.000000000,saturated
3125,103.979467000,9358152,83.875000000,187,186.100000000,666.929434000,459.537113000,435559.002000000,207.800000000,56.499724000,1.000000000,saturated
3126,104.012800000,9361152,82.875000000,186,185.100000000,666.958303000,459.392006000,433352.202000000,209.202000000,56.450194900,1.000000000,saturated
3127,104.046133000,9364152,82.416666700,184,183.100000000,667.026409000,459.390824000,433996.202000000,209.903000000,56.523444400,1.000000000,saturated
3128,104.078989000,9367109,82.666666700,184,182.400000000,667.020627000,459.518606000,439165.780000000,209.202000000,56.654558800,1.000000000,saturated
3129,104.112322000,9370109,83.333333300,183,182.400000000,666.881040000,459.425677000,438269.380000000,208.974000000,56.571102200,1.000000000,saturated
3130,104.145656000,9373109,83.250000000,180,179.700000000,666.890588000,459.532777000,426226.781000000,207.572000000,56.228482400,1.000000000,saturated
3131,104.178989000,9376109,83.791666700,183,181.700000000,666.812093000,459.515429000,435615.819000000,207.914000000,56.565869000,1.000000000,saturated
3132,104.212322000,9379109,84.208333300,183,181.850000000,666.782174000,459.425304000,441151.398000000,210.718000000,56.751067100,1.000000000,saturated
3133,104.245656000,9382109,84.083333300,181,180.000000000,666.762230000,459.574579000,438995.398000000,210.718000000,56.748108600,1.000000000,saturated
3134,104.278989000,9385109,83.958333300,181,179.850000000,666.755946000,459.427992000,440872.198000000,211.060000000,56.718409600,1.000000000,saturated
3135,104.312322000,9388109,83.333333300,178,177.000000000,666.684927000,459.576151000,436025.980000000,208.974000000,56.610174700,1.000000000,saturated
3136,104.345189000,9391067,81.333333300,174,172.850000000,666.735896000,459.513901000,432833.419000000,206.871000000,56.493578800,1.000000000,saturated
3137,104.378522000,9394067,82.500000000,176,175.000000000,666.732521000,459.611109000,424474.000000000,207.099000000,56.291979900,1.000000000,saturated
3138,104.411856000,9397067,81.791666700,175,174.850000000,666.728223000,459.706112000,428966.000000000,206.871000000,56.447762900,1.000000000,saturated
3139,104.445189000,9400067,81.083333300,173,171.850000000,666.630583000,459.727212000,434876.819000000,207.572000000,56.524542100,1.000000000,saturated
3140,104.478522000,9403067,81.291666700,176,171.400000000,666.939750000,459.793011000,423305.181000000,206.398000000,56.109658400,1.000000000,saturated
3141,104.511856000,9406067,81.083333300,176,171.400000000,666.920463000,459.756412000,423166.581000000,204.996000000,56.007390500,1.000000000,saturated
3142,104.545189000,9409067,81.625000000,175,171.700000000,666.945528000,459.788740000,421890.981000000,206.170000000,55.958545200,1.000000000,saturated
3143,104.578522000,9412067,82.250000000,177,176.700000000,666.792917000,459.913002000,427654.000000000,205.110000000,56.143059500,1.000000000,saturated
3144,104.611356000,9415022,82.083333300,178,177.550000000,666.877581000,459.942372000,418304.803000000,206.871000000,56.049560000,1.000000000,saturated
3145,104.644689000,9418022,82.166666700,178,176.400000000,666.960881000,459.891484000,412082.397000000,203.252000000,55.854576600,1.000000000,saturated
3146,104.678022000,9421022,82.666666700,182,179.550000000,666.835270000,459.930859000,419234.803000000,203.953000000,56.146042800,1.000000000,saturated
3147,104.711356000,9424022,81.875000000,181,179.550000000,666.829999000,459.905487000,414084.597000000,203.252000000,55.959405600,1.000000000,saturated
3148,104.744689000,9427022,82.500000000,182,180.550000000,666.876186000,459.975988000,419198.803000000,209.316000000,56.167292500,0.999973282,saturated
3149,104.778022000,9430022,82.833333300,182,178.850000000,666.841826000,459.932307000,428274.000000000,207.914000000,56.532815100,1.000000000,saturated
3150,104.811356000,9433022,83.625000000,183,183.000000000,666.819329000,460.056525000,433977.380000000,209.903000000,56.637686800,1.000000000,saturated
3151,104.844689000,9436022,83.583333300,183,183.000000000,666.809109000,460.102540000,437444.780000000,210.604000000,56.713409800,1.000000000,saturated
3152,104.877556000,9438980,83.416666700,183,182.850000000,666.987044000,459.992361000,435270.419000000,209.903000000,56.654552500,1.000000000,saturated
3153,104.910889000,9441980,82.166666700,179,179.000000000,667.127207000,459.908091000,431101.000000000,206.284000000,56.537690900,1.000000000,saturated
3154,104.944222000,9444980,82.875000000,180,179.850000000,666.931915000,459.810555000,435501.019000000,209.903000000,56.694898900,1.000000000,saturated
3155,104.977556000,9447980,81.291666700,192,190.650000000,667.025723000,459.714617000,432062.000000000,208.501000000,56.633372600,1.000000000,saturated
3156,105.010889000,9450980,79.750000000,188,186.800000000,667.125615000,459.856916000,425671.581000000,208.028000000,56.379011600,1.000000000,saturated
3157,105.044222000,9453980,80.333333300,187,185.950000000,667.137659000,459.715621000,426597.981000000,210.832000000,56.324877500,1.000000000,saturated
3158,105.077556000,9456980,80.708333300,187,186.100000000,667.082733000,459.670690000,426648.381000000,210.131000000,56.333844900,1.000000000,saturated
3159,105.110889000,9459980,80.375000000,188,186.100000000,667.123500000,459.723207000,419730.802000000,207.800000000,56.221199800,1.000000000,saturated
3160,105.143744000,9462937,81.041666700,193,191.850000000,667.199742000,459.526657000,421152.002000000,205.925000000,56.276232200,1.000000000,saturated
3161,105.177078000,9465937,80.583333300,193,192.000000000,667.039719000,459.570930000,421462.202000000,206.056000000,56.238527900,1.000000000,saturated
3162,105.210411000,9468937,80.000000000,192,191.850000000,667.013136000,459.609505000,420392.603000000,210.131000000,56.205757000,1.000000000,saturated
3163,105.243744000,9471937,80.208333300,192,191.850000000,667.066119000,459.748842000,419356.203000000,208.729000000,56.226652400,1.000000000,saturated
3164,105.277078000,9474937,80.875000000,194,193.000000000,667.017027000,459.688816000,422191.219000000,204.768000000,56.419952900,1.000000000,saturated
3165,105.310411000,9477937,79.833333300,200,196.700000000,666.872686000,459.686536000,435009.219000000,209.316000000,56.700609700,1.000000000,saturated
3166,105.343744000,9480937,79.041666700,199,194.850000000,666.777568000,459.632428000,441437.198000000,210.718000000,56.830500100,1.000000000,saturated
3167,105.377078000,9483937,79.291666700,199,196.550000000,666.786168000,459.579314000,443713.398000000,207.686000000,56.977753500,1.000000000,saturated
3168,105.409922000,9486893,79.000000000,198,195.000000000,666.915692000,459.498003000,440307.380000000,208.273000000,56.786958400,1.000000000,saturated
3169,105.443256000,9489893,79.375000000,198,195.000000000,666.880070000,459.453904000,439762.180000000,208.974000000,56.875997700,1.000000000,saturated
3170,105.476589000,9492893,79.416666700,200,194.850000000,666.914553000,459.369428000,434798.203000000,206.757000000,56.798003800,1.000000000,saturated
3171,105.509922000,9495893,78.958333300,199,194.850000000,666.882987000,459.363551000,434713.203000000,206.398000000,56.862562300,1.000000000,saturated
3172,105.543256000,9498893,78.875000000,198,197.000000000,666.978156000,459.445775000,435365.803000000,207.572000000,56.850781900,1.000000000,saturated
3173,105.576589000,9501893,79.208333300,198,198.000000000,666.959313000,459.278382000,430239.000000000,206.985000000,56.663166100,1.000000000,saturated
3174,105.609922000,9504893,79.750000000,197,197.000000000,666.879476000,459.371532000,429839.000000000,208.387000000,56.647010600,1.000000000,saturated
3175,105.643256000,9507893,79.916666700,197,197.000000000,666.980392000,459.488633000,420316.403000000,206.871000000,56.328268000,1.000000000,saturated
3176,105.676111000,9510850,79.291666700,196,194.000000000,667.090549000,459.388551000,415884.000000000,204.067000000,56.232484600,1.000000000,saturated
3177,105.709444000,9513850,79.291666700,197,193.000000000,667.132996000,459.331714000,419578.000000000,204.067000000,56.339995300,1.000000000,saturated
3178,105.742778000,9516850,80.208333300,204,193.700000000,667.126296000,459.478813000,420563.002000000,205.241000000,56.329068600,1.000000000,saturated
3179,105.776111000,9519850,81.458333300,204,195.550000000,667.118168000,459.424011000,419855.803000000,207.099000000,56.430160000,1.000000000,saturated
3180,105.809444000,9522850,79.875000000,205,195.650000000,667.239006000,459.449131000,420410.581000000,208.501000000,56.485984400,1.000000000,saturated
3181,105.842778000,9525850,79.708333300,204,196.500000000,667.186711000,459.429658000,424843.000000000,206.398000000,56.642546600,1.000000000,saturated
3182,105.876111000,9528850,78.875000000,200,194.500000000,667.170835000,459.364980000,425160.000000000,207.099000000,56.646422900,1.000000000,saturated
3183,105.909444000,9531850,81.416666700,203,198.500000000,667.066129000,459.467188000,425124.000000000,207.099000000,56.653281400,1.000000000,saturated
3184,105.942300000,9534807,82.083333300,205,200.350000000,667.036790000,459.533665000,426144.000000000,207.099000000,56.619359700,1.000000000,saturated
3185,105.975633000,9537807,81.250000000,211,200.350000000,666.879847000,459.473133000,420517.981000000,208.501000000,56.410954500,1.000000000,saturated
3186,106.008967000,9540807,80.708333300,209,198.500000000,666.816788000,459.410631000,427182.000000000,207.800000000,56.576155200,1.000000000,saturated
3187,106.042300000,9543807,80.541666700,208,198.500000000,666.918174000,459.343960000,427591.000000000,207.099000000,56.643902400,1.000000000,saturated
3188,106.075633000,9546807,80.416666700,208,197.050000000,666.964762000,459.349183000,428520.000000000,208.501000000,56.721422500,1.000000000,saturated
3189,106.108967000,9549807,80.541666700,207,197.200000000,666.992845000,459.443413000,427509.000000000,206.985000000,56.639118500,1.000000000,saturated
3190,106.142300000,9552807,81.333333300,209,199.200000000,666.898871000,459.485055000,427480.581000000,209.316000000,56.499018200,1.000000000,saturated
3191,106.175633000,9555807,82.083333300,211,201.050000000,667.171568000,459.460165000,424202.581000000,210.017000000,56.348685500,1.000000000,saturated
3192,106.208478000,9558763,82.333333300,212,201.900000000,667.217221000,459.473908000,423218.181000000,210.017000000,56.355194500,1.000000000,saturated
3193,106.241811000,9561763,81.708333300,211,197.900000000,667.147466000,459.501063000,423492.181000000,208.028000000,56.526374400,1.000000000,saturated
3194,106.275144000,9564763,82.125000000,211,197.750000000,667.086201000,459.477764000,428961.000000000,207.213000000,56.587117600,1.000000000,saturated
3195,106.308478000,9567763,81.958333300,212,198.600000000,667.131405000,459.535996000,419073.003000000,206.871000000,56.324876500,1.000000000,saturated
3196,106.341811000,9570763,81.166666700,208,197.600000000,667.144615000,459.567485000,417432.003000000,206.985000000,56.278412900,1.000000000,saturated
3197,106.375144000,9573763,81.750000000,209,198.600000000,666.995727000,459.626893000,427140.000000000,208.387000000,56.573823000,1.000000000,saturated
3198,106.408478000,9576763,81.833333300,209,198.750000000,666.962196000,459.598300000,423995.198000000,208.387000000,56.557375100,1.000000000,saturated
3199,106.441811000,9579763,82.125000000,209,198.750000000,666.978334000,459.633859000,425493.998000000,208.387000000,56.569285800,1.000000000,saturated
3200,106.474667000,9582720,81.458333300,212,201.750000000,667.236800000,459.744344000,422018.381000000,206.871000000,56.430957400,1.000000000,saturated
3201,106.508000000,9585720,81.333333300,211,200.450000000,667.210962000,459.717455000,417545.203000000,206.170000000,56.293557900,1.000000000,saturated
3202,106.541333000,9588720,83.083333300,209,202.750000000,667.238823000,459.788177000,418404.203000000,207.686000000,56.555152400,1.000000000,saturated
3203,106.574667000,9591720,82.416666700,209,201.750000000,667.097246000,459.829515000,416948.403000000,205.110000000,56.498869500,1.000000000,saturated
3204,106.608000000,9594720,81.916666700,208,200.600000000,667.109047000,459.832547000,413945.403000000,206.871000000,56.402366500,1.000000000,saturated
3205,106.641333000,9597720,81.083333300,205,200.600000000,666.934817000,459.832614000,423948.000000000,206.871000000,56.688855400,1.000000000,saturated
3206,106.674667000,9600720,80.416666700,204,200.600000000,666.858644000,459.639770000,422952.000000000,207.686000000,56.578825000,1.000000000,saturated
3207,106.708000000,9603720,81.666666700,205,198.350000000,666.933887000,459.723945000,414113.603000000,207.686000000,56.186395800,1.000000000,saturated
3208,106.740867000,9606678,80.458333300,204,197.200000000,666.882254000,459.741155000,415719.781000000,207.686000000,56.132336300,1.000000000,saturated
3209,106.774200000,9609678,81.541666700,203,198.500000000,666.711084000,459.840850000,424815.619000000,209.088000000,56.383315900,1.000000000,saturated
3210,106.807533000,9612678,80.166666700,203,196.250000000,666.771840000,459.670136000,422620.000000000,207.099000000,56.347240400,1.000000000,saturated
3211,106.840867000,9615678,79.875000000,203,197.400000000,666.884348000,459.712192000,422441.000000000,207.099000000,56.285371600,1.000000000,saturated
3212,106.874200000,9618678,79.458333300,203,197.400000000,666.917339000,459.789472000,418529.381000000,206.757000000,56.071311200,1.000000000,saturated
3213,106.907533000,9621678,79.500000000,203,198.250000000,666.875139000,459.773162000,417292.581000000,206.398000000,56.148509300,1.000000000,saturated
3214,106.940867000,9624678,79.041666700,203,196.250000000,666.767862000,459.845037000,424476.000000000,205.942000000,56.453210600,1.000000000,saturated
3215,106.974200000,9627678,79.041666700,205,198.500000000,666.939781000,459.898018000,417387.603000000,205.241000000,56.323164000,1.000000000,saturated
3216,107.007044000,9630634,78.833333300,204,197.500000000,666.970764000,459.956309000,417798.603000000,205.241000000,56.202285200,1.000000000,saturated
3217,107.040378000,9633634,78.875000000,204,197.350000000,666.900976000,460.064870000,416344.603000000,206.170000000,56.188387300,1.000000000,saturated
3218,107.073711000,9636634,79.041666700,204,200.200000000,666.896758000,460.007597000,416313.803000000,206.985000000,56.009933200,1.000000000,saturated
3219,107.107044000,9639634,79.458333300,203,200.200000000,666.916704000,459.868473000,420367.781000000,206.284000000,56.172832600,1.000000000,saturated
3220,107.140378000,9642634,79.291666700,203,199.500000000,666.979488000,459.898537000,416484.803000000,205.697000000,56.196865200,1.000000000,saturated
3221,107.173711000,9645634,79.541666700,202,198.500000000,667.038042000,460.000584000,412839.797000000,205.697000000,56.173524100,1.000000000,saturated
3222,107.207044000,9648634,79.916666700,204,201.050000000,667.181282000,460.170366000,413294.997000000,205.811000000,56.248488600,1.000000000,saturated
3223,107.240378000,9651634,80.916666700,205,202.200000000,667.227147000,460.115276000,413169.197000000,206.512000000,56.447182500,1.000000000,saturated
3224,107.273233000,9654591,81.000000000,203,199.650000000,667.443543000,460.224061000,407540.797000000,207.213000000,56.168784200,1.000000000,saturated
3225,107.306567000,9657591,80.000000000,202,199.800000000,667.173711000,460.341319000,405155.997000000,208.028000000,56.042334800,1.000000000,saturated
3226,107.339900000,9660591,80.041666700,200,198.950000000,667.228011000,460.324486000,405806.197000000,207.327000000,56.024565400,1.000000000,saturated
3227,107.373233000,9663591,80.291666700,200,199.250000000,667.172150000,460.307422000,407432.197000000,205.925000000,56.046840600,1.000000000,saturated
3228,107.406567000,9666591,80.375000000,203,200.650000000,667.200626000,460.289276000,407269.797000000,205.811000000,56.032784500,1.000000000,saturated
3229,107.439900000,9669591,80.208333300,201,198.800000000,667.080683000,460.226432000,406980.797000000,206.512000000,55.998141400,1.000000000,saturated
3230,107.473233000,9672591,79.875000000,201,198.500000000,666.970308000,460.016488000,420916.000000000,207.686000000,56.479325300,1.000000000,saturated
3231,107.506567000,9675591,79.916666700,201,198.350000000,666.893524000,460.014234000,421336.419000000,208.387000000,56.369703800,1.000000000,saturated
3232,107.539422000,9678548,80.375000000,201,198.500000000,666.996085000,460.112191000,421274.219000000,206.170000000,56.459131000,1.000000000,saturated
3233,107.572756000,9681548,81.125000000,201,199.500000000,667.146408000,460.216047000,408198.204000000,206.871000000,56.044089200,1.000000000,saturated
3234,107.606089000,9684548,80.000000000,200,196.800000000,667.215813000,460.149103000,409047.197000000,205.583000000,55.979107400,1.000000000,saturated
3235,107.639422000,9687548,80.875000000,201,197.650000000,667.179242000,460.126382000,409739.397000000,205.583000000,55.930707200,1.000000000,saturated
3236,107.672756000,9690548,81.291666700,201,199.350000000,667.071531000,460.170699000,414025.603000000,205.583000000,56.030008700,1.000000000,saturated
3237,107.706089000,9693548,81.125000000,201,197.650000000,667.012827000,460.093980000,414902.603000000,205.583000000,56.080783700,1.000000000,saturated
3238,107.739422000,9696548,81.541666700,200,197.650000000,666.807000000,460.182264000,420493.981000000,205.583000000,56.263747000,1.000000000,saturated
3239,107.772756000,9699548,81.708333300,201,199.350000000,666.787452000,460.226192000,427880.000000000,207.572000000,56.383635300,1.000000000,saturated
3240,107.805600000,9702504,81.666666700,208,196.900000000,666.767201000,460.297265000,423302.581000000,210.245000000,56.389284200,1.000000000,saturated
3241,107.838933000,9705504,81.875000000,207,195.900000000,666.838129000,460.312006000,418048.003000000,210.946000000,56.216913500,1.000000000,saturated
3242,107.872267000,9708504,83.166666700,207,197.900000000,666.904689000,460.244538000,419549.003000000,210.245000000,56.250438500,1.000000000,saturated
3243,107.905600000,9711504,84.125000000,208,197.600000000,666.955215000,460.346302000,423509.580000000,208.387000000,56.386293500,1.000000000,saturated
3244,107.938933000,9714504,83.166666700,205,193.450000000,667.074927000,460.373750000,422573.181000000,208.028000000,56.331084100,1.000000000,saturated
3245,107.972267000,9717504,83.583333300,204,194.450000000,666.910720000,460.502615000,411723.597000000,207.099000000,55.954839000,1.000000000,saturated
3246,108.005600000,9720504,83.625000000,204,194.450000000,667.015892000,460.409891000,404617.000000000,205.583000000,55.749352400,1.000000000,saturated
3247,108.038933000,9723504,84.750000000,206,196.450000000,666.954751000,460.405131000,402835.000000000,205.583000000,55.682437900,1.000000000,saturated
3248,108.071789000,9726461,83.375000000,206,192.200000000,666.944154000,460.329306000,411542.397000000,206.284000000,56.009929600,1.000000000,saturated
3249,108.105122000,9729461,83.291666700,205,194.050000000,666.850364000,460.391227000,403656.203000000,205.697000000,55.765354400,1.000000000,saturated
3250,108.138456000,9732461,84.125000000,204,192.200000000,666.835318000,460.565951000,402127.000000000,205.583000000,55.725659100,1.000000000,saturated
3251,108.171789000,9735461,83.875000000,201,190.200000000,666.892218000,460.324330000,416510.803000000,206.170000000,56.185253100,1.000000000,saturated
3252,108.205122000,9738461,85.416666700,200,189.200000000,666.912310000,460.206853000,416971.403000000,206.871000000,56.249151000,1.000000000,saturated
3253,108.238456000,9741461,83.958333300,200,188.050000000,666.809410000,460.159275000,425458.000000000,207.914000000,56.367102100,1.000000000,saturated
3254,108.271789000,9744461,83.833333300,200,186.900000000,666.819560000,460.214790000,425438.000000000,207.213000000,56.381575900,1.000000000,saturated
3255,108.305122000,9747461,82.916666700,200,184.750000000,666.896163000,460.263290000,425724.000000000,207.099000000,56.271296900,1.000000000,saturated
3256,108.337989000,9750419,81.916666700,199,186.600000000,666.870509000,460.301459000,419274.381000000,205.942000000,56.073506900,1.000000000,saturated
3257,108.371322000,9753419,82.583333300,200,187.750000000,666.978603000,460.150357000,426191.000000000,206.056000000,56.280190400,1.000000000,saturated
3258,108.404656000,9756419,81.791666700,198,186.900000000,667.077200000,460.195115000,414886.403000000,206.871000000,55.986330500,1.000000000,saturated
3259,108.437989000,9759419,83.333333300,199,188.900000000,667.126197000,460.207275000,407391.218000000,205.697000000,55.722955300,1.000000000,saturated
3260,108.471322000,9762419,84.875000000,198,188.050000000,666.939975000,460.158525000,412300.397000000,206.284000000,55.941835400,1.000000000,saturated
3261,108.504656000,9765419,86.625000000,199,190.200000000,666.920352000,460.302898000,411982.797000000,206.284000000,55.941121200,1.000000000,saturated
3262,108.537989000,9768419,85.833333300,198,190.200000000,666.934263000,460.340822000,406311.018000000,206.284000000,55.743529400,1.000000000,saturated
3263,108.571322000,9771419,84.458333300,200,188.600000000,667.132605000,460.312547000,406081.018000000,206.284000000,55.862701100,1.000000000,saturated
3264,108.604156000,9774374,84.083333300,200,187.750000000,667.065441000,460.261640000,410659.797000000,206.284000000,55.951547100,1.000000000,saturated
3265,108.637489000,9777374,83.166666700,197,185.900000000,666.936906000,460.226518000,416089.203000000,206.170000000,56.171268400,1.000000000,saturated
3266,108.670822000,9780374,83.166666700,197,185.900000000,666.870808000,460.327007000,416959.403000000,206.398000000,56.164610800,1.000000000,saturated
3267,108.704156000,9783374,81.958333300,197,182.900000000,666.856443000,460.325970000,417484.203000000,205.697000000,56.213200100,1.000000000,saturated
3268,108.737489000,9786374,81.791666700,196,182.050000000,666.679130000,460.339048000,428052.000000000,207.099000000,56.552024400,1.000000000,saturated
3269,108.770822000,9789374,81.166666700,194,182.200000000,666.512345000,460.416865000,422227.981000000,207.099000000,56.347946200,1.000000000,saturated
3270,108.804156000,9792374,82.458333300,196,191.550000000,666.684882000,460.397627000,403811.000000000,206.740000000,55.782124800,1.000000000,saturated
3271,108.837489000,9795374,82.458333300,194,189.700000000,666.850011000,460.383833000,404316.000000000,206.740000000,55.794413400,1.000000000,saturated
3272,108.870356000,9798332,84.458333300,192,188.000000000,666.747730000,460.373620000,408248.819000000,206.740000000,55.999221600,1.000000000,saturated
3273,108.903689000,9801332,85.166666700,192,188.000000000,666.738215000,460.341190000,411434.397000000,206.740000000,56.159407900,1.000000000,saturated
3274,108.937022000,9804332,85.708333300,190,186.000000000,666.739283000,460.332178000,410086.797000000,208.615000000,56.067342000,1.000000000,saturated
3275,108.970356000,9807332,85.625000000,192,185.850000000,666.970765000,460.342246000,412846.997000000,207.213000000,56.263260400,1.000000000,saturated
3276,109.003689000,9810332,86.000000000,192,185.850000000,666.990485000,460.449274000,410324.797000000,207.213000000,56.192007100,1.000000000,saturated
3277,109.037022000,9813332,85.791666700,192,185.850000000,666.934912000,460.527044000,410509.597000000,205.811000000,56.162672900,1.000000000,saturated
3278,109.070356000,9816332,84.500000000,190,181.850000000,666.851341000,460.496854000,408797.397000000,205.697000000,56.024502700,1.000000000,saturated
3279,109.103689000,9819332,84.833333300,190,180.850000000,667.012879000,460.515687000,406940.797000000,205.697000000,56.041477300,1.000000000,saturated
3280,109.136544000,9822289,84.375000000,190,179.150000000,666.980410000,460.515903000,408441.197000000,204.768000000,56.049685900,1.000000000,saturated
3281,109.169878000,9825289,84.541666700,189,179.300000000,666.936421000,460.580349000,409536.797000000,204.768000000,56.125943800,1.000000000,saturated
3282,109.203211000,9828289,85.375000000,189,180.450000000,666.745199000,460.316410000,412197.197000000,204.181000000,56.197412000,1.000000000,saturated
3283,109.236544000,9831289,85.791666700,187,179.200000000,666.839870000,460.405353000,413237.803000000,205.355000000,56.306553700,1.000000000,saturated
3284,109.269878000,9834289,86.000000000,187,175.800000000,666.677163000,460.321660000,426206.819000000,207.458000000,56.726874500,1.000000000,saturated
3285,109.303211000,9837289,86.416666700,186,173.800000000,666.779102000,460.310950000,423269.819000000,207.458000000,56.506428400,1.000000000,saturated
3286,109.336544000,9840289,86.250000000,187,173.950000000,666.751878000,460.377204000,419213.000000000,206.871000000,56.408498300,0.999971375,saturated
3287,109.369878000,9843289,86.166666700,184,170.700000000,666.709709000,460.369953000,420334.000000000,207.800000000,56.318797600,1.000000000,saturated
3288,109.402722000,9846245,84.875000000,182,167.850000000,666.812572000,460.496577000,419649.000000000,207.572000000,56.297674500,1.000000000,saturated
3289,109.436056000,9849245,84.083333300,178,166.850000000,667.082317000,460.315351000,418095.181000000,207.800000000,56.433813200,1.000000000,saturated
3290,109.469389000,9852245,84.291666700,179,167.850000000,667.123999000,460.471741000,413243.803000000,207.686000000,56.245466000,1.000000000,saturated
3291,109.502722000,9855245,83.583333300,177,166.700000000,667.106043000,460.562121000,411034.203000000,207.099000000,56.117899300,0.999875436,saturated
3292,109.536056000,9858245,85.083333300,178,167.850000000,666.971428000,460.438989000,418538.981000000,208.387000000,56.449975200,1.000000000,saturated
3293,109.569389000,9861245,84.458333300,173,171.250000000,666.965549000,460.726696000,412585.203000000,207.800000000,56.274363200,0.999833247,saturated
3294,109.602722000,9864245,82.916666700,170,168.400000000,667.164235000,460.639024000,411409.204000000,208.501000000,56.161854300,0.999832770,saturated
3295,109.636056000,9867245,82.666666700,172,168.100000000,667.191892000,460.630246000,410783.603000000,207.800000000,56.125747300,0.999793565,saturated
3296,109.668911000,9870202,82.416666700,170,167.250000000,667.084597000,460.679329000,408079.003000000,206.170000000,56.023564500,0.999792197,saturated
3297,109.702244000,9873202,82.375000000,168,167.250000000,666.900437000,460.760590000,410833.003000000,206.512000000,56.043082000,0.999793590,saturated
3298,109.735578000,9876202,83.250000000,171,167.400000000,666.783724000,460.844529000,412938.403000000,207.099000000,55.981552000,0.999881823,saturated
3299,109.768911000,9879202,83.083333300,169,167.250000000,666.835667000,460.831251000,411001.803000000,208.501000000,55.903070600,0.999881266,saturated
3300,109.802244000,9882202,80.500000000,169,158.850000000,666.885215000,460.893741000,418792.981000000,208.729000000,56.212696200,1.000000000,saturated
3301,109.835578000,9885202,80.541666700,169,160.550000000,666.877517000,460.835715000,419169.981000000,208.729000000,56.220455100,1.000000000,saturated
3302,109.868911000,9888202,80.250000000,168,158.850000000,666.940111000,460.750780000,418564.581000000,210.832000000,56.126227700,1.000000000,saturated
3303,109.902244000,9891202,79.875000000,167,157.000000000,666.850561000,460.636631000,419071.581000000,210.832000000,56.144321000,1.000000000,saturated
3304,109.935100000,9894159,80.875000000,167,157.850000000,666.915563000,460.537240000,416643.003000000,207.914000000,56.090824300,1.000000000,saturated
3305,109.968433000,9897159,80.250000000,164,159.100000000,666.735098000,460.468980000,422255.402000000,207.686000000,56.162579700,1.000000000,saturated
3306,110.001767000,9900159,80.625000000,165,157.000000000,666.655662000,460.478515000,424944.981000000,208.501000000,56.262785400,1.000000000,saturated
3307,110.035100000,9903159,79.166666700,164,156.850000000,666.693983000,460.498565000,420209.602000000,207.099000000,56.126188900,1.000000000,saturated
3308,110.068433000,9906159,79.416666700,163,155.850000000,666.696287000,460.507769000,420326.002000000,207.686000000,56.213274000,1.000000000,saturated
3309,110.101767000,9909159,81.125000000,167,162.850000000,666.569599000,460.530062000,422836.819000000,207.213000000,56.319937900,1.000000000,saturated
3310,110.135100000,9912159,81.416666700,167,163.700000000,666.602146000,460.469752000,419287.000000000,207.914000000,56.217885800,1.000000000,saturated
3311,110.168433000,9915159,81.416666700,168,162.700000000,666.728502000,460.423059000,416938.397000000,207.213000000,56.214381800,1.000000000,saturated
3312,110.201278000,9918115,81.541666700,168,161.850000000,666.843816000,460.342183000,422869.003000000,207.441000000,56.335211400,1.000000000,saturated
3313,110.234611000,9921115,80.250000000,168,161.400000000,666.918138000,460.256991000,422702.202000000,206.740000000,56.263049800,1.000000000,saturated
3314,110.267944000,9924115,80.958333300,167,162.100000000,666.343884000,460.531798000,429934.219000000,206.398000000,56.787226700,1.000000000,saturated
3315,110.301278000,9927115,79.375000000,166,161.100000000,658.355664000,462.062316000,499995.197000000,208.615000000,60.033448500,1.000000000,saturated
3316,110.334611000,9930115,80.250000000,167,161.800000000,649.495217000,465.306680000,468624.378000000,205.811000000,60.050048100,1.000000000,saturated
3317,110.367944000,9933115,80.458333300,168,161.550000000,645.126503000,470.081140000,509774.223000000,206.740000000,61.122836700,1.000000000,saturated
3318,110.401278000,9936115,79.666666700,166,159.400000000,648.467787000,473.366310000,514426.604000000,210.718000000,61.348311000,1.000000000,saturated
3319,110.434611000,9939115,79.041666700,163,159.100000000,656.361365000,474.808534000,507438.997000000,207.931000000,60.416906500,1.000000000,saturated
3320,110.467467000,9942072,79.000000000,161,159.950000000,662.878074000,473.370808000,445244.000000000,206.757000000,57.619639300,1.000000000,saturated
3321,110.500800000,9945072,80.250000000,161,159.950000000,666.418564000,470.777155000,385705.803000000,205.355000000,54.844407600,1.000000000,saturated
3322,110.534133000,9948072,83.125000000,163,161.950000000,668.240148000,468.380626000,369501.003000000,208.729000000,54.114790900,1.000000000,saturated
3323,110.567467000,9951072,82.041666700,162,160.100000000,668.754952000,467.632317000,354168.417000000,207.213000000,53.147046400,1.000000000,saturated
3324,110.600800000,9954072,81.291666700,161,159.250000000,669.013890000,467.613176000,351005.616000000,207.327000000,52.889188500,1.000000000,saturated
3325,110.634133000,9957072,79.500000000,164,162.800000000,668.885524000,468.250820000,362929.617000000,208.387000000,53.543255000,1.000000000,saturated
3326,110.667467000,9960072,79.000000000,163,160.400000000,669.421952000,469.404823000,357870.000000000,210.359000000,53.100001000,1.000000000,saturated
3327,110.700800000,9963072,78.458333300,160,156.850000000,669.848158000,470.054976000,355340.383000000,209.903000000,52.719800300,1.000000000,saturated
3328,110.733667000,9966030,78.083333300,160,157.000000000,670.369944000,470.456514000,347785.984000000,210.376000000,52.089619400,1.000000000,saturated
3329,110.767000000,9969030,77.250000000,159,156.850000000,670.567163000,470.277554000,340338.384000000,208.746000000,51.781282200,1.000000000,saturated
3330,110.800333000,9972030,76.875000000,169,158.550000000,670.806840000,469.963760000,330710.784000000,209.789000000,51.655466800,1.000000000,saturated
3331,110.833667000,9975030,76.166666700,166,155.850000000,670.496832000,469.980427000,332165.584000000,207.344000000,52.453237000,1.000000000,saturated
3332,110.867000000,9978030,75.875000000,163,153.000000000,669.850845000,470.013779000,335806.803000000,206.871000000,52.949789100,1.000000000,saturated
3333,110.900333000,9981030,75.500000000,162,153.000000000,669.008605000,470.216903000,350709.000000000,208.028000000,53.337803500,1.000000000,saturated
3334,110.933667000,9984030,76.375000000,165,155.000000000,668.015105000,469.718531000,370528.000000000,207.572000000,54.288446100,1.000000000,saturated
3335,110.967000000,9987030,75.125000000,165,156.400000000,667.891635000,469.404235000,383851.583000000,208.729000000,54.564988400,1.000000000,saturated
3336,110.999844000,9989986,75.958333300,165,156.550000000,667.448496000,469.197412000,390439.417000000,207.686000000,55.244890000,1.000000000,saturated
3337,111.033178000,9992986,75.250000000,163,154.700000000,666.767714000,469.418287000,403455.402000000,208.501000000,55.676415000,1.000000000,saturated
3338,111.066511000,9995986,75.833333300,163,154.850000000,666.076009000,469.355435000,419033.181000000,207.099000000,56.176065100,1.000000000,saturated
3339,111.099844000,9998986,74.666666700,161,153.550000000,665.510775000,469.609902000,421581.381000000,208.387000000,56.351478600,1.000000000,saturated
3340,111.133178000,10001986,74.666666700,161,154.400000000,665.233046000,469.723438000,414860.998000000,206.170000000,56.027473100,1.000000000,saturated
3341,111.166511000,10004986,75.333333300,161,154.400000000,665.146883000,469.795245000,418501.998000000,204.067000000,56.071171800,1.000000000,saturated
3342,111.199844000,10007986,76.041666700,161,154.550000000,665.174126000,469.668715000,418078.198000000,206.284000000,55.991827900,1.000000000,saturated
3343,111.233178000,10010986,75.833333300,161,154.700000000,665.295805000,469.442756000,412408.818000000,206.398000000,55.726584100,1.000000000,saturated
3344,111.266033000,10013943,75.375000000,162,155.550000000,665.464013000,469.425460000,409047.218000000,204.996000000,55.606276400,1.000000000,saturated
3345,111.299367000,10016943,76.000000000,163,157.400000000,665.641155000,469.501351000,408527.418000000,205.697000000,55.704621400,1.000000000,saturated
3346,111.332700000,10019943,75.916666700,161,155.550000000,665.673850000,469.589539000,411444.798000000,207.099000000,55.815376500,1.000000000,saturated
3347,111.366033000,10022943,76.916666700,160,154.850000000,665.650174000,469.718689000,408049.398000000,207.914000000,55.629504600,1.000000000,saturated
3348,111.399367000,10025943,74.666666700,155,153.250000000,665.678752000,469.733433000,405124.398000000,206.626000000,55.366252900,1.000000000,saturated
3349,111.432700000,10028943,75.208333300,156,155.400000000,665.901021000,469.847736000,406939.802000000,206.099000000,55.331128200,1.000000000,saturated
3350,111.466033000,10031943,75.875000000,157,156.400000000,665.974646000,469.875456000,410028.181000000,209.316000000,55.385364300,1.000000000,saturated
3351,111.499367000,10034943,75.041666700,156,154.400000000,666.108318000,469.922262000,407456.000000000,207.572000000,55.419848800,1.000000000,saturated
3352,111.532222000,10037900,75.291666700,155,153.550000000,666.380916000,469.976544000,402283.000000000,209.316000000,55.287057100,1.000000000,saturated
3353,111.565556000,10040900,75.125000000,156,155.400000000,666.373049000,470.131709000,397816.582000000,206.985000000,55.120457500,1.000000000,saturated
3354,111.598889000,10043900,75.375000000,156,155.550000000,666.297163000,470.081658000,399232.982000000,207.686000000,55.158240100,1.000000000,saturated
3355,111.632222000,10046900,75.000000000,156,154.550000000,666.202930000,469.976052000,397913.982000000,206.871000000,55.020305400,1.000000000,saturated
3356,111.665556000,10049900,74.791666700,155,154.550000000,666.214164000,469.988350000,399505.582000000,206.056000000,55.102566800,1.000000000,saturated
3357,111.698889000,10052900,75.541666700,156,155.550000000,666.313803000,469.735325000,393192.000000000,206.626000000,54.810934300,1.000000000,saturated
3358,111.732222000,10055900,76.208333300,158,157.250000000,666.436762000,469.744974000,389804.797000000,206.740000000,54.714208700,1.000000000,saturated
3359,111.765556000,10058900,75.958333300,163,159.700000000,666.305052000,469.982038000,394965.403000000,208.615000000,54.845633200,1.000000000,saturated
3360,111.798400000,10061856,75.500000000,171,161.250000000,666.157343000,470.009279000,404097.002000000,209.903000000,55.156060000,1.000000000,saturated
3361,111.831733000,10064856,74.958333300,171,161.550000000,666.175662000,470.068819000,406389.802000000,208.501000000,55.242032400,1.000000000,saturated
3362,111.865067000,10067856,75.291666700,170,159.550000000,666.123714000,470.055336000,406258.402000000,207.099000000,55.212625000,1.000000000,saturated
3363,111.898400000,10070856,74.083333300,168,157.700000000,666.162070000,470.081292000,400673.798000000,207.572000000,55.006042300,1.000000000,saturated
3364,111.931733000,10073856,74.208333300,168,157.700000000,666.312457000,469.925174000,391788.000000000,206.398000000,54.732912100,1.000000000,saturated
3365,111.965067000,10076856,73.625000000,168,161.250000000,666.066071000,470.017351000,408498.000000000,207.572000000,55.249440400,1.000000000,saturated
3366,111.998400000,10079856,73.750000000,168,161.100000000,666.094303000,469.929962000,405480.000000000,206.284000000,55.238921500,1.000000000,saturated
3367,112.031733000,10082856,74.041666700,169,163.000000000,666.086923000,469.928920000,405301.802000000,207.458000000,55.231223400,1.000000000,saturated
3368,112.064589000,10085813,73.458333300,169,163.850000000,665.918906000,469.834569000,402088.202000000,206.458000000,55.023149000,1.000000000,saturated
3369,112.097922000,10088813,73.750000000,169,163.850000000,665.996711000,470.040018000,399431.002000000,205.013000000,55.065210900,1.000000000,saturated
3370,112.131256000,10091813,72.791666700,174,162.700000000,665.910413000,470.113609000,388199.617000000,205.355000000,54.653978300,1.000000000,saturated
3371,112.164589000,10094813,72.916666700,175,166.250000000,665.890460000,470.037116000,387962.417000000,205.241000000,54.753363700,1.000000000,saturated
3372,112.197922000,10097813,72.166666700,172,164.250000000,665.962837000,469.948051000,389325.982000000,207.800000000,54.834221500,1.000000000,saturated
3373,112.231256000,10100813,73.583333300,174,167.100000000,665.919721000,469.849931000,387797.003000000,208.501000000,54.703345400,1.000000000,saturated
3374,112.264589000,10103813,72.958333300,171,163.400000000,666.111082000,469.907784000,392248.603000000,206.398000000,55.089598000,1.000000000,saturated
3375,112.297922000,10106813,72.333333300,172,162.700000000,666.136416000,469.925023000,391196.603000000,204.426000000,55.007138600,1.000000000,saturated
3376,112.330789000,10109771,72.375000000,172,161.850000000,666.108099000,469.855928000,391065.403000000,203.611000000,54.988408900,1.000000000,saturated
3377,112.364122000,10112771,73.250000000,171,162.700000000,666.198550000,469.692857000,388197.403000000,203.611000000,54.894846000,1.000000000,saturated
3378,112.397456000,10115771,73.416666700,174,162.850000000,666.162584000,469.722396000,384980.597000000,202.910000000,54.731606400,1.000000000,saturated
3379,112.430789000,10118771,74.208333300,175,166.850000000,666.188108000,469.680619000,389413.603000000,203.839000000,54.897025800,1.000000000,saturated
3380,112.464122000,10121771,73.333333300,174,166.000000000,666.142011000,469.862793000,389716.003000000,206.056000000,54.847780700,1.000000000,saturated
3381,112.497456000,10124771,73.583333300,172,166.000000000,666.055443000,469.937034000,393605.182000000,206.056000000,54.967174100,1.000000000,saturated
3382,112.530789000,10127771,72.708333300,169,163.850000000,666.124201000,469.912488000,392047.382000000,205.241000000,54.879944000,1.000000000,saturated
3383,112.564122000,10130771,73.041666700,169,165.400000000,666.081137000,469.810851000,400435.418000000,205.942000000,55.206494600,1.000000000,saturated
3384,112.596956000,10133726,72.916666700,169,165.400000000,665.910854000,469.869402000,397571.000000000,206.170000000,55.083505800,1.000000000,saturated
3385,112.630289000,10136726,73.958333300,168,163.700000000,665.892832000,469.955486000,399402.000000000,206.871000000,55.189484200,1.000000000,saturated
3386,112.663622000,10139726,74.083333300,168,163.700000000,665.986896000,469.882624000,395927.782000000,206.871000000,55.035551500,1.000000000,saturated
3387,112.696956000,10142726,74.208333300,168,166.250000000,666.045233000,469.888380000,395501.982000000,206.871000000,55.007669600,1.000000000,saturated
3388,112.730289000,10145726,73.708333300,167,165.250000000,666.049226000,469.637804000,394838.382000000,206.871000000,55.048552400,1.000000000,saturated
3389,112.763622000,10148726,75.291666700,168,166.250000000,665.815526000,469.824038000,401194.000000000,207.572000000,55.287506600,1.000000000,saturated
3390,112.796956000,10151726,74.916666700,179,169.100000000,666.120280000,469.680790000,381075.817000000,202.209000000,54.641221400,1.000000000,saturated
3391,112.830289000,10154726,75.416666700,179,167.400000000,666.175309000,469.633108000,379880.617000000,203.839000000,54.553342500,1.000000000,saturated
3392,112.863156000,10157684,74.333333300,177,164.700000000,666.207485000,469.619665000,378296.817000000,204.181000000,54.501111600,1.000000000,saturated
3393,112.896489000,10160684,73.666666700,176,164.000000000,666.428814000,469.617572000,376713.417000000,204.882000000,54.461082800,1.000000000,saturated
3394,112.929822000,10163684,74.500000000,179,168.000000000,666.413199000,469.626047000,376461.017000000,204.181000000,54.516548800,1.000000000,saturated
3395,112.963156000,10166684,74.916666700,178,167.850000000,666.333906000,469.758267000,376944.417000000,203.839000000,54.500430200,1.000000000,saturated
3396,112.996489000,10169684,75.500000000,179,168.850000000,666.355774000,469.698383000,379920.783000000,203.839000000,54.619278100,1.000000000,saturated
3397,113.029822000,10172684,75.083333300,178,167.850000000,666.245053000,469.563465000,389011.003000000,205.241000000,54.857629100,1.000000000,saturated
3398,113.063156000,10175684,75.000000000,177,166.700000000,666.330053000,469.556285000,388810.403000000,205.241000000,54.899844800,1.000000000,saturated
3399,113.096489000,10178684,75.458333300,178,166.850000000,666.258749000,469.499479000,387483.203000000,205.469000000,54.769663700,1.000000000,saturated
3400,113.129344000,10181641,75.291666700,178,167.700000000,666.324723000,469.654472000,387269.603000000,204.768000000,54.779043600,1.000000000,saturated
3401,113.162678000,10184641,75.750000000,179,170.850000000,666.358010000,469.697233000,389172.603000000,205.469000000,54.867537900,1.000000000,saturated
3402,113.196011000,10187641,75.916666700,178,170.000000000,666.518485000,469.649846000,389738.403000000,205.469000000,54.918125400,1.000000000,saturated
3403,113.229344000,10190641,76.125000000,179,171.000000000,666.503243000,469.645818000,393137.782000000,207.572000000,55.068217200,1.000000000,saturated
3404,113.262678000,10193641,75.833333300,182,171.850000000,666.374294000,469.670172000,393916.182000000,207.572000000,55.096267900,1.000000000,saturated
3405,113.296011000,10196641,76.250000000,182,171.000000000,666.318466000,469.658434000,400046.000000000,207.572000000,55.324626900,1.000000000,saturated
3406,113.329344000,10199641,76.166666700,181,171.850000000,666.259328000,469.718472000,399857.000000000,206.170000000,55.244061900,1.000000000,saturated
3407,113.362678000,10202641,76.291666700,182,172.700000000,666.118247000,469.742333000,408377.198000000,210.832000000,55.522254800,1.000000000,saturated
3408,113.395522000,10205597,75.083333300,183,172.700000000,666.107718000,469.705459000,407792.398000000,209.088000000,55.582189500,1.000000000,saturated
3409,113.428856000,10208597,74.041666700,182,172.250000000,666.202002000,469.714466000,405603.381000000,209.088000000,55.517058200,1.000000000,saturated
3410,113.462189000,10211597,73.750000000,182,172.100000000,666.267807000,469.695350000,406586.981000000,207.686000000,55.528299500,1.000000000,saturated
3411,113.495522000,10214597,74.041666700,183,172.100000000,666.168922000,469.559872000,405188.381000000,209.088000000,55.462179500,1.000000000,saturated
3412,113.528856000,10217597,73.625000000,182,171.250000000,666.042850000,469.616717000,401055.018000000,207.686000000,55.293240300,1.000000000,saturated
3413,113.562189000,10220597,74.333333300,181,170.400000000,666.125584000,469.753247000,402584.018000000,207.458000000,55.293477500,1.000000000,saturated
3414,113.595522000,10223597,74.250000000,181,169.700000000,666.047982000,469.910698000,398728.018000000,207.458000000,55.302359500,1.000000000,saturated
3415,113.628856000,10226597,73.041666700,175,164.700000000,666.099348000,470.039351000,398461.618000000,206.757000000,55.360811600,1.000000000,saturated
3416,113.661711000,10229554,72.583333300,172,163.850000000,666.075589000,470.203194000,393167.000000000,206.284000000,55.175579600,1.000000000,saturated
3417,113.695044000,10232554,72.333333300,171,162.850000000,666.003599000,470.230926000,391549.000000000,207.686000000,55.193069500,1.000000000,saturated
3418,113.728378000,10235554,72.041666700,172,164.550000000,666.231573000,470.171814000,387628.782000000,207.686000000,55.215472200,1.000000000,saturated
3419,113.761711000,10238554,71.125000000,170,161.700000000,666.129813000,470.187774000,391310.000000000,207.686000000,55.206123100,1.000000000,saturated
3420,113.795044000,10241554,71.500000000,181,168.400000000,666.007020000,470.315556000,397599.818000000,209.544000000,55.360170700,1.000000000,saturated
3421,113.828378000,10244554,71.333333300,180,168.400000000,665.973030000,470.335744000,399111.581000000,210.718000000,55.394350500,1.000000000,saturated
3422,113.861711000,10247554,71.833333300,180,166.700000000,666.038855000,470.368185000,397529.582000000,208.615000000,55.336612000,1.000000000,saturated
3423,113.895044000,10250554,72.416666700,181,167.400000000,666.037452000,470.329226000,393801.603000000,208.615000000,55.180575000,1.000000000,saturated
3424,113.927900000,10253511,74.166666700,183,167.950000000,665.958494000,470.524189000,392671.203000000,209.903000000,55.085133400,1.000000000,saturated
3425,113.961233000,10256511,73.666666700,181,167.950000000,665.847710000,470.459175000,394095.203000000,210.718000000,55.130734200,1.000000000,saturated
3426,113.994567000,10259511,73.708333300,181,167.950000000,665.835409000,470.390910000,391412.000000000,206.871000000,55.065911500,1.000000000,saturated
3427,114.027900000,10262511,72.875000000,179,166.650000000,665.787093000,470.435819000,392411.000000000,207.572000000,55.146771300,1.000000000,saturated
3428,114.061233000,10265511,73.541666700,179,166.950000000,665.812404000,470.488540000,390345.000000000,207.572000000,55.086557800,1.000000000,saturated
3429,114.094567000,10268511,72.875000000,179,167.100000000,665.675649000,470.448162000,394212.382000000,205.828000000,55.180082200,1.000000000,saturated
3430,114.127900000,10271511,72.583333300,180,166.950000000,665.749944000,470.259245000,397463.782000000,207.458000000,55.362677600,1.000000000,saturated
3431,114.161233000,10274511,72.458333300,180,166.950000000,665.626566000,470.308531000,399073.197000000,206.529000000,55.337420200,1.000000000,saturated
3432,114.194078000,10277467,73.125000000,181,167.950000000,665.573658000,470.299940000,400631.997000000,206.529000000,55.394442400,1.000000000,saturated
3433,114.227411000,10280467,72.750000000,180,167.950000000,665.491443000,470.303781000,401446.997000000,205.828000000,55.441984400,1.000000000,saturated
3434,114.260744000,10283467,72.500000000,179,167.800000000,665.709312000,470.236761000,399231.997000000,205.828000000,55.261645500,1.000000000,saturated
3435,114.294078000,10286467,71.375000000,180,166.500000000,665.905576000,470.312025000,395480.418000000,205.828000000,55.056018900,1.000000000,saturated
3436,114.327411000,10289467,71.833333300,180,166.500000000,666.004699000,470.343271000,392859.000000000,204.426000000,54.951181500,1.000000000,saturated
3437,114.360744000,10292467,72.208333300,182,167.650000000,665.865096000,470.349450000,398485.818000000,206.056000000,55.128709000,1.000000000,saturated
3438,114.394078000,10295467,72.166666700,182,168.500000000,665.840298000,470.367005000,396901.418000000,206.757000000,55.047841500,1.000000000,saturated
3439,114.427411000,10298467,72.458333300,184,170.350000000,665.978514000,470.279229000,387577.582000000,206.757000000,54.767428100,1.000000000,saturated
3440,114.460267000,10301424,73.500000000,183,170.100000000,665.926205000,470.428250000,393819.000000000,206.757000000,55.086735100,1.000000000,saturated
3441,114.493600000,10304424,71.958333300,179,168.950000000,665.937971000,470.449406000,393958.000000000,206.056000000,55.034909600,1.000000000,saturated
3442,114.526933000,10307424,71.958333300,178,168.100000000,665.933163000,470.433863000,393988.000000000,208.501000000,55.144717500,1.000000000,saturated
3443,114.560267000,10310424,72.791666700,177,167.250000000,665.907024000,470.400320000,397147.000000000,207.441000000,55.225008800,1.000000000,saturated
3444,114.593600000,10313424,74.083333300,180,169.250000000,665.853902000,470.362821000,398116.000000000,206.854000000,55.259312600,1.000000000,saturated
3445,114.626933000,10316424,73.583333300,179,170.100000000,665.869490000,470.361059000,393651.582000000,207.914000000,55.075767000,1.000000000,saturated
3446,114.660267000,10319424,73.375000000,179,170.100000000,665.975981000,470.324009000,392011.782000000,207.914000000,54.957652500,1.000000000,saturated
3447,114.693600000,10322424,72.708333300,178,169.800000000,666.042756000,470.245082000,395475.000000000,206.871000000,55.091782800,1.000000000,saturated
3448,114.726467000,10325382,72.000000000,177,168.800000000,666.000623000,470.204864000,394799.000000000,205.355000000,54.983240500,1.000000000,saturated
3449,114.759800000,10328382,71.666666700,178,167.800000000,665.944771000,470.241817000,394125.000000000,206.757000000,54.914265000,1.000000000,saturated
3450,114.793133000,10331382,72.250000000,181,170.400000000,666.003666000,470.209797000,386195.803000000,206.985000000,54.728563200,1.000000000,saturated
3451,114.826467000,10334382,73.666666700,180,170.550000000,666.014849000,470.136568000,387512.003000000,206.284000000,54.801805600,1.000000000,saturated
3452,114.859800000,10337382,73.375000000,178,168.700000000,665.897539000,470.131678000,392219.782000000,206.056000000,55.004993900,1.000000000,saturated
3453,114.893133000,10340382,73.125000000,177,169.400000000,665.898027000,470.144731000,386584.404000000,205.355000000,54.873436600,1.000000000,saturated
3454,114.926467000,10343382,73.416666700,176,169.400000000,665.851531000,470.283447000,390187.582000000,206.757000000,54.995411200,1.000000000,saturated
3455,114.959800000,10346382,74.041666700,179,167.400000000,665.868341000,470.234857000,400272.418000000,206.871000000,55.266776300,1.000000000,saturated
3456,114.992644000,10349338,73.416666700,178,165.550000000,665.934698000,470.181239000,396741.000000000,206.056000000,55.111929200,1.000000000,saturated
3457,115.025978000,10352338,73.958333300,179,167.400000000,665.901816000,470.318080000,396734.000000000,206.757000000,55.106471000,1.000000000,saturated
3458,115.059311000,10355338,73.708333300,179,167.250000000,666.049513000,470.069219000,395067.000000000,206.871000000,55.151216900,1.000000000,saturated
3459,115.092644000,10358338,73.500000000,178,165.400000000,665.949377000,470.092822000,402894.581000000,208.273000000,55.441097100,1.000000000,saturated
3460,115.125978000,10361338,75.833333300,179,167.700000000,665.972109000,470.086090000,399564.218000000,206.643000000,55.579659700,1.000000000,saturated
3461,115.159311000,10364338,75.583333300,179,167.850000000,665.956548000,470.101692000,400130.618000000,205.942000000,55.582739800,1.000000000,saturated
3462,115.192644000,10367338,76.208333300,181,168.000000000,665.897700000,470.027660000,403560.797000000,208.974000000,55.688746600,1.000000000,saturated
3463,115.225978000,10370338,75.333333300,179,167.000000000,665.722416000,470.087568000,409087.000000000,208.974000000,55.810985300,1.000000000,saturated
3464,115.258833000,10373295,75.166666700,178,166.850000000,665.811157000,470.071892000,405120.000000000,208.974000000,55.638744800,1.000000000,saturated
3465,115.292167000,10376295,75.333333300,182,167.550000000,665.965422000,470.018522000,402599.000000000,208.974000000,55.565112000,1.000000000,saturated
3466,115.325500000,10379295,76.250000000,181,167.400000000,665.874466000,470.056430000,403651.000000000,208.974000000,55.471262700,1.000000000,saturated
3467,115.358833000,10382295,76.083333300,181,167.550000000,665.826769000,470.084837000,403399.798000000,208.273000000,55.324535900,1.000000000,saturated
3468,115.392167000,10385295,74.791666700,181,166.700000000,665.915690000,470.098068000,403094.398000000,208.974000000,55.354562500,1.000000000,saturated
3469,115.425500000,10388295,74.791666700,181,166.700000000,665.881131000,470.012771000,398055.618000000,205.697000000,55.176934400,1.000000000,saturated
3470,115.458833000,10391295,74.041666700,179,168.100000000,665.973309000,470.002276000,391558.000000000,206.398000000,54.916138000,1.000000000,saturated
3471,115.492167000,10394295,73.833333300,178,167.950000000,666.048330000,470.018852000,389551.000000000,206.398000000,54.998083600,1.000000000,saturated
3472,115.525022000,10397252,72.125000000,176,165.950000000,666.038213000,469.981089000,390029.000000000,207.099000000,54.976865800,1.000000000,saturated
3473,115.558356000,10400252,73.458333300,177,167.100000000,666.122746000,469.867223000,391718.000000000,207.800000000,55.081921700,1.000000000,saturated
3474,115.591689000,10403252,73.333333300,177,168.100000000,665.985659000,469.853223000,392173.000000000,206.398000000,55.168932400,1.000000000,saturated
3475,115.625022000,10406252,73.791666700,177,168.100000000,666.096270000,469.957710000,386652.617000000,206.398000000,54.821150000,1.000000000,saturated
3476,115.658356000,10409252,71.625000000,177,169.650000000,666.040216000,469.908528000,385687.803000000,205.697000000,54.713131100,1.000000000,saturated
3477,115.691689000,10412252,72.916666700,179,170.800000000,666.162865000,469.885763000,382331.203000000,204.996000000,54.561254000,1.000000000,saturated
3478,115.725022000,10415252,72.500000000,179,170.800000000,666.170354000,469.912570000,382780.603000000,205.241000000,54.640159300,1.000000000,saturated
3479,115.758356000,10418252,72.166666700,178,168.950000000,666.145435000,469.993905000,395283.618000000,205.828000000,55.112329900,1.000000000,saturated
3480,115.791200000,10421208,74.125000000,183,169.000000000,666.038411000,470.118665000,391918.000000000,206.985000000,55.039466500,1.000000000,saturated
3481,115.824533000,10424208,74.041666700,182,167.850000000,666.066550000,470.053325000,394037.000000000,206.985000000,55.025402200,1.000000000,saturated
3482,115.857867000,10427208,72.500000000,178,167.550000000,666.023372000,470.173995000,394322.000000000,206.284000000,54.993884200,1.000000000,saturated
3483,115.891200000,10430208,72.791666700,177,166.700000000,665.996777000,470.217728000,394409.000000000,204.426000000,55.084681300,1.000000000,saturated
3484,115.924533000,10433208,72.916666700,177,166.850000000,665.896088000,470.138320000,398268.818000000,205.828000000,55.188424100,1.000000000,saturated
3485,115.957867000,10436208,74.166666700,182,167.850000000,666.048504000,470.114112000,389853.982000000,205.583000000,54.839902500,1.000000000,saturated
3486,115.991200000,10439208,74.125000000,181,168.000000000,666.109621000,470.127433000,393729.000000000,206.284000000,55.064033700,1.000000000,saturated
3487,116.024533000,10442208,75.416666700,183,170.550000000,666.055474000,470.141713000,399192.382000000,205.583000000,55.283801700,1.000000000,saturated
3488,116.057389000,10445165,74.875000000,182,169.250000000,665.966626000,470.127987000,402463.000000000,206.643000000,55.429965300,1.000000000,saturated
3489,116.090722000,10448165,75.041666700,181,170.100000000,666.030391000,470.150944000,397462.397000000,206.643000000,55.265532300,1.000000000,saturated
3490,116.124056000,10451165,77.291666700,183,173.100000000,666.017103000,470.254981000,384868.182000000,204.768000000,54.838107500,1.000000000,saturated
3491,116.157389000,10454165,77.166666700,182,173.100000000,666.077567000,470.369906000,383194.982000000,206.871000000,54.755954400,1.000000000,saturated
3492,116.190722000,10457165,77.666666700,182,174.250000000,666.023682000,470.410743000,384029.382000000,206.871000000,54.736025400,1.000000000,saturated
3493,116.224056000,10460165,77.416666700,182,174.250000000,666.084324000,470.473702000,381679.803000000,205.241000000,54.707995600,1.000000000,saturated
3494,116.257389000,10463165,77.416666700,181,175.800000000,666.073326000,470.422922000,384367.782000000,207.800000000,54.902622900,1.000000000,saturated
3495,116.290722000,10466165,79.000000000,181,176.250000000,666.079950000,470.424677000,386755.182000000,207.800000000,54.921453800,1.000000000,saturated
3496,116.323589000,10469123,78.916666700,179,176.250000000,665.834625000,470.488898000,390597.982000000,207.800000000,55.103105200,1.000000000,saturated
3497,116.356922000,10472123,78.583333300,178,175.100000000,665.867294000,470.528480000,389760.982000000,208.501000000,54.993342300,1.000000000,saturated
3498,116.390256000,10475123,78.416666700,178,175.100000000,665.810973000,470.479875000,391673.782000000,207.099000000,54.989197100,1.000000000,saturated
3499,116.423589000,10478123,78.583333300,178,175.100000000,665.649536000,470.397191000,394116.582000000,206.757000000,55.003558700,1.000000000,saturated
3500,116.456922000,10481123,80.375000000,180,174.550000000,665.792910000,470.344669000,376291.000000000,206.398000000,54.369327200,1.000000000,saturated
3501,116.490256000,10484123,80.625000000,180,176.700000000,665.825618000,470.328981000,379565.603000000,204.996000000,54.351349700,1.000000000,saturated
3502,116.523589000,10487123,81.916666700,182,179.400000000,665.949316000,470.307526000,373775.796000000,204.996000000,54.343288300,1.000000000,saturated
3503,116.556922000,10490123,82.333333300,181,180.400000000,665.952587000,470.373757000,375523.996000000,205.697000000,54.439889300,1.000000000,saturated
3504,116.589756000,10493078,81.750000000,178,177.700000000,665.902897000,470.495580000,377621.596000000,204.768000000,54.543315200,1.000000000,saturated
3505,116.623089000,10496078,82.666666700,180,179.400000000,665.880129000,470.536953000,375739.383000000,204.409000000,54.533639000,1.000000000,saturated
3506,116.656422000,10499078,82.958333300,177,176.850000000,665.773777000,470.523000000,375736.783000000,203.252000000,54.434918000,1.000000000,saturated
3507,116.689756000,10502078,83.291666700,178,176.850000000,665.810326000,470.584108000,377596.000000000,204.409000000,54.493481700,1.000000000,saturated
3508,116.723089000,10505078,85.041666700,177,176.850000000,665.716230000,470.675190000,380974.000000000,205.583000000,54.621033700,1.000000000,saturated
3509,116.756422000,10508078,84.833333300,177,176.700000000,665.748760000,470.866832000,385574.417000000,206.284000000,54.790471800,1.000000000,saturated
3510,116.789756000,10511078,84.666666700,179,179.000000000,665.483797000,470.763350000,395179.203000000,207.686000000,55.123887800,1.000000000,saturated
3511,116.823089000,10514078,84.416666700,179,179.000000000,665.519885000,470.845297000,395823.803000000,206.985000000,55.095743400,1.000000000,saturated
3512,116.855956000,10517036,84.125000000,179,178.000000000,665.574718000,470.870921000,395331.203000000,206.985000000,55.103618600,1.000000000,saturated
3513,116.889289000,10520036,84.041666700,181,179.000000000,665.619041000,470.898234000,393760.203000000,207.441000000,55.073774800,1.000000000,saturated
3514,116.922622000,10523036,83.000000000,179,179.000000000,665.641490000,470.907288000,392456.203000000,206.985000000,55.167266400,1.000000000,saturated
3515,116.955956000,10526036,82.541666700,178,177.850000000,665.584944000,470.914969000,392601.404000000,206.284000000,55.225508300,1.000000000,saturated
3516,116.989289000,10529036,81.750000000,177,176.550000000,665.517213000,470.797820000,400955.000000000,207.572000000,55.532639800,1.000000000,saturated
3517,117.022622000,10532036,81.750000000,177,176.550000000,665.472307000,470.770908000,400354.000000000,208.501000000,55.408240700,1.000000000,saturated
3518,117.055956000,10535036,82.000000000,179,177.400000000,665.537483000,470.762278000,400779.000000000,208.501000000,55.466380200,1.000000000,saturated
3519,117.089289000,10538036,81.000000000,177,174.400000000,665.430420000,470.641529000,402261.000000000,206.985000000,55.439001700,1.000000000,saturated
3520,117.122144000,10540993,81.750000000,178,175.250000000,665.460914000,470.615926000,401459.000000000,207.686000000,55.354078100,1.000000000,saturated
3521,117.155478000,10543993,81.583333300,179,171.400000000,665.518065000,470.392997000,398008.000000000,206.284000000,55.262198700,1.000000000,saturated
3522,117.188811000,10546993,80.083333300,178,170.550000000,665.495992000,470.419128000,400460.000000000,205.583000000,55.291471000,1.000000000,saturated
3523,117.222144000,10549993,80.541666700,179,171.550000000,665.506344000,470.490476000,400289.000000000,206.398000000,55.236816900,1.000000000,saturated
3524,117.255478000,10552993,79.333333300,182,170.950000000,665.689454000,470.345085000,399557.000000000,206.871000000,55.258949400,1.000000000,saturated
3525,117.288811000,10555993,78.666666700,182,169.950000000,665.770134000,470.283336000,398149.000000000,206.170000000,55.261468700,1.000000000,saturated
3526,117.322144000,10558993,78.875000000,182,169.950000000,665.664223000,470.247200000,399441.000000000,206.039000000,55.298155100,1.000000000,saturated
3527,117.355478000,10561993,78.541666700,182,169.950000000,665.688484000,470.225107000,390777.603000000,206.039000000,55.041278400,1.000000000,saturated
3528,117.388322000,10564949,78.708333300,183,171.100000000,665.722762000,470.351042000,386960.782000000,206.267000000,54.908845900,1.000000000,saturated
3529,117.421656000,10567949,79.208333300,185,173.100000000,665.715293000,470.304636000,390095.997000000,206.153000000,54.984197300,1.000000000,saturated
3530,117.454989000,10570949,78.875000000,185,172.800000000,665.715615000,470.287840000,393965.803000000,204.768000000,55.267041000,1.000000000,saturated
3531,117.488322000,10573949,78.208333300,183,169.950000000,665.652492000,470.338474000,394040.603000000,204.540000000,55.189926300,1.000000000,saturated
3532,117.521656000,10576949,78.125000000,182,169.800000000,665.640212000,470.281687000,396295.603000000,206.170000000,55.232151000,1.000000000,saturated
3533,117.554989000,10579949,77.708333300,178,168.950000000,665.725237000,470.215596000,393194.000000000,206.985000000,55.130666600,1.000000000,saturated
3534,117.588322000,10582949,77.750000000,177,167.250000000,665.709057000,470.217090000,388703.397000000,204.768000000,54.989002800,1.000000000,saturated
3535,117.621656000,10585949,78.666666700,178,168.250000000,665.627077000,470.382064000,395415.403000000,206.985000000,55.165711200,1.000000000,saturated
3536,117.654511000,10588906,79.958333300,178,169.400000000,665.585565000,470.351128000,401194.203000000,207.800000000,55.266257000,1.000000000,saturated
3537,117.687844000,10591906,80.083333300,176,168.550000000,665.650615000,470.015028000,396604.803000000,206.056000000,55.172540000,1.000000000,saturated
3538,117.721178000,10594906,80.333333300,176,167.850000000,665.574231000,470.042121000,397904.003000000,205.241000000,55.160816500,1.000000000,saturated
3539,117.754511000,10597906,82.375000000,179,171.700000000,665.549567000,470.156908000,397935.403000000,206.056000000,55.236015000,1.000000000,saturated
3540,117.787844000,10600906,82.375000000,181,170.700000000,665.682696000,470.235415000,405510.000000000,206.757000000,55.595338100,1.000000000,saturated
3541,117.821178000,10603906,82.250000000,180,170.700000000,665.593737000,470.336690000,403098.000000000,206.757000000,55.464922200,1.000000000,saturated
3542,117.854511000,10606906,82.916666700,181,172.000000000,665.552472000,470.358321000,403646.000000000,206.284000000,55.483431700,1.000000000,saturated
3543,117.887844000,10609906,84.458333300,184,176.250000000,665.556401000,470.290770000,403601.000000000,205.469000000,55.501929200,1.000000000,saturated
3544,117.920700000,10612863,85.000000000,184,176.250000000,665.472479000,470.280165000,409334.202000000,206.643000000,55.604689600,1.000000000,saturated
3545,117.954033000,10615863,85.291666700,183,175.550000000,665.577915000,470.485967000,394755.203000000,205.355000000,55.156431800,1.000000000,saturated
3546,117.987367000,10618863,85.750000000,183,174.700000000,665.413559000,470.447890000,397062.003000000,205.355000000,55.174908800,1.000000000,saturated
3547,118.020700000,10621863,86.208333300,183,175.550000000,665.506621000,470.471532000,392869.997000000,205.355000000,55.000985500,1.000000000,saturated
3548,118.054033000,10624863,86.041666700,183,174.550000000,665.495080000,470.445482000,392977.597000000,205.355000000,54.987220000,1.000000000,saturated
3549,118.087367000,10627863,86.625000000,183,175.400000000,665.606503000,470.454043000,389868.397000000,205.355000000,54.957474000,1.000000000,saturated
3550,118.120700000,10630863,85.833333300,175,172.400000000,665.609573000,470.473582000,389533.997000000,205.469000000,54.986085400,1.000000000,saturated
3551,118.154033000,10633863,85.583333300,173,171.550000000,665.466375000,470.536347000,391111.196000000,206.170000000,55.043765700,1.000000000,saturated
3552,118.186878000,10636819,85.583333300,172,170.700000000,665.538233000,470.481040000,389658.196000000,206.170000000,55.015397100,1.000000000,saturated
3553,118.220211000,10639819,88.125000000,178,176.700000000,665.597292000,470.389774000,384837.396000000,204.067000000,55.047687000,1.000000000,saturated
3554,118.253544000,10642819,88.416666700,182,178.400000000,665.548557000,470.417284000,384766.596000000,205.469000000,55.028836300,1.000000000,saturated
3555,118.286878000,10645819,91.041666700,184,182.200000000,665.355987000,470.606823000,395827.182000000,206.056000000,55.018064200,1.000000000,saturated
3556,118.320211000,10648819,91.125000000,185,181.350000000,670.591846000,470.334317000,307278.415000000,205.338000000,50.554893000,1.000000000,saturated
3557,118.353544000,10651819,90.625000000,184,181.350000000,677.508256000,466.737351000,257721.987000000,205.241000000,46.719125100,1.000000000,saturated
3558,118.386878000,10654819,90.875000000,186,182.650000000,682.393947000,461.600950000,227313.598000000,202.779000000,44.678456800,1.000000000,saturated
3559,118.420211000,10657819,90.583333300,185,181.500000000,682.052475000,457.055759000,282235.198000000,206.512000000,48.408045800,1.000000000,saturated
3560,118.453067000,10660776,90.666666700,183,181.650000000,676.432864000,455.111008000,338087.584000000,209.316000000,52.522131000,1.000000000,saturated
3561,118.486400000,10663776,90.666666700,183,180.650000000,669.529307000,457.386197000,420090.203000000,210.946000000,56.695451900,1.000000000,saturated
3562,118.519733000,10666776,90.833333300,185,181.650000000,664.989770000,461.168491000,449354.000000000,205.811000000,57.433045500,1.000000000,saturated
3563,118.553067000,10669776,91.333333300,184,175.550000000,662.242171000,464.425187000,459632.380000000,205.583000000,57.879289900,1.000000000,saturated
3564,118.586400000,10672776,91.166666700,184,175.100000000,661.761605000,464.789702000,482511.000000000,206.757000000,58.499041800,1.000000000,saturated
3565,118.619733000,10675776,90.666666700,186,176.650000000,661.624479000,464.977479000,466049.000000000,205.355000000,57.892770200,1.000000000,saturated
3566,118.653067000,10678776,91.583333300,186,176.500000000,661.235023000,464.145569000,485343.000000000,207.800000000,58.337578900,1.000000000,saturated
3567,118.686400000,10681776,92.541666700,186,178.350000000,660.521156000,462.805258000,485327.979000000,210.832000000,58.564792100,1.000000000,saturated
3568,118.719267000,10684734,91.625000000,184,176.500000000,659.823410000,461.955534000,504875.002000000,209.903000000,59.311839300,1.000000000,saturated
3569,118.752600000,10687734,90.958333300,184,175.500000000,659.110643000,461.815705000,510776.778000000,209.316000000,59.655269400,1.000000000,saturated
3570,118.785933000,10690734,89.500000000,182,175.850000000,658.557663000,462.015027000,504326.801000000,208.028000000,59.128695900,1.000000000,saturated
3571,118.819267000,10693734,89.208333300,180,176.000000000,658.583606000,462.250360000,508401.578000000,208.501000000,59.083626400,1.000000000,saturated
3572,118.852600000,10696734,88.333333300,178,172.850000000,658.823297000,462.382908000,509527.000000000,208.387000000,59.166312500,1.000000000,saturated
3573,118.885933000,10699734,88.291666700,179,173.850000000,660.217997000,462.040571000,486783.021000000,210.832000000,58.778986700,1.000000000,saturated
3574,118.919267000,10702734,88.500000000,181,175.000000000,661.054483000,461.812511000,482365.621000000,211.533000000,58.467868800,1.000000000,saturated
3575,118.952600000,10705734,89.208333300,184,176.850000000,661.797613000,461.865066000,466147.000000000,207.914000000,57.856010100,1.000000000,saturated
3576,118.985444000,10708690,89.583333300,184,176.850000000,662.785325000,462.337480000,458313.420000000,209.316000000,57.305470400,1.000000000,saturated
3577,119.018778000,10711690,89.208333300,184,175.550000000,664.882584000,463.025528000,432668.000000000,211.419000000,56.404807000,1.000000000,saturated
3578,119.052111000,10714690,88.791666700,184,176.000000000,665.521864000,463.047215000,417201.581000000,210.946000000,55.408291200,1.000000000,saturated
3579,119.085444000,10717690,88.291666700,184,176.850000000,666.193160000,462.919108000,404083.798000000,207.213000000,54.774642900,1.000000000,saturated
3580,119.118778000,10720690,90.375000000,190,184.000000000,667.008726000,462.550832000,396125.602000000,206.871000000,54.634193600,1.000000000,saturated
3581,119.152111000,10723690,91.166666700,190,183.850000000,667.214820000,462.406503000,389936.603000000,206.985000000,54.536129600,1.000000000,saturated
3582,119.185444000,10726690,90.000000000,188,182.850000000,667.293494000,462.557730000,396090.982000000,205.942000000,54.837485400,1.000000000,saturated
3583,119.218778000,10729690,89.083333300,185,180.850000000,667.466493000,462.572327000,397787.982000000,205.942000000,55.173831900,1.000000000,saturated
3584,119.251633000,10732647,89.708333300,186,183.000000000,667.501357000,462.679969000,395613.002000000,206.056000000,55.119449600,1.000000000,saturated
3585,119.284967000,10735647,91.500000000,189,184.000000000,667.382512000,462.699217000,399681.782000000,207.914000000,55.176501900,1.000000000,saturated
3586,119.318300000,10738647,90.750000000,189,184.700000000,667.335787000,462.658226000,397417.402000000,205.583000000,55.137110800,1.000000000,saturated
3587,119.351633000,10741647,91.541666700,190,187.500000000,667.268519000,462.430251000,411360.000000000,208.501000000,55.558294800,1.000000000,saturated
3588,119.384967000,10744647,91.125000000,187,185.800000000,667.325774000,462.402331000,394374.618000000,206.398000000,54.999709300,1.000000000,saturated
3589,119.418300000,10747647,91.208333300,187,185.100000000,666.875113000,462.393678000,398120.798000000,206.284000000,55.294544400,1.000000000,saturated
3590,119.451633000,10750647,90.125000000,186,185.100000000,666.539800000,462.262112000,410679.381000000,206.170000000,55.786790100,1.000000000,saturated
3591,119.484967000,10753647,90.291666700,186,185.400000000,666.252905000,462.271550000,408815.598000000,206.170000000,55.682921300,1.000000000,saturated
3592,119.517822000,10756604,89.750000000,185,183.250000000,665.838758000,462.511595000,426230.000000000,206.512000000,56.328772900,1.000000000,saturated
3593,119.551156000,10759604,88.625000000,188,185.650000000,665.611414000,462.554315000,422694.797000000,208.501000000,56.288527000,1.000000000,saturated
3594,119.584489000,10762604,89.000000000,188,185.650000000,665.462702000,462.546709000,426242.198000000,207.914000000,56.308747700,1.000000000,saturated
3595,119.617822000,10765604,89.875000000,186,184.800000000,665.550728000,462.459369000,407822.618000000,205.583000000,55.673255300,1.000000000,saturated
3596,119.651156000,10768604,90.458333300,188,186.100000000,665.469450000,462.489090000,415832.003000000,206.871000000,55.872708200,1.000000000,saturated
3597,119.684489000,10771604,90.750000000,189,186.250000000,665.544314000,462.411797000,408986.597000000,205.811000000,55.718490500,1.000000000,saturated
3598,119.717822000,10774604,88.041666700,184,182.250000000,665.554496000,462.487575000,413184.403000000,207.213000000,55.847708200,1.000000000,saturated
3599,119.751156000,10777604,86.666666700,185,183.000000000,665.591424000,462.588613000,407414.618000000,206.398000000,55.623348300,1.000000000,saturated
3600,119.784000000,10780560,85.916666700,190,181.950000000,665.829940000,462.453824000,415451.003000000,207.686000000,56.098661900,1.000000000,saturated
3601,119.817333000,10783560,85.291666700,187,179.800000000,665.718347000,462.426639000,420612.781000000,208.387000000,56.259035200,1.000000000,saturated
3602,119.850667000,10786560,84.916666700,186,181.350000000,665.646531000,462.425032000,417086.403000000,207.914000000,56.069180400,1.000000000,saturated
3603,119.884000000,10789560,85.208333300,186,181.350000000,665.572494000,462.380612000,424442.981000000,210.017000000,56.297846200,1.000000000,saturated
3604,119.917333000,10792560,86.208333300,187,182.350000000,665.510418000,462.322242000,424567.781000000,207.686000000,56.276627500,1.000000000,saturated
3605,119.950667000,10795560,84.958333300,186,180.800000000,665.670235000,462.500630000,422233.981000000,207.686000000,56.238484700,1.000000000,saturated
3606,119.984000000,10798560,84.833333300,184,177.950000000,665.744104000,462.648218000,418955.981000000,207.572000000,56.046608000,1.000000000,saturated
3607,120.017333000,10801560,83.833333300,178,175.100000000,665.739828000,462.748430000,415261.981000000,208.501000000,56.011093000,1.000000000,saturated
3608,120.050189000,10804517,84.625000000,178,174.950000000,665.891703000,462.779717000,414384.181000000,208.387000000,55.949867400,1.000000000,saturated
3609,120.083522000,10807517,84.041666700,178,175.800000000,665.829677000,462.646814000,415688.381000000,207.686000000,55.889525500,1.000000000,saturated
3610,120.116856000,10810517,83.916666700,178,176.800000000,665.708892000,462.609400000,415106.981000000,207.686000000,55.892837200,1.000000000,saturated
3611,120.150189000,10813517,83.541666700,175,173.650000000,665.608008000,462.601948000,415570.581000000,206.985000000,55.889962300,1.000000000,saturated
3612,120.183522000,10816517,83.291666700,174,172.650000000,665.694121000,462.623172000,415764.981000000,206.985000000,55.841292300,1.000000000,saturated
3613,120.216856000,10819517,84.125000000,174,170.800000000,665.720932000,462.604815000,415678.581000000,207.572000000,55.950549100,1.000000000,saturated
3614,120.250189000,10822517,84.333333300,174,172.650000000,665.809487000,462.717426000,412477.603000000,206.985000000,55.863267800,1.000000000,saturated
3615,120.283522000,10825517,84.958333300,182,174.050000000,665.979320000,462.618189000,409299.803000000,205.469000000,55.745727600,1.000000000,saturated
3616,120.316389000,10828475,84.583333300,182,174.200000000,666.197030000,462.582828000,406406.003000000,205.469000000,55.602927200,1.000000000,saturated
3617,120.349722000,10831475,83.541666700,179,173.200000000,666.037751000,462.557208000,400443.197000000,204.067000000,55.476724500,1.000000000,saturated
3618,120.383056000,10834475,84.666666700,180,174.200000000,665.958812000,462.731081000,413377.981000000,205.942000000,55.736129400,1.000000000,saturated
3619,120.416389000,10837475,83.541666700,177,173.350000000,665.854154000,462.673845000,415693.798000000,205.942000000,55.960829500,1.000000000,saturated
3620,120.449722000,10840475,81.541666700,171,163.700000000,665.946420000,462.774227000,417508.000000000,205.942000000,55.949758400,1.000000000,saturated
3621,120.483056000,10843475,81.625000000,170,162.850000000,665.914125000,462.803382000,417419.000000000,206.871000000,55.917387300,1.000000000,saturated
3622,120.516389000,10846475,82.291666700,172,164.850000000,665.965465000,462.700407000,413786.381000000,207.572000000,55.759907800,1.000000000,saturated
3623,120.549722000,10849475,81.500000000,172,161.850000000,665.776723000,462.616965000,418278.000000000,206.985000000,55.808821900,1.000000000,saturated
3624,120.582556000,10852430,81.583333300,171,162.700000000,665.811714000,462.663268000,417715.000000000,207.686000000,55.854462200,1.000000000,saturated
3625,120.615889000,10855430,82.083333300,172,162.000000000,665.709263000,462.726887000,420016.000000000,206.985000000,55.922263400,1.000000000,saturated
3626,120.649222000,10858430,82.375000000,173,163.000000000,665.704490000,462.862188000,422155.000000000,206.056000000,56.058853700,1.000000000,saturated
3627,120.682556000,10861430,80.333333300,170,161.850000000,665.687946000,462.925189000,422504.000000000,206.757000000,56.117843500,1.000000000,saturated
3628,120.715889000,10864430,79.833333300,168,160.850000000,665.709680000,462.835833000,422265.000000000,206.871000000,56.226555600,1.000000000,saturated
3629,120.749222000,10867430,79.916666700,167,160.550000000,665.639723000,462.978469000,421959.000000000,207.572000000,56.127173900,1.000000000,saturated
3630,120.782556000,10870430,78.916666700,172,163.550000000,665.509112000,463.314928000,415309.002000000,206.985000000,55.949064500,1.000000000,saturated
3631,120.815889000,10873430,79.625000000,172,162.850000000,665.626339000,463.357345000,417546.581000000,206.985000000,56.095656100,1.000000000,saturated
3632,120.848756000,10876388,80.000000000,171,162.700000000,665.686924000,463.371604000,415287.181000000,206.284000000,56.067950800,1.000000000,saturated
3633,120.882089000,10879388,80.791666700,172,163.700000000,665.572892000,463.399144000,422001.000000000,207.914000000,56.265315000,1.000000000,saturated
3634,120.915422000,10882388,79.750000000,172,164.850000000,665.494261000,463.287689000,423871.000000000,207.914000000,56.247919900,1.000000000,saturated
3635,120.948756000,10885388,81.666666700,173,167.950000000,665.503645000,463.180090000,417263.003000000,207.914000000,56.006885600,1.000000000,saturated
3636,120.982089000,10888388,81.750000000,172,167.250000000,665.519951000,463.166315000,414583.403000000,206.284000000,55.977102800,1.000000000,saturated
3637,121.015422000,10891388,81.875000000,172,168.100000000,665.511856000,463.141747000,410044.197000000,207.800000000,55.758995800,1.000000000,saturated
3638,121.048756000,10894388,82.375000000,172,167.250000000,665.352054000,463.262806000,414291.003000000,206.871000000,55.908457200,1.000000000,saturated
3639,121.082089000,10897388,81.458333300,171,167.100000000,665.326080000,463.338033000,410757.397000000,206.985000000,55.662719800,1.000000000,saturated
3640,121.114944000,10900345,81.500000000,170,166.950000000,665.565130000,463.330449000,399260.000000000,205.583000000,55.259594000,1.000000000,saturated
3641,121.148278000,10903345,81.458333300,169,166.950000000,665.586819000,463.133439000,397673.000000000,205.583000000,55.200648000,1.000000000,saturated
3642,121.181611000,10906345,81.416666700,169,167.250000000,665.510868000,463.139366000,399395.000000000,204.181000000,55.313012400,1.000000000,saturated
3643,121.214944000,10909345,80.458333300,169,167.250000000,665.623245000,463.327168000,402004.000000000,205.583000000,55.398136600,1.000000000,saturated
3644,121.248278000,10912345,80.500000000,168,167.250000000,665.618758000,463.256173000,396134.782000000,205.583000000,55.289083700,1.000000000,saturated
3645,121.281611000,10915345,82.875000000,175,171.700000000,665.521944000,463.255110000,404935.818000000,204.181000000,55.490141800,1.000000000,saturated
3646,121.314944000,10918345,81.125000000,172,169.700000000,665.502318000,463.292732000,408721.597000000,205.583000000,55.703909300,1.000000000,saturated
3647,121.348278000,10921345,80.083333300,170,168.800000000,665.447030000,463.279535000,408980.198000000,206.985000000,55.643446100,1.000000000,saturated
3648,121.381122000,10924301,80.208333300,171,168.800000000,665.431552000,463.155392000,418905.581000000,206.284000000,55.920525500,1.000000000,saturated
3649,121.414456000,10927301,80.000000000,170,168.100000000,665.414201000,462.977557000,418650.981000000,206.871000000,55.963393000,1.000000000,saturated
3650,121.447789000,10930301,80.541666700,168,166.250000000,665.624804000,462.918623000,415999.002000000,206.985000000,55.947752000,1.000000000,saturated
3651,121.481122000,10933301,80.291666700,167,166.250000000,665.621044000,462.949104000,417916.002000000,206.985000000,56.021385200,1.000000000,saturated
3652,121.514456000,10936301,81.416666700,167,166.250000000,665.581181000,463.054428000,418414.181000000,208.387000000,56.120378000,1.000000000,saturated
3653,121.547789000,10939301,81.291666700,168,166.250000000,665.625965000,463.093180000,408980.997000000,205.583000000,55.802219500,1.000000000,saturated
3654,121.581122000,10942301,80.791666700,167,164.550000000,665.588295000,463.225978000,410700.198000000,205.583000000,55.964511500,1.000000000,saturated
3655,121.614456000,10945301,82.041666700,169,165.400000000,665.741573000,463.366137000,406945.218000000,204.181000000,55.732864500,1.000000000,saturated
3656,121.647311000,10948258,82.375000000,168,165.550000000,665.921087000,463.263926000,409060.618000000,205.925000000,55.794174900,1.000000000,saturated
3657,121.680644000,10951258,82.875000000,169,167.950000000,666.069358000,463.262836000,396770.382000000,207.327000000,55.389489800,1.000000000,saturated
3658,121.713978000,10954258,83.291666700,170,168.100000000,666.005439000,463.338809000,395307.382000000,208.028000000,55.287571900,1.000000000,saturated
3659,121.747311000,10957258,82.125000000,170,167.100000000,665.920633000,463.292838000,399186.000000000,207.327000000,55.359540500,1.000000000,saturated
3660,121.780644000,10960258,79.916666700,172,167.100000000,665.688453000,463.244333000,412244.403000000,207.686000000,55.845591700,1.000000000,saturated
3661,121.813978000,10963258,80.958333300,172,167.100000000,665.645641000,463.295545000,412215.203000000,207.800000000,55.723531100,1.000000000,saturated
3662,121.847311000,10966258,80.916666700,171,166.100000000,665.594412000,463.188515000,417203.181000000,207.800000000,55.824468200,1.000000000,saturated
3663,121.880644000,10969258,80.625000000,172,166.250000000,665.576862000,463.128794000,416127.181000000,207.572000000,55.777325600,1.000000000,saturated
3664,121.913500000,10972215,82.458333300,178,173.500000000,665.505638000,462.979605000,416329.381000000,207.572000000,55.795067000,1.000000000,saturated
3665,121.946833000,10975215,81.333333300,175,173.400000000,665.510228000,462.930876000,422470.000000000,210.832000000,55.980929600,1.000000000,saturated
3666,121.980167000,10978215,80.125000000,172,170.700000000,665.545951000,462.949359000,422661.000000000,210.131000000,56.029777600,1.000000000,saturated
3667,122.013500000,10981215,81.041666700,173,171.700000000,665.674969000,462.987625000,423261.000000000,210.131000000,56.135396900,1.000000000,saturated
3668,122.046833000,10984215,81.583333300,172,169.000000000,665.804805000,462.961291000,415532.981000000,209.316000000,55.893567800,1.000000000,saturated
3669,122.080167000,10987215,81.416666700,170,169.700000000,665.663090000,462.894159000,415047.381000000,210.832000000,55.841321500,1.000000000,saturated
3670,122.113500000,10990215,80.791666700,170,167.550000000,665.675623000,462.891267000,416287.781000000,208.729000000,55.912420500,1.000000000,saturated
3671,122.146833000,10993215,81.458333300,169,168.400000000,665.686596000,462.876124000,407656.597000000,207.327000000,55.590362600,1.000000000,saturated
3672,122.179678000,10996171,80.250000000,170,165.700000000,665.574110000,462.788339000,415375.381000000,210.832000000,56.029937700,1.000000000,saturated
3673,122.213011000,10999171,79.833333300,170,165.700000000,665.643070000,462.784002000,415269.581000000,208.387000000,55.955352900,1.000000000,saturated
3674,122.246344000,11002171,79.375000000,168,163.700000000,665.655879000,462.835361000,412712.003000000,206.871000000,55.833757800,1.000000000,saturated
3675,122.279678000,11005171,79.250000000,168,168.000000000,665.884757000,462.894316000,419889.181000000,207.213000000,56.063237200,1.000000000,saturated
3676,122.313011000,11008171,79.250000000,168,168.000000000,665.994844000,462.827272000,417457.981000000,208.615000000,56.007173900,1.000000000,saturated
3677,122.346344000,11011171,78.875000000,168,168.000000000,665.826671000,462.841714000,415282.403000000,206.170000000,55.905102900,1.000000000,saturated
3678,122.379678000,11014171,78.750000000,169,167.000000000,665.739061000,462.818593000,418907.181000000,208.028000000,55.920636000,1.000000000,saturated
3679,122.413011000,11017171,79.000000000,167,166.000000000,665.669101000,462.885180000,418008.981000000,206.871000000,55.934572100,1.000000000,saturated
3680,122.445867000,11020128,80.333333300,171,168.550000000,665.733903000,462.852976000,421151.997000000,205.697000000,56.172179100,1.000000000,saturated
3681,122.479200000,11023128,79.500000000,169,167.700000000,665.716932000,462.906359000,423735.000000000,208.501000000,56.095525700,1.000000000,saturated
3682,122.512533000,11026128,78.625000000,167,166.400000000,665.781693000,463.059916000,414575.018000000,207.099000000,55.751515400,1.000000000,saturated
3683,122.545867000,11029128,79.375000000,167,166.700000000,665.774996000,463.260078000,416227.618000000,206.871000000,55.772997100,1.000000000,saturated
3684,122.579200000,11032128,79.833333300,166,165.400000000,665.714665000,463.310254000,421893.802000000,210.131000000,56.086646000,1.000000000,saturated
3685,122.612533000,11035128,80.500000000,167,166.550000000,665.746475000,463.266160000,416930.981000000,210.131000000,55.943183700,1.000000000,saturated
3686,122.645867000,11038128,80.125000000,168,166.850000000,665.676073000,463.256693000,419983.398000000,210.131000000,56.012049900,1.000000000,saturated
3687,122.679200000,11041128,81.000000000,168,167.000000000,665.939983000,463.459788000,417207.181000000,210.832000000,55.966776700,1.000000000,saturated
3688,122.712067000,11044086,80.041666700,167,163.850000000,665.941970000,463.401411000,416956.981000000,210.131000000,55.982690800,1.000000000,saturated
3689,122.745400000,11047086,80.916666700,168,166.000000000,665.778173000,463.233304000,416423.581000000,207.800000000,56.030535400,1.000000000,saturated
3690,122.778733000,11050086,83.958333300,175,168.650000000,665.608762000,463.509038000,420762.000000000,207.914000000,56.287020400,1.000000000,saturated
3691,122.812067000,11053086,82.666666700,174,168.500000000,665.581756000,463.400085000,421818.000000000,207.914000000,56.297874400,1.000000000,saturated
3692,122.845400000,11056086,82.958333300,176,170.750000000,665.567819000,463.310277000,418581.581000000,207.213000000,56.126109900,1.000000000,saturated
3693,122.878733000,11059086,82.791666700,177,171.750000000,665.630842000,463.298844000,417762.781000000,206.512000000,56.093466900,1.000000000,saturated
3694,122.912067000,11062086,84.041666700,174,170.650000000,665.657018000,463.176667000,417595.581000000,206.985000000,56.010615000,1.000000000,saturated
3695,122.945400000,11065086,83.125000000,171,167.800000000,665.699837000,463.152389000,423404.802000000,206.871000000,56.096082200,1.000000000,saturated
3696,122.978244000,11068042,84.250000000,170,166.950000000,665.678795000,463.195369000,424686.619000000,207.458000000,56.185678600,1.000000000,saturated
3697,123.011578000,11071042,83.958333300,171,168.650000000,665.594536000,463.263689000,421971.000000000,206.871000000,56.086848300,1.000000000,saturated
3698,123.044911000,11074042,85.375000000,169,167.800000000,665.690684000,463.178814000,417472.998000000,206.170000000,55.873140100,1.000000000,saturated
3699,123.078244000,11077042,85.541666700,172,168.800000000,665.754733000,463.220057000,418246.781000000,208.615000000,55.897268400,1.000000000,saturated
3700,123.111578000,11080042,85.000000000,172,168.950000000,665.889383000,463.217727000,408329.398000000,206.284000000,55.585443600,0.999988245,saturated
3701,123.144911000,11083042,82.750000000,174,170.100000000,665.790443000,463.242718000,410174.998000000,206.985000000,55.604712600,0.999988298,saturated
3702,123.178244000,11086042,81.333333300,171,169.350000000,665.651544000,463.270112000,414572.202000000,206.985000000,55.742401400,0.999972984,saturated
3703,123.211578000,11089042,81.458333300,170,168.500000000,665.728612000,463.224506000,412765.403000000,206.985000000,55.724902300,1.000000000,saturated
3704,123.244433000,11091999,81.750000000,172,167.950000000,665.603889000,463.158235000,413108.418000000,206.284000000,55.775026400,1.000000000,saturated
3705,123.277767000,11094999,80.583333300,170,168.800000000,665.542308000,463.142755000,416097.181000000,206.968000000,55.868073900,1.000000000,saturated
3706,123.311100000,11097999,81.250000000,169,166.400000000,665.580925000,463.041487000,416204.582000000,206.985000000,55.897185400,1.000000000,saturated
3707,123.344433000,11100999,81.291666700,168,165.400000000,665.789339000,463.148227000,399874.218000000,206.284000000,55.438995700,1.000000000,saturated
3708,123.377767000,11103999,81.125000000,167,165.400000000,665.731976000,463.176373000,403956.382000000,207.082000000,55.520201200,1.000000000,saturated
3709,123.411100000,11106999,82.000000000,167,165.400000000,665.791401000,463.247389000,404024.997000000,206.985000000,55.498608700,1.000000000,saturated
3710,123.444433000,11109999,83.291666700,169,168.100000000,665.614461000,463.160556000,414384.181000000,207.686000000,55.932457600,1.000000000,saturated
3711,123.477767000,11112999,83.625000000,170,168.250000000,665.674348000,463.199082000,414040.782000000,206.985000000,55.894502800,1.000000000,saturated
3712,123.510622000,11115956,81.666666700,169,168.100000000,665.587687000,463.073598000,420186.000000000,207.686000000,55.986398500,1.000000000,saturated
3713,123.543956000,11118956,83.291666700,170,168.400000000,665.582301000,463.011658000,421263.000000000,206.985000000,55.988521100,1.000000000,saturated
3714,123.577289000,11121956,84.125000000,170,169.250000000,665.574919000,463.007301000,421181.000000000,208.387000000,55.973959600,1.000000000,saturated
3715,123.610622000,11124956,83.625000000,170,169.250000000,665.636236000,462.987795000,410814.003000000,207.686000000,55.706777700,1.000000000,saturated
3716,123.643956000,11127956,83.708333300,171,168.100000000,665.589851000,463.098240000,404309.197000000,206.968000000,55.522314900,1.000000000,saturated
3717,123.677289000,11130956,82.875000000,170,166.950000000,665.600220000,463.149952000,403026.597000000,206.284000000,55.436183600,1.000000000,saturated
3718,123.710622000,11133956,82.291666700,169,165.100000000,665.568555000,463.218429000,398146.218000000,206.284000000,55.285742600,1.000000000,saturated
3719,123.743956000,11136956,81.500000000,169,166.800000000,665.712900000,463.299903000,398249.818000000,206.740000000,55.395288900,1.000000000,saturated
3720,123.776800000,11139912,82.208333300,168,168.000000000,665.470068000,463.405235000,409823.803000000,205.241000000,55.695963000,0.999972671,saturated
3721,123.810133000,11142912,84.416666700,171,170.000000000,665.473170000,463.318933000,411253.003000000,206.871000000,55.756082700,0.999972766,saturated
3722,123.843467000,11145912,84.041666700,170,169.000000000,665.484257000,463.353755000,411824.003000000,205.355000000,55.836379700,0.999972804,saturated
3723,123.876800000,11148912,84.625000000,174,170.000000000,665.464569000,463.379420000,412828.603000000,205.241000000,55.859204300,0.999972870,saturated
3724,123.910133000,11151912,83.791666700,172,167.850000000,665.424286000,463.307034000,412534.803000000,204.426000000,55.876744800,1.000000000,saturated
3725,123.943467000,11154912,83.916666700,171,167.000000000,665.517797000,463.345904000,416943.202000000,204.426000000,55.958970700,1.000000000,saturated
3726,123.976800000,11157912,83.666666700,170,166.700000000,665.530627000,463.155523000,417287.603000000,204.654000000,56.014859100,1.000000000,saturated
3727,124.010133000,11160912,84.458333300,171,167.850000000,665.466413000,463.087094000,420285.581000000,205.942000000,56.101973800,1.000000000,saturated
3728,124.042989000,11163869,85.208333300,169,166.400000000,665.321548000,463.250394000,422745.000000000,205.583000000,56.091795700,1.000000000,saturated
3729,124.076322000,11166869,85.208333300,169,167.250000000,665.479740000,463.349148000,419761.981000000,208.387000000,55.969938800,1.000000000,saturated
3730,124.109656000,11169869,83.875000000,169,167.100000000,665.607346000,463.502478000,409020.797000000,206.985000000,55.652456700,1.000000000,saturated
3731,124.142989000,11172869,83.000000000,169,168.100000000,665.760932000,463.498671000,401905.418000000,206.284000000,55.584215500,1.000000000,saturated
3732,124.176322000,11175869,83.416666700,168,167.100000000,665.702412000,463.428498000,401622.818000000,206.284000000,55.552944200,1.000000000,saturated
3733,124.209656000,11178869,83.500000000,168,166.250000000,665.781710000,463.235610000,410549.203000000,206.985000000,55.903067600,1.000000000,saturated
3734,124.242989000,11181869,85.208333300,170,167.250000000,665.691933000,463.362407000,413511.781000000,207.572000000,55.899985700,0.999957438,saturated
3735,124.276322000,11184869,85.000000000,175,172.250000000,665.577990000,463.275908000,418386.000000000,207.914000000,56.060508000,0.999942637,saturated
3736,124.309189000,11187827,84.000000000,174,172.100000000,665.472102000,463.371714000,416799.597000000,208.615000000,56.029519400,0.999950096,saturated
3737,124.342522000,11190827,83.458333300,174,172.100000000,665.566183000,463.239503000,422307.000000000,207.914000000,56.255174400,1.000000000,saturated
3738,124.375856000,11193827,83.083333300,173,171.800000000,665.573348000,463.276553000,423322.000000000,208.615000000,56.322467900,1.000000000,saturated
3739,124.409189000,11196827,83.500000000,174,173.250000000,665.605654000,463.293837000,431984.998000000,207.914000000,56.523213300,1.000000000,saturated
3740,124.442522000,11199827,82.916666700,173,172.400000000,665.583425000,463.313678000,430669.198000000,210.832000000,56.493925400,1.000000000,saturated
3741,124.475856000,11202827,83.000000000,172,170.850000000,665.710475000,463.292048000,427535.619000000,210.718000000,56.379939800,0.999947607,saturated
3742,124.509189000,11205827,83.625000000,171,170.000000000,665.897348000,463.176139000,424893.019000000,210.832000000,56.261117900,0.999909624,saturated
3743,124.542522000,11208827,82.625000000,175,170.250000000,665.922987000,463.063576000,416204.981000000,208.729000000,55.918134400,0.999938492,saturated
3744,124.575356000,11211782,83.333333300,174,170.400000000,666.050248000,463.056494000,405388.197000000,208.028000000,55.612973900,1.000000000,saturated
3745,124.608689000,11214782,84.250000000,174,173.250000000,665.857539000,463.187622000,411221.003000000,209.316000000,55.843574900,1.000000000,saturated
3746,124.642022000,11217782,84.583333300,174,172.400000000,665.824326000,463.289445000,417192.781000000,209.316000000,56.088600400,0.999976989,saturated
3747,124.675356000,11220782,84.458333300,172,169.850000000,665.863885000,463.292936000,419358.000000000,208.729000000,56.200818800,0.999961846,saturated
3748,124.708689000,11223782,84.750000000,171,169.700000000,665.745278000,463.451559000,419174.000000000,210.946000000,56.051383100,1.000000000,saturated
3749,124.742022000,11226782,83.416666700,168,167.700000000,665.752313000,463.366961000,424140.581000000,213.049000000,56.256507200,0.999900033,saturated
3750,124.775356000,11229782,83.333333300,171,170.400000000,665.723664000,463.343662000,416167.181000000,211.647000000,55.944739700,1.000000000,saturated
3751,124.808689000,11232782,82.875000000,171,169.550000000,665.707091000,463.370486000,418076.981000000,210.131000000,56.051497900,1.000000000,saturated
3752,124.841556000,11235740,82.958333300,170,168.550000000,665.776323000,463.421761000,413732.202000000,209.316000000,55.933192600,1.000000000,saturated
3753,124.874889000,11238740,84.916666700,170,167.850000000,665.659611000,463.381837000,413633.602000000,208.501000000,55.876886900,1.000000000,saturated
3754,124.908222000,11241740,84.500000000,169,167.850000000,665.570942000,463.401897000,413012.202000000,208.729000000,55.771474400,1.000000000,saturated
3755,124.941556000,11244740,82.708333300,169,167.000000000,665.609283000,463.458656000,411350.602000000,208.729000000,55.672326500,1.000000000,saturated
3756,124.974889000,11247740,82.208333300,169,166.850000000,665.711316000,463.505575000,402199.818000000,208.729000000,55.333251300,1.000000000,saturated
3757,125.008222000,11250740,82.000000000,168,165.700000000,665.545083000,463.589130000,422457.000000000,210.832000000,55.921174700,1.000000000,saturated
3758,125.041556000,11253740,82.041666700,167,165.400000000,665.493949000,463.482977000,423424.000000000,210.131000000,55.930969000,1.000000000,saturated
3759,125.074889000,11256740,81.750000000,166,164.400000000,665.600249000,463.268415000,419566.000000000,207.686000000,56.067312400,1.000000000,saturated
3760,125.107744000,11259697,81.916666700,164,162.000000000,665.411475000,463.310395000,429471.819000000,209.088000000,56.405895400,1.000000000,saturated
3761,125.141078000,11262697,81.541666700,165,163.850000000,665.302773000,463.350193000,422027.598000000,208.387000000,56.102584400,1.000000000,saturated
3762,125.174411000,11265697,82.000000000,168,166.700000000,665.444238000,463.227355000,422458.998000000,207.686000000,56.158133200,1.000000000,saturated
3763,125.207744000,11268697,81.458333300,167,166.400000000,665.621024000,463.219282000,407429.797000000,204.996000000,55.751928100,1.000000000,saturated
3764,125.241078000,11271697,81.875000000,168,167.400000000,665.585083000,463.183288000,406395.197000000,204.996000000,55.731453600,1.000000000,saturated
3765,125.274411000,11274697,81.583333300,170,168.700000000,665.807719000,463.310613000,403116.997000000,205.697000000,55.599895700,1.000000000,saturated
3766,125.307744000,11277697,81.541666700,170,168.700000000,665.748894000,463.189985000,402825.597000000,204.654000000,55.567847700,1.000000000,saturated
3767,125.341078000,11280697,80.458333300,170,168.700000000,665.715011000,463.097997000,404536.597000000,204.996000000,55.645654100,1.000000000,saturated
3768,125.373922000,11283653,81.000000000,169,166.550000000,665.790142000,463.082728000,404039.397000000,204.996000000,55.556200700,1.000000000,saturated
3769,125.407256000,11286653,81.166666700,169,167.400000000,665.654720000,463.157500000,404324.997000000,205.697000000,55.517361900,1.000000000,saturated
3770,125.440589000,11289653,81.333333300,170,167.700000000,665.700246000,463.102567000,393870.000000000,204.996000000,55.201932800,1.000000000,saturated
3771,125.473922000,11292653,82.375000000,169,168.700000000,665.781069000,463.136714000,392475.000000000,204.996000000,55.227575800,1.000000000,saturated
3772,125.507256000,11295653,82.125000000,169,167.700000000,665.548754000,463.158922000,413347.981000000,206.871000000,55.798377000,1.000000000,saturated
3773,125.540589000,11298653,82.375000000,169,167.400000000,665.617511000,463.093184000,418365.000000000,206.398000000,55.907732300,1.000000000,saturated
3774,125.573922000,11301653,81.583333300,169,167.400000000,665.671203000,463.081913000,418772.000000000,207.099000000,55.990913700,1.000000000,saturated
3775,125.607256000,11304653,81.708333300,168,166.400000000,665.617728000,463.200538000,411322.181000000,206.398000000,55.798756900,1.000000000,saturated
3776,125.640111000,11307610,80.666666700,167,166.400000000,665.564233000,463.218915000,412734.181000000,206.757000000,55.872146800,1.000000000,saturated
3777,125.673444000,11310610,79.583333300,167,165.400000000,665.646688000,463.183960000,418749.000000000,206.757000000,56.141699200,1.000000000,saturated
3778,125.706778000,11313610,78.541666700,164,163.550000000,665.581288000,463.216817000,414881.781000000,207.099000000,55.965616900,1.000000000,saturated
3779,125.740111000,11316610,78.916666700,164,163.400000000,665.506815000,463.353770000,418504.000000000,207.099000000,55.967378000,1.000000000,saturated
3780,125.773444000,11319610,79.583333300,173,167.350000000,665.619787000,463.311021000,404897.797000000,207.441000000,55.633113500,1.000000000,saturated
3781,125.806778000,11322610,79.333333300,171,166.500000000,665.625477000,463.260686000,401747.818000000,207.441000000,55.451859400,1.000000000,saturated
3782,125.840111000,11325610,80.208333300,173,169.500000000,665.687044000,463.221231000,400678.818000000,208.142000000,55.538879600,1.000000000,saturated
3783,125.873444000,11328610,80.916666700,174,170.500000000,665.696168000,463.227408000,393583.000000000,206.740000000,55.393670100,1.000000000,saturated
3784,125.906300000,11331567,80.083333300,171,168.650000000,665.662549000,463.324517000,397424.000000000,206.740000000,55.550845000,1.000000000,saturated
3785,125.939633000,11334567,81.333333300,173,170.350000000,665.649063000,463.235977000,399433.000000000,206.039000000,55.550998900,1.000000000,saturated
3786,125.972967000,11337567,81.583333300,172,169.500000000,665.709757000,463.136228000,402187.000000000,205.583000000,55.691460100,1.000000000,saturated
3787,126.006300000,11340567,81.458333300,171,168.350000000,665.553322000,463.258548000,405405.018000000,206.284000000,55.795330000,1.000000000,saturated
3788,126.039633000,11343567,82.000000000,171,167.650000000,665.495893000,463.185964000,404989.418000000,206.284000000,55.767231600,1.000000000,saturated
3789,126.072967000,11346567,82.250000000,171,166.800000000,665.523999000,463.160231000,406962.418000000,207.213000000,55.740156800,1.000000000,saturated
3790,126.106300000,11349567,82.916666700,174,169.650000000,665.460706000,463.267093000,411710.398000000,206.284000000,55.778796000,1.000000000,saturated
3791,126.139633000,11352567,83.041666700,172,169.100000000,665.366521000,463.150300000,408551.997000000,206.985000000,55.746853200,1.000000000,saturated
3792,126.172478000,11355523,83.125000000,171,169.700000000,665.528448000,463.158419000,411326.402000000,205.583000000,55.869847500,1.000000000,saturated
3793,126.205811000,11358523,82.166666700,169,166.700000000,665.535263000,463.228063000,412636.002000000,206.170000000,55.766646200,1.000000000,saturated
3794,126.239144000,11361523,81.541666700,168,164.850000000,665.722812000,463.210134000,412346.802000000,206.170000000,55.822599500,1.000000000,saturated
3795,126.272478000,11364523,79.625000000,163,162.000000000,665.656526000,463.260779000,418443.981000000,206.170000000,56.020473500,1.000000000,saturated
3796,126.305811000,11367523,78.375000000,163,163.000000000,665.451139000,463.080004000,423448.981000000,206.170000000,56.147824600,1.000000000,saturated
3797,126.339144000,11370523,78.000000000,166,165.400000000,661.368567000,463.515980000,483271.999000000,207.914000000,58.759748700,1.000000000,saturated
3798,126.372478000,11373523,78.083333300,167,165.700000000,653.423733000,465.603657000,500061.222000000,204.181000000,60.380728700,1.000000000,saturated
3799,126.405811000,11376523,79.833333300,172,168.550000000,645.542992000,469.685850000,494984.423000000,205.811000000,60.902609300,1.000000000,saturated
3800,126.438667000,11379480,79.875000000,172,168.700000000,645.620514000,473.491043000,510399.404000000,208.273000000,61.063596600,1.000000000,saturated
3801,126.472000000,11382480,79.166666700,171,167.700000000,651.418668000,477.279974000,524878.423000000,208.974000000,61.354098800,1.000000000,saturated
3802,126.505333000,11385480,79.500000000,171,169.400000000,659.810753000,476.795389000,480969.401000000,206.871000000,58.791409300,1.000000000,saturated
3803,126.538667000,11388480,79.291666700,170,169.550000000,663.785886000,474.358873000,420118.000000000,207.344000000,56.212859900,1.000000000,saturated
3804,126.572000000,11391480,78.916666700,172,168.850000000,667.101788000,471.535990000,352251.000000000,204.181000000,53.101934000,1.000000000,saturated
3805,126.605333000,11394480,78.541666700,171,168.850000000,667.481389000,470.486585000,350253.000000000,204.409000000,52.357066300,1.000000000,saturated
3806,126.638667000,11397480,78.458333300,170,167.850000000,667.881819000,470.017199000,344332.003000000,206.284000000,52.060526000,1.000000000,saturated
3807,126.672000000,11400480,78.625000000,170,167.000000000,667.844204000,470.151927000,350086.783000000,207.572000000,52.559253000,1.000000000,saturated
3808,126.704867000,11403438,77.375000000,166,163.850000000,668.056193000,471.169931000,349365.816000000,213.163000000,52.461568100,1.000000000,saturated
3809,126.738200000,11406438,78.083333300,168,166.850000000,668.541321000,472.188704000,340968.000000000,207.572000000,51.864719100,1.000000000,saturated
3810,126.771533000,11409438,79.500000000,171,167.700000000,669.100305000,472.773945000,332874.416000000,208.615000000,51.354840900,1.000000000,saturated
3811,126.804867000,11412438,79.333333300,171,169.250000000,669.455698000,472.739813000,328566.415000000,208.387000000,50.985598100,1.000000000,saturated
3812,126.838200000,11415438,79.208333300,172,171.250000000,669.645497000,472.469119000,326723.815000000,209.088000000,51.118628100,1.000000000,saturated
3813,126.871533000,11418438,79.041666700,172,171.250000000,669.378431000,472.512516000,322687.615000000,207.686000000,51.557009400,1.000000000,saturated
3814,126.904867000,11421438,77.875000000,170,168.550000000,668.978312000,472.497496000,327181.997000000,207.686000000,52.185360100,1.000000000,saturated
3815,126.938200000,11424438,77.083333300,167,166.000000000,667.817175000,472.726531000,340659.184000000,206.871000000,53.002028600,1.000000000,saturated
3816,126.971044000,11427394,77.833333300,167,166.850000000,667.431399000,472.559809000,352708.000000000,205.469000000,53.669933300,1.000000000,saturated
3817,127.004378000,11430394,78.541666700,167,166.000000000,666.873449000,472.387075000,372982.017000000,207.572000000,54.494092200,1.000000000,saturated
3818,127.037711000,11433394,78.625000000,168,167.000000000,665.827520000,471.646671000,390157.782000000,207.572000000,55.288305900,1.000000000,saturated
3819,127.071044000,11436394,77.083333300,164,163.000000000,665.339110000,471.572358000,396525.997000000,206.757000000,55.629367300,1.000000000,saturated
3820,127.104378000,11439394,78.916666700,168,166.700000000,664.755128000,471.600668000,418609.418000000,206.643000000,56.260001100,1.000000000,saturated
3821,127.137711000,11442394,80.041666700,169,168.400000000,664.136379000,471.679862000,425966.418000000,205.942000000,56.472461400,1.000000000,saturated
3822,127.171044000,11445394,79.791666700,171,170.100000000,663.835679000,471.769484000,428761.419000000,206.757000000,56.686337100,1.000000000,saturated
3823,127.204378000,11448394,80.250000000,172,171.250000000,663.510081000,471.892468000,427222.000000000,206.056000000,56.567984200,1.000000000,saturated
3824,127.237233000,11451351,79.458333300,170,168.250000000,663.486591000,471.807540000,426245.000000000,205.942000000,56.385781000,1.000000000,saturated
3825,127.270567000,11454351,77.666666700,168,166.400000000,663.694749000,471.641195000,414027.402000000,205.583000000,56.061165000,1.000000000,saturated
3826,127.303900000,11457351,77.083333300,167,165.550000000,663.903821000,471.421943000,409201.602000000,206.871000000,55.722563900,1.000000000,saturated
3827,127.337233000,11460351,76.791666700,166,163.700000000,663.928104000,471.477188000,407970.402000000,204.426000000,55.656299800,1.000000000,saturated
3828,127.370567000,11463351,76.833333300,164,163.550000000,663.912818000,471.580350000,404701.202000000,204.067000000,55.605805100,1.000000000,saturated
3829,127.403900000,11466351,77.708333300,167,166.250000000,663.879635000,471.881548000,407410.782000000,205.127000000,55.729494000,1.000000000,saturated
3830,127.437233000,11469351,77.583333300,169,166.550000000,664.113255000,472.093333000,403066.582000000,205.942000000,55.670875500,1.000000000,saturated
3831,127.470567000,11472351,77.250000000,168,165.700000000,664.212642000,472.146046000,403293.182000000,205.241000000,55.403105800,1.000000000,saturated
3832,127.503422000,11475308,76.666666700,167,165.550000000,664.416540000,472.227753000,399338.582000000,206.056000000,55.202050300,1.000000000,saturated
3833,127.536756000,11478308,75.541666700,166,164.550000000,664.718585000,472.339740000,397469.182000000,204.426000000,55.186886100,1.000000000,saturated
3834,127.570089000,11481308,73.375000000,163,159.850000000,664.918508000,472.135278000,396773.182000000,206.529000000,55.243244500,1.000000000,saturated
3835,127.603422000,11484308,73.458333300,163,159.700000000,664.986451000,472.001589000,395611.182000000,206.529000000,55.154420400,1.000000000,saturated
3836,127.636756000,11487308,74.458333300,163,160.850000000,665.048333000,472.121923000,397505.782000000,206.643000000,55.231819700,1.000000000,saturated
3837,127.670089000,11490308,74.250000000,163,162.550000000,665.123812000,472.183628000,396900.782000000,206.643000000,55.214348800,1.000000000,saturated
3838,127.703422000,11493308,75.500000000,165,164.400000000,665.063490000,472.221901000,397917.582000000,207.344000000,55.279322700,1.000000000,saturated
3839,127.736756000,11496308,76.166666700,168,166.400000000,664.927787000,472.380942000,398882.382000000,205.942000000,55.254208200,1.000000000,saturated
3840,127.769600000,11499264,78.416666700,170,167.100000000,664.983934000,472.216527000,402888.000000000,206.170000000,55.374809900,1.000000000,saturated
3841,127.802933000,11502264,78.000000000,169,166.950000000,664.972087000,472.046906000,400471.182000000,206.871000000,55.294827100,1.000000000,saturated
3842,127.836267000,11505264,78.541666700,169,167.100000000,664.989171000,471.993357000,399169.982000000,207.344000000,55.194919400,1.000000000,saturated
3843,127.869600000,11508264,78.333333300,169,167.100000000,665.045865000,472.025953000,393060.003000000,206.985000000,54.905162200,1.000000000,saturated
3844,127.902933000,11511264,79.500000000,170,166.550000000,664.964765000,472.052760000,393222.803000000,206.985000000,54.932459300,1.000000000,saturated
3845,127.936267000,11514264,77.833333300,168,166.250000000,665.039858000,472.022606000,394881.403000000,207.572000000,54.951801700,1.000000000,saturated
3846,127.969600000,11517264,76.166666700,165,163.400000000,664.987621000,471.988242000,396664.803000000,206.985000000,54.996691700,1.000000000,saturated
3847,128.002933000,11520264,75.708333300,164,161.400000000,665.031984000,471.982135000,398647.018000000,207.686000000,55.288604900,1.000000000,saturated
3848,128.035789000,11523221,76.250000000,167,163.550000000,664.965922000,471.951607000,402216.782000000,208.387000000,55.460148800,1.000000000,saturated
3849,128.069122000,11526221,77.000000000,169,167.100000000,665.018260000,471.896559000,400044.418000000,208.028000000,55.333251100,1.000000000,saturated
3850,128.102456000,11529221,77.583333300,170,169.700000000,664.921659000,471.783513000,401024.981000000,210.131000000,55.371323100,1.000000000,saturated
3851,128.135789000,11532221,75.708333300,166,165.550000000,664.800868000,471.929185000,402034.981000000,210.131000000,55.457153800,1.000000000,saturated
3852,128.169122000,11535221,74.708333300,166,162.550000000,664.787970000,471.862342000,404502.981000000,209.088000000,55.430358600,1.000000000,saturated
3853,128.202456000,11538221,75.916666700,168,166.850000000,664.840101000,471.751628000,406394.781000000,208.387000000,55.466487000,1.000000000,saturated
3854,128.235789000,11541221,75.416666700,167,165.700000000,665.043933000,471.583104000,405609.781000000,209.088000000,55.570330900,1.000000000,saturated
3855,128.269122000,11544221,75.041666700,166,165.250000000,664.971575000,471.677642000,399016.000000000,209.430000000,55.258031700,1.000000000,saturated
3856,128.301989000,11547179,73.791666700,163,162.550000000,664.929831000,471.644755000,403955.018000000,209.088000000,55.423423100,1.000000000,saturated
3857,128.335322000,11550179,74.708333300,166,165.400000000,664.989449000,471.790686000,401304.418000000,209.088000000,55.377979800,1.000000000,saturated
3858,128.368656000,11553179,74.375000000,163,161.700000000,664.951501000,471.852300000,399188.018000000,207.686000000,55.229018700,1.000000000,saturated
3859,128.401989000,11556179,75.541666700,166,163.550000000,664.912229000,471.707139000,396044.000000000,207.686000000,55.084147300,1.000000000,saturated
3860,128.435322000,11559179,74.083333300,166,163.800000000,665.086016000,471.759733000,392667.782000000,207.572000000,55.000355500,1.000000000,saturated
3861,128.468656000,11562179,73.458333300,163,161.100000000,665.081277000,471.761199000,392913.982000000,207.572000000,55.030127300,1.000000000,saturated
3862,128.501989000,11565179,72.000000000,160,159.250000000,665.060943000,471.605556000,391040.182000000,206.056000000,54.989942900,1.000000000,saturated
3863,128.535322000,11568179,72.875000000,161,160.100000000,665.035859000,471.628343000,394976.203000000,209.088000000,55.189484500,1.000000000,saturated
3864,128.568156000,11571134,72.750000000,161,159.250000000,664.873667000,471.620191000,397227.618000000,209.088000000,55.293780800,1.000000000,saturated
3865,128.601489000,11574134,74.291666700,162,159.400000000,664.893602000,471.660678000,397828.018000000,209.088000000,55.266800400,1.000000000,saturated
3866,128.634822000,11577134,74.458333300,166,162.400000000,665.020362000,471.736417000,397646.618000000,208.273000000,55.246346900,1.000000000,saturated
3867,128.668156000,11580134,74.875000000,169,165.400000000,664.913576000,471.796781000,398785.018000000,208.615000000,55.249083100,1.000000000,saturated
3868,128.701489000,11583134,73.666666700,169,164.550000000,664.986769000,471.709380000,392337.000000000,207.213000000,55.178414000,1.000000000,saturated
3869,128.734822000,11586134,74.041666700,168,164.550000000,664.975570000,471.670677000,393744.000000000,206.871000000,55.252047000,1.000000000,saturated
3870,128.768156000,11589134,74.416666700,168,164.650000000,665.086686000,471.675997000,393197.804000000,206.643000000,55.361320200,1.000000000,saturated
3871,128.801489000,11592134,74.458333300,167,163.950000000,665.175350000,471.645454000,389727.996000000,205.925000000,55.235271900,1.000000000,saturated
3872,128.834356000,11595092,74.666666700,168,164.650000000,664.830018000,471.715002000,394401.397000000,206.170000000,55.410514400,1.000000000,saturated
3873,128.867689000,11598092,74.541666700,168,165.800000000,664.782131000,471.508957000,399571.818000000,206.170000000,55.564930100,1.000000000,saturated
3874,128.901022000,11601092,74.916666700,169,167.800000000,664.695653000,471.514346000,397668.000000000,206.985000000,55.422538700,1.000000000,saturated
3875,128.934356000,11604092,75.958333300,172,169.350000000,664.799869000,471.534208000,400526.418000000,209.088000000,55.602414700,1.000000000,saturated
3876,128.967689000,11607092,76.458333300,174,171.350000000,664.838147000,471.468392000,400056.418000000,209.088000000,55.672887600,1.000000000,saturated
3877,129.001022000,11610092,76.958333300,174,169.350000000,664.888895000,471.494682000,398146.618000000,206.871000000,55.592679100,1.000000000,saturated
3878,129.034356000,11613092,77.750000000,173,170.350000000,664.674231000,471.441115000,395316.818000000,205.942000000,55.536540900,1.000000000,saturated
3879,129.067689000,11616092,77.833333300,173,170.500000000,664.545487000,471.384670000,403738.000000000,206.643000000,55.772461100,1.000000000,saturated
3880,129.100544000,11619049,78.333333300,174,169.100000000,664.663528000,471.398246000,402241.000000000,207.344000000,55.736182200,1.000000000,saturated
3881,129.133878000,11622049,78.291666700,174,170.250000000,664.548272000,471.552148000,402680.000000000,206.643000000,55.811121800,1.000000000,saturated
3882,129.167211000,11625049,78.833333300,175,172.100000000,664.646236000,471.652038000,397688.181000000,207.344000000,55.730870100,1.000000000,saturated
3883,129.200544000,11628049,78.625000000,172,169.700000000,664.830751000,471.649786000,395675.781000000,206.643000000,55.611484900,1.000000000,saturated
3884,129.233878000,11631049,79.458333300,175,170.700000000,664.681741000,471.651183000,400746.000000000,206.643000000,55.781350000,1.000000000,saturated
3885,129.267211000,11634049,78.458333300,171,168.400000000,664.664351000,471.680899000,402888.000000000,207.344000000,55.869923400,1.000000000,saturated
3886,129.300544000,11637049,78.250000000,172,169.550000000,664.643971000,471.649400000,408252.019000000,208.045000000,56.148141500,1.000000000,saturated
3887,129.333878000,11640049,78.333333300,172,169.700000000,664.688918000,471.630349000,404996.000000000,207.344000000,56.025424500,1.000000000,saturated
3888,129.366722000,11643005,77.708333300,172,170.400000000,664.718284000,471.611038000,404066.781000000,205.942000000,55.903799700,1.000000000,saturated
3889,129.400056000,11646005,77.041666700,171,169.250000000,664.853773000,471.622126000,398127.603000000,206.643000000,55.689771300,1.000000000,saturated
3890,129.433389000,11649005,78.708333300,172,170.000000000,664.888164000,471.641441000,393739.403000000,209.088000000,55.411206500,1.000000000,saturated
3891,129.466722000,11652005,78.541666700,170,168.850000000,664.768310000,471.637393000,398681.382000000,208.387000000,55.543437600,1.000000000,saturated
3892,129.500056000,11655005,78.333333300,170,168.850000000,664.778347000,471.540895000,399918.596000000,208.387000000,55.588578400,1.000000000,saturated
3893,129.533389000,11658005,78.458333300,170,168.700000000,664.971487000,471.494770000,394101.018000000,208.615000000,55.178467700,1.000000000,saturated
3894,129.566722000,11661005,77.750000000,169,168.000000000,664.997242000,471.497000000,391921.018000000,208.387000000,55.064953300,1.000000000,saturated
3895,129.600056000,11664005,78.875000000,172,170.000000000,664.937917000,471.471749000,392726.618000000,209.088000000,55.046186600,1.000000000,saturated
3896,129.632911000,11666962,78.333333300,174,170.850000000,664.706480000,471.457845000,397321.418000000,209.088000000,55.098470900,1.000000000,saturated
3897,129.666244000,11669962,78.000000000,175,170.850000000,664.822247000,471.341447000,395190.218000000,209.088000000,55.023618200,1.000000000,saturated
3898,129.699578000,11672962,77.708333300,175,174.400000000,664.958428000,471.466794000,392208.818000000,207.572000000,55.083443600,1.000000000,saturated
3899,129.732911000,11675962,76.791666700,174,171.850000000,664.940898000,471.605555000,387892.000000000,207.800000000,54.910650900,1.000000000,saturated
3900,129.766244000,11678962,76.666666700,172,169.250000000,665.194715000,471.634772000,383770.003000000,207.686000000,54.883244800,1.000000000,saturated
3901,129.799578000,11681962,76.458333300,171,169.100000000,665.176982000,471.559654000,384559.403000000,207.686000000,54.923742900,1.000000000,saturated
3902,129.832911000,11684962,77.291666700,171,168.950000000,665.181258000,471.649032000,384435.203000000,207.686000000,54.974963600,1.000000000,saturated
3903,129.866244000,11687962,77.333333300,172,169.950000000,665.119408000,471.704259000,387972.782000000,206.985000000,55.069027000,1.000000000,saturated
3904,129.899100000,11690919,77.541666700,172,171.100000000,665.106749000,471.703980000,388753.382000000,208.387000000,55.128188400,1.000000000,saturated
3905,129.932433000,11693919,78.125000000,172,169.950000000,665.144228000,471.815544000,391124.000000000,206.871000000,55.057499700,1.000000000,saturated
3906,129.965767000,11696919,78.416666700,174,169.950000000,664.970194000,471.684172000,391628.000000000,206.985000000,55.139570700,1.000000000,saturated
3907,129.999100000,11699919,77.583333300,172,169.100000000,664.930480000,471.532051000,391528.000000000,208.387000000,55.147777700,1.000000000,saturated
3908,130.032433000,11702919,77.875000000,171,168.950000000,664.953309000,471.599548000,392496.000000000,208.387000000,55.149414100,1.000000000,saturated
3909,130.065767000,11705919,79.041666700,170,168.950000000,664.929499000,471.719189000,389583.000000000,208.387000000,55.112418300,1.000000000,saturated
3910,130.099100000,11708919,77.208333300,167,164.950000000,664.863468000,471.674730000,387586.000000000,205.583000000,55.022025300,1.000000000,saturated
3911,130.132433000,11711919,76.625000000,166,163.500000000,664.816590000,471.628005000,388540.000000000,205.811000000,55.067762100,1.000000000,saturated
3912,130.165278000,11714875,76.041666700,166,163.500000000,664.716109000,471.692265000,395115.418000000,208.273000000,55.302260100,1.000000000,saturated
3913,130.198611000,11717875,75.958333300,166,164.200000000,664.758530000,471.602286000,394057.218000000,208.273000000,55.231623200,1.000000000,saturated
3914,130.231944000,11720875,76.041666700,161,160.100000000,664.768703000,471.594914000,393013.218000000,208.273000000,55.198895300,1.000000000,saturated
3915,130.265278000,11723875,75.000000000,164,160.500000000,664.588282000,471.681161000,394548.218000000,208.273000000,55.124742400,1.000000000,saturated
3916,130.298611000,11726875,75.666666700,164,160.650000000,664.530745000,471.627554000,399149.797000000,208.729000000,55.248413300,1.000000000,saturated
3917,130.331944000,11729875,75.541666700,164,161.500000000,664.741816000,471.718610000,397229.597000000,209.088000000,55.215036800,1.000000000,saturated
3918,130.365278000,11732875,75.500000000,164,160.650000000,664.808930000,471.686014000,397366.397000000,208.088000000,55.225856100,1.000000000,saturated
3919,130.398611000,11735875,75.291666700,164,159.800000000,664.890103000,471.692191000,387955.000000000,207.686000000,54.896905400,1.000000000,saturated
3920,130.431467000,11738832,75.708333300,164,159.100000000,664.785819000,471.810797000,388101.000000000,207.686000000,54.870223300,1.000000000,saturated
3921,130.464800000,11741832,75.708333300,164,159.800000000,664.891466000,471.788003000,386708.000000000,207.914000000,54.843609800,1.000000000,saturated
3922,130.498133000,11744832,75.708333300,166,161.650000000,664.928826000,471.789766000,388445.818000000,208.273000000,54.914162200,1.000000000,saturated
3923,130.531467000,11747832,76.833333300,166,164.350000000,664.877471000,471.767354000,390668.418000000,208.273000000,54.953862600,1.000000000,saturated
3924,130.564800000,11750832,76.250000000,166,164.350000000,664.979632000,471.828215000,391003.818000000,207.572000000,55.132447000,1.000000000,saturated
3925,130.598133000,11753832,75.750000000,164,162.100000000,664.948228000,471.717549000,391312.582000000,207.572000000,55.152829700,1.000000000,saturated
3926,130.631467000,11756832,76.333333300,163,161.550000000,664.915750000,471.692402000,388831.018000000,206.643000000,55.036186800,1.000000000,saturated
3927,130.664800000,11759832,75.750000000,163,162.700000000,664.923792000,471.528778000,384199.000000000,205.241000000,54.782508900,1.000000000,saturated
3928,130.697667000,11762790,73.875000000,163,161.850000000,664.841950000,471.426793000,387619.000000000,208.615000000,54.848958000,1.000000000,saturated
3929,130.731000000,11765790,75.041666700,166,163.850000000,664.892563000,471.586102000,388936.000000000,207.914000000,54.891543300,1.000000000,saturated
3930,130.764333000,11768790,76.666666700,169,167.100000000,664.847862000,471.645177000,388199.000000000,208.615000000,55.048783000,1.000000000,saturated
3931,130.797667000,11771790,75.958333300,168,166.950000000,664.872319000,471.617719000,388743.000000000,207.213000000,55.027712800,1.000000000,saturated
3932,130.831000000,11774790,75.833333300,166,165.100000000,664.959798000,471.596164000,388269.000000000,206.512000000,55.168688700,1.000000000,saturated
3933,130.864333000,11777790,75.708333300,166,165.400000000,665.021549000,471.471558000,388557.000000000,208.387000000,55.139205800,1.000000000,saturated
3934,130.897667000,11780790,74.416666700,165,164.400000000,664.888963000,471.622687000,389276.000000000,208.615000000,55.200100400,1.000000000,saturated
3935,130.931000000,11783790,75.416666700,171,165.000000000,664.879502000,471.701652000,402124.000000000,210.718000000,55.662450500,1.000000000,saturated
3936,130.963844000,11786746,74.583333300,170,164.850000000,664.703206000,471.560983000,409890.819000000,210.718000000,55.937444500,1.000000000,saturated
3937,130.997178000,11789746,73.458333300,168,162.700000000,664.646815000,471.572805000,409393.419000000,210.718000000,55.862954800,1.000000000,saturated
3938,131.030511000,11792746,73.750000000,167,162.000000000,664.555992000,471.589511000,409159.219000000,209.316000000,55.835454000,1.000000000,saturated
3939,131.063844000,11795746,73.583333300,166,162.850000000,664.607228000,471.392424000,405508.000000000,209.316000000,55.604707600,1.000000000,saturated
3940,131.097178000,11798746,75.250000000,168,167.400000000,664.757414000,471.428206000,396729.218000000,209.316000000,55.275512700,1.000000000,saturated
3941,131.130511000,11801746,75.833333300,168,167.400000000,664.779162000,471.434925000,396692.418000000,209.316000000,55.311714900,1.000000000,saturated
3942,131.163844000,11804746,76.666666700,168,166.400000000,664.736581000,471.600270000,393743.803000000,208.028000000,55.009217700,1.000000000,saturated
3943,131.197178000,11807746,77.458333300,167,166.400000000,664.776723000,471.640164000,393368.403000000,208.028000000,55.030727700,1.000000000,saturated
3944,131.230033000,11810703,76.333333300,163,162.700000000,664.728041000,471.532890000,395851.418000000,209.088000000,55.103047300,1.000000000,saturated
3945,131.263367000,11813703,76.458333300,163,162.700000000,664.767088000,471.675332000,390881.018000000,206.985000000,55.012937900,1.000000000,saturated
3946,131.296700000,11816703,76.083333300,162,161.700000000,664.614372000,471.681653000,395616.597000000,206.985000000,55.222176300,1.000000000,saturated
3947,131.330033000,11819703,76.041666700,163,161.850000000,664.653250000,471.610198000,392613.618000000,207.458000000,55.027024900,1.000000000,saturated
3948,131.363367000,11822703,76.500000000,167,166.400000000,664.647943000,471.635682000,392992.218000000,206.985000000,55.079448700,1.000000000,saturated
3949,131.396700000,11825703,76.708333300,169,167.400000000,664.682603000,471.782021000,390941.618000000,206.757000000,55.040149300,1.000000000,saturated
3950,131.430033000,11828703,77.333333300,170,168.250000000,664.537811000,471.691462000,385388.000000000,207.572000000,54.682175200,1.000000000,saturated
3951,131.463367000,11831703,77.416666700,170,168.250000000,664.537792000,471.904763000,388191.000000000,206.284000000,54.841384100,1.000000000,saturated
3952,131.496222000,11834660,77.916666700,170,168.700000000,664.592225000,471.863085000,388315.000000000,207.686000000,54.846071500,1.000000000,saturated
3953,131.529556000,11837660,77.458333300,169,167.700000000,664.644513000,471.747510000,384657.983000000,207.686000000,54.709046800,1.000000000,saturated
3954,131.562889000,11840660,77.583333300,171,168.700000000,664.542241000,471.784446000,391577.417000000,208.387000000,54.934658300,1.000000000,saturated
3955,131.596222000,11843660,77.833333300,172,169.700000000,664.679190000,471.855626000,383022.183000000,205.942000000,54.668608900,1.000000000,saturated
3956,131.629556000,11846660,79.125000000,170,168.850000000,664.760327000,471.707286000,382664.383000000,205.241000000,54.690012400,1.000000000,saturated
3957,131.662889000,11849660,79.666666700,170,168.700000000,664.802456000,471.568867000,385433.000000000,205.241000000,54.779671000,1.000000000,saturated
3958,131.696222000,11852660,78.833333300,168,167.700000000,664.610959000,471.563930000,390064.017000000,209.088000000,54.692482100,1.000000000,saturated
3959,131.729556000,11855660,78.958333300,170,169.550000000,664.552138000,471.564506000,389750.418000000,206.284000000,54.746355900,1.000000000,saturated
3960,131.762400000,11858616,76.833333300,177,175.250000000,664.600911000,471.877103000,392341.418000000,206.643000000,55.034234600,1.000000000,saturated
3961,131.795733000,11861616,76.333333300,175,174.400000000,664.708278000,471.847559000,389834.017000000,206.643000000,54.862808000,1.000000000,saturated
3962,131.829067000,11864616,76.500000000,174,173.550000000,664.545147000,471.817531000,395684.000000000,206.643000000,55.040693200,1.000000000,saturated
3963,131.862400000,11867616,77.875000000,175,174.550000000,664.693651000,471.696670000,387317.803000000,205.942000000,54.744011100,1.000000000,saturated
3964,131.895733000,11870616,78.791666700,175,173.550000000,664.634451000,471.616257000,389470.803000000,206.643000000,54.879524200,1.000000000,saturated
3965,131.929067000,11873616,78.291666700,175,174.250000000,664.635349000,471.487296000,384943.000000000,205.942000000,54.687949900,1.000000000,saturated
3966,131.962400000,11876616,77.625000000,175,174.100000000,664.646483000,471.503960000,383110.000000000,204.426000000,54.662666300,1.000000000,saturated
3967,131.995733000,11879616,77.541666700,173,172.250000000,664.574354000,471.501339000,383828.000000000,205.127000000,54.690780200,1.000000000,saturated
3968,132.028589000,11882573,78.041666700,172,171.400000000,664.461247000,471.616643000,388426.417000000,206.056000000,54.881241200,1.000000000,saturated
3969,132.061922000,11885573,77.750000000,172,171.550000000,664.398906000,471.602297000,386807.217000000,205.942000000,54.825590300,1.000000000,saturated
3970,132.095256000,11888573,77.625000000,172,169.700000000,664.459132000,471.650066000,392456.397000000,206.643000000,54.991547200,1.000000000,saturated
3971,132.128589000,11891573,76.916666700,170,169.550000000,664.468879000,471.592806000,393764.397000000,207.344000000,54.960916100,1.000000000,saturated
3972,132.161922000,11894573,76.833333300,169,168.550000000,664.497125000,471.614620000,393346.197000000,205.942000000,54.908178300,1.000000000,saturated
3973,132.195256000,11897573,76.458333300,168,166.700000000,664.497514000,471.649685000,393213.197000000,205.942000000,54.946844100,1.000000000,saturated
3974,132.228589000,11900573,77.000000000,169,168.700000000,664.358905000,471.787209000,398837.418000000,208.045000000,55.202784300,1.000000000,saturated
3975,132.261922000,11903573,78.125000000,171,169.700000000,664.601745000,471.739414000,384007.218000000,208.387000000,54.752311000,1.000000000,saturated
3976,132.294789000,11906531,77.375000000,172,171.700000000,664.493188000,471.709615000,386807.818000000,207.686000000,54.975461800,1.000000000,saturated
3977,132.328122000,11909531,76.791666700,171,169.700000000,664.614681000,471.758011000,382600.000000000,205.241000000,54.738300000,1.000000000,saturated
3978,132.361456000,11912531,76.916666700,170,169.700000000,664.726768000,471.803224000,382719.000000000,205.241000000,54.770855900,1.000000000,saturated
3979,132.394789000,11915531,76.666666700,171,169.700000000,664.857932000,471.956883000,383232.000000000,208.387000000,54.696155400,1.000000000,saturated
3980,132.428122000,11918531,75.750000000,169,167.700000000,664.810904000,471.890951000,388098.418000000,207.458000000,54.826314400,1.000000000,saturated
3981,132.461456000,11921531,74.916666700,170,166.400000000,664.793918000,471.850805000,388656.418000000,206.985000000,54.879020600,1.000000000,saturated
3982,132.494789000,11924531,75.458333300,170,166.400000000,664.675962000,471.769506000,391125.018000000,207.458000000,54.981307600,1.000000000,saturated
3983,132.528122000,11927531,74.833333300,168,165.400000000,664.690381000,471.758999000,389145.818000000,207.327000000,54.909586400,1.000000000,saturated
3984,132.560956000,11930486,74.250000000,166,162.850000000,664.766613000,471.792743000,388530.218000000,207.686000000,54.886883000,1.000000000,saturated
3985,132.594289000,11933486,74.916666700,164,163.000000000,664.748131000,471.739512000,392876.582000000,208.387000000,55.139715500,1.000000000,saturated
3986,132.627622000,11936486,75.500000000,166,165.400000000,664.684622000,471.750016000,397586.000000000,207.686000000,55.299131100,1.000000000,saturated
3987,132.660956000,11939486,74.083333300,164,163.550000000,664.899602000,471.750380000,390969.218000000,207.572000000,55.061654700,1.000000000,saturated
3988,132.694289000,11942486,75.000000000,166,165.250000000,664.918098000,471.725124000,389761.018000000,207.572000000,55.037740700,1.000000000,saturated
3989,132.727622000,11945486,75.375000000,168,167.250000000,664.770041000,471.802195000,394227.000000000,206.871000000,55.210909500,1.000000000,saturated
3990,132.760956000,11948486,76.625000000,172,170.400000000,664.793409000,472.002182000,389442.817000000,207.572000000,55.076372600,1.000000000,saturated
3991,132.794289000,11951486,76.250000000,172,170.400000000,664.862610000,471.995492000,388368.617000000,205.925000000,55.015771900,1.000000000,saturated
3992,132.827156000,11954444,75.708333300,172,169.550000000,664.868052000,472.052033000,389191.017000000,206.871000000,55.082436400,1.000000000,saturated
3993,132.860489000,11957444,77.125000000,173,170.550000000,664.952039000,472.080571000,380143.382000000,208.387000000,54.841168600,1.000000000,saturated
3994,132.893822000,11960444,77.125000000,172,169.100000000,665.079469000,471.847923000,379175.382000000,207.572000000,54.870742700,1.000000000,saturated
3995,132.927156000,11963444,77.166666700,171,168.950000000,665.107587000,471.754347000,379100.782000000,206.985000000,54.817854400,1.000000000,saturated
3996,132.960489000,11966444,76.458333300,170,167.950000000,665.064953000,471.766645000,380171.582000000,205.583000000,54.811453000,1.000000000,saturated
3997,132.993822000,11969444,75.500000000,168,166.950000000,664.909188000,471.726915000,389880.018000000,207.458000000,55.062012900,1.000000000,saturated
3998,133.027156000,11972444,75.625000000,168,166.800000000,664.896358000,471.769290000,394649.182000000,208.387000000,55.196024400,1.000000000,saturated
3999,133.060489000,11975444,74.750000000,167,165.250000000,664.902389000,471.741901000,394985.382000000,207.686000000,55.226671600,1.000000000,saturated
4000,133.093344000,11978401,74.708333300,169,167.100000000,664.777831000,471.830844000,403214.418000000,206.458000000,55.461851200,1.000000000,saturated
4001,133.126678000,11981401,74.333333300,169,167.800000000,664.716400000,471.733742000,397370.000000000,208.387000000,55.250370900,1.000000000,saturated
4002,133.160011000,11984401,75.333333300,168,167.100000000,664.712997000,471.718622000,395063.382000000,208.387000000,55.095352200,1.000000000,saturated
4003,133.193344000,11987401,75.500000000,168,167.250000000,664.722039000,471.745542000,395394.582000000,209.088000000,55.125978700,1.000000000,saturated
4004,133.226678000,11990401,75.833333300,168,167.400000000,664.816567000,471.750694000,392942.382000000,207.344000000,55.102543200,1.000000000,saturated
4005,133.260011000,11993401,74.875000000,170,168.700000000,664.737558000,471.929681000,385289.000000000,205.127000000,54.889016100,1.000000000,saturated
4006,133.293344000,11996401,74.958333300,168,167.850000000,664.798201000,471.833911000,385101.000000000,205.241000000,54.897387300,1.000000000,saturated
4007,133.326678000,11999401,74.375000000,167,166.850000000,664.791724000,471.720660000,385867.000000000,205.241000000,54.793106200,1.000000000,saturated
4008,133.359522000,12002357,74.083333300,167,166.850000000,664.972970000,471.607420000,385627.782000000,206.985000000,54.810237900,1.000000000,saturated
4009,133.392856000,12005357,73.958333300,167,166.000000000,664.908724000,471.541585000,382928.403000000,206.284000000,54.730916600,1.000000000,saturated
4010,133.426189000,12008357,74.083333300,168,167.700000000,664.787440000,471.595144000,391230.000000000,205.942000000,54.962127200,1.000000000,saturated
4011,133.459522000,12011357,75.166666700,167,166.550000000,664.718835000,471.492816000,393950.000000000,207.572000000,54.915598500,1.000000000,saturated
4012,133.492856000,12014357,75.666666700,167,166.850000000,664.780934000,471.605321000,391125.000000000,205.942000000,54.854336500,1.000000000,saturated
4013,133.526189000,12017357,75.291666700,168,166.550000000,664.765132000,471.645699000,390275.000000000,205.942000000,54.830106500,1.000000000,saturated
4014,133.559522000,12020357,75.000000000,169,165.400000000,664.782242000,471.651116000,388335.000000000,205.942000000,54.772486500,1.000000000,saturated
4015,133.592856000,12023357,74.125000000,170,165.550000000,664.819583000,471.750290000,389332.000000000,205.355000000,54.948056900,1.000000000,saturated
4016,133.625711000,12026314,74.041666700,167,163.000000000,664.775910000,471.562299000,396046.818000000,208.273000000,55.140636800,1.000000000,saturated
4017,133.659044000,12029314,74.416666700,167,163.000000000,664.760037000,471.663099000,396181.618000000,208.273000000,55.133942600,1.000000000,saturated
4018,133.692378000,12032314,74.833333300,168,167.000000000,664.764256000,471.522706000,397098.418000000,208.273000000,55.129617500,1.000000000,saturated
4019,133.725711000,12035314,74.375000000,167,165.000000000,664.809402000,471.565288000,396981.218000000,208.273000000,55.146237200,1.000000000,saturated
4020,133.759044000,12038314,75.250000000,170,169.550000000,664.973712000,471.753364000,389538.000000000,207.686000000,54.938017100,1.000000000,saturated
4021,133.792378000,12041314,75.541666700,171,170.550000000,664.942046000,471.638333000,390483.000000000,205.469000000,55.021756900,1.000000000,saturated
4022,133.825711000,12044314,75.208333300,170,169.550000000,664.808400000,471.741400000,397610.018000000,205.452000000,55.210039900,1.000000000,saturated
4023,133.859044000,12047314,75.333333300,170,168.850000000,664.845749000,471.642937000,395107.418000000,205.828000000,54.959311600,1.000000000,saturated
4024,133.891900000,12050271,76.291666700,170,169.000000000,664.841648000,471.732002000,397983.018000000,205.452000000,54.990241100,1.000000000,saturated
4025,133.925233000,12053271,75.833333300,171,169.700000000,664.863207000,471.863062000,396344.418000000,206.153000000,54.964707400,1.000000000,saturated
4026,133.958567000,12056271,75.208333300,168,167.000000000,664.825097000,471.761523000,397849.618000000,206.088000000,54.926982900,1.000000000,saturated
4027,133.991900000,12059271,74.750000000,168,167.000000000,664.829140000,471.655440000,399168.818000000,206.088000000,55.127140500,1.000000000,saturated
4028,134.025233000,12062271,76.208333300,169,168.850000000,664.804038000,471.687158000,395005.000000000,203.725000000,55.045556700,1.000000000,saturated
4029,134.058567000,12065271,75.916666700,169,168.000000000,664.772006000,471.652074000,394457.000000000,209.202000000,55.042381700,1.000000000,saturated
4030,134.091900000,12068271,75.333333300,169,167.850000000,664.878396000,471.751852000,389388.982000000,209.202000000,54.786898900,1.000000000,saturated
4031,134.125233000,12071271,75.291666700,168,167.850000000,664.951032000,471.667843000,389692.582000000,209.202000000,54.800017800,1.000000000,saturated
4032,134.158078000,12074227,75.250000000,167,166.850000000,664.957299000,471.613746000,391141.397000000,208.501000000,54.864098800,1.000000000,saturated
4033,134.191411000,12077227,76.375000000,168,163.850000000,664.876267000,471.499488000,393615.000000000,209.202000000,54.864487800,1.000000000,saturated
4034,134.224744000,12080227,76.125000000,167,164.000000000,664.980378000,471.497654000,391503.000000000,205.583000000,54.836204500,1.000000000,saturated
4035,134.258078000,12083227,76.416666700,167,166.000000000,664.974150000,471.496447000,389236.797000000,209.202000000,54.743011000,1.000000000,saturated
4036,134.291411000,12086227,77.458333300,169,168.850000000,665.018463000,471.570551000,384647.783000000,208.387000000,54.529870100,1.000000000,saturated
4037,134.324744000,12089227,78.000000000,167,164.550000000,664.876108000,471.556911000,390145.000000000,209.202000000,54.779554600,1.000000000,saturated
4038,134.358078000,12092227,77.416666700,164,162.700000000,664.889024000,471.683823000,392368.402000000,207.686000000,54.132343700,1.000000000,saturated
4039,134.391411000,12095227,78.000000000,164,162.700000000,670.893990000,471.189993000,309858.000000000,207.458000000,49.762235700,1.000000000,saturated
4040,134.424267000,12098184,79.291666700,167,163.850000000,678.032786000,466.695955000,245433.202000000,206.170000000,45.147144700,1.000000000,saturated
4041,134.457600000,12101184,79.291666700,166,163.850000000,682.139995000,460.907798000,232475.812000000,198.231000000,45.241967400,1.000000000,saturated
4042,134.490933000,12104184,79.166666700,166,164.700000000,681.126996000,456.841892000,287497.002000000,208.045000000,48.307523600,1.000000000,saturated
4043,134.524267000,12107184,78.041666700,166,165.400000000,674.791078000,456.611760000,346223.416000000,210.718000000,52.997027400,1.000000000,saturated
4044,134.557600000,12110184,76.958333300,164,162.100000000,668.310363000,459.209741000,411900.019000000,210.490000000,56.410861100,1.000000000,saturated
4045,134.590933000,12113184,76.458333300,166,162.000000000,663.421578000,462.919920000,455589.802000000,209.316000000,57.591563500,0.999966637,saturated
4046,134.624267000,12116184,76.583333300,165,162.000000000,661.996618000,464.952637000,445270.019000000,203.839000000,57.071422400,1.000000000,saturated
4047,134.657600000,12119184,75.791666700,163,161.000000000,661.629848000,465.653951000,438839.000000000,204.409000000,57.043909800,1.000000000,saturated
4048,134.690467000,12122142,76.833333300,166,164.700000000,661.412439000,465.629640000,450161.998000000,206.398000000,57.421242900,1.000000000,saturated
4049,134.723800000,12125142,77.416666700,166,164.250000000,661.211874000,464.740631000,449375.003000000,206.871000000,57.651148800,1.000000000,saturated
4050,134.757133000,12128142,77.250000000,166,158.400000000,660.469256000,463.322459000,476611.801000000,209.088000000,58.219352800,1.000000000,saturated
4051,134.790467000,12131142,76.041666700,166,156.700000000,659.694201000,462.587135000,502946.222000000,212.120000000,59.134025700,1.000000000,saturated
4052,134.823800000,12134142,75.958333300,164,156.000000000,659.096631000,462.556505000,497760.000000000,208.273000000,59.255762300,1.000000000,saturated
4053,134.857133000,12137142,75.041666700,164,155.850000000,658.662154000,462.700165000,494259.578000000,207.344000000,59.119637000,1.000000000,saturated
4054,134.890467000,12140142,75.875000000,167,157.850000000,658.701518000,462.815730000,479588.602000000,206.871000000,58.579869500,1.000000000,saturated
4055,134.923800000,12143142,75.750000000,168,156.000000000,659.176882000,462.870228000,473778.603000000,205.583000000,58.347229600,1.000000000,saturated
4056,134.956644000,12146098,75.250000000,167,155.700000000,659.790295000,462.679016000,467500.002000000,205.697000000,58.158084100,1.000000000,saturated
4057,134.989978000,12149098,75.000000000,167,154.850000000,661.054220000,462.513917000,461135.979000000,204.067000000,57.582857200,1.000000000,saturated
4058,135.023311000,12152098,75.208333300,169,154.850000000,661.626801000,462.600362000,466698.620000000,206.643000000,57.534597300,1.000000000,saturated
4059,135.056644000,12155098,75.041666700,170,155.850000000,662.572167000,463.081244000,426539.219000000,203.024000000,56.429880700,1.000000000,saturated
4060,135.089978000,12158098,74.916666700,169,155.850000000,664.726471000,463.555354000,404774.603000000,205.355000000,55.599539400,1.000000000,saturated
4061,135.123311000,12161098,75.125000000,169,157.550000000,665.484027000,463.564632000,410682.419000000,210.017000000,55.706051400,1.000000000,saturated
4062,135.156644000,12164098,73.333333300,166,154.000000000,666.083022000,463.267464000,404899.218000000,208.273000000,55.191924800,1.000000000,saturated
4063,135.189978000,12167098,72.791666700,163,152.850000000,666.775395000,463.082449000,399396.218000000,206.284000000,55.136831200,1.000000000,saturated
4064,135.222833000,12170055,73.333333300,163,151.850000000,667.293972000,462.747451000,385476.382000000,206.170000000,54.747976900,1.000000000,saturated
4065,135.256167000,12173055,72.958333300,163,152.700000000,667.181990000,462.883100000,384189.782000000,205.355000000,54.791800400,1.000000000,saturated
4066,135.289500000,12176055,72.916666700,165,153.700000000,667.241034000,463.108322000,376188.982000000,204.768000000,54.713433900,1.000000000,saturated
4067,135.322833000,12179055,72.916666700,166,153.850000000,667.097100000,463.259045000,382273.397000000,206.985000000,54.760678700,1.000000000,saturated
4068,135.356167000,12182055,73.708333300,170,155.850000000,666.912853000,463.336243000,395690.000000000,205.942000000,55.266496500,1.000000000,saturated
4069,135.389500000,12185055,74.666666700,167,157.700000000,666.965511000,463.299512000,392999.000000000,205.241000000,55.092287500,1.000000000,saturated
4070,135.422833000,12188055,74.125000000,165,155.850000000,666.969740000,463.185243000,394978.000000000,205.942000000,55.101284700,1.000000000,saturated
4071,135.456167000,12191055,72.916666700,163,155.000000000,666.679983000,463.209920000,393949.782000000,205.355000000,55.039627100,1.000000000,saturated
4072,135.489022000,12194012,73.500000000,166,157.400000000,666.436680000,462.802228000,389656.803000000,209.316000000,55.271002600,1.000000000,saturated
4073,135.522356000,12197012,73.458333300,161,154.700000000,666.097481000,462.775898000,397375.803000000,204.523000000,55.661881400,1.000000000,saturated
4074,135.555689000,12200012,74.166666700,163,157.250000000,665.795147000,462.649081000,413779.000000000,206.512000000,56.044717700,1.000000000,saturated
4075,135.589022000,12203012,74.125000000,164,158.800000000,665.435541000,462.691285000,427173.181000000,208.159000000,56.515452900,1.000000000,saturated
4076,135.622356000,12206012,73.125000000,166,159.050000000,665.368600000,462.758555000,425883.981000000,208.387000000,56.599247200,1.000000000,saturated
4077,135.655689000,12209012,73.750000000,170,161.600000000,665.338208000,462.766857000,423213.981000000,206.871000000,56.559172600,0.999977316,saturated
4078,135.689022000,12212012,73.375000000,168,160.600000000,665.216118000,462.522875000,422780.180000000,206.757000000,56.519394100,1.000000000,saturated
4079,135.722356000,12215012,73.458333300,168,159.600000000,665.011483000,462.513246000,423360.580000000,208.273000000,56.446695100,1.000000000,saturated
4080,135.755200000,12217968,73.625000000,168,165.900000000,665.193030000,462.528907000,415795.000000000,209.202000000,56.406083700,1.000000000,saturated
4081,135.788533000,12220968,72.625000000,167,162.900000000,665.189127000,462.551947000,419573.819000000,209.903000000,56.488689900,1.000000000,saturated
4082,135.821867000,12223968,73.416666700,168,162.900000000,665.262882000,462.549287000,420200.419000000,209.903000000,56.491926200,1.000000000,saturated
4083,135.855200000,12226968,73.791666700,168,164.900000000,665.253739000,462.547892000,417745.000000000,207.686000000,56.325911700,1.000000000,saturated
4084,135.888533000,12229968,73.541666700,171,166.600000000,665.280792000,462.595584000,415973.000000000,206.871000000,56.226969800,1.000000000,saturated
4085,135.921867000,12232968,73.708333300,170,167.600000000,665.239692000,462.498001000,421750.219000000,208.273000000,56.392144000,1.000000000,saturated
4086,135.955200000,12235968,73.041666700,170,166.300000000,665.339567000,462.603203000,422587.219000000,206.643000000,56.436434300,1.000000000,saturated
4087,135.988533000,12238968,72.041666700,168,165.150000000,665.369289000,462.696106000,423166.019000000,206.871000000,56.397842200,1.000000000,saturated
4088,136.021389000,12241925,72.000000000,169,166.150000000,665.489259000,462.649463000,421279.219000000,207.572000000,56.441559100,1.000000000,saturated
4089,136.054722000,12244925,71.083333300,170,166.150000000,665.505280000,462.702956000,421726.619000000,209.903000000,56.506371300,1.000000000,saturated
4090,136.088056000,12247925,71.500000000,171,168.000000000,665.590762000,462.567835000,421546.019000000,206.643000000,56.520968700,1.000000000,saturated
4091,136.121389000,12250925,72.166666700,172,168.450000000,665.635585000,462.356647000,417326.000000000,206.757000000,56.276622200,1.000000000,saturated
4092,136.154722000,12253925,73.416666700,173,170.150000000,665.676655000,462.315251000,415593.000000000,206.056000000,56.316166000,1.000000000,saturated
4093,136.188056000,12256925,73.500000000,176,173.000000000,665.759620000,462.311824000,413628.000000000,206.757000000,56.193771000,1.000000000,saturated
4094,136.221389000,12259925,72.500000000,174,170.600000000,665.723727000,462.335715000,414915.000000000,207.572000000,56.091008700,1.000000000,saturated
4095,136.254722000,12262925,73.000000000,176,172.750000000,665.657829000,462.412596000,415380.000000000,207.686000000,56.194771100,1.000000000,saturated
4096,136.287589000,12265883,71.166666700,182,174.900000000,665.527321000,462.419996000,417028.803000000,207.686000000,56.246425600,1.000000000,saturated
4097,136.320922000,12268883,69.916666700,183,175.900000000,665.433856000,462.678626000,425489.180000000,208.974000000,56.621063600,1.000000000,saturated
4098,136.354256000,12271883,69.416666700,183,176.750000000,665.524046000,462.694620000,417427.000000000,208.387000000,56.358601900,1.000000000,saturated
4099,136.387589000,12274883,69.291666700,182,176.200000000,665.548848000,462.695242000,420460.003000000,206.056000000,56.209755000,1.000000000,saturated
4100,136.420922000,12277883,68.250000000,179,174.900000000,665.377492000,462.692439000,419084.803000000,206.643000000,56.129823400,1.000000000,saturated
4101,136.454256000,12280883,68.208333300,178,174.200000000,665.443727000,462.681119000,417795.203000000,208.273000000,56.156112800,1.000000000,saturated
4102,136.487589000,12283883,68.041666700,178,174.500000000,665.458271000,462.608608000,416901.003000000,208.273000000,56.144096100,1.000000000,saturated
4103,136.520922000,12286883,67.833333300,177,173.650000000,665.604056000,462.502374000,415533.781000000,208.974000000,56.144325300,1.000000000,saturated
4104,136.553756000,12289838,68.416666700,177,172.950000000,665.736741000,462.543781000,414835.381000000,208.273000000,56.157820900,1.000000000,saturated
4105,136.587089000,12292838,67.791666700,177,173.800000000,665.935540000,462.621921000,416403.381000000,208.273000000,56.190576600,1.000000000,saturated
4106,136.620422000,12295838,65.916666700,178,172.000000000,666.107357000,462.641517000,421576.000000000,208.273000000,56.330310400,1.000000000,saturated
4107,136.653756000,12298838,67.083333300,178,173.700000000,665.872590000,462.709863000,424809.000000000,208.974000000,56.427292500,1.000000000,saturated
4108,136.687089000,12301838,67.916666700,178,173.850000000,665.902628000,462.852171000,419181.219000000,208.273000000,56.061584900,1.000000000,saturated
4109,136.720422000,12304838,68.583333300,179,175.850000000,665.861715000,462.851749000,423863.181000000,210.832000000,56.158476400,1.000000000,saturated
4110,136.753756000,12307838,67.625000000,183,177.700000000,665.926424000,462.887060000,419418.000000000,210.131000000,56.034344500,1.000000000,saturated
4111,136.787089000,12310838,67.791666700,182,177.550000000,666.024412000,462.804810000,418982.000000000,209.430000000,56.025302600,1.000000000,saturated
4112,136.819956000,12313796,66.916666700,179,176.700000000,665.826118000,462.765226000,422347.219000000,210.131000000,56.107088400,1.000000000,saturated
4113,136.853289000,12316796,67.083333300,179,177.700000000,665.822443000,462.763810000,418198.000000000,210.017000000,56.083574700,1.000000000,saturated
4114,136.886622000,12319796,66.625000000,178,177.700000000,665.837033000,462.769423000,420141.000000000,209.316000000,56.245495700,1.000000000,saturated
4115,136.919956000,12322796,65.916666700,180,177.700000000,665.983501000,462.788477000,404275.397000000,206.170000000,55.712845600,0.999948550,saturated
4116,136.953289000,12325796,66.666666700,180,177.700000000,665.926683000,462.742094000,404008.597000000,206.170000000,55.726233100,0.999988119,saturated
4117,136.986622000,12328796,67.083333300,183,176.700000000,665.944136000,462.814202000,409273.003000000,206.056000000,55.928695300,0.999972634,saturated
4118,137.019956000,12331796,65.250000000,176,175.400000000,665.941730000,462.817238000,405378.997000000,205.583000000,55.733364800,0.999988159,saturated
4119,137.053289000,12334796,67.041666700,177,176.550000000,665.873915000,462.751025000,405921.197000000,206.284000000,55.749572900,0.999988175,saturated
4120,137.086144000,12337753,66.083333300,186,177.550000000,665.955505000,462.589761000,414711.581000000,207.572000000,56.087619500,1.000000000,saturated
4121,137.119478000,12340753,65.833333300,183,175.850000000,665.939842000,462.509591000,414753.581000000,208.028000000,56.100708700,1.000000000,saturated
4122,137.152811000,12343753,65.333333300,180,171.700000000,665.881336000,462.647070000,415967.981000000,208.729000000,56.176208200,1.000000000,saturated
4123,137.186144000,12346753,63.958333300,178,169.000000000,665.997813000,462.627775000,414677.581000000,208.028000000,56.083294000,1.000000000,saturated
4124,137.219478000,12349753,64.625000000,182,171.550000000,665.910999000,462.552181000,421119.000000000,207.572000000,56.348538900,1.000000000,saturated
4125,137.252811000,12352753,64.416666700,179,170.700000000,665.741210000,462.556171000,421002.000000000,206.871000000,56.452440400,1.000000000,saturated
4126,137.286144000,12355753,64.000000000,179,170.550000000,665.772121000,462.473983000,421030.000000000,206.871000000,56.374842100,1.000000000,saturated
4127,137.319478000,12358753,62.125000000,179,167.550000000,665.793063000,462.571902000,419093.000000000,206.170000000,56.269877600,1.000000000,saturated
4128,137.352322000,12361709,62.458333300,178,168.250000000,665.729000000,462.634368000,420158.000000000,206.871000000,56.188066200,1.000000000,saturated
4129,137.385656000,12364709,61.666666700,177,167.950000000,665.665219000,462.521998000,422042.619000000,207.213000000,56.152964800,1.000000000,saturated
4130,137.418989000,12367709,60.833333300,178,166.950000000,665.857602000,462.316408000,418678.000000000,206.871000000,56.091411900,1.000000000,saturated
4131,137.452322000,12370709,60.833333300,178,166.800000000,665.942629000,462.236755000,417369.000000000,207.572000000,55.923497500,1.000000000,saturated
4132,137.485656000,12373709,61.916666700,178,167.350000000,666.120931000,462.186113000,413947.000000000,208.028000000,55.863614100,1.000000000,saturated
4133,137.518989000,12376709,62.125000000,177,167.350000000,666.082433000,462.004952000,417432.000000000,208.028000000,55.856874400,1.000000000,saturated
4134,137.552322000,12379709,61.958333300,176,166.350000000,666.041586000,462.039520000,419657.000000000,207.572000000,55.860228700,1.000000000,saturated
4135,137.585656000,12382709,62.125000000,175,167.750000000,665.965164000,462.085484000,422101.802000000,208.273000000,55.841665900,1.000000000,saturated
4136,137.618511000,12385666,61.458333300,175,167.600000000,665.993975000,462.050356000,417727.000000000,208.387000000,55.930571400,1.000000000,saturated
4137,137.651844000,12388666,61.375000000,177,167.750000000,666.066147000,461.820026000,418627.000000000,207.572000000,56.088699300,1.000000000,saturated
4138,137.685178000,12391666,61.958333300,179,170.450000000,665.971846000,462.019368000,415644.000000000,207.572000000,55.887189900,1.000000000,saturated
4139,137.718511000,12394666,62.500000000,179,170.450000000,666.020495000,462.069086000,422040.981000000,208.273000000,56.008676800,1.000000000,saturated
4140,137.751844000,12397666,61.958333300,184,172.000000000,666.109073000,462.116908000,415188.000000000,208.387000000,55.768086100,1.000000000,saturated
4141,137.785178000,12400666,61.291666700,182,172.000000000,666.064633000,462.140827000,415503.000000000,208.387000000,55.810156000,1.000000000,saturated
4142,137.818511000,12403666,62.416666700,183,173.850000000,665.930259000,462.146191000,415909.000000000,208.387000000,55.924666200,1.000000000,saturated
4143,137.851844000,12406666,61.958333300,184,173.850000000,665.963480000,462.191133000,414518.000000000,208.387000000,55.879492200,0.999961401,saturated
4144,137.884700000,12409623,62.208333300,183,175.000000000,665.910151000,462.058562000,420942.219000000,208.387000000,56.084588200,0.999946786,saturated
4145,137.918033000,12412623,60.958333300,183,172.150000000,665.987704000,461.927192000,415586.000000000,207.686000000,55.937864600,1.000000000,saturated
4146,137.951367000,12415623,60.500000000,181,170.300000000,665.938175000,461.877782000,417941.000000000,206.985000000,55.989223600,1.000000000,saturated
4147,137.984700000,12418623,61.041666700,180,171.300000000,665.830555000,461.962828000,415604.181000000,208.387000000,55.763630600,1.000000000,saturated
4148,138.018033000,12421623,61.416666700,181,171.300000000,665.809104000,461.941478000,405254.797000000,208.729000000,55.317440500,0.999948674,saturated
4149,138.051367000,12424623,62.333333300,183,174.300000000,665.735759000,461.931186000,408193.603000000,209.430000000,55.432737500,0.999933365,saturated
4150,138.084700000,12427623,61.375000000,185,173.850000000,665.871376000,461.811528000,399389.218000000,210.473000000,55.211619700,1.000000000,saturated
4151,138.118033000,12430623,60.500000000,183,172.000000000,665.970356000,461.835765000,398506.818000000,209.071000000,55.216325700,1.000000000,saturated
4152,138.150878000,12433579,60.375000000,182,172.000000000,665.906587000,461.790516000,410102.381000000,210.832000000,55.714507800,1.000000000,saturated
4153,138.184211000,12436579,61.333333300,183,173.700000000,665.932150000,461.777204000,411029.381000000,209.202000000,55.722106400,1.000000000,saturated
4154,138.217544000,12439579,60.958333300,181,171.550000000,665.899179000,461.758656000,407317.803000000,207.914000000,55.604678500,1.000000000,saturated
4155,138.250878000,12442579,61.500000000,185,174.600000000,665.781535000,461.844350000,419262.000000000,207.914000000,55.918304300,1.000000000,saturated
4156,138.284211000,12445579,61.208333300,184,173.600000000,665.891541000,461.796632000,414387.981000000,207.572000000,55.606293700,1.000000000,saturated
4157,138.317544000,12448579,61.375000000,185,175.600000000,665.850880000,461.741289000,412100.202000000,207.686000000,55.506252300,1.000000000,saturated
4158,138.350878000,12451579,61.041666700,185,175.600000000,665.795302000,461.840576000,415440.781000000,208.387000000,55.619232700,1.000000000,saturated
4159,138.384211000,12454579,62.041666700,187,177.450000000,665.963550000,461.782739000,414891.181000000,207.686000000,55.678618900,1.000000000,saturated
4160,138.417067000,12457536,61.916666700,182,176.350000000,665.863328000,461.819704000,411819.981000000,209.202000000,55.636130000,1.000000000,saturated
4161,138.450400000,12460536,61.833333300,179,174.350000000,665.860642000,461.762460000,411685.181000000,207.686000000,55.584137900,1.000000000,saturated
4162,138.483733000,12463536,62.125000000,179,174.350000000,665.751292000,461.820367000,414072.581000000,206.985000000,55.645677700,1.000000000,saturated
4163,138.517067000,12466536,62.125000000,179,174.350000000,665.840574000,461.868679000,412172.381000000,208.387000000,55.576807100,1.000000000,saturated
4164,138.550400000,12469536,62.583333300,182,175.200000000,665.909271000,461.751398000,410756.603000000,210.131000000,55.615799000,1.000000000,saturated
4165,138.583733000,12472536,62.666666700,183,178.050000000,665.961785000,461.758555000,409966.203000000,209.316000000,55.599184800,1.000000000,saturated
4166,138.617067000,12475536,63.208333300,181,176.350000000,666.079882000,461.842485000,406384.403000000,206.284000000,55.518004400,1.000000000,saturated
4167,138.650400000,12478536,63.541666700,181,176.350000000,666.245920000,461.695199000,403332.403000000,205.697000000,55.478777700,1.000000000,saturated
4168,138.683267000,12481494,63.083333300,179,176.350000000,666.126594000,461.625940000,416607.000000000,208.387000000,55.867041400,1.000000000,saturated
4169,138.716600000,12484494,62.375000000,178,175.350000000,665.881904000,461.677980000,422360.019000000,208.387000000,56.161668700,0.999892035,saturated
4170,138.749933000,12487494,62.333333300,177,174.800000000,666.031348000,461.861962000,430045.180000000,209.088000000,56.280267000,1.000000000,saturated
4171,138.783267000,12490494,62.416666700,177,174.800000000,665.988339000,461.876434000,429662.598000000,208.387000000,56.297305800,1.000000000,saturated
4172,138.816600000,12493494,62.791666700,176,173.950000000,666.071190000,462.037804000,417756.000000000,206.985000000,55.867196300,1.000000000,saturated
4173,138.849933000,12496494,63.541666700,176,174.950000000,666.003418000,462.105012000,423380.419000000,208.273000000,56.096632200,1.000000000,saturated
4174,138.883267000,12499494,63.583333300,177,175.950000000,665.993051000,462.121725000,425372.219000000,207.458000000,56.159012700,1.000000000,saturated
4175,138.916600000,12502494,63.500000000,181,176.000000000,666.065143000,462.120790000,425548.019000000,207.572000000,56.289529900,1.000000000,saturated
4176,138.949444000,12505450,64.875000000,182,177.700000000,665.997575000,462.272707000,423549.819000000,208.273000000,56.273844500,1.000000000,saturated
4177,138.982778000,12508450,65.416666700,182,178.550000000,665.856762000,462.354168000,424738.019000000,208.273000000,56.313684000,1.000000000,saturated
4178,139.016111000,12511450,66.083333300,182,178.550000000,665.855896000,462.304079000,420516.000000000,208.501000000,56.179520200,1.000000000,saturated
4179,139.049444000,12514450,66.125000000,182,180.400000000,665.751768000,462.213640000,435238.820000000,208.974000000,56.728116700,1.000000000,saturated
4180,139.082778000,12517450,66.833333300,183,174.100000000,665.838631000,462.304048000,422055.019000000,207.572000000,56.299056300,1.000000000,saturated
4181,139.116111000,12520450,67.083333300,183,175.100000000,665.881664000,462.397655000,415048.381000000,206.170000000,56.000188600,1.000000000,saturated
4182,139.149444000,12523450,67.291666700,182,175.100000000,665.862397000,462.338440000,418492.581000000,208.729000000,56.013254400,1.000000000,saturated
4183,139.182778000,12526450,68.166666700,182,177.100000000,665.720833000,462.441541000,413031.603000000,209.316000000,55.693747200,0.999934145,saturated
4184,139.215633000,12529407,67.541666700,181,177.100000000,665.633276000,462.658308000,404913.597000000,206.284000000,55.579127000,0.999948631,saturated
4185,139.248967000,12532407,67.000000000,178,169.400000000,665.538121000,462.587306000,415167.981000000,208.387000000,55.765163700,0.999938338,saturated
4186,139.282300000,12535407,67.500000000,178,170.400000000,665.615896000,462.557419000,413716.181000000,207.686000000,55.741110700,0.999938122,saturated
4187,139.315633000,12538407,66.458333300,175,167.550000000,665.611082000,462.498379000,410168.403000000,206.871000000,55.797446600,0.999869322,saturated
4188,139.348967000,12541407,67.500000000,178,169.400000000,665.560400000,462.500887000,411476.403000000,206.284000000,55.851658700,0.999869737,saturated
4189,139.382300000,12544407,67.250000000,176,166.250000000,665.443300000,462.530297000,408272.803000000,208.729000000,55.663329600,0.999868715,saturated
4190,139.415633000,12547407,67.916666700,177,166.250000000,665.472876000,462.513927000,408920.403000000,207.327000000,55.786134000,1.000000000,saturated
4191,139.448967000,12550407,67.666666700,173,166.400000000,665.515725000,462.454438000,407920.403000000,206.626000000,55.732556500,1.000000000,saturated
4192,139.481822000,12553364,68.541666700,172,166.700000000,665.522154000,462.424967000,408120.203000000,206.871000000,55.707529300,1.000000000,saturated
4193,139.515156000,12556364,68.875000000,173,168.700000000,665.501632000,462.425323000,410188.618000000,208.729000000,55.599834100,1.000000000,saturated
4194,139.548489000,12559364,68.750000000,172,167.700000000,665.533084000,462.318202000,412583.218000000,208.729000000,55.646260100,1.000000000,saturated
4195,139.581822000,12562364,68.583333300,172,168.700000000,665.525206000,462.173016000,411068.818000000,208.729000000,55.673049200,1.000000000,saturated
4196,139.615156000,12565364,69.583333300,175,170.700000000,665.379884000,462.049843000,420442.000000000,209.316000000,56.207464600,1.000000000,saturated
4197,139.648489000,12568364,69.416666700,173,170.700000000,665.364784000,462.183072000,416383.797000000,208.387000000,56.029012200,1.000000000,saturated
4198,139.681822000,12571364,69.000000000,172,169.700000000,665.368025000,462.341528000,417013.997000000,207.572000000,56.113208400,1.000000000,saturated
4199,139.715156000,12574364,68.791666700,169,166.850000000,665.242597000,462.327862000,423678.219000000,208.273000000,56.317571500,1.000000000,saturated
4200,139.748000000,12577320,68.541666700,176,172.200000000,665.189108000,462.258215000,423957.381000000,210.604000000,56.307253700,1.000000000,saturated
4201,139.781333000,12580320,68.625000000,175,173.200000000,665.321911000,462.264749000,424385.181000000,210.017000000,56.218326900,1.000000000,saturated
4202,139.814667000,12583320,68.250000000,175,173.200000000,665.403690000,462.188194000,424337.181000000,210.718000000,56.215371000,1.000000000,saturated
4203,139.848000000,12586320,69.000000000,178,175.750000000,665.550697000,462.076462000,419216.619000000,209.316000000,56.080311700,1.000000000,saturated
4204,139.881333000,12589320,68.291666700,176,173.600000000,665.664911000,462.129478000,412658.000000000,207.213000000,55.744151800,1.000000000,saturated
4205,139.914667000,12592320,68.291666700,175,170.350000000,665.458620000,461.994277000,418977.181000000,207.458000000,56.119766200,1.000000000,saturated
4206,139.948000000,12595320,67.041666700,172,169.350000000,665.467649000,461.937472000,419744.581000000,208.159000000,56.110545000,1.000000000,saturated
4207,139.981333000,12598320,67.625000000,176,172.200000000,665.514316000,462.076234000,416704.219000000,207.213000000,56.029565100,1.000000000,saturated
4208,140.014189000,12601277,68.541666700,176,173.050000000,665.667769000,461.975018000,417203.219000000,207.572000000,56.190709800,1.000000000,saturated
4209,140.047522000,12604277,67.708333300,175,172.900000000,665.713921000,461.909429000,414766.603000000,206.871000000,55.988369400,1.000000000,saturated
4210,140.080856000,12607277,66.625000000,177,174.050000000,665.796663000,462.036052000,412463.000000000,209.316000000,55.996433100,1.000000000,saturated
4211,140.114189000,12610277,65.875000000,175,173.050000000,665.740803000,461.867427000,419982.781000000,209.316000000,56.140110300,1.000000000,saturated
4212,140.147522000,12613277,65.208333300,172,170.350000000,665.765656000,462.039224000,421627.181000000,207.914000000,56.102915700,1.000000000,saturated
4213,140.180856000,12616277,65.833333300,174,172.050000000,665.777611000,462.005477000,422203.981000000,209.088000000,56.079811400,1.000000000,saturated
4214,140.214189000,12619277,66.125000000,175,170.650000000,665.900140000,461.999702000,416091.002000000,209.088000000,55.838468500,1.000000000,saturated
4215,140.247522000,12622277,66.916666700,177,172.800000000,665.758528000,461.955063000,418238.619000000,209.903000000,55.951275700,1.000000000,saturated
4216,140.280389000,12625235,66.875000000,176,174.200000000,665.673077000,461.926590000,421292.419000000,209.202000000,55.994161000,1.000000000,saturated
4217,140.313722000,12628235,66.083333300,177,174.200000000,665.765977000,461.898260000,412321.781000000,208.387000000,55.669080300,1.000000000,saturated
4218,140.347056000,12631235,67.083333300,179,175.900000000,665.783910000,461.844195000,418376.000000000,207.572000000,55.880114500,1.000000000,saturated
4219,140.380389000,12634235,68.000000000,181,177.600000000,665.790249000,461.906802000,413515.197000000,208.615000000,55.856622800,1.000000000,saturated
4220,140.413722000,12637235,66.791666700,179,175.450000000,665.942771000,461.785010000,414876.197000000,208.615000000,55.918819400,1.000000000,saturated
4221,140.447056000,12640235,67.375000000,178,175.300000000,665.809327000,461.721916000,421859.219000000,208.615000000,56.209290400,1.000000000,saturated
4222,140.480389000,12643235,67.083333300,176,172.900000000,665.894234000,461.708670000,419434.619000000,210.017000000,56.223732800,1.000000000,saturated
4223,140.513722000,12646235,66.333333300,176,172.750000000,665.822895000,461.899256000,419413.581000000,210.718000000,56.301729900,1.000000000,saturated
4224,140.546556000,12649190,66.666666700,176,172.900000000,665.806673000,461.957772000,417338.019000000,210.718000000,56.154234700,1.000000000,saturated
4225,140.579889000,12652190,66.833333300,177,173.750000000,666.002612000,461.855927000,401696.997000000,207.914000000,55.424999400,1.000000000,saturated
4226,140.613222000,12655190,67.333333300,178,174.600000000,665.987442000,461.661688000,412761.581000000,208.387000000,55.678740300,0.999914721,saturated
4227,140.646556000,12658190,65.333333300,177,172.150000000,665.940851000,461.689232000,411957.581000000,209.316000000,55.645318600,0.999716476,saturated
4228,140.679889000,12661190,65.125000000,174,169.600000000,665.883113000,461.763438000,416495.000000000,210.946000000,55.819136400,1.000000000,saturated
4229,140.713222000,12664190,66.333333300,174,171.750000000,665.868311000,461.857425000,416959.000000000,209.316000000,55.776281800,0.999884881,saturated
4230,140.746556000,12667190,64.875000000,182,179.500000000,665.998206000,462.082796000,416396.000000000,210.946000000,55.948328000,1.000000000,saturated
4231,140.779889000,12670190,65.791666700,181,178.650000000,665.985118000,462.048058000,415603.000000000,209.946000000,56.028432000,1.000000000,saturated
4232,140.812756000,12673148,65.416666700,178,176.950000000,665.849931000,462.054687000,416001.000000000,210.946000000,56.050470800,1.000000000,saturated
4233,140.846089000,12676148,65.416666700,177,175.950000000,666.046340000,461.985619000,416315.000000000,210.946000000,56.043352600,1.000000000,saturated
4234,140.879422000,12679148,64.750000000,175,173.950000000,666.117351000,461.984629000,415975.000000000,209.946000000,56.000016200,1.000000000,saturated
4235,140.912756000,12682148,65.166666700,176,174.950000000,666.046265000,462.009074000,423486.781000000,211.419000000,56.231401800,1.000000000,saturated
4236,140.946089000,12685148,65.000000000,176,174.250000000,666.060123000,461.911158000,425598.180000000,210.718000000,56.332589300,1.000000000,saturated
4237,140.979422000,12688148,65.666666700,177,176.250000000,666.101066000,461.824067000,425930.180000000,211.533000000,56.289162900,1.000000000,saturated
4238,141.012756000,12691148,66.375000000,177,176.000000000,666.184467000,461.943762000,426443.980000000,212.234000000,56.236971900,1.000000000,saturated
4239,141.046089000,12694148,67.750000000,178,178.000000000,666.072309000,461.880761000,424726.580000000,208.615000000,56.222068900,1.000000000,saturated
4240,141.078944000,12697105,68.666666700,178,178.000000000,666.030548000,461.762459000,424157.981000000,210.718000000,56.230067600,1.000000000,saturated
4241,141.112278000,12700105,67.666666700,178,177.850000000,666.061237000,461.827979000,416216.000000000,209.316000000,55.967043700,1.000000000,saturated
4242,141.145611000,12703105,68.000000000,177,176.850000000,666.208955000,462.000770000,411781.181000000,209.316000000,55.841154700,1.000000000,saturated
4243,141.178944000,12706105,68.708333300,181,179.000000000,666.229539000,462.063264000,414675.000000000,210.017000000,55.985579300,1.000000000,saturated
4244,141.212278000,12709105,68.666666700,179,179.000000000,666.074430000,462.068937000,414145.000000000,209.202000000,55.933387100,1.000000000,saturated
4245,141.245611000,12712105,69.041666700,178,178.000000000,666.031036000,462.169024000,417989.802000000,207.213000000,56.012408400,1.000000000,saturated
4246,141.278944000,12715105,68.833333300,178,178.000000000,666.069713000,462.157892000,419374.419000000,210.718000000,56.082847400,1.000000000,saturated
4247,141.312278000,12718105,67.958333300,178,175.850000000,666.058612000,462.033744000,421757.019000000,210.718000000,56.314728600,1.000000000,saturated
4248,141.345122000,12721061,66.958333300,174,170.850000000,666.082300000,462.039490000,417449.000000000,208.387000000,56.134842900,1.000000000,saturated
4249,141.378456000,12724061,67.458333300,174,169.850000000,665.980067000,462.121839000,418674.419000000,208.273000000,56.157082100,1.000000000,saturated
4250,141.411789000,12727061,67.083333300,173,169.850000000,665.920183000,462.124759000,414872.000000000,207.686000000,55.964829100,1.000000000,saturated
4251,141.445122000,12730061,66.333333300,171,168.850000000,665.864894000,462.087748000,415985.000000000,208.615000000,55.925399900,1.000000000,saturated
4252,141.478456000,12733061,67.333333300,171,168.850000000,665.937655000,461.952354000,414001.181000000,208.615000000,55.796955800,1.000000000,saturated
4253,141.511789000,12736061,66.625000000,173,168.850000000,665.879386000,462.014730000,422370.602000000,208.615000000,56.022959300,1.000000000,saturated
4254,141.545122000,12739061,66.333333300,171,168.700000000,666.077701000,461.911425000,422193.802000000,207.914000000,56.100690700,1.000000000,saturated
4255,141.578456000,12742061,66.291666700,174,169.400000000,666.054819000,462.045008000,421733.402000000,207.572000000,56.170281600,1.000000000,saturated
4256,141.611311000,12745018,66.250000000,176,170.250000000,665.944160000,462.084367000,424290.602000000,208.273000000,56.294779800,1.000000000,saturated
4257,141.644644000,12748018,66.166666700,173,168.800000000,666.033935000,462.115603000,423186.202000000,208.273000000,56.363782700,1.000000000,saturated
4258,141.677978000,12751018,65.708333300,170,167.800000000,665.988648000,461.997647000,420945.202000000,208.957000000,56.282187000,1.000000000,saturated
4259,141.711311000,12754018,65.166666700,170,167.800000000,665.977831000,461.728682000,422928.781000000,211.060000000,56.429742500,1.000000000,saturated
4260,141.744644000,12757018,65.083333300,175,168.500000000,665.992803000,461.713612000,420767.802000000,209.088000000,56.188087400,1.000000000,saturated
4261,141.777978000,12760018,64.791666700,174,168.500000000,665.980206000,461.839701000,424136.181000000,211.419000000,56.257422600,1.000000000,saturated
4262,141.811311000,12763018,64.250000000,174,168.350000000,665.998795000,461.831628000,423082.581000000,211.419000000,56.247019400,1.000000000,saturated
4263,141.844644000,12766018,63.875000000,171,167.050000000,666.173259000,461.733380000,423265.581000000,209.544000000,56.340037400,1.000000000,saturated
4264,141.877500000,12768975,64.166666700,170,166.050000000,666.203134000,461.568714000,421997.019000000,209.544000000,56.298367900,1.000000000,saturated
4265,141.910833000,12771975,64.583333300,168,166.050000000,666.300481000,461.492849000,408397.781000000,209.544000000,55.836627000,1.000000000,saturated
4266,141.944167000,12774975,63.750000000,168,164.050000000,666.296532000,461.468915000,406557.981000000,210.245000000,55.873804500,1.000000000,saturated
4267,141.977500000,12777975,62.583333300,169,163.050000000,666.402628000,461.576113000,405202.381000000,210.245000000,55.834902300,1.000000000,saturated
4268,142.010833000,12780975,64.000000000,170,165.900000000,666.249101000,461.600720000,413610.002000000,210.245000000,56.205267200,1.000000000,saturated
4269,142.044167000,12783975,64.958333300,171,165.850000000,666.216510000,461.489453000,419460.981000000,209.544000000,56.327681800,1.000000000,saturated
4270,142.077500000,12786975,65.166666700,170,165.850000000,666.275526000,461.476492000,401277.418000000,210.245000000,55.748930200,1.000000000,saturated
4271,142.110833000,12789975,65.375000000,169,166.000000000,666.213260000,461.446065000,397191.000000000,208.729000000,55.649621000,1.000000000,saturated
4272,142.143678000,12792931,64.375000000,168,164.000000000,666.201690000,461.521558000,401802.818000000,210.131000000,55.690687700,1.000000000,saturated
4273,142.177011000,12795931,65.041666700,169,164.000000000,666.268485000,461.475948000,403451.418000000,210.131000000,55.652394600,1.000000000,saturated
4274,142.210344000,12798931,65.916666700,170,165.000000000,666.228513000,461.408217000,401949.418000000,208.729000000,55.577232800,1.000000000,saturated
4275,142.243678000,12801931,65.875000000,171,164.700000000,666.052229000,461.482523000,409906.000000000,206.056000000,55.751657900,0.999921933,saturated
4276,142.277011000,12804931,64.833333300,170,163.700000000,665.893453000,461.670041000,416955.419000000,206.643000000,56.012160200,1.000000000,saturated
4277,142.310344000,12807931,65.208333300,171,162.250000000,666.039005000,461.634741000,415273.603000000,206.643000000,56.107504500,1.000000000,saturated
4278,142.343678000,12810931,64.333333300,170,160.250000000,666.050288000,461.535074000,418659.419000000,206.643000000,56.306249600,1.000000000,saturated
4279,142.377011000,12813931,64.541666700,169,162.400000000,665.989358000,461.698871000,424751.000000000,208.159000000,56.420042200,1.000000000,saturated
4280,142.409867000,12816888,65.041666700,168,162.550000000,665.932562000,461.686220000,429578.000000000,209.088000000,56.557320100,1.000000000,saturated
4281,142.443200000,12819888,64.416666700,167,160.850000000,666.086607000,461.458196000,432778.820000000,211.305000000,56.846889000,1.000000000,saturated
4282,142.476533000,12822888,65.375000000,169,163.000000000,666.160512000,461.318447000,427287.797000000,209.088000000,56.624469600,1.000000000,saturated
4283,142.509867000,12825888,65.083333300,167,161.150000000,665.907963000,461.233456000,423167.000000000,208.501000000,56.509002500,1.000000000,saturated
4284,142.543200000,12828888,65.583333300,169,163.700000000,665.812809000,461.447514000,425037.000000000,209.316000000,56.671824700,1.000000000,saturated
4285,142.576533000,12831888,66.000000000,170,164.700000000,665.863926000,461.461361000,426614.000000000,207.800000000,56.714706200,1.000000000,saturated
4286,142.609867000,12834888,65.208333300,169,163.850000000,665.634553000,461.618199000,424737.000000000,207.800000000,56.642015700,1.000000000,saturated
4287,142.643200000,12837888,65.208333300,170,163.850000000,665.661720000,461.724621000,424607.000000000,208.501000000,56.533294300,1.000000000,saturated
4288,142.676067000,12840846,66.291666700,169,163.150000000,665.793073000,461.731285000,427545.603000000,208.501000000,56.581792400,1.000000000,saturated
4289,142.709400000,12843846,66.708333300,171,164.300000000,665.817078000,461.889175000,428562.619000000,207.458000000,56.536710500,0.999966399,saturated
4290,142.742733000,12846846,67.291666700,177,171.450000000,666.153108000,462.240370000,412013.203000000,206.170000000,55.998231800,1.000000000,saturated
4291,142.776067000,12849846,67.541666700,176,169.450000000,666.050766000,462.279335000,410203.603000000,206.871000000,55.851519200,1.000000000,saturated
4292,142.809400000,12852846,68.125000000,176,169.600000000,665.992614000,462.265676000,422983.819000000,206.871000000,56.309409300,1.000000000,saturated
4293,142.842733000,12855846,67.750000000,175,169.600000000,666.110851000,462.220489000,426579.981000000,208.273000000,56.503776200,1.000000000,saturated
4294,142.876067000,12858846,68.166666700,176,171.450000000,666.403707000,462.045424000,420170.003000000,209.088000000,56.381369800,1.000000000,saturated
4295,142.909400000,12861846,68.333333300,177,172.050000000,666.247390000,462.011847000,413792.000000000,207.572000000,56.137299600,1.000000000,saturated
4296,142.942244000,12864802,67.208333300,175,170.200000000,666.175191000,461.991280000,415256.000000000,206.871000000,56.086999000,1.000000000,saturated
4297,142.975578000,12867802,67.000000000,172,168.350000000,666.296572000,461.610993000,415801.981000000,207.686000000,56.117235300,1.000000000,saturated
4298,143.008911000,12870802,67.416666700,174,167.800000000,666.269577000,461.673227000,416430.981000000,208.387000000,56.184749800,1.000000000,saturated
4299,143.042244000,12873802,67.791666700,175,168.800000000,666.248892000,461.495501000,416524.781000000,206.284000000,56.200973000,1.000000000,saturated
4300,143.075578000,12876802,67.333333300,172,168.250000000,666.265057000,461.522709000,410485.402000000,207.686000000,55.988565500,1.000000000,saturated
4301,143.108911000,12879802,67.166666700,172,168.250000000,666.415968000,461.458417000,409596.802000000,206.284000000,55.829802400,1.000000000,saturated
4302,143.142244000,12882802,67.083333300,171,168.250000000,666.490191000,461.481204000,405422.797000000,204.654000000,55.730867100,1.000000000,saturated
4303,143.175578000,12885802,67.916666700,171,169.100000000,666.306641000,461.598158000,408260.997000000,204.654000000,55.878420200,1.000000000,saturated
4304,143.208433000,12888759,70.000000000,172,170.550000000,666.297904000,461.628365000,407312.597000000,205.355000000,55.797380300,1.000000000,saturated
4305,143.241767000,12891759,69.000000000,176,168.700000000,666.231839000,461.569941000,416035.981000000,206.757000000,56.024373600,1.000000000,saturated
4306,143.275100000,12894759,69.000000000,176,168.700000000,666.235349000,461.549657000,415437.181000000,206.871000000,56.107527900,1.000000000,saturated
4307,143.308433000,12897759,69.375000000,178,169.700000000,666.153744000,461.746892000,420908.000000000,206.056000000,56.204298900,1.000000000,saturated
4308,143.341767000,12900759,69.000000000,178,169.400000000,666.212884000,461.857830000,417162.381000000,205.355000000,56.029313100,1.000000000,saturated
4309,143.375100000,12903759,69.916666700,180,170.400000000,666.308681000,461.950050000,416551.781000000,206.757000000,56.087529900,1.000000000,saturated
4310,143.408433000,12906759,69.583333300,182,169.400000000,666.281244000,461.998053000,405091.397000000,208.142000000,55.753833900,1.000000000,saturated
4311,143.441767000,12909759,70.083333300,183,169.550000000,666.269137000,461.928146000,406211.397000000,207.099000000,55.736396200,1.000000000,saturated
4312,143.474622000,12912716,69.333333300,181,168.550000000,666.318920000,461.788640000,404460.797000000,206.985000000,55.609514300,1.000000000,saturated
4313,143.507956000,12915716,68.333333300,181,166.850000000,666.307737000,461.679026000,416419.581000000,208.387000000,55.973219000,1.000000000,saturated
4314,143.541289000,12918716,68.041666700,182,166.700000000,666.304157000,461.585384000,420681.000000000,207.441000000,56.198637000,1.000000000,saturated
4315,143.574622000,12921716,68.416666700,184,168.400000000,666.289094000,461.645533000,420787.000000000,206.740000000,56.228785700,1.000000000,saturated
4316,143.607956000,12924716,69.041666700,190,169.250000000,666.254464000,461.734696000,418094.000000000,207.441000000,56.176455300,1.000000000,saturated
4317,143.641289000,12927716,69.250000000,190,169.250000000,666.214473000,461.739362000,417088.000000000,208.142000000,56.070345900,1.000000000,saturated
4318,143.674622000,12930716,69.416666700,190,169.250000000,666.090544000,461.635702000,422049.219000000,209.088000000,56.176617100,1.000000000,saturated
4319,143.707956000,12933716,69.791666700,191,171.800000000,666.075137000,461.633945000,430678.000000000,209.088000000,56.427035400,1.000000000,saturated
4320,143.740800000,12936672,69.125000000,196,179.700000000,666.093229000,461.639281000,425616.019000000,207.686000000,56.394808400,1.000000000,saturated
4321,143.774133000,12939672,69.666666700,196,178.000000000,666.125366000,461.745093000,425200.619000000,207.686000000,56.284402500,1.000000000,saturated
4322,143.807467000,12942672,68.583333300,193,176.850000000,666.095809000,461.776024000,425092.619000000,206.643000000,56.353949800,1.000000000,saturated
4323,143.840800000,12945672,69.291666700,194,178.000000000,666.140086000,461.754563000,417260.381000000,207.099000000,56.005386300,1.000000000,saturated
4324,143.874133000,12948672,70.083333300,196,179.700000000,666.179516000,461.856629000,416268.381000000,209.202000000,55.913915100,1.000000000,saturated
4325,143.907467000,12951672,70.875000000,195,180.400000000,666.191093000,461.932956000,415572.381000000,207.572000000,55.967925600,1.000000000,saturated
4326,143.940800000,12954672,70.583333300,195,180.250000000,666.203380000,461.922211000,414134.181000000,207.572000000,56.018490500,1.000000000,saturated
4327,143.974133000,12957672,69.875000000,193,180.250000000,666.088697000,461.956136000,411745.003000000,206.284000000,55.852856600,1.000000000,saturated
4328,144.006989000,12960629,67.875000000,192,177.700000000,666.131150000,461.814336000,411959.003000000,206.871000000,55.819516800,1.000000000,saturated
4329,144.040322000,12963629,67.916666700,191,177.400000000,666.204175000,461.767293000,415376.781000000,207.914000000,55.903108800,1.000000000,saturated
4330,144.073656000,12966629,66.833333300,192,176.700000000,666.090773000,461.687352000,423105.403000000,207.914000000,56.098574400,0.999954621,saturated
4331,144.106989000,12969629,66.500000000,191,176.700000000,665.896222000,461.750677000,425553.000000000,207.914000000,56.180643700,0.999962402,saturated
4332,144.140322000,12972629,66.583333300,191,176.550000000,665.910297000,461.780827000,427669.202000000,207.914000000,56.218200100,0.999955105,saturated
4333,144.173656000,12975629,65.458333300,191,177.550000000,665.941865000,461.799688000,426956.802000000,207.914000000,56.197594600,0.999955031,saturated
4334,144.206989000,12978629,66.333333300,191,177.700000000,666.173388000,461.850723000,412283.002000000,206.985000000,55.694205500,1.000000000,saturated
4335,144.240322000,12981629,67.625000000,193,179.850000000,666.170878000,461.789673000,424227.802000000,209.088000000,56.134503000,1.000000000,saturated
4336,144.273189000,12984587,67.625000000,192,179.850000000,666.210514000,461.769961000,424130.002000000,208.957000000,56.075838700,1.000000000,saturated
4337,144.306522000,12987587,68.666666700,193,181.550000000,666.040394000,461.748577000,424695.602000000,209.316000000,56.041445900,0.999935954,saturated
4338,144.339856000,12990587,69.125000000,196,182.700000000,665.914570000,461.808220000,420717.000000000,207.686000000,55.828914500,1.000000000,saturated
4339,144.373189000,12993587,68.916666700,202,186.700000000,665.898455000,461.709644000,422790.402000000,208.729000000,55.832364600,1.000000000,saturated
4340,144.406522000,12996587,67.666666700,195,181.000000000,665.840790000,461.747558000,424940.602000000,208.273000000,55.933571500,1.000000000,saturated
4341,144.439856000,12999587,67.750000000,196,182.000000000,665.773594000,461.680131000,431598.398000000,208.273000000,56.188353000,1.000000000,saturated
4342,144.473189000,13002587,67.041666700,195,181.850000000,665.768701000,461.587082000,432669.000000000,208.273000000,56.216445000,1.000000000,saturated
4343,144.506522000,13005587,67.291666700,196,182.700000000,665.754520000,461.637546000,428141.981000000,210.131000000,56.161584300,1.000000000,saturated
4344,144.539356000,13008542,66.416666700,195,181.550000000,665.830915000,461.733108000,420309.000000000,209.299000000,55.867035400,1.000000000,saturated
4345,144.572689000,13011542,66.750000000,195,181.550000000,665.744709000,461.728823000,428700.781000000,209.772000000,55.990100900,1.000000000,saturated
4346,144.606022000,13014542,67.041666700,196,182.000000000,665.768321000,461.826214000,430777.581000000,209.772000000,55.960318500,1.000000000,saturated
4347,144.639356000,13017542,65.250000000,195,181.850000000,666.075039000,461.528443000,427823.581000000,209.299000000,55.797170400,1.000000000,saturated
4348,144.672689000,13020542,66.583333300,190,181.000000000,666.170483000,461.359617000,426292.419000000,209.202000000,55.871056600,1.000000000,saturated
4349,144.706022000,13023542,66.416666700,188,181.550000000,666.119735000,461.452513000,428940.981000000,209.903000000,55.944284600,1.000000000,saturated
4350,144.739356000,13026542,67.041666700,186,182.850000000,666.147071000,461.646457000,412707.403000000,208.501000000,55.548786600,1.000000000,saturated
4351,144.772689000,13029542,67.625000000,186,182.850000000,666.096922000,461.661797000,421667.000000000,208.501000000,55.900473800,1.000000000,saturated
4352,144.805556000,13032500,67.750000000,189,186.400000000,666.335511000,461.491611000,412324.803000000,209.544000000,55.669137800,1.000000000,saturated
4353,144.838889000,13035500,67.375000000,189,186.400000000,666.314172000,461.596976000,420372.000000000,209.544000000,55.979563700,1.000000000,saturated
4354,144.872222000,13038500,67.708333300,187,186.250000000,666.338512000,461.596045000,417033.381000000,210.131000000,55.771217100,1.000000000,saturated
4355,144.905556000,13041500,65.666666700,187,183.400000000,666.255576000,461.642356000,417642.781000000,209.316000000,55.871022800,1.000000000,saturated
4356,144.938889000,13044500,65.666666700,186,183.400000000,666.264840000,461.632674000,416883.981000000,209.202000000,55.831580300,1.000000000,saturated
4357,144.972222000,13047500,65.708333300,186,184.100000000,666.250183000,461.631555000,412220.003000000,208.028000000,55.677858900,1.000000000,saturated
4358,145.005556000,13050500,65.375000000,184,182.100000000,666.065074000,461.597481000,424898.802000000,210.718000000,56.079247200,1.000000000,saturated
4359,145.038889000,13053500,65.333333300,188,185.500000000,666.212824000,461.435015000,420507.998000000,209.544000000,55.867889900,1.000000000,saturated
4360,145.071744000,13056457,65.333333300,190,186.500000000,666.259877000,461.353102000,426302.402000000,208.615000000,56.009298800,1.000000000,saturated
4361,145.105078000,13059457,64.666666700,187,183.650000000,666.309713000,461.101548000,425964.203000000,209.088000000,55.951845100,1.000000000,saturated
4362,145.138411000,13062457,64.416666700,186,182.800000000,666.335500000,460.983743000,424631.603000000,209.202000000,56.197400400,1.000000000,saturated
4363,145.171744000,13065457,64.875000000,187,183.800000000,666.307710000,460.985441000,420165.000000000,209.202000000,55.982560900,1.000000000,saturated
4364,145.205078000,13068457,64.916666700,187,183.950000000,666.279041000,461.021281000,422071.000000000,208.729000000,56.037748500,1.000000000,saturated
4365,145.238411000,13071457,65.541666700,186,183.250000000,666.377213000,461.040053000,419372.981000000,207.441000000,56.007182600,1.000000000,saturated
4366,145.271744000,13074457,65.166666700,184,182.400000000,666.383818000,461.045590000,419846.181000000,206.740000000,56.099358700,1.000000000,saturated
4367,145.305078000,13077457,64.916666700,184,183.100000000,666.508628000,461.015669000,419217.981000000,207.099000000,56.309377300,1.000000000,saturated
4368,145.337922000,13080413,64.791666700,184,182.100000000,666.617909000,461.099119000,419156.781000000,206.757000000,56.237985200,1.000000000,saturated
4369,145.371256000,13083413,64.083333300,183,181.100000000,666.703400000,461.214365000,408405.397000000,205.811000000,55.850751500,1.000000000,saturated
4370,145.404589000,13086413,63.916666700,189,184.250000000,666.617083000,461.138017000,423187.003000000,209.088000000,56.271846400,1.000000000,saturated
4371,145.437922000,13089413,64.166666700,188,183.250000000,666.691320000,461.236276000,415351.218000000,207.800000000,55.939304700,1.000000000,saturated
4372,145.471256000,13092413,64.791666700,189,184.250000000,666.631882000,461.250361000,415582.018000000,208.501000000,55.918153900,1.000000000,saturated
4373,145.504589000,13095413,63.583333300,188,183.250000000,666.322087000,461.181754000,435100.000000000,210.604000000,56.491453900,1.000000000,saturated
4374,145.537922000,13098413,63.500000000,186,182.250000000,666.211597000,461.079001000,437729.000000000,209.789000000,56.593301500,1.000000000,saturated
4375,145.571256000,13101413,64.250000000,184,183.400000000,666.319188000,461.078018000,428594.002000000,208.142000000,56.387830100,1.000000000,saturated
4376,145.604111000,13104370,64.208333300,186,184.100000000,666.402822000,461.073453000,420502.981000000,210.245000000,56.088432900,1.000000000,saturated
4377,145.637444000,13107370,63.583333300,186,182.950000000,666.417578000,461.046874000,428707.602000000,210.245000000,56.382179900,1.000000000,saturated
4378,145.670778000,13110370,64.416666700,188,183.950000000,666.452495000,460.965178000,428930.219000000,209.544000000,56.378023200,1.000000000,saturated
4379,145.704111000,13113370,64.333333300,190,186.250000000,666.533069000,460.990060000,428631.619000000,210.245000000,56.393847400,1.000000000,saturated
4380,145.737444000,13116370,63.625000000,191,188.200000000,666.590346000,461.167931000,419962.781000000,207.572000000,56.125425700,1.000000000,saturated
4381,145.770778000,13119370,63.291666700,191,188.200000000,666.592059000,461.094229000,420046.981000000,208.387000000,55.974108600,1.000000000,saturated
4382,145.804111000,13122370,62.916666700,190,187.050000000,666.577714000,461.073994000,420446.181000000,208.387000000,56.028611600,1.000000000,saturated
4383,145.837444000,13125370,62.666666700,191,187.900000000,666.498717000,461.137437000,420329.981000000,208.387000000,56.040433800,1.000000000,saturated
4384,145.870300000,13128327,62.333333300,191,187.900000000,666.359790000,461.163415000,428447.219000000,209.903000000,56.291942000,1.000000000,saturated
4385,145.903633000,13131327,62.458333300,194,187.800000000,666.644951000,461.339099000,404773.418000000,204.768000000,55.577056600,1.000000000,saturated
4386,145.936967000,13134327,61.791666700,193,186.800000000,666.519770000,461.369342000,410760.397000000,206.985000000,55.734793100,1.000000000,saturated
4387,145.970300000,13137327,63.333333300,191,187.800000000,666.435768000,461.616626000,414514.798000000,206.985000000,55.739331900,1.000000000,saturated
4388,146.003633000,13140327,64.416666700,191,188.950000000,666.488942000,461.641806000,413345.198000000,206.985000000,55.667534400,1.000000000,saturated
4389,146.036967000,13143327,65.375000000,191,189.950000000,666.549266000,461.585594000,411452.998000000,206.284000000,55.656992100,1.000000000,saturated
4390,146.070300000,13146327,66.291666700,193,187.400000000,666.437624000,461.515135000,412050.798000000,205.355000000,55.724045000,1.000000000,saturated
4391,146.103633000,13149327,66.125000000,192,187.400000000,666.432338000,461.332510000,415636.398000000,203.725000000,55.794814400,1.000000000,saturated
4392,146.136478000,13152283,66.833333300,192,187.400000000,666.356782000,461.364921000,412527.198000000,206.985000000,55.568492200,1.000000000,saturated
4393,146.169811000,13155283,65.958333300,190,184.700000000,666.302535000,461.349563000,420192.181000000,206.871000000,55.837848900,1.000000000,saturated
4394,146.203144000,13158283,65.125000000,191,184.700000000,666.198947000,461.445252000,412211.602000000,206.316000000,55.618963100,1.000000000,saturated
4395,146.236478000,13161283,64.708333300,190,184.700000000,666.057340000,461.515476000,420105.000000000,207.316000000,55.832508800,1.000000000,saturated
4396,146.269811000,13164283,65.083333300,190,183.700000000,666.106725000,461.442496000,408674.203000000,205.583000000,55.517188600,1.000000000,saturated
4397,146.303144000,13167283,64.458333300,189,182.700000000,666.038525000,461.477219000,416666.000000000,204.654000000,55.857014300,1.000000000,saturated
4398,146.336478000,13170283,65.333333300,190,185.700000000,666.132970000,461.420511000,410505.381000000,204.654000000,55.739885400,1.000000000,saturated
4399,146.369811000,13173283,64.125000000,187,184.700000000,666.135546000,461.375439000,412297.181000000,205.942000000,55.795526200,1.000000000,saturated
4400,146.402667000,13176240,62.916666700,189,185.400000000,666.091549000,461.238505000,417654.419000000,205.241000000,55.980969600,1.000000000,saturated
4401,146.436000000,13179240,62.791666700,186,184.550000000,666.115970000,461.214496000,419288.219000000,209.088000000,56.087527500,1.000000000,saturated
4402,146.469333000,13182240,63.458333300,189,184.550000000,666.302919000,461.165085000,415095.000000000,207.572000000,55.939515600,1.000000000,saturated
4403,146.502667000,13185240,62.916666700,186,182.400000000,666.227949000,461.228753000,415268.000000000,207.572000000,56.027005500,1.000000000,saturated
4404,146.536000000,13188240,63.375000000,185,182.700000000,666.390203000,461.192869000,412990.000000000,206.284000000,56.102648700,1.000000000,saturated
4405,146.569333000,13191240,63.250000000,183,178.850000000,666.318481000,461.262304000,408721.000000000,206.985000000,55.825804700,1.000000000,saturated
4406,146.602667000,13194240,61.875000000,182,177.000000000,666.259031000,461.214004000,412325.000000000,206.985000000,55.912773100,1.000000000,saturated
4407,146.636000000,13197240,60.625000000,183,171.400000000,666.189723000,461.120436000,414003.000000000,207.686000000,56.094409500,1.000000000,saturated
4408,146.668867000,13200198,61.541666700,182,171.400000000,666.307395000,460.984997000,412822.997000000,206.985000000,56.053856800,1.000000000,saturated
4409,146.702200000,13203198,61.791666700,182,173.100000000,666.340406000,461.033798000,402240.000000000,205.697000000,55.714709000,1.000000000,saturated
4410,146.735533000,13206198,63.500000000,184,167.750000000,666.083236000,460.836279000,420742.819000000,207.099000000,56.343224500,1.000000000,saturated
4411,146.768867000,13209198,63.416666700,183,165.900000000,666.200524000,460.889881000,417457.000000000,206.398000000,56.162089700,1.000000000,saturated
4412,146.802200000,13212198,62.250000000,182,165.050000000,666.199973000,460.891822000,416887.000000000,206.985000000,56.119944000,1.000000000,saturated
4413,146.835533000,13215198,62.708333300,181,163.200000000,666.287412000,460.956241000,417433.603000000,208.387000000,56.113452200,1.000000000,saturated
4414,146.868867000,13218198,63.541666700,179,162.350000000,666.172560000,460.931909000,419848.619000000,206.871000000,56.112978100,1.000000000,saturated
4415,146.902200000,13221198,62.708333300,176,158.500000000,666.072420000,460.960680000,420511.219000000,205.828000000,56.087741100,1.000000000,saturated
4416,146.935044000,13224154,63.375000000,178,159.650000000,666.058950000,460.911765000,421866.619000000,205.942000000,56.099534900,1.000000000,saturated
4417,146.968378000,13227154,63.750000000,178,160.800000000,665.999777000,460.897637000,422664.419000000,205.942000000,55.943016400,1.000000000,saturated
4418,147.001711000,13230154,64.208333300,179,161.800000000,665.911799000,460.998335000,426563.997000000,210.718000000,56.103015600,1.000000000,saturated
4419,147.035044000,13233154,64.125000000,179,161.950000000,665.948290000,460.895353000,422080.981000000,207.572000000,56.028712900,1.000000000,saturated
4420,147.068378000,13236154,63.875000000,178,161.400000000,665.981986000,461.017340000,427905.398000000,206.643000000,56.143843000,1.000000000,saturated
4421,147.101711000,13239154,64.000000000,178,162.550000000,666.027148000,460.954348000,422895.219000000,206.871000000,55.995720100,1.000000000,saturated
4422,147.135044000,13242154,65.166666700,182,164.850000000,666.054752000,460.911798000,418381.000000000,206.871000000,55.850192500,1.000000000,saturated
4423,147.168378000,13245154,65.750000000,179,163.850000000,666.261407000,460.897212000,415926.000000000,207.572000000,55.837973900,1.000000000,saturated
4424,147.201233000,13248111,65.791666700,177,163.700000000,666.391845000,460.787499000,412198.182000000,206.170000000,55.696835500,1.000000000,saturated
4425,147.234567000,13251111,66.500000000,171,162.000000000,666.366216000,460.743073000,410264.782000000,207.572000000,55.658116100,1.000000000,saturated
4426,147.267900000,13254111,66.708333300,171,161.850000000,666.490824000,460.531425000,404969.997000000,205.338000000,55.683146800,1.000000000,saturated
4427,147.301233000,13257111,67.208333300,172,162.700000000,666.531849000,460.471497000,406563.397000000,205.338000000,55.714467800,1.000000000,saturated
4428,147.334567000,13260111,66.041666700,170,160.850000000,666.615445000,460.422786000,413323.418000000,206.039000000,55.990627100,1.000000000,saturated
4429,147.367900000,13263111,65.583333300,171,161.850000000,666.629958000,460.210524000,405141.397000000,205.583000000,55.769382300,1.000000000,saturated
4430,147.401233000,13266111,65.125000000,171,161.850000000,666.671157000,460.365495000,402065.818000000,206.039000000,55.699108400,1.000000000,saturated
4431,147.434567000,13269111,65.791666700,172,162.000000000,666.452856000,460.497146000,410730.803000000,206.740000000,55.975421500,1.000000000,saturated
4432,147.467422000,13272068,67.208333300,173,163.000000000,666.368684000,460.355497000,417900.218000000,206.740000000,56.291745600,1.000000000,saturated
4433,147.500756000,13275068,67.541666700,173,163.850000000,666.454083000,460.205989000,408919.197000000,205.697000000,56.005142100,1.000000000,saturated
4434,147.534089000,13278068,67.875000000,173,164.850000000,666.338989000,460.298624000,418000.581000000,207.572000000,56.335703900,1.000000000,saturated
4435,147.567422000,13281068,67.375000000,172,168.250000000,666.310886000,460.279139000,418835.581000000,207.082000000,56.322932700,1.000000000,saturated
4436,147.600756000,13284068,67.750000000,173,168.700000000,666.397877000,460.159561000,417192.418000000,209.185000000,56.172361900,1.000000000,saturated
4437,147.634089000,13287068,68.666666700,174,169.000000000,666.291467000,460.227462000,423780.000000000,208.370000000,56.323078500,1.000000000,saturated
4438,147.667422000,13290068,68.333333300,176,170.850000000,666.351908000,460.213614000,423418.000000000,209.772000000,56.320135100,1.000000000,saturated
4439,147.700756000,13293068,69.625000000,177,169.000000000,666.494692000,460.223638000,419924.000000000,209.886000000,56.311234300,1.000000000,saturated
4440,147.733600000,13296024,69.500000000,176,166.250000000,666.813422000,460.160372000,414223.381000000,210.832000000,55.922376400,1.000000000,saturated
4441,147.766933000,13299024,69.500000000,174,164.550000000,666.782934000,460.231365000,414937.981000000,210.832000000,55.965065000,1.000000000,saturated
4442,147.800267000,13302024,70.000000000,177,169.100000000,666.677253000,460.330488000,425818.219000000,210.131000000,56.301941800,1.000000000,saturated
4443,147.833600000,13305024,70.666666700,179,170.800000000,666.698861000,460.177799000,424147.000000000,210.131000000,56.261685600,1.000000000,saturated
4444,147.866933000,13308024,70.166666700,179,173.350000000,666.801253000,460.166793000,414198.018000000,208.615000000,56.011223200,1.000000000,saturated
4445,147.900267000,13311024,70.333333300,181,174.200000000,666.836332000,460.046901000,409162.803000000,208.729000000,55.758410400,1.000000000,saturated
4446,147.933600000,13314024,70.041666700,179,170.050000000,666.901115000,459.993646000,410272.203000000,209.316000000,56.009820200,1.000000000,saturated
4447,147.966933000,13317024,69.708333300,180,170.350000000,666.787874000,460.007636000,414673.602000000,207.914000000,56.050459700,1.000000000,saturated
4448,147.999789000,13319981,69.583333300,183,173.050000000,666.852528000,459.929533000,415331.618000000,207.914000000,55.965934100,1.000000000,saturated
4449,148.033122000,13322981,69.000000000,181,172.900000000,666.664695000,459.851990000,424661.000000000,208.387000000,56.176947500,1.000000000,saturated
4450,148.066456000,13325981,69.458333300,180,174.300000000,666.548521000,459.816829000,425067.000000000,208.387000000,56.210624800,1.000000000,saturated
4451,148.099789000,13328981,69.958333300,184,175.750000000,666.524366000,459.762945000,436033.198000000,208.974000000,56.584909900,1.000000000,saturated
4452,148.133122000,13331981,71.125000000,184,175.050000000,666.519530000,459.771802000,436072.598000000,208.974000000,56.505886900,1.000000000,saturated
4453,148.166456000,13334981,71.583333300,182,173.050000000,666.509740000,459.772641000,427697.602000000,209.903000000,56.292911300,1.000000000,saturated
4454,148.199789000,13337981,71.708333300,181,170.500000000,666.412653000,459.961789000,430184.381000000,210.604000000,56.463783400,1.000000000,saturated
4455,148.233122000,13340981,72.250000000,180,175.650000000,666.298494000,459.882972000,432123.380000000,208.501000000,56.492110200,1.000000000,saturated
4456,148.265989000,13343939,71.708333300,179,175.350000000,666.338405000,459.910468000,432035.380000000,208.159000000,56.459999200,1.000000000,saturated
4457,148.299322000,13346939,71.250000000,178,175.200000000,666.463814000,459.744272000,431658.000000000,207.458000000,56.575996900,1.000000000,saturated
4458,148.332656000,13349939,70.416666700,175,172.350000000,666.367232000,459.767711000,428500.998000000,206.529000000,56.504795500,1.000000000,saturated
4459,148.365989000,13352939,71.166666700,178,175.050000000,666.404400000,459.910491000,418957.619000000,205.942000000,56.115654600,1.000000000,saturated
4460,148.399322000,13355939,71.458333300,180,176.900000000,666.418713000,459.974842000,417596.000000000,205.942000000,56.014664600,1.000000000,saturated
4461,148.432656000,13358939,69.958333300,179,176.750000000,666.392035000,459.892378000,418427.000000000,207.914000000,56.029433700,1.000000000,saturated
4462,148.465989000,13361939,69.500000000,177,173.600000000,666.641323000,459.857946000,407400.203000000,207.914000000,55.612513700,1.000000000,saturated
4463,148.499322000,13364939,69.000000000,176,172.450000000,666.651373000,459.996823000,413884.197000000,209.316000000,55.835374900,1.000000000,saturated
4464,148.532156000,13367894,69.333333300,177,172.300000000,666.565478000,459.946306000,415742.000000000,207.213000000,55.934781300,1.000000000,saturated
4465,148.565489000,13370894,68.958333300,176,169.450000000,666.582352000,460.008795000,415615.603000000,207.914000000,55.894601000,1.000000000,saturated
4466,148.598822000,13373894,68.166666700,172,168.450000000,666.462858000,460.149944000,417714.002000000,208.501000000,55.915942600,1.000000000,saturated
4467,148.632156000,13376894,66.916666700,170,166.300000000,666.480660000,460.210580000,419545.419000000,208.273000000,55.950550700,1.000000000,saturated
4468,148.665489000,13379894,68.833333300,178,173.850000000,666.555845000,460.094761000,415130.000000000,207.572000000,55.811786600,1.000000000,saturated
4469,148.698822000,13382894,69.125000000,179,174.550000000,666.531096000,460.094378000,416068.402000000,207.572000000,55.843404200,1.000000000,saturated
4470,148.732156000,13385894,68.875000000,186,173.150000000,666.589262000,460.174238000,407525.181000000,210.946000000,55.535531300,1.000000000,saturated
4471,148.765489000,13388894,69.041666700,185,171.300000000,666.591706000,460.157244000,407573.381000000,210.245000000,55.542897900,1.000000000,saturated
4472,148.798356000,13391852,68.791666700,185,171.300000000,666.499063000,460.103849000,420107.819000000,210.245000000,55.948837300,1.000000000,saturated
4473,148.831689000,13394852,68.625000000,185,173.150000000,666.439858000,460.057088000,423861.798000000,209.544000000,56.075436100,1.000000000,saturated
4474,148.865022000,13397852,67.416666700,183,170.300000000,666.481949000,459.961976000,420341.819000000,209.544000000,55.919237400,1.000000000,saturated
4475,148.898356000,13400852,67.208333300,180,170.450000000,666.518266000,460.131496000,419874.819000000,208.142000000,55.868120400,1.000000000,saturated
4476,148.931689000,13403852,68.208333300,179,170.750000000,666.653749000,460.162215000,412350.197000000,207.572000000,55.709192200,1.000000000,saturated
4477,148.965022000,13406852,68.083333300,179,172.750000000,666.512624000,460.127090000,413199.397000000,207.572000000,55.755102500,1.000000000,saturated
4478,148.998356000,13409852,69.000000000,178,171.050000000,666.357017000,460.247264000,418826.203000000,210.131000000,55.930255200,1.000000000,saturated
4479,149.031689000,13412852,68.333333300,177,170.750000000,666.253237000,460.289550000,424669.581000000,209.789000000,56.048265800,1.000000000,saturated
4480,149.064544000,13415809,69.625000000,182,171.500000000,666.155291000,460.329302000,423009.419000000,209.088000000,56.009971600,1.000000000,saturated
4481,149.097878000,13418809,69.500000000,180,171.500000000,666.083464000,460.429889000,415362.581000000,208.028000000,55.838212400,1.000000000,saturated
4482,149.131211000,13421809,69.333333300,182,171.500000000,666.197926000,460.216011000,414461.581000000,206.626000000,55.723193800,1.000000000,saturated
4483,149.164544000,13424809,69.125000000,182,171.500000000,666.187405000,460.110509000,413808.181000000,206.626000000,55.686758400,1.000000000,saturated
4484,149.197878000,13427809,68.000000000,180,169.350000000,666.252631000,460.104583000,421126.403000000,207.458000000,56.041565000,1.000000000,saturated
4485,149.231211000,13430809,67.500000000,179,168.200000000,666.179437000,460.125457000,421097.603000000,207.458000000,55.861565600,1.000000000,saturated
4486,149.264544000,13433809,67.458333300,179,168.050000000,666.161612000,460.030489000,421369.802000000,207.669000000,55.831897900,1.000000000,saturated
4487,149.297878000,13436809,67.500000000,179,167.050000000,666.196615000,460.052411000,418787.000000000,207.213000000,55.733042800,1.000000000,saturated
4488,149.330722000,13439765,66.583333300,177,167.050000000,666.228741000,460.022133000,424638.381000000,208.273000000,55.920015700,1.000000000,saturated
4489,149.364056000,13442765,66.208333300,177,166.050000000,666.322733000,459.956061000,425690.581000000,208.974000000,55.953294300,1.000000000,saturated
4490,149.397389000,13445765,66.500000000,179,170.200000000,666.349265000,459.939398000,427797.381000000,208.974000000,55.976076500,1.000000000,saturated
4491,149.430722000,13448765,65.666666700,178,169.900000000,666.443423000,459.911676000,414225.781000000,206.170000000,55.501237400,1.000000000,saturated
4492,149.464056000,13451765,65.583333300,177,167.900000000,666.427629000,459.962378000,417603.000000000,207.572000000,55.593443600,1.000000000,saturated
4493,149.497389000,13454765,66.000000000,176,169.050000000,666.362358000,459.934506000,410564.202000000,206.871000000,55.418862700,1.000000000,saturated
4494,149.530722000,13457765,66.333333300,176,169.050000000,666.394700000,459.962734000,411844.603000000,206.398000000,55.383180800,1.000000000,saturated
4495,149.564056000,13460765,66.750000000,176,169.900000000,666.443781000,459.786187000,412126.603000000,207.099000000,55.452193900,1.000000000,saturated
4496,149.596911000,13463722,66.833333300,176,169.600000000,666.571842000,459.811949000,408179.398000000,207.099000000,55.343819900,1.000000000,saturated
4497,149.630244000,13466722,65.791666700,172,168.750000000,666.466773000,459.869903000,417382.581000000,206.871000000,55.645878400,1.000000000,saturated
4498,149.663578000,13469722,64.791666700,172,167.450000000,666.376381000,459.861784000,420503.781000000,206.757000000,55.803996900,1.000000000,saturated
4499,149.696911000,13472722,66.416666700,181,168.600000000,666.388057000,459.898159000,421611.381000000,206.170000000,55.773624500,1.000000000,saturated
4500,149.730244000,13475722,64.458333300,176,165.050000000,666.538795000,459.694798000,425642.602000000,207.572000000,55.937862300,1.000000000,saturated
4501,149.763578000,13478722,64.833333300,175,164.200000000,666.530667000,459.662658000,417428.981000000,206.871000000,55.673076200,1.000000000,saturated
4502,149.796911000,13481722,65.291666700,174,163.900000000,666.542573000,459.547560000,420492.381000000,206.170000000,55.762966100,1.000000000,saturated
4503,149.830244000,13484722,64.958333300,173,163.600000000,666.571979000,459.564638000,422442.782000000,206.871000000,55.802679900,1.000000000,saturated
4504,149.863100000,13487679,64.833333300,173,161.350000000,666.528255000,459.457086000,418189.202000000,206.170000000,55.663438800,1.000000000,saturated
4505,149.896433000,13490679,64.291666700,175,159.650000000,666.448308000,459.490769000,426573.000000000,206.871000000,55.841756800,1.000000000,saturated
4506,149.929767000,13493679,63.875000000,174,159.350000000,666.401075000,459.585909000,426314.000000000,207.572000000,55.743220900,1.000000000,saturated
4507,149.963100000,13496679,63.750000000,175,160.650000000,666.403081000,459.633239000,427472.000000000,207.572000000,55.772359200,1.000000000,saturated
4508,149.996433000,13499679,64.833333300,177,163.350000000,666.448865000,459.652006000,426320.000000000,207.572000000,55.767872200,1.000000000,saturated
4509,150.029767000,13502679,65.000000000,177,164.050000000,666.583298000,459.672429000,420333.581000000,207.572000000,55.608139300,1.000000000,saturated
4510,150.063100000,13505679,63.916666700,178,166.600000000,666.547769000,459.635458000,428704.019000000,207.572000000,55.846104300,1.000000000,saturated
4511,150.096433000,13508679,63.791666700,176,166.750000000,666.548747000,459.510984000,418702.802000000,208.615000000,55.501908500,1.000000000,saturated
4512,150.129278000,13511635,63.541666700,174,164.750000000,666.601643000,459.573437000,426645.000000000,208.615000000,55.856829700,1.000000000,saturated
4513,150.162611000,13514635,63.291666700,174,164.750000000,666.565684000,459.508866000,419654.981000000,208.615000000,55.655929200,1.000000000,saturated
4514,150.195944000,13517635,63.125000000,174,164.600000000,666.552289000,459.557850000,418589.581000000,207.914000000,55.632058100,1.000000000,saturated
4515,150.229278000,13520635,62.750000000,176,165.050000000,666.563891000,459.568064000,415766.381000000,209.316000000,55.574046500,1.000000000,saturated
4516,150.262611000,13523635,62.916666700,176,166.750000000,666.633071000,459.424593000,412584.003000000,208.615000000,55.402070400,1.000000000,saturated
4517,150.295944000,13526635,63.041666700,176,167.450000000,666.632371000,459.524685000,416576.581000000,209.202000000,55.456160000,1.000000000,saturated
4518,150.329278000,13529635,63.375000000,175,168.150000000,666.614921000,459.497298000,422451.000000000,209.316000000,55.654656600,1.000000000,saturated
4519,150.362611000,13532635,64.166666700,174,167.450000000,666.664885000,459.476630000,426795.819000000,209.316000000,55.711208400,1.000000000,saturated
4520,150.395467000,13535592,64.583333300,176,165.900000000,666.861561000,459.398241000,423843.802000000,209.903000000,55.765146400,1.000000000,saturated
4521,150.428800000,13538592,64.333333300,174,165.750000000,666.782690000,459.404981000,426831.402000000,208.387000000,55.908769400,1.000000000,saturated
4522,150.462133000,13541592,64.833333300,175,166.750000000,666.738647000,459.438380000,426717.802000000,209.316000000,55.799436100,1.000000000,saturated
4523,150.495467000,13544592,64.791666700,176,167.750000000,666.724259000,459.447190000,427596.002000000,209.903000000,55.838163500,1.000000000,saturated
4524,150.528800000,13547592,65.375000000,176,168.450000000,666.660113000,459.520687000,428637.202000000,209.316000000,55.918315300,1.000000000,saturated
4525,150.562133000,13550592,64.750000000,175,166.900000000,666.660655000,459.544491000,428238.601000000,209.316000000,55.823879500,1.000000000,saturated
4526,150.595467000,13553592,64.583333300,175,167.050000000,666.645110000,459.573748000,420902.418000000,209.316000000,55.606745600,1.000000000,saturated
4527,150.628800000,13556592,64.458333300,174,167.350000000,666.770620000,459.482686000,420495.218000000,209.316000000,55.642085800,1.000000000,saturated
4528,150.661667000,13559550,64.458333300,175,168.350000000,666.837903000,459.401397000,412611.000000000,208.615000000,55.406309600,1.000000000,saturated
4529,150.695000000,13562550,64.166666700,174,165.800000000,666.849460000,459.403404000,413404.000000000,207.213000000,55.530731100,1.000000000,saturated
4530,150.728333000,13565550,63.416666700,180,161.850000000,666.592062000,459.402398000,428126.202000000,209.316000000,55.983530500,1.000000000,saturated
4531,150.761667000,13568550,63.333333300,176,161.250000000,666.702864000,459.459357000,421703.981000000,210.017000000,55.717333100,1.000000000,saturated
4532,150.795000000,13571550,64.708333300,177,162.400000000,666.744827000,459.312798000,417312.202000000,209.316000000,55.629477500,1.000000000,saturated
4533,150.828333000,13574550,64.583333300,176,161.550000000,666.725793000,459.495605000,418774.802000000,208.615000000,55.632695600,1.000000000,saturated
4534,150.861667000,13577550,64.083333300,176,161.700000000,666.726983000,459.404459000,418556.802000000,208.316000000,55.666987900,1.000000000,saturated
4535,150.895000000,13580550,62.333333300,174,159.550000000,666.775763000,459.518045000,415790.398000000,206.626000000,55.614578700,1.000000000,saturated
4536,150.927844000,13583506,61.583333300,173,158.550000000,666.700410000,459.559287000,418700.002000000,206.626000000,55.762315300,1.000000000,saturated
4537,150.961178000,13586506,61.166666700,171,157.000000000,666.551814000,459.504688000,421208.002000000,206.626000000,55.689452800,1.000000000,saturated
4538,150.994511000,13589506,61.625000000,171,158.550000000,666.585398000,459.526933000,420435.802000000,207.316000000,55.642763200,1.000000000,saturated
4539,151.027844000,13592506,63.625000000,176,165.550000000,666.628835000,459.616965000,418957.402000000,207.316000000,55.644763600,1.000000000,saturated
4540,151.061178000,13595506,62.458333300,175,162.850000000,666.577131000,459.509381000,421133.418000000,207.213000000,55.759819400,1.000000000,saturated
4541,151.094511000,13598506,61.583333300,173,160.850000000,666.508917000,459.465034000,424576.581000000,206.512000000,55.807151400,1.000000000,saturated
4542,151.127844000,13601506,62.041666700,174,161.850000000,666.460820000,459.365157000,423349.018000000,207.213000000,55.799511800,1.000000000,saturated
4543,151.161178000,13604506,62.500000000,175,162.850000000,666.474308000,459.487113000,428826.798000000,206.398000000,55.936458000,1.000000000,saturated
4544,151.194033000,13607463,61.000000000,173,160.850000000,666.360803000,459.481135000,431856.000000000,206.871000000,56.029743300,1.000000000,saturated
4545,151.227367000,13610463,61.250000000,172,161.850000000,666.448659000,459.431315000,421607.402000000,206.871000000,55.715871300,1.000000000,saturated
4546,151.260700000,13613463,62.791666700,174,163.000000000,666.370339000,459.403037000,422246.002000000,206.871000000,55.706135200,1.000000000,saturated
4547,151.294033000,13616463,63.458333300,172,163.000000000,666.402917000,459.398727000,422224.002000000,206.170000000,55.686532400,1.000000000,saturated
4548,151.327367000,13619463,63.250000000,170,161.850000000,666.317131000,459.403169000,430733.000000000,207.572000000,56.026740400,1.000000000,saturated
4549,151.360700000,13622463,62.458333300,169,160.850000000,666.389019000,459.358116000,424539.218000000,206.056000000,55.769873300,1.000000000,saturated
4550,151.394033000,13625463,63.458333300,174,159.850000000,666.508530000,459.422859000,421937.802000000,207.800000000,55.684384700,1.000000000,saturated
4551,151.427367000,13628463,63.875000000,172,159.850000000,666.502832000,459.375344000,418275.000000000,207.327000000,55.575142800,1.000000000,saturated
4552,151.460222000,13631420,63.625000000,171,159.400000000,666.495811000,459.429582000,416305.798000000,208.028000000,55.556081800,1.000000000,saturated
4553,151.493556000,13634420,62.708333300,170,156.850000000,666.463445000,459.461801000,417215.598000000,206.626000000,55.546266900,1.000000000,saturated
4554,151.526889000,13637420,62.333333300,169,158.400000000,666.397203000,459.418275000,424828.181000000,207.800000000,55.741902500,1.000000000,saturated
4555,151.560222000,13640420,62.750000000,169,159.250000000,666.646228000,459.441497000,412592.798000000,207.099000000,55.376104800,1.000000000,saturated
4556,151.593556000,13643420,63.000000000,170,160.400000000,666.618084000,459.380984000,410264.618000000,206.626000000,55.273253000,1.000000000,saturated
4557,151.626889000,13646420,61.791666700,169,159.400000000,666.874144000,459.443998000,403094.000000000,206.626000000,55.027111100,1.000000000,saturated
4558,151.660222000,13649420,61.250000000,167,157.550000000,666.599809000,459.444083000,416981.000000000,207.327000000,55.348511900,1.000000000,saturated
4559,151.693556000,13652420,61.250000000,166,155.850000000,666.679476000,459.376486000,410968.418000000,207.099000000,55.208272600,1.000000000,saturated
4560,151.726400000,13655376,61.125000000,170,157.000000000,666.679613000,459.475697000,411748.798000000,206.170000000,55.172112200,1.000000000,saturated
4561,151.759733000,13658376,61.583333300,170,159.550000000,666.636151000,459.478214000,412804.398000000,206.398000000,55.235515500,1.000000000,saturated
4562,151.793067000,13661376,62.041666700,174,166.250000000,666.580571000,459.452473000,424457.981000000,211.174000000,55.548354800,1.000000000,saturated
4563,151.826400000,13664376,62.875000000,174,167.100000000,666.542556000,459.429210000,430055.000000000,210.946000000,55.751755800,0.999962795,saturated
4564,151.859733000,13667376,63.291666700,175,169.100000000,666.693533000,459.502616000,420304.218000000,207.099000000,55.519759500,1.000000000,saturated
4565,151.893067000,13670376,64.416666700,177,169.850000000,666.697886000,459.449206000,410074.218000000,204.654000000,55.145761900,1.000000000,saturated
4566,151.926400000,13673376,64.416666700,176,169.000000000,666.597685000,459.553838000,414456.398000000,205.355000000,55.382471700,1.000000000,saturated
4567,151.959733000,13676376,64.375000000,176,169.000000000,666.614249000,459.356359000,411265.818000000,204.768000000,55.170127800,1.000000000,saturated
4568,151.992589000,13679333,63.083333300,174,169.400000000,666.527440000,459.478952000,423527.381000000,209.316000000,55.680607900,1.000000000,saturated
4569,152.025922000,13682333,62.375000000,170,164.000000000,666.564759000,459.568148000,423120.381000000,208.615000000,55.679686100,1.000000000,saturated
4570,152.059256000,13685333,62.083333300,168,162.850000000,666.472650000,459.383183000,423106.002000000,207.686000000,55.823164700,1.000000000,saturated
4571,152.092589000,13688333,61.791666700,167,162.000000000,666.442696000,459.429304000,422310.802000000,207.686000000,55.733585300,1.000000000,saturated
4572,152.125922000,13691333,62.208333300,167,162.850000000,666.576640000,459.404055000,422008.402000000,206.985000000,55.835552000,1.000000000,saturated
4573,152.159256000,13694333,61.458333300,165,161.850000000,666.628109000,459.430330000,416717.198000000,207.914000000,55.670825000,1.000000000,saturated
4574,152.192589000,13697333,61.875000000,163,160.850000000,666.531138000,459.429993000,427089.381000000,209.316000000,56.027985300,1.000000000,saturated
4575,152.225922000,13700333,61.500000000,164,160.550000000,666.473345000,459.365743000,431839.000000000,208.501000000,56.203757900,1.000000000,saturated
4576,152.258789000,13703291,61.458333300,167,161.700000000,666.564708000,459.378793000,428131.998000000,209.202000000,56.001958400,1.000000000,saturated
4577,152.292122000,13706291,61.875000000,167,162.000000000,666.498022000,459.097403000,420736.802000000,206.284000000,55.773490400,1.000000000,saturated
4578,152.325456000,13709291,63.125000000,168,162.850000000,666.451565000,459.196317000,422632.418000000,206.985000000,55.868628600,1.000000000,saturated
4579,152.358789000,13712291,62.666666700,168,162.850000000,666.426670000,459.210099000,423802.618000000,206.985000000,55.885531400,1.000000000,saturated
4580,152.392122000,13715291,62.250000000,168,163.000000000,666.393257000,459.076741000,422385.402000000,206.985000000,55.847767500,1.000000000,saturated
4581,152.425456000,13718291,61.875000000,167,162.850000000,666.478375000,458.988225000,414298.618000000,208.028000000,55.555404200,1.000000000,saturated
4582,152.458789000,13721291,60.541666700,164,162.850000000,666.405845000,459.153264000,420496.602000000,208.028000000,55.722669600,1.000000000,saturated
4583,152.492122000,13724291,60.958333300,167,165.550000000,666.513835000,459.142279000,419826.802000000,209.316000000,55.704061100,1.000000000,saturated
4584,152.524956000,13727246,61.250000000,168,167.850000000,666.336335000,459.135114000,427926.398000000,209.316000000,55.975615100,1.000000000,saturated
4585,152.558289000,13730246,62.125000000,179,174.900000000,666.303989000,459.061844000,428494.181000000,209.316000000,56.025982300,1.000000000,saturated
4586,152.591622000,13733246,61.458333300,178,173.900000000,666.315724000,458.984158000,430154.381000000,208.615000000,56.081487500,1.000000000,saturated
4587,152.624956000,13736246,61.458333300,179,174.900000000,666.380745000,458.951935000,434889.000000000,208.387000000,56.455029500,1.000000000,saturated
4588,152.658289000,13739246,61.583333300,179,173.900000000,666.372994000,458.971697000,434894.000000000,208.387000000,56.424768400,1.000000000,saturated
4589,152.691622000,13742246,61.208333300,177,170.500000000,666.380627000,459.147394000,436464.000000000,209.316000000,56.407608600,1.000000000,saturated
4590,152.724956000,13745246,61.125000000,166,163.250000000,666.421544000,459.070532000,427420.002000000,206.284000000,56.164633800,1.000000000,saturated
4591,152.758289000,13748246,60.750000000,166,163.250000000,666.544866000,459.071050000,421683.798000000,206.740000000,55.989233600,1.000000000,saturated
4592,152.791156000,13751204,60.250000000,167,165.100000000,666.605855000,459.015931000,423734.798000000,205.583000000,56.006044000,1.000000000,saturated
4593,152.824489000,13754204,59.041666700,165,163.250000000,666.564669000,458.964587000,428621.202000000,206.056000000,56.185722000,1.000000000,saturated
4594,152.857822000,13757204,60.333333300,168,166.100000000,666.394787000,459.086951000,434851.981000000,206.056000000,56.472260900,1.000000000,saturated
4595,152.891156000,13760204,61.541666700,168,166.100000000,666.464089000,459.063411000,437795.000000000,206.056000000,56.666880900,1.000000000,saturated
4596,152.924489000,13763204,61.083333300,164,162.550000000,666.405442000,459.049105000,437653.000000000,205.942000000,56.648832700,1.000000000,saturated
4597,152.957822000,13766204,60.750000000,163,161.700000000,666.411784000,459.076475000,427978.602000000,205.583000000,56.393385300,1.000000000,saturated
4598,152.991156000,13769204,60.625000000,165,163.400000000,666.475159000,459.071904000,423595.198000000,206.985000000,56.182678900,1.000000000,saturated
4599,153.024489000,13772204,60.208333300,167,165.100000000,666.560697000,458.974804000,423436.998000000,206.985000000,56.292562800,1.000000000,saturated
4600,153.057344000,13775161,60.125000000,167,165.100000000,666.558218000,459.077703000,422911.198000000,204.654000000,56.165313100,1.000000000,saturated
4601,153.090678000,13778161,59.791666700,174,170.500000000,666.502836000,459.081735000,419927.418000000,204.768000000,56.034824500,1.000000000,saturated
4602,153.124011000,13781161,60.000000000,172,169.350000000,666.475049000,459.124042000,424326.198000000,204.768000000,56.229167100,1.000000000,saturated
4603,153.157344000,13784161,61.541666700,171,169.650000000,666.452744000,459.120215000,425758.398000000,206.170000000,56.268638900,1.000000000,saturated
4604,153.190678000,13787161,61.083333300,169,167.800000000,666.243407000,459.149283000,435290.581000000,208.615000000,56.561632700,1.000000000,saturated
4605,153.224011000,13790161,60.166666700,169,167.950000000,666.316128000,459.275219000,436364.581000000,208.615000000,56.498834500,1.000000000,saturated
4606,153.257344000,13793161,60.541666700,169,167.100000000,666.384740000,459.279925000,424673.998000000,205.469000000,56.181263500,1.000000000,saturated
4607,153.290678000,13796161,61.458333300,170,168.950000000,666.503055000,459.267403000,417727.418000000,208.142000000,55.880201400,1.000000000,saturated
4608,153.323522000,13799117,62.000000000,170,167.950000000,666.378549000,459.290796000,422341.998000000,209.544000000,56.082485600,1.000000000,saturated
4609,153.356856000,13802117,62.583333300,171,168.100000000,666.365803000,459.287559000,421107.398000000,208.142000000,56.028988800,1.000000000,saturated
4610,153.390189000,13805117,61.791666700,171,168.800000000,666.352400000,459.384606000,420356.598000000,208.142000000,56.007821500,1.000000000,saturated
4611,153.423522000,13808117,60.916666700,169,163.100000000,666.341009000,459.485585000,422188.000000000,209.544000000,56.053534200,1.000000000,saturated
4612,153.456856000,13811117,61.375000000,169,167.100000000,666.331411000,459.359557000,421867.602000000,209.544000000,55.955220700,1.000000000,saturated
4613,153.490189000,13814117,61.375000000,167,165.250000000,666.197127000,459.533062000,426039.802000000,207.800000000,56.073890300,1.000000000,saturated
4614,153.523522000,13817117,60.541666700,167,166.100000000,666.251641000,459.562785000,417294.218000000,208.142000000,55.928671300,1.000000000,saturated
4615,153.556856000,13820117,60.666666700,169,168.100000000,666.232961000,459.464691000,417829.618000000,208.142000000,55.878200700,1.000000000,saturated
4616,153.589711000,13823074,61.291666700,171,169.950000000,666.116697000,459.418190000,421860.198000000,210.245000000,55.949473900,1.000000000,saturated
4617,153.623044000,13826074,61.000000000,175,170.350000000,666.343022000,459.222465000,413608.618000000,210.473000000,55.675387500,1.000000000,saturated
4618,153.656378000,13829074,62.208333300,175,169.350000000,666.462377000,459.173573000,403370.382000000,205.338000000,55.330809100,1.000000000,saturated
4619,153.689711000,13832074,61.333333300,175,169.200000000,666.489359000,459.118673000,411260.418000000,209.544000000,55.547709700,1.000000000,saturated
4620,153.723044000,13835074,62.666666700,187,174.450000000,666.194186000,459.284001000,419604.402000000,209.430000000,55.980572500,1.000000000,saturated
4621,153.756378000,13838074,62.708333300,186,173.600000000,666.258868000,459.241574000,418953.402000000,208.501000000,55.911820100,1.000000000,saturated
4622,153.789711000,13841074,61.208333300,185,173.300000000,666.245904000,459.171503000,420449.202000000,209.430000000,55.927979300,1.000000000,saturated
4623,153.823044000,13844074,60.833333300,186,173.300000000,666.274495000,459.134942000,419437.602000000,209.430000000,55.869200500,1.000000000,saturated
4624,153.855900000,13847031,61.250000000,185,173.150000000,666.251170000,459.178370000,414008.798000000,209.658000000,55.702331200,1.000000000,saturated
4625,153.889233000,13850031,60.625000000,184,173.850000000,666.204376000,459.106987000,422702.981000000,208.142000000,55.949219500,1.000000000,saturated
4626,153.922567000,13853031,61.375000000,184,174.000000000,666.184081000,459.210989000,424241.981000000,209.544000000,55.924544900,1.000000000,saturated
4627,153.955900000,13856031,61.541666700,185,174.700000000,666.138008000,459.237761000,424337.181000000,210.946000000,55.966404300,1.000000000,saturated
4628,153.989233000,13859031,61.750000000,185,174.850000000,666.241764000,459.335633000,425755.199000000,210.946000000,56.009171300,1.000000000,saturated
4629,154.022567000,13862031,61.500000000,184,174.000000000,666.224764000,459.226847000,425401.000000000,211.647000000,56.016531400,1.000000000,saturated
4630,154.055900000,13865031,61.291666700,184,176.300000000,666.244674000,459.111369000,424238.000000000,208.615000000,55.973137500,1.000000000,saturated
4631,154.089233000,13868031,60.625000000,182,174.600000000,666.271997000,459.136900000,421095.181000000,209.316000000,55.919415400,1.000000000,saturated
4632,154.122078000,13870987,60.083333300,181,174.600000000,666.219836000,459.234328000,427747.000000000,208.615000000,56.151952800,1.000000000,saturated
4633,154.155411000,13873987,60.166666700,181,174.750000000,666.323313000,459.258143000,427217.000000000,208.615000000,56.116124900,1.000000000,saturated
4634,154.188744000,13876987,60.250000000,181,173.750000000,666.368532000,459.250765000,426392.000000000,206.284000000,56.149957800,1.000000000,saturated
4635,154.222078000,13879987,60.291666700,178,173.050000000,666.290389000,459.288570000,427127.000000000,208.615000000,56.223047300,1.000000000,saturated
4636,154.255411000,13882987,60.791666700,178,173.350000000,666.416148000,459.271431000,423033.181000000,207.914000000,56.097103100,1.000000000,saturated
4637,154.288744000,13885987,59.708333300,176,172.500000000,666.407304000,459.239985000,425272.000000000,208.615000000,56.164758300,1.000000000,saturated
4638,154.322078000,13888987,60.375000000,177,173.350000000,666.414665000,459.166308000,421792.981000000,207.914000000,56.045484500,1.000000000,saturated
4639,154.355411000,13891987,59.583333300,176,173.200000000,666.523598000,459.041653000,424486.000000000,208.615000000,56.166343300,1.000000000,saturated
4640,154.388267000,13894944,59.583333300,177,173.200000000,666.340255000,459.139246000,425313.000000000,211.647000000,56.322995800,1.000000000,saturated
4641,154.421600000,13897944,59.208333300,176,173.900000000,666.368907000,459.081884000,425861.000000000,211.647000000,56.317035100,1.000000000,saturated
4642,154.454933000,13900944,60.625000000,176,173.900000000,666.309566000,459.265521000,420111.581000000,210.946000000,56.150079500,1.000000000,saturated
4643,154.488267000,13903944,61.083333300,177,173.600000000,666.099913000,459.290220000,423086.000000000,211.647000000,56.321708100,1.000000000,saturated
4644,154.521600000,13906944,62.500000000,179,175.600000000,666.035493000,459.152842000,431593.219000000,211.647000000,56.461787600,1.000000000,saturated
4645,154.554933000,13909944,62.541666700,179,176.450000000,666.003842000,459.064434000,430650.202000000,210.946000000,56.319371000,1.000000000,saturated
4646,154.588267000,13912944,62.375000000,180,176.300000000,666.019688000,459.028251000,427980.000000000,211.647000000,56.074372100,1.000000000,saturated
4647,154.621600000,13915944,62.416666700,182,173.700000000,666.112905000,458.965108000,415842.403000000,210.245000000,55.742371700,1.000000000,saturated
4648,154.654467000,13918902,61.166666700,179,172.700000000,666.014672000,458.987934000,421477.381000000,210.245000000,55.881704300,1.000000000,saturated
4649,154.687800000,13921902,59.625000000,179,175.400000000,665.972696000,459.094885000,417911.981000000,210.946000000,55.844608400,1.000000000,saturated
4650,154.721133000,13924902,60.208333300,184,174.250000000,665.959545000,459.044994000,418387.198000000,210.245000000,55.807304300,1.000000000,saturated
4651,154.754467000,13927902,60.833333300,183,173.400000000,666.265862000,458.999217000,409844.000000000,208.142000000,55.588411400,1.000000000,saturated
4652,154.787800000,13930902,61.166666700,181,173.400000000,666.134269000,459.061399000,410682.403000000,209.544000000,55.665051600,1.000000000,saturated
4653,154.821133000,13933902,60.875000000,180,174.400000000,666.104663000,459.151047000,417741.581000000,210.245000000,55.890486000,1.000000000,saturated
4654,154.854467000,13936902,59.875000000,180,174.400000000,666.106246000,458.947519000,421560.000000000,209.544000000,56.010332400,1.000000000,saturated
4655,154.887800000,13939902,60.625000000,183,176.100000000,666.069340000,458.956274000,410431.803000000,209.544000000,55.843448000,1.000000000,saturated
4656,154.920644000,13942858,61.500000000,183,178.800000000,666.132472000,459.024342000,403110.818000000,209.544000000,55.593897500,1.000000000,saturated
4657,154.953978000,13945858,61.791666700,179,175.250000000,666.110938000,459.027061000,412595.603000000,208.615000000,55.924232500,1.000000000,saturated
4658,154.987311000,13948858,59.916666700,179,175.100000000,666.172304000,459.046523000,405878.797000000,207.800000000,55.715336000,1.000000000,saturated
4659,155.020644000,13951858,59.583333300,178,174.250000000,666.103031000,459.094174000,413853.981000000,209.316000000,55.974682500,1.000000000,saturated
4660,155.053978000,13954858,59.125000000,177,172.950000000,666.104409000,458.859968000,410968.003000000,209.316000000,55.837795300,1.000000000,saturated
4661,155.087311000,13957858,59.333333300,176,172.100000000,666.155133000,458.855241000,413952.181000000,208.615000000,56.061812100,1.000000000,saturated
4662,155.120644000,13960858,58.541666700,176,172.250000000,666.243672000,458.848828000,417968.000000000,209.316000000,56.185225600,1.000000000,saturated
4663,155.153978000,13963858,58.083333300,179,173.400000000,666.179808000,458.847525000,416928.397000000,207.572000000,56.141431500,1.000000000,saturated
4664,155.186833000,13966815,58.500000000,178,173.100000000,666.160558000,458.867856000,412882.404000000,206.056000000,56.029696100,1.000000000,saturated
4665,155.220167000,13969815,59.041666700,179,174.400000000,666.124196000,458.957642000,418523.781000000,207.099000000,56.230375300,1.000000000,saturated
4666,155.253500000,13972815,58.958333300,179,174.400000000,666.191812000,458.994201000,419619.781000000,207.800000000,56.180202400,1.000000000,saturated
4667,155.286833000,13975815,59.625000000,173,167.600000000,666.186963000,459.022408000,415077.603000000,206.398000000,56.001747800,1.000000000,saturated
4668,155.320167000,13978815,59.583333300,172,168.300000000,665.982766000,459.051536000,422829.000000000,207.572000000,56.332224700,1.000000000,saturated
4669,155.353500000,13981815,59.875000000,172,168.300000000,665.745432000,458.999794000,423065.000000000,206.871000000,56.260372900,1.000000000,saturated
4670,155.386833000,13984815,58.125000000,169,165.900000000,665.867371000,459.101144000,429708.419000000,210.017000000,56.482013900,1.000000000,saturated
4671,155.420167000,13987815,57.125000000,166,163.200000000,665.810346000,459.170635000,434731.998000000,210.604000000,56.667705500,1.000000000,saturated
4672,155.453022000,13990772,57.416666700,168,165.200000000,665.888917000,459.159318000,429496.019000000,209.903000000,56.521839200,1.000000000,saturated
4673,155.486356000,13993772,57.833333300,167,165.350000000,665.976112000,459.143939000,428712.819000000,209.316000000,56.480160200,1.000000000,saturated
4674,155.519689000,13996772,57.750000000,165,163.950000000,665.818733000,459.233433000,427564.419000000,208.501000000,56.476689000,1.000000000,saturated
4675,155.553022000,13999772,58.166666700,164,162.250000000,665.733829000,459.307743000,428339.419000000,208.387000000,56.433709300,1.000000000,saturated
4676,155.586356000,14002772,57.791666700,163,160.250000000,665.795330000,459.350799000,428837.819000000,209.088000000,56.509624200,1.000000000,saturated
4677,155.619689000,14005772,57.166666700,163,160.400000000,665.724229000,459.430253000,424381.000000000,207.099000000,56.348504800,1.000000000,saturated
4678,155.653022000,14008772,56.625000000,162,161.250000000,665.784591000,459.353618000,429313.419000000,209.088000000,56.351795800,1.000000000,saturated
4679,155.686356000,14011772,58.125000000,168,163.400000000,665.856828000,459.251326000,418572.381000000,206.056000000,55.940036700,1.000000000,saturated
4680,155.719200000,14014728,59.708333300,178,173.450000000,665.847026000,459.404446000,426669.019000000,209.316000000,56.260910200,1.000000000,saturated
4681,155.752533000,14017728,60.000000000,178,173.450000000,665.851641000,459.394388000,424940.419000000,207.213000000,56.256356300,1.000000000,saturated
4682,155.785867000,14020728,59.541666700,177,172.600000000,665.901280000,459.468908000,425176.619000000,209.088000000,56.328648800,1.000000000,saturated
4683,155.819200000,14023728,59.583333300,175,170.900000000,665.891578000,459.392270000,423508.619000000,210.718000000,56.197543000,1.000000000,saturated
4684,155.852533000,14026728,59.541666700,173,170.050000000,665.856551000,459.445289000,417354.000000000,208.615000000,55.889435300,1.000000000,saturated
4685,155.885867000,14029728,59.916666700,171,167.350000000,665.820168000,459.482712000,417841.000000000,208.615000000,55.832379700,1.000000000,saturated
4686,155.919200000,14032728,60.375000000,170,167.500000000,665.889092000,459.448753000,418112.000000000,209.316000000,55.932869300,1.000000000,saturated
4687,155.952533000,14035728,59.875000000,169,166.650000000,665.869257000,459.527351000,413833.981000000,207.572000000,55.803739500,1.000000000,saturated
4688,155.985389000,14038685,60.333333300,169,167.800000000,665.781892000,459.732358000,417647.000000000,207.914000000,55.893215100,1.000000000,saturated
4689,156.018722000,14041685,59.916666700,169,167.800000000,665.741919000,459.757565000,422453.019000000,208.273000000,56.089062200,1.000000000,saturated
4690,156.052056000,14044685,60.416666700,168,166.950000000,665.909466000,459.678086000,416394.000000000,206.757000000,55.903335500,1.000000000,saturated
4691,156.085389000,14047685,61.166666700,169,166.950000000,665.864527000,459.700587000,420008.219000000,208.273000000,56.008068400,1.000000000,saturated
4692,156.118722000,14050685,59.791666700,168,165.950000000,665.784350000,459.662641000,422022.419000000,208.273000000,56.043299000,1.000000000,saturated
4693,156.152056000,14053685,60.791666700,168,166.800000000,665.719719000,459.594385000,422359.419000000,208.273000000,56.046833000,1.000000000,saturated
4694,156.185389000,14056685,61.458333300,170,167.950000000,665.689035000,459.405307000,423132.181000000,208.974000000,56.081759700,1.000000000,saturated
4695,156.218722000,14059685,62.083333300,169,167.100000000,665.705813000,459.469209000,420585.381000000,208.273000000,56.037750200,1.000000000,saturated
4696,156.251589000,14062643,61.041666700,169,167.100000000,665.710942000,459.525747000,425250.000000000,208.273000000,56.192112600,1.000000000,saturated
4697,156.284922000,14065643,60.916666700,170,168.100000000,665.682048000,459.486228000,430625.619000000,208.974000000,56.439570800,1.000000000,saturated
4698,156.318256000,14068643,61.166666700,171,170.100000000,665.709428000,459.530217000,431570.019000000,209.675000000,56.402879000,1.000000000,saturated
4699,156.351589000,14071643,61.500000000,172,168.950000000,665.790986000,459.424588000,426943.000000000,208.974000000,56.324372900,1.000000000,saturated
4700,156.384922000,14074643,60.875000000,171,168.650000000,665.672430000,459.461395000,423072.581000000,208.273000000,56.130046500,1.000000000,saturated
4701,156.418256000,14077643,60.625000000,171,169.650000000,665.706270000,459.443108000,427505.000000000,208.273000000,56.224334800,1.000000000,saturated
4702,156.451589000,14080643,61.875000000,172,170.100000000,665.745652000,459.407245000,428197.000000000,208.273000000,56.233463200,1.000000000,saturated
4703,156.484922000,14083643,61.166666700,172,170.100000000,665.734459000,459.478075000,427410.000000000,208.974000000,56.128777400,1.000000000,saturated
4704,156.517756000,14086598,61.875000000,171,169.250000000,665.680274000,459.415528000,425464.798000000,208.501000000,55.977397500,1.000000000,saturated
4705,156.551089000,14089598,61.458333300,170,166.850000000,665.619966000,459.483135000,428077.598000000,208.501000000,56.004220600,1.000000000,saturated
4706,156.584422000,14092598,60.291666700,168,164.000000000,665.701008000,459.601862000,431443.000000000,208.974000000,56.109027200,1.000000000,saturated
4707,156.617756000,14095598,60.666666700,168,164.000000000,665.769293000,459.747582000,429930.000000000,208.974000000,56.217702000,1.000000000,saturated
4708,156.651089000,14098598,60.583333300,167,164.700000000,665.722023000,459.815760000,426284.181000000,209.316000000,56.063399900,1.000000000,saturated
4709,156.684422000,14101598,60.833333300,165,164.000000000,665.738508000,459.818482000,425120.581000000,209.202000000,55.972959600,1.000000000,saturated
4710,156.717756000,14104598,60.583333300,170,168.250000000,665.769303000,459.896297000,417421.781000000,212.348000000,55.857966400,1.000000000,saturated
4711,156.751089000,14107598,60.250000000,170,168.100000000,665.862794000,459.826066000,418538.781000000,212.348000000,55.887875600,1.000000000,saturated
4712,156.783956000,14110556,59.375000000,171,169.950000000,665.907100000,459.790596000,420812.998000000,209.946000000,55.953934800,1.000000000,saturated
4713,156.817289000,14113556,59.375000000,170,167.800000000,666.068248000,459.734498000,398087.418000000,208.843000000,55.097348200,1.000000000,saturated
4714,156.850622000,14116556,58.625000000,169,166.950000000,666.272020000,459.625761000,388669.982000000,209.658000000,54.805033000,1.000000000,saturated
4715,156.883956000,14119556,59.041666700,169,166.650000000,666.163342000,459.488567000,394902.000000000,208.028000000,55.055488700,1.000000000,saturated
4716,156.917289000,14122556,59.458333300,169,166.650000000,666.071712000,459.469813000,400057.000000000,208.142000000,55.076507400,1.000000000,saturated
4717,156.950622000,14125556,59.625000000,169,165.500000000,666.122702000,459.435343000,401029.000000000,208.957000000,55.072198600,1.000000000,saturated
4718,156.983956000,14128556,58.833333300,167,164.500000000,666.122522000,459.393657000,404321.818000000,208.729000000,55.264398000,1.000000000,saturated
4719,157.017289000,14131556,59.708333300,167,164.200000000,666.143734000,459.426580000,402735.218000000,207.327000000,55.231881200,1.000000000,saturated
4720,157.050144000,14134513,60.250000000,167,164.200000000,666.081598000,459.382430000,408102.197000000,207.800000000,55.332977600,1.000000000,saturated
4721,157.083478000,14137513,60.041666700,166,161.350000000,666.080672000,459.511915000,408473.797000000,207.800000000,55.343357700,1.000000000,saturated
4722,157.116811000,14140513,60.375000000,168,160.050000000,666.091778000,459.524887000,406014.597000000,207.800000000,55.419333800,1.000000000,saturated
4723,157.150144000,14143513,60.666666700,169,160.900000000,665.952404000,459.461788000,413692.402000000,208.501000000,55.601924400,1.000000000,saturated
4724,157.183478000,14146513,61.041666700,171,161.900000000,665.967337000,459.692262000,405631.018000000,207.099000000,55.374209800,1.000000000,saturated
4725,157.216811000,14149513,61.791666700,177,159.250000000,665.917510000,459.678728000,405464.618000000,205.583000000,55.231468000,1.000000000,saturated
4726,157.250144000,14152513,62.083333300,177,159.250000000,665.845991000,459.650540000,410311.198000000,207.800000000,55.410219700,1.000000000,saturated
4727,157.283478000,14155513,62.041666700,177,159.950000000,665.775402000,459.612297000,409657.998000000,206.985000000,55.421161600,1.000000000,saturated
4728,157.316322000,14158469,62.583333300,178,161.950000000,665.787880000,459.565510000,410977.798000000,206.284000000,55.400310900,1.000000000,saturated
4729,157.349656000,14161469,61.625000000,176,160.800000000,665.779417000,459.481243000,402175.000000000,206.398000000,55.178457500,1.000000000,saturated
4730,157.382989000,14164469,61.541666700,178,161.250000000,665.763558000,459.446691000,413248.000000000,207.800000000,55.608686900,1.000000000,saturated
4731,157.416322000,14167469,60.333333300,175,157.700000000,665.802274000,459.665631000,413648.000000000,206.626000000,55.674542300,1.000000000,saturated
4732,157.449656000,14170469,60.125000000,175,157.700000000,665.838829000,459.600208000,413282.000000000,207.213000000,55.598485100,1.000000000,saturated
4733,157.482989000,14173469,60.500000000,175,156.850000000,665.822689000,459.613072000,412880.000000000,207.213000000,55.609554900,1.000000000,saturated
4734,157.516322000,14176469,60.375000000,174,155.850000000,665.955594000,459.632296000,414816.618000000,207.914000000,55.782514500,1.000000000,saturated
4735,157.549656000,14179469,59.875000000,175,156.700000000,665.914870000,459.754363000,415185.818000000,208.501000000,55.692513400,1.000000000,saturated
4736,157.582511000,14182426,60.833333300,175,157.700000000,665.816929000,459.993780000,415432.018000000,206.871000000,55.643411800,1.000000000,saturated
4737,157.615844000,14185426,60.625000000,175,157.700000000,665.631679000,460.049356000,424244.202000000,207.572000000,56.000508000,1.000000000,saturated
4738,157.649178000,14188426,61.166666700,175,159.400000000,665.707503000,460.140657000,414040.418000000,207.800000000,55.576172700,1.000000000,saturated
4739,157.682511000,14191426,60.958333300,178,161.500000000,665.796766000,460.005757000,410500.003000000,207.800000000,55.525005300,1.000000000,saturated
4740,157.715844000,14194426,58.916666700,176,157.100000000,665.695873000,459.938832000,418795.000000000,207.800000000,55.951226800,1.000000000,saturated
4741,157.749178000,14197426,59.916666700,177,159.800000000,665.887639000,459.862100000,415383.781000000,206.757000000,55.885308900,1.000000000,saturated
4742,157.782511000,14200426,58.833333300,175,156.250000000,665.826651000,459.831389000,419205.998000000,207.099000000,55.861719300,1.000000000,saturated
4743,157.815844000,14203426,59.416666700,176,158.950000000,665.895593000,459.690341000,421437.002000000,208.273000000,55.872394400,1.000000000,saturated
4744,157.848700000,14206383,60.875000000,177,159.950000000,665.855954000,459.841249000,421831.202000000,206.458000000,56.003418600,1.000000000,saturated
4745,157.882033000,14209383,61.458333300,179,161.900000000,665.831305000,459.845210000,419071.000000000,209.316000000,55.882056700,1.000000000,saturated
4746,157.915367000,14212383,62.000000000,181,161.900000000,665.866992000,459.776828000,419099.002000000,209.316000000,55.835196500,1.000000000,saturated
4747,157.948700000,14215383,62.500000000,179,162.450000000,665.826798000,459.809728000,420893.602000000,209.316000000,55.900982400,1.000000000,saturated
4748,157.982033000,14218383,61.958333300,181,164.300000000,665.829169000,459.830332000,417380.798000000,206.985000000,55.713332200,1.000000000,saturated
4749,158.015367000,14221383,62.041666700,183,165.600000000,665.778143000,459.932946000,417800.598000000,206.626000000,55.641010900,1.000000000,saturated
4750,158.048700000,14224383,62.250000000,178,161.050000000,665.663046000,459.941142000,414882.000000000,206.985000000,55.561412900,1.000000000,saturated
4751,158.082033000,14227383,61.541666700,178,160.650000000,665.745767000,459.939342000,413991.000000000,206.985000000,55.526020900,1.000000000,saturated
4752,158.114878000,14230339,61.625000000,176,161.350000000,665.746962000,460.129634000,418941.218000000,207.458000000,55.851043800,1.000000000,saturated
4753,158.148211000,14233339,61.083333300,177,161.350000000,665.733024000,460.154483000,420493.997000000,207.458000000,56.165895600,1.000000000,saturated
4754,158.181544000,14236339,60.875000000,177,160.500000000,665.740817000,460.041548000,420367.197000000,207.458000000,56.152708100,1.000000000,saturated
4755,158.214878000,14239339,62.041666700,181,161.900000000,665.677562000,460.123191000,420798.598000000,208.974000000,56.099525600,0.999979087,saturated
4756,158.248211000,14242339,62.541666700,179,161.900000000,665.844731000,460.083331000,414503.002000000,208.273000000,55.941149700,1.000000000,saturated
4757,158.281544000,14245339,62.291666700,179,160.900000000,665.782387000,460.055750000,416529.019000000,208.501000000,55.973057500,1.000000000,saturated
4758,158.314878000,14248339,62.333333300,181,161.750000000,665.767890000,460.143589000,418643.381000000,208.974000000,55.980904200,0.999986624,saturated
4759,158.348211000,14251339,61.958333300,179,161.450000000,665.734812000,460.172638000,416949.019000000,207.572000000,55.879764000,1.000000000,saturated
4760,158.381067000,14254296,63.833333300,178,160.750000000,665.568891000,460.145107000,420643.181000000,208.273000000,56.026766400,0.999986687,saturated
4761,158.414400000,14257296,63.541666700,178,160.600000000,665.679899000,460.125490000,415430.802000000,208.273000000,55.773941700,1.000000000,saturated
4762,158.447733000,14260296,63.625000000,177,159.750000000,665.559086000,460.105710000,416542.419000000,211.533000000,55.902261500,1.000000000,saturated
4763,158.481067000,14263296,63.291666700,176,160.450000000,665.552758000,460.047295000,418575.019000000,211.533000000,56.055120900,1.000000000,saturated
4764,158.514400000,14266296,62.875000000,176,160.300000000,665.565706000,460.086998000,413030.398000000,206.398000000,55.819360100,1.000000000,saturated
4765,158.547733000,14269296,63.250000000,176,160.000000000,665.625321000,460.169297000,415232.598000000,210.832000000,55.771330700,1.000000000,saturated
4766,158.581067000,14272296,63.625000000,176,160.300000000,665.608945000,460.231136000,412432.198000000,210.832000000,55.760105400,1.000000000,saturated
4767,158.614400000,14275296,63.916666700,174,159.900000000,665.620977000,460.234976000,411815.798000000,210.832000000,55.690110200,1.000000000,saturated
4768,158.647267000,14278254,62.041666700,171,157.900000000,665.597266000,460.237239000,416752.402000000,210.832000000,55.795592200,1.000000000,saturated
4769,158.680600000,14281254,61.666666700,172,156.500000000,665.708613000,460.266795000,415016.002000000,210.832000000,55.735029800,1.000000000,saturated
4770,158.713933000,14284254,59.750000000,176,159.650000000,665.574333000,460.120154000,423272.000000000,212.462000000,56.173162700,1.000000000,saturated
4771,158.747267000,14287254,59.250000000,173,155.950000000,665.537097000,460.131688000,421457.797000000,213.163000000,56.064536700,1.000000000,saturated
4772,158.780600000,14290254,59.583333300,174,157.500000000,665.596933000,460.050068000,420202.819000000,211.761000000,55.989563900,1.000000000,saturated
4773,158.813933000,14293254,60.541666700,176,159.200000000,665.636046000,460.033647000,415228.000000000,211.060000000,55.861958900,1.000000000,saturated
4774,158.847267000,14296254,60.333333300,176,159.050000000,665.570228000,459.996875000,421777.581000000,211.533000000,55.980598200,1.000000000,saturated
4775,158.880600000,14299254,60.583333300,176,158.500000000,665.578102000,459.919338000,410647.181000000,208.615000000,55.742127300,1.000000000,saturated
4776,158.913444000,14302210,60.083333300,174,157.650000000,665.496248000,459.994995000,415534.581000000,209.316000000,55.892750600,1.000000000,saturated
4777,158.946778000,14305210,60.166666700,175,158.100000000,665.506133000,460.046805000,417503.781000000,208.387000000,55.862809800,1.000000000,saturated
4778,158.980111000,14308210,59.791666700,173,155.550000000,665.380372000,459.998931000,424892.219000000,208.387000000,56.190354400,1.000000000,saturated
4779,159.013444000,14311210,60.083333300,173,155.700000000,665.488867000,459.879842000,424145.203000000,208.501000000,56.233949500,1.000000000,saturated
4780,159.046778000,14314210,60.458333300,176,156.550000000,665.620716000,459.945000000,416470.602000000,209.316000000,55.841972600,1.000000000,saturated
4781,159.080111000,14317210,59.916666700,176,156.400000000,665.679362000,460.054103000,417561.402000000,208.615000000,55.889947600,1.000000000,saturated
4782,159.113444000,14320210,60.125000000,175,156.400000000,665.903288000,460.019393000,416721.581000000,207.914000000,55.909105600,1.000000000,saturated
4783,159.146778000,14323210,59.500000000,176,156.400000000,665.791464000,459.949194000,422172.000000000,207.572000000,56.048150600,1.000000000,saturated
4784,159.179633000,14326167,59.833333300,176,158.100000000,665.742661000,460.017433000,424032.000000000,207.572000000,56.103229300,1.000000000,saturated
4785,159.212967000,14329167,59.625000000,176,156.650000000,665.893914000,459.978447000,428068.000000000,207.572000000,56.223805500,1.000000000,saturated
4786,159.246300000,14332167,60.250000000,176,155.650000000,665.713218000,460.066988000,424179.000000000,207.572000000,56.020506100,1.000000000,saturated
4787,159.279633000,14335167,60.833333300,177,156.500000000,665.815813000,460.100128000,423943.602000000,208.273000000,56.073341300,1.000000000,saturated
4788,159.312967000,14338167,60.208333300,176,155.800000000,665.809117000,459.999593000,426238.202000000,207.458000000,56.185999500,1.000000000,saturated
4789,159.346300000,14341167,60.291666700,176,155.650000000,665.750190000,460.083873000,428050.002000000,207.572000000,56.280249400,1.000000000,saturated
4790,159.379633000,14344167,58.916666700,175,156.400000000,665.760714000,460.061259000,413841.003000000,206.871000000,55.895162200,1.000000000,saturated
4791,159.412967000,14347167,59.291666700,175,156.400000000,665.616901000,459.972136000,428526.402000000,207.572000000,56.332345800,1.000000000,saturated
4792,159.445822000,14350124,59.666666700,176,156.100000000,665.806467000,459.931489000,419349.019000000,206.871000000,55.880948300,1.000000000,saturated
4793,159.479156000,14353124,60.583333300,178,158.100000000,665.789215000,460.014077000,422699.581000000,206.871000000,55.983169800,1.000000000,saturated
4794,159.512489000,14356124,58.750000000,174,151.550000000,665.695436000,459.974814000,424119.181000000,207.572000000,56.079914800,1.000000000,saturated
4795,159.545822000,14359124,57.458333300,171,147.850000000,665.589581000,460.008376000,420964.602000000,206.871000000,56.022148400,1.000000000,saturated
4796,159.579156000,14362124,57.791666700,169,145.850000000,665.616730000,460.073190000,425684.781000000,207.572000000,56.206120800,1.000000000,saturated
4797,159.612489000,14365124,58.750000000,170,147.000000000,665.681660000,459.951623000,429914.000000000,207.572000000,56.282432400,1.000000000,saturated
4798,159.645822000,14368124,58.208333300,169,146.000000000,665.758219000,459.862290000,427994.000000000,207.572000000,56.290184600,1.000000000,saturated
4799,159.679156000,14371124,57.375000000,169,146.000000000,665.776899000,460.007734000,421886.181000000,207.572000000,56.097644100,1.000000000,saturated
4800,159.712000000,14374080,57.458333300,181,175.200000000,665.790690000,460.118257000,422138.602000000,206.056000000,55.954076800,1.000000000,saturated
4801,159.745333000,14377080,57.333333300,179,173.500000000,665.782531000,460.052565000,420249.802000000,205.355000000,55.885798800,1.000000000,saturated
4802,159.778667000,14380080,58.041666700,178,172.650000000,665.725738000,460.134096000,423601.981000000,206.056000000,55.967616500,1.000000000,saturated
4803,159.812000000,14383080,59.000000000,182,175.800000000,665.751907000,460.002806000,430452.000000000,207.572000000,56.324276900,1.000000000,saturated
4804,159.845333000,14386080,59.416666700,183,175.200000000,665.838194000,459.802909000,430192.002000000,210.718000000,56.389328900,1.000000000,saturated
4805,159.878667000,14389080,59.000000000,178,172.350000000,665.828688000,459.826807000,423764.581000000,206.871000000,56.149662700,1.000000000,saturated
4806,159.912000000,14392080,58.916666700,178,172.200000000,665.715478000,459.833394000,421615.418000000,206.170000000,55.930293000,1.000000000,saturated
4807,159.945333000,14395080,58.916666700,178,171.350000000,665.704889000,459.945331000,422923.419000000,204.654000000,56.076632900,1.000000000,saturated
4808,159.978189000,14398037,59.458333300,176,169.650000000,665.569543000,459.927402000,431469.019000000,205.828000000,56.495676800,1.000000000,saturated
4809,160.011522000,14401037,60.750000000,177,171.500000000,665.561529000,460.054225000,422482.397000000,205.355000000,56.293455200,1.000000000,saturated
4810,160.044856000,14404037,59.583333300,178,172.200000000,665.421202000,459.968979000,431064.819000000,207.572000000,56.550012100,1.000000000,saturated
4811,160.078189000,14407037,58.875000000,178,172.350000000,665.383478000,460.020494000,431033.219000000,208.273000000,56.538201200,1.000000000,saturated
4812,160.111522000,14410037,59.125000000,179,173.500000000,665.419289000,459.995228000,422128.181000000,205.355000000,56.339427300,1.000000000,saturated
4813,160.144856000,14413037,59.291666700,176,171.950000000,665.431350000,459.859621000,421060.581000000,205.355000000,56.280828600,1.000000000,saturated
4814,160.178189000,14416037,59.250000000,184,173.800000000,665.393271000,459.969404000,419921.181000000,205.355000000,56.082882700,1.000000000,saturated
4815,160.211522000,14419037,59.875000000,184,172.650000000,665.416706000,460.051475000,425660.000000000,206.056000000,56.224769200,1.000000000,saturated
4816,160.244389000,14421995,59.875000000,185,172.650000000,665.369024000,460.110278000,424265.000000000,206.056000000,56.296663400,1.000000000,saturated
4817,160.277722000,14424995,59.958333300,184,171.950000000,665.326271000,460.225217000,427888.019000000,208.273000000,56.443027100,1.000000000,saturated
4818,160.311056000,14427995,60.041666700,186,173.650000000,665.199233000,460.130096000,435425.000000000,208.974000000,56.666018300,0.999981627,saturated
4819,160.344389000,14430995,59.250000000,184,173.650000000,665.287825000,460.018465000,429228.019000000,207.800000000,56.449559000,0.999966451,saturated
4820,160.377722000,14433995,59.625000000,184,172.650000000,665.289212000,460.033779000,429186.019000000,207.099000000,56.512825800,0.999966448,saturated
4821,160.411056000,14436995,59.166666700,182,171.800000000,665.419793000,460.034462000,430359.197000000,207.800000000,56.632232200,1.000000000,saturated
4822,160.444389000,14439995,58.708333300,180,171.800000000,665.240983000,460.162076000,430960.797000000,207.099000000,56.570640800,1.000000000,saturated
4823,160.477722000,14442995,58.333333300,178,170.950000000,665.232371000,460.019403000,430936.181000000,206.398000000,56.579159000,1.000000000,saturated
4824,160.510556000,14445950,57.708333300,177,169.950000000,665.101435000,460.127028000,426245.000000000,205.942000000,56.478575000,1.000000000,saturated
4825,160.543889000,14448950,57.833333300,177,170.950000000,665.056207000,460.041069000,434104.581000000,206.643000000,56.622001600,1.000000000,saturated
4826,160.577222000,14451950,59.333333300,180,173.250000000,664.996709000,460.031759000,432601.581000000,206.643000000,56.545192000,1.000000000,saturated
4827,160.610556000,14454950,58.083333300,177,171.100000000,664.983707000,460.338919000,436449.000000000,208.974000000,56.692661300,1.000000000,saturated
4828,160.643889000,14457950,57.583333300,175,167.550000000,665.130796000,460.288466000,433227.981000000,208.974000000,56.626323600,1.000000000,saturated
4829,160.677222000,14460950,57.916666700,177,171.350000000,665.188918000,460.293080000,428995.619000000,205.241000000,56.542545400,1.000000000,saturated
4830,160.710556000,14463950,59.791666700,183,175.900000000,665.301088000,460.171978000,431018.619000000,206.643000000,56.552658600,1.000000000,saturated
4831,160.743889000,14466950,59.250000000,182,175.900000000,665.325263000,460.103539000,430752.819000000,205.942000000,56.519729100,1.000000000,saturated
4832,160.776756000,14469908,58.875000000,181,174.200000000,665.311187000,460.041747000,435438.980000000,207.572000000,56.618134900,1.000000000,saturated
4833,160.810089000,14472908,58.041666700,178,172.500000000,665.321939000,459.981503000,427853.003000000,209.088000000,56.392216400,1.000000000,saturated
4834,160.843422000,14475908,57.791666700,174,169.650000000,665.317008000,460.027295000,424920.000000000,207.572000000,56.295216900,1.000000000,saturated
4835,160.876756000,14478908,57.625000000,173,168.100000000,665.318373000,459.804595000,425109.819000000,208.273000000,56.239234800,1.000000000,saturated
4836,160.910089000,14481908,56.958333300,173,168.250000000,665.147027000,459.939442000,426965.819000000,207.572000000,56.278789100,1.000000000,saturated
4837,160.943422000,14484908,56.875000000,173,167.550000000,665.178773000,459.998893000,433432.597000000,208.273000000,56.572768000,0.999933554,saturated
4838,160.976756000,14487908,58.166666700,174,168.550000000,665.189130000,460.008416000,433381.998000000,208.974000000,56.550125800,0.999933546,saturated
4839,161.010089000,14490908,58.625000000,175,168.550000000,665.227448000,460.083545000,436411.000000000,208.974000000,56.722175300,1.000000000,saturated
4840,161.042944000,14493865,57.416666700,174,167.400000000,665.219421000,459.898980000,435912.197000000,209.088000000,56.600324900,1.000000000,saturated
4841,161.076278000,14496865,57.208333300,175,169.950000000,665.368716000,459.802698000,429445.219000000,209.088000000,56.238740200,1.000000000,saturated
4842,161.109611000,14499865,57.333333300,175,169.800000000,665.262962000,460.025511000,431581.419000000,208.387000000,56.309542500,1.000000000,saturated
4843,161.142944000,14502865,56.666666700,174,168.950000000,665.302172000,460.002762000,426902.000000000,207.686000000,56.134933200,1.000000000,saturated
4844,161.176278000,14505865,55.333333300,173,168.400000000,665.404104000,459.963486000,416615.003000000,206.985000000,55.727560800,1.000000000,saturated
4845,161.209611000,14508865,55.333333300,171,166.550000000,665.352643000,459.991247000,411771.197000000,206.512000000,55.378683100,1.000000000,saturated
4846,161.242944000,14511865,54.625000000,170,165.700000000,665.472644000,459.964697000,412990.998000000,206.512000000,55.409831700,1.000000000,saturated
4847,161.276278000,14514865,54.166666700,171,164.000000000,665.354437000,460.102240000,413049.598000000,207.213000000,55.381751700,1.000000000,saturated
4848,161.309122000,14517821,54.625000000,173,165.150000000,665.321314000,460.016572000,410434.618000000,206.512000000,55.337139600,1.000000000,saturated
4849,161.342456000,14520821,54.166666700,174,167.400000000,665.450736000,460.020907000,409519.218000000,206.512000000,55.357700100,1.000000000,saturated
4850,161.375789000,14523821,54.875000000,174,169.100000000,665.513966000,460.020695000,414878.798000000,207.914000000,55.523472400,1.000000000,saturated
4851,161.409122000,14526821,54.166666700,173,168.250000000,665.455183000,460.064883000,416936.598000000,207.914000000,55.640957700,1.000000000,saturated
4852,161.442456000,14529821,53.500000000,172,167.400000000,665.569819000,459.868180000,413461.198000000,206.985000000,55.465348900,1.000000000,saturated
4853,161.475789000,14532821,53.791666700,170,165.550000000,665.489201000,459.925547000,413536.998000000,207.914000000,55.438160900,1.000000000,saturated
4854,161.509122000,14535821,53.958333300,171,165.550000000,665.417482000,459.964568000,412894.798000000,206.985000000,55.513199700,1.000000000,saturated
4855,161.542456000,14538821,53.458333300,170,164.250000000,665.355199000,459.963258000,414081.798000000,206.985000000,55.443332800,1.000000000,saturated
4856,161.575311000,14541778,54.291666700,170,165.100000000,665.307569000,460.051338000,410858.418000000,206.284000000,55.363993900,1.000000000,saturated
4857,161.608644000,14544778,55.166666700,173,167.400000000,665.316657000,460.006179000,410046.818000000,206.284000000,55.332214100,1.000000000,saturated
4858,161.641978000,14547778,54.458333300,170,165.550000000,665.269055000,459.908450000,419080.802000000,206.871000000,55.636942000,1.000000000,saturated
4859,161.675311000,14550778,54.750000000,175,166.700000000,665.301548000,459.836326000,414096.198000000,206.512000000,55.455758300,1.000000000,saturated
4860,161.708644000,14553778,51.083333300,160,146.500000000,665.446674000,459.994932000,411675.398000000,207.213000000,55.593415600,1.000000000,saturated
4861,161.741978000,14556778,51.833333300,161,147.500000000,665.460746000,459.885459000,405400.018000000,206.854000000,55.331323200,1.000000000,saturated
4862,161.775311000,14559778,51.458333300,162,147.650000000,665.540874000,460.065722000,405539.218000000,207.441000000,55.325763800,1.000000000,saturated
4863,161.808644000,14562778,51.708333300,164,147.950000000,665.701255000,460.077272000,405677.018000000,206.740000000,55.454156900,1.000000000,saturated
4864,161.841500000,14565735,51.833333300,166,148.250000000,665.742507000,460.039784000,410893.598000000,207.099000000,55.639994400,0.999929909,saturated
4865,161.874833000,14568735,51.666666700,171,159.000000000,665.586422000,459.910838000,411013.198000000,207.914000000,55.636013000,1.000000000,saturated
4866,161.908167000,14571735,52.833333300,171,159.850000000,665.500684000,459.884478000,412463.998000000,207.914000000,55.534479600,1.000000000,saturated
4867,161.941500000,14574735,52.791666700,170,160.150000000,665.564550000,459.856629000,414224.002000000,209.316000000,55.476526100,1.000000000,saturated
4868,161.974833000,14577735,54.000000000,171,161.300000000,665.483358000,459.828253000,417817.602000000,209.316000000,55.606674300,1.000000000,saturated
4869,162.008167000,14580735,54.500000000,171,161.300000000,665.449769000,460.010933000,421955.381000000,209.316000000,55.825242400,1.000000000,saturated
4870,162.041500000,14583735,54.125000000,171,162.000000000,665.531664000,460.031173000,417940.002000000,208.615000000,55.645167700,1.000000000,saturated
4871,162.074833000,14586735,54.500000000,172,163.700000000,665.679411000,459.974693000,416735.998000000,207.914000000,55.529462400,1.000000000,saturated
4872,162.107678000,14589691,54.166666700,174,162.150000000,665.620397000,459.942074000,415636.998000000,207.914000000,55.449883400,1.000000000,saturated
4873,162.141011000,14592691,54.333333300,172,162.000000000,665.550356000,459.893798000,413129.798000000,208.615000000,55.500036900,1.000000000,saturated
4874,162.174344000,14595691,53.416666700,171,161.000000000,665.644553000,459.873326000,405847.218000000,207.914000000,55.413556400,1.000000000,saturated
4875,162.207678000,14598691,53.791666700,172,162.850000000,665.535784000,460.000924000,408734.598000000,208.142000000,55.440840300,1.000000000,saturated
4876,162.241011000,14601691,53.375000000,171,161.850000000,665.583037000,460.016202000,410018.198000000,208.615000000,55.400026800,1.000000000,saturated
4877,162.274344000,14604691,52.958333300,176,166.100000000,665.668806000,460.011906000,396595.000000000,208.843000000,55.133056000,1.000000000,saturated
4878,162.307678000,14607691,53.208333300,176,166.250000000,665.640225000,459.970327000,400503.018000000,209.544000000,55.267550400,1.000000000,saturated
4879,162.341011000,14610691,53.083333300,174,164.400000000,665.522963000,459.983837000,405582.597000000,208.843000000,55.452900000,1.000000000,saturated
4880,162.373867000,14613648,52.541666700,177,165.400000000,665.378489000,459.965396000,420414.000000000,209.316000000,55.935259400,0.999904856,saturated
4881,162.407200000,14616648,53.458333300,178,166.100000000,665.282931000,459.947436000,421523.000000000,208.615000000,56.004799000,0.999905106,saturated
4882,162.440533000,14619648,53.875000000,177,165.250000000,665.341180000,459.922802000,416420.981000000,209.316000000,55.852193600,0.999976946,saturated
4883,162.473867000,14622648,53.875000000,177,164.550000000,665.334650000,459.951046000,418635.781000000,209.316000000,55.945758600,0.999996178,saturated
4884,162.507200000,14625648,53.083333300,176,162.000000000,665.470216000,459.907284000,414176.403000000,208.615000000,55.822055800,1.000000000,saturated
4885,162.540533000,14628648,51.666666700,175,160.300000000,665.449400000,459.957385000,414092.203000000,208.615000000,55.856636900,1.000000000,saturated
4886,162.573867000,14631648,51.125000000,174,158.600000000,665.483944000,459.964304000,414610.803000000,209.316000000,55.884470600,1.000000000,saturated
4887,162.607200000,14634648,51.000000000,172,156.750000000,665.656197000,459.709668000,414536.002000000,209.316000000,55.750364300,1.000000000,saturated
4888,162.640067000,14637606,51.583333300,172,156.450000000,665.635247000,459.843333000,415603.802000000,209.316000000,55.833889600,1.000000000,saturated
4889,162.673400000,14640606,52.375000000,171,157.850000000,665.321390000,459.969746000,422396.000000000,209.316000000,55.943723600,1.000000000,saturated
4890,162.706733000,14643606,51.625000000,164,148.600000000,665.351699000,459.834557000,425000.219000000,210.245000000,56.196323100,1.000000000,saturated
4891,162.740067000,14646606,52.083333300,167,150.450000000,665.196317000,459.838658000,425215.619000000,209.903000000,56.174456000,1.000000000,saturated
4892,162.773400000,14649606,52.166666700,168,150.500000000,665.270271000,459.821905000,425688.019000000,209.903000000,56.256782600,1.000000000,saturated
4893,162.806733000,14652606,52.625000000,169,152.350000000,665.277618000,459.946366000,420927.000000000,208.729000000,56.100802800,1.000000000,saturated
4894,162.840067000,14655606,52.375000000,168,150.650000000,665.317141000,459.980678000,413357.181000000,209.202000000,55.859731100,1.000000000,saturated
4895,162.873400000,14658606,51.458333300,164,148.650000000,665.250856000,459.859556000,417527.000000000,209.202000000,56.026806400,1.000000000,saturated
4896,162.906244000,14661562,49.625000000,160,145.800000000,665.238025000,459.839407000,417695.000000000,209.202000000,56.096283500,1.000000000,saturated
4897,162.939578000,14664562,50.250000000,160,145.800000000,665.226255000,459.923389000,421837.019000000,208.387000000,56.307210300,1.000000000,saturated
4898,162.972911000,14667562,50.333333300,161,146.800000000,665.364093000,460.062320000,408229.602000000,206.985000000,55.790818300,1.000000000,saturated
4899,163.006244000,14670562,50.208333300,159,143.250000000,665.369813000,460.127372000,409566.802000000,206.056000000,55.785411300,1.000000000,saturated
4900,163.039578000,14673562,51.208333300,162,146.550000000,665.473646000,459.959296000,415514.981000000,208.387000000,55.881500600,1.000000000,saturated
4901,163.072911000,14676562,50.250000000,161,143.850000000,665.431859000,459.916139000,423876.819000000,208.387000000,56.117766300,1.000000000,saturated
4902,163.106244000,14679562,50.000000000,160,143.850000000,665.462057000,459.896267000,422642.219000000,209.430000000,56.074709500,1.000000000,saturated
4903,163.139578000,14682562,49.250000000,159,143.700000000,665.470770000,459.936805000,418703.000000000,207.800000000,55.893661600,1.000000000,saturated
4904,163.172433000,14685519,49.708333300,160,147.100000000,665.418084000,459.862407000,425127.019000000,208.501000000,56.066906800,1.000000000,saturated
4905,163.205767000,14688519,49.333333300,160,146.400000000,665.407347000,459.926196000,422524.000000000,208.729000000,55.946265500,1.000000000,saturated
4906,163.239100000,14691519,48.166666700,157,145.950000000,665.369688000,459.803334000,417163.202000000,208.729000000,55.766211400,1.000000000,saturated
4907,163.272433000,14694519,48.000000000,158,146.950000000,665.264056000,459.785140000,424330.181000000,209.430000000,55.988850300,1.000000000,saturated
4908,163.305767000,14697519,48.666666700,159,147.950000000,665.258692000,459.802870000,429225.000000000,209.430000000,56.138460100,1.000000000,saturated
4909,163.339100000,14700519,48.833333300,159,147.800000000,665.251534000,459.853633000,426762.181000000,209.430000000,55.923866400,1.000000000,saturated
4910,163.372433000,14703519,48.791666700,168,151.900000000,665.189735000,459.678524000,419306.000000000,208.370000000,55.752376200,1.000000000,saturated
4911,163.405767000,14706519,48.250000000,167,150.050000000,665.211523000,459.892581000,418324.000000000,208.615000000,55.724927900,1.000000000,saturated
4912,163.438622000,14709476,48.541666700,167,149.200000000,665.248472000,459.742936000,425333.398000000,209.316000000,55.956925800,1.000000000,saturated
4913,163.471956000,14712476,49.500000000,164,148.350000000,665.232226000,459.590407000,418153.002000000,209.316000000,55.692757100,1.000000000,saturated
4914,163.505289000,14715476,49.333333300,164,148.350000000,665.102897000,459.667495000,423742.781000000,208.615000000,55.892122000,1.000000000,saturated
4915,163.538622000,14718476,50.041666700,165,149.200000000,665.153846000,459.811410000,418686.000000000,208.729000000,55.625118300,1.000000000,saturated
4916,163.571956000,14721476,49.500000000,165,148.500000000,665.222774000,459.769491000,420080.002000000,209.316000000,55.638303700,1.000000000,saturated
4917,163.605289000,14724476,48.541666700,164,146.100000000,665.221154000,459.630897000,415835.198000000,208.843000000,55.459125100,1.000000000,saturated
4918,163.638622000,14727476,49.583333300,164,146.250000000,665.204097000,459.673509000,416764.198000000,208.615000000,55.394739600,1.000000000,saturated
4919,163.671956000,14730476,49.083333300,167,144.000000000,665.246664000,459.635246000,402923.982000000,207.327000000,55.048901100,1.000000000,saturated
4920,163.704800000,14733432,48.833333300,162,153.000000000,665.387610000,459.649186000,409465.018000000,209.071000000,55.404730500,1.000000000,saturated
4921,163.738133000,14736432,49.416666700,164,155.000000000,665.241887000,459.643061000,410241.018000000,208.370000000,55.475445000,1.000000000,saturated
4922,163.771467000,14739432,48.666666700,162,153.000000000,665.266817000,459.640213000,409579.818000000,208.370000000,55.407666200,1.000000000,saturated
4923,163.804800000,14742432,49.583333300,163,154.700000000,665.214241000,459.633916000,410181.618000000,208.028000000,55.467059500,1.000000000,saturated
4924,163.838133000,14745432,48.833333300,164,156.400000000,665.156551000,459.585085000,416503.198000000,208.615000000,55.747470100,1.000000000,saturated
4925,163.871467000,14748432,49.458333300,158,144.200000000,665.186509000,459.515931000,415425.598000000,207.914000000,55.754830300,1.000000000,saturated
4926,163.904800000,14751432,49.083333300,160,144.200000000,665.151571000,459.583335000,413329.818000000,207.213000000,55.613827900,1.000000000,saturated
4927,163.938133000,14754432,48.833333300,161,145.900000000,665.272537000,459.595411000,404261.782000000,207.082000000,55.342251300,1.000000000,saturated
4928,163.970989000,14757389,47.958333300,158,144.900000000,665.293550000,459.433965000,401614.982000000,207.783000000,55.428457600,1.000000000,saturated
4929,164.004322000,14760389,48.291666700,160,143.750000000,665.076522000,459.363653000,409884.818000000,207.099000000,55.764865100,1.000000000,saturated
4930,164.037656000,14763389,47.333333300,176,149.350000000,664.944619000,459.567259000,417143.398000000,206.854000000,55.858204700,1.000000000,saturated
4931,164.070989000,14766389,48.166666700,177,151.050000000,664.917364000,459.550934000,418179.398000000,206.740000000,55.916802800,1.000000000,saturated
4932,164.104322000,14769389,47.541666700,177,154.300000000,664.952318000,459.504927000,425060.781000000,207.686000000,56.220467700,1.000000000,saturated
4933,164.137656000,14772389,47.083333300,178,155.300000000,664.960633000,459.299779000,422603.381000000,206.985000000,56.061270200,1.000000000,saturated
4934,164.170989000,14775389,47.458333300,176,153.300000000,664.804747000,459.157282000,422799.781000000,207.686000000,55.957208000,1.000000000,saturated
4935,164.204322000,14778389,47.708333300,175,151.600000000,664.778442000,459.179730000,426491.781000000,208.501000000,55.971474300,1.000000000,saturated
4936,164.237189000,14781347,46.000000000,172,151.000000000,664.725896000,459.114967000,428392.000000000,208.142000000,56.130700300,1.000000000,saturated
4937,164.270522000,14784347,47.291666700,171,150.150000000,664.555380000,459.296650000,442596.000000000,209.789000000,56.621125500,1.000000000,saturated
4938,164.303856000,14787347,47.250000000,170,150.150000000,664.542020000,459.283784000,440051.798000000,209.789000000,56.537888300,1.000000000,saturated
4939,164.337189000,14790347,46.666666700,169,149.000000000,664.593544000,459.273487000,441780.799000000,208.159000000,56.540319100,1.000000000,saturated
4940,164.370522000,14793347,46.458333300,167,148.000000000,664.605113000,459.275750000,436615.219000000,208.273000000,56.349456700,1.000000000,saturated
4941,164.403856000,14796347,45.958333300,165,147.700000000,664.703110000,459.424735000,429192.000000000,206.740000000,56.196391800,1.000000000,saturated
4942,164.437189000,14799347,46.041666700,165,150.250000000,664.674352000,459.438653000,419142.202000000,206.626000000,55.892903200,1.000000000,saturated
4943,164.470522000,14802347,45.541666700,162,148.800000000,664.716313000,459.374533000,419422.402000000,208.028000000,55.826455600,1.000000000,saturated
4944,164.503356000,14805302,45.791666700,162,151.150000000,664.668859000,459.337170000,425624.998000000,208.028000000,56.025172000,1.000000000,saturated
4945,164.536689000,14808302,45.375000000,162,153.150000000,664.719919000,459.393569000,420765.581000000,207.327000000,55.835565400,1.000000000,saturated
4946,164.570022000,14811302,45.125000000,162,153.150000000,664.780606000,459.317107000,422242.781000000,207.327000000,55.915913500,1.000000000,saturated
4947,164.603356000,14814302,44.875000000,162,153.000000000,664.768715000,459.336407000,417695.802000000,208.028000000,55.634848000,1.000000000,saturated
4948,164.636689000,14817302,44.458333300,161,145.450000000,664.767625000,459.319704000,408788.982000000,208.028000000,55.343666400,1.000000000,saturated
4949,164.670022000,14820302,44.333333300,159,144.300000000,664.789608000,459.262658000,412057.398000000,208.028000000,55.481307800,1.000000000,saturated
4950,164.703356000,14823302,44.625000000,161,138.450000000,664.805598000,459.274584000,418283.981000000,210.131000000,55.814302600,1.000000000,saturated
4951,164.736689000,14826302,43.125000000,161,137.450000000,664.848442000,459.199749000,418668.381000000,210.131000000,55.816790800,1.000000000,saturated
4952,164.769556000,14829260,43.708333300,162,138.300000000,664.776849000,459.099648000,423198.000000000,207.914000000,55.988190400,1.000000000,saturated
4953,164.802889000,14832260,43.166666700,160,135.600000000,664.789612000,459.123050000,423878.000000000,209.316000000,56.015766400,1.000000000,saturated
4954,164.836222000,14835260,42.875000000,157,134.450000000,664.916718000,459.020283000,418173.581000000,209.316000000,55.855201600,1.000000000,saturated
4955,164.869556000,14838260,42.416666700,155,133.450000000,664.888655000,458.878972000,414351.581000000,206.757000000,55.787730800,1.000000000,saturated
4956,164.902889000,14841260,42.791666700,150,130.300000000,664.831246000,458.855568000,415702.781000000,206.871000000,55.812216800,1.000000000,saturated
4957,164.936222000,14844260,42.791666700,148,120.150000000,664.822425000,458.883821000,427599.019000000,208.273000000,56.304552700,1.000000000,saturated
4958,164.969556000,14847260,42.541666700,150,120.150000000,665.118017000,458.765165000,415227.403000000,206.170000000,56.092103200,1.000000000,saturated
4959,165.002889000,14850260,41.291666700,153,117.300000000,665.041024000,458.903703000,415944.602000000,207.914000000,56.119820900,1.000000000,saturated
4960,165.035744000,14853217,40.250000000,153,114.450000000,664.958454000,458.951652000,420401.581000000,208.501000000,56.306282600,1.000000000,saturated
4961,165.069078000,14856217,38.708333300,151,112.300000000,664.846912000,458.916348000,420238.402000000,207.800000000,56.231067800,1.000000000,saturated
4962,165.102411000,14859217,38.875000000,151,111.150000000,664.930658000,458.913970000,423898.381000000,208.501000000,56.334366100,1.000000000,saturated
4963,165.135744000,14862217,39.333333300,155,113.150000000,664.835664000,458.784520000,428653.000000000,208.501000000,56.353915700,1.000000000,saturated
4964,165.169078000,14865217,39.500000000,153,111.850000000,664.832949000,458.781810000,424230.581000000,208.387000000,56.317347800,1.000000000,saturated
4965,165.202411000,14868217,39.625000000,151,110.700000000,664.921924000,458.849451000,412523.597000000,208.028000000,55.924320900,1.000000000,saturated
4966,165.235744000,14871217,39.791666700,151,110.700000000,664.889696000,458.892298000,412933.797000000,208.028000000,55.940449600,1.000000000,saturated
4967,165.269078000,14874217,39.041666700,150,109.700000000,664.970162000,458.803089000,411609.597000000,208.729000000,55.806580800,1.000000000,saturated
4968,165.301922000,14877173,39.250000000,153,109.550000000,664.903649000,458.778111000,406710.997000000,204.654000000,55.921103900,1.000000000,saturated
4969,165.335256000,14880173,39.916666700,157,108.750000000,664.768595000,458.763067000,410665.003000000,205.355000000,56.135068700,1.000000000,saturated
4970,165.368589000,14883173,40.250000000,161,108.900000000,664.729361000,458.773300000,408363.604000000,205.241000000,56.046698900,1.000000000,saturated
4971,165.401922000,14886173,40.791666700,160,109.050000000,664.607828000,458.771297000,416519.000000000,205.355000000,56.292798600,1.000000000,saturated
4972,165.435256000,14889173,40.500000000,161,110.600000000,664.623248000,458.760674000,411667.381000000,205.942000000,56.167670800,1.000000000,saturated
4973,165.468589000,14892173,39.791666700,161,110.300000000,664.645318000,458.940062000,412343.581000000,205.241000000,56.152746200,1.000000000,saturated
4974,165.501922000,14895173,38.833333300,158,108.600000000,664.732576000,458.846950000,398253.618000000,206.284000000,55.661670700,1.000000000,saturated
4975,165.535256000,14898173,39.500000000,162,108.050000000,664.587492000,459.011739000,411183.581000000,206.757000000,56.060340900,1.000000000,saturated
4976,165.568111000,14901130,38.375000000,160,107.050000000,664.657418000,458.956690000,415281.000000000,205.942000000,56.297904000,1.000000000,saturated
4977,165.601444000,14904130,38.625000000,164,107.900000000,664.692850000,458.873904000,415296.000000000,206.398000000,56.236761300,1.000000000,saturated
4978,165.634778000,14907130,38.250000000,165,107.900000000,664.728350000,458.871718000,412638.000000000,207.572000000,56.042604600,1.000000000,saturated
4979,165.668111000,14910130,39.000000000,168,107.050000000,664.815093000,458.735136000,413068.000000000,207.572000000,55.970569100,1.000000000,saturated
4980,165.701444000,14913130,39.125000000,163,102.100000000,664.573898000,458.748505000,413778.418000000,207.914000000,56.045899000,1.000000000,saturated
4981,165.734778000,14916130,39.708333300,162,101.950000000,664.631434000,458.707214000,409965.000000000,207.686000000,55.956754000,1.000000000,saturated
4982,165.768111000,14919130,39.041666700,162,100.250000000,664.615736000,458.712211000,411350.000000000,207.914000000,56.103063300,1.000000000,saturated
4983,165.801444000,14922130,38.750000000,161,100.250000000,664.676310000,458.822239000,410630.000000000,208.615000000,56.184137200,1.000000000,saturated
4984,165.834300000,14925087,38.625000000,159,99.400000000,664.707337000,458.884785000,407865.000000000,207.213000000,56.135283600,1.000000000,saturated
4985,165.867633000,14928087,39.875000000,159,102.100000000,664.638840000,458.834338000,411882.418000000,207.800000000,56.267034100,1.000000000,saturated
4986,165.900967000,14931087,40.458333300,156,98.450000000,664.562470000,458.810083000,414956.197000000,208.974000000,56.347600600,1.000000000,saturated
4987,165.934300000,14934087,39.958333300,155,96.750000000,664.272819000,458.600600000,417761.997000000,208.974000000,56.393567700,1.000000000,saturated
4988,165.967633000,14937087,39.333333300,156,97.600000000,664.376827000,458.643478000,413619.618000000,206.398000000,56.250761600,1.000000000,saturated
4989,166.000967000,14940087,39.541666700,156,98.850000000,664.273944000,458.652570000,414152.619000000,207.572000000,56.252958400,1.000000000,saturated
4990,166.034300000,14943087,39.833333300,156,99.000000000,664.404359000,458.614758000,402173.404000000,206.170000000,55.981288800,1.000000000,saturated
4991,166.067633000,14946087,39.833333300,155,98.850000000,664.383093000,458.518943000,402069.604000000,204.768000000,55.877549300,1.000000000,saturated
4992,166.100478000,14949043,40.083333300,155,99.550000000,664.318228000,458.568843000,401975.804000000,206.871000000,55.783770200,1.000000000,saturated
4993,166.133811000,14952043,40.000000000,154,98.700000000,664.420503000,458.487446000,396854.596000000,204.540000000,55.712065000,1.000000000,saturated
4994,166.167144000,14955043,40.500000000,148,94.450000000,664.377542000,458.479517000,399621.196000000,204.654000000,55.796183200,1.000000000,saturated
4995,166.200478000,14958043,40.541666700,149,94.450000000,664.362176000,458.492781000,399246.996000000,205.583000000,55.749316000,1.000000000,saturated
4996,166.233811000,14961043,40.750000000,148,94.450000000,664.313367000,458.594395000,411501.000000000,206.871000000,56.229324900,1.000000000,saturated
4997,166.267144000,14964043,40.000000000,148,93.600000000,664.255486000,458.666273000,412469.000000000,206.871000000,56.286744900,1.000000000,saturated
4998,166.300478000,14967043,39.416666700,145,93.450000000,664.206950000,458.595189000,415949.219000000,209.088000000,56.516238100,1.000000000,saturated
4999,166.333811000,14970043,39.458333300,145,91.900000000,664.329936000,458.588559000,411989.000000000,208.387000000,56.356201700,1.000000000,saturated
5000,166.366667000,14973000,38.708333300,144,91.050000000,664.294626000,458.505460000,411746.000000000,208.387000000,56.271445900,1.000000000,saturated
5001,166.400000000,14976000,38.958333300,145,91.750000000,664.173711000,458.570497000,418766.581000000,208.387000000,56.332058700,1.000000000,saturated
5002,166.433333000,14979000,39.125000000,144,92.600000000,664.315402000,458.618112000,414271.003000000,207.686000000,56.146749500,1.000000000,saturated
5003,166.466667000,14982000,39.000000000,144,92.600000000,664.248360000,458.591545000,414716.603000000,207.686000000,55.997877800,1.000000000,saturated
5004,166.500000000,14985000,38.458333300,145,93.450000000,664.219146000,458.597968000,415327.203000000,207.686000000,55.975066000,1.000000000,saturated
5005,166.533333000,14988000,37.708333300,143,91.750000000,664.191575000,458.442354000,412281.797000000,206.985000000,55.897055400,1.000000000,saturated
5006,166.566667000,14991000,38.083333300,143,92.600000000,664.085807000,458.405067000,418644.203000000,207.686000000,56.122931600,1.000000000,saturated
5007,166.600000000,14994000,37.083333300,143,92.600000000,664.084188000,458.541940000,413934.197000000,206.985000000,56.034859200,1.000000000,saturated
5008,166.632867000,14996958,38.375000000,142,91.750000000,664.175910000,458.531664000,421574.203000000,206.871000000,56.353239300,1.000000000,saturated
5009,166.666200000,14999958,39.041666700,142,91.900000000,664.113730000,458.598227000,421042.402000000,210.131000000,56.265490000,1.000000000,saturated
5010,166.699533000,15002958,38.541666700,133,82.400000000,664.034568000,458.813385000,415097.797000000,210.359000000,56.064892700,1.000000000,saturated
5011,166.732867000,15005958,38.166666700,131,81.700000000,664.046292000,458.799666000,415434.997000000,211.060000000,56.057909500,1.000000000,saturated
5012,166.766200000,15008958,38.541666700,130,82.000000000,664.136608000,458.783510000,411343.218000000,206.512000000,55.883541800,1.000000000,saturated
5013,166.799533000,15011958,38.375000000,130,81.700000000,664.136664000,458.812981000,417033.798000000,211.060000000,56.024438600,1.000000000,saturated
5014,166.832867000,15014958,39.166666700,130,81.700000000,664.091473000,458.713277000,420283.998000000,210.245000000,56.116770000,1.000000000,saturated
5015,166.866200000,15017958,37.916666700,131,83.000000000,664.173973000,458.712582000,420331.397000000,208.142000000,56.217491800,1.000000000,saturated
5016,166.899044000,15020914,37.958333300,133,84.700000000,664.140634000,458.799422000,419993.397000000,209.544000000,56.226388600,1.000000000,saturated
5017,166.932378000,15023914,37.250000000,134,84.700000000,664.159628000,458.879371000,418749.597000000,208.142000000,56.155272700,1.000000000,saturated
5018,166.965711000,15026914,37.791666700,131,85.000000000,664.160081000,458.848918000,418555.797000000,208.142000000,56.162827000,1.000000000,saturated
5019,166.999044000,15029914,38.083333300,130,84.000000000,664.186652000,458.807760000,409983.000000000,208.142000000,55.892203000,1.000000000,saturated
5020,167.032378000,15032914,36.500000000,129,68.100000000,664.201587000,459.018300000,418657.198000000,209.544000000,56.136493500,1.000000000,saturated
5021,167.065711000,15035914,36.625000000,129,68.250000000,664.208828000,459.010238000,418466.598000000,210.245000000,56.143193100,1.000000000,saturated
5022,167.099044000,15038914,37.083333300,130,69.250000000,664.314258000,458.986368000,416863.597000000,208.142000000,56.211099000,1.000000000,saturated
5023,167.132378000,15041914,36.750000000,128,66.300000000,664.279068000,459.020220000,416742.398000000,209.544000000,56.327018600,1.000000000,saturated
5024,167.165233000,15044871,37.000000000,129,66.150000000,664.112995000,459.014571000,417588.797000000,210.245000000,56.232560200,1.000000000,saturated
5025,167.198567000,15047871,35.458333300,133,50.550000000,664.024338000,459.027942000,418654.198000000,206.985000000,56.024548900,1.000000000,saturated
5026,167.231900000,15050871,35.833333300,134,51.400000000,664.109350000,458.976836000,414363.218000000,205.583000000,55.855289700,1.000000000,saturated
5027,167.265233000,15053871,36.500000000,133,51.700000000,664.021906000,458.959426000,418860.998000000,206.284000000,55.962922900,1.000000000,saturated
5028,167.298567000,15056871,35.416666700,131,52.250000000,664.095457000,459.000002000,418731.598000000,206.985000000,56.051054300,1.000000000,saturated
5029,167.331900000,15059871,34.791666700,130,50.550000000,664.115391000,459.145693000,415984.418000000,206.284000000,55.990202800,1.000000000,saturated
5030,167.365233000,15062871,36.916666700,131,51.850000000,664.029366000,458.974778000,415282.818000000,211.174000000,55.937346700,1.000000000,saturated
5031,167.398567000,15065871,36.333333300,131,51.000000000,663.992306000,459.051866000,429002.981000000,211.875000000,56.341443000,1.000000000,saturated
5032,167.431422000,15068828,34.666666700,129,49.700000000,664.103605000,458.768263000,420466.781000000,213.277000000,56.081086500,1.000000000,saturated
5033,167.464756000,15071828,34.416666700,127,47.850000000,664.077591000,458.728440000,424841.000000000,213.277000000,56.242097200,1.000000000,saturated
5034,167.498089000,15074828,36.041666700,128,49.850000000,664.074849000,458.636447000,426417.000000000,213.277000000,56.236915300,1.000000000,saturated
5035,167.531422000,15077828,35.500000000,124,50.850000000,664.141112000,458.613575000,417856.981000000,213.277000000,56.102044700,1.000000000,saturated
5036,167.564756000,15080828,35.833333300,124,49.550000000,664.104520000,458.755331000,421096.000000000,213.277000000,56.168776800,1.000000000,saturated
5037,167.598089000,15083828,35.666666700,123,49.550000000,664.106342000,458.777964000,415784.781000000,207.572000000,55.992494200,1.000000000,saturated
5038,167.631422000,15086828,34.541666700,122,46.700000000,664.177890000,458.795713000,414893.403000000,205.241000000,55.937122500,1.000000000,saturated
5039,167.664756000,15089828,34.166666700,122,49.400000000,664.275289000,458.716479000,410422.597000000,204.469000000,55.840748000,1.000000000,saturated
5040,167.697600000,15092784,32.666666700,126,45.550000000,664.245246000,458.640815000,410035.997000000,205.338000000,55.848874700,1.000000000,saturated
5041,167.730933000,15095784,32.833333300,126,45.400000000,664.249735000,458.654288000,410162.597000000,205.338000000,55.827577400,1.000000000,saturated
5042,167.764267000,15098784,33.833333300,123,46.700000000,664.182004000,458.652931000,405494.618000000,206.284000000,55.672299600,1.000000000,saturated
5043,167.797600000,15101784,34.250000000,121,46.700000000,664.170815000,458.671723000,404354.618000000,205.583000000,55.586663100,1.000000000,saturated
5044,167.830933000,15104784,35.000000000,120,46.850000000,664.158701000,458.663484000,404631.018000000,205.583000000,55.600513300,1.000000000,saturated
5045,167.864267000,15107784,35.541666700,112,50.100000000,664.192842000,458.668656000,405539.618000000,204.996000000,55.547384400,1.000000000,saturated
5046,167.897600000,15110784,35.250000000,110,49.100000000,664.195646000,458.605889000,406037.218000000,204.996000000,55.614202600,1.000000000,saturated
5047,167.930933000,15113784,34.833333300,108,48.400000000,664.265173000,458.608781000,409224.397000000,206.985000000,55.658363600,1.000000000,saturated
5048,167.963789000,15116741,35.333333300,106,48.550000000,664.253324000,458.659176000,412366.603000000,206.985000000,55.751122500,1.000000000,saturated
5049,167.997122000,15119741,34.958333300,106,46.700000000,664.193273000,458.649513000,413288.203000000,206.284000000,55.717605800,1.000000000,saturated
5050,168.030456000,15122741,34.333333300,107,45.700000000,664.192736000,458.750187000,413260.203000000,207.686000000,55.716938200,1.000000000,saturated
5051,168.063789000,15125741,32.833333300,107,43.700000000,664.134716000,458.680938000,419991.798000000,206.985000000,55.965503000,1.000000000,saturated
5052,168.097122000,15128741,33.791666700,108,44.700000000,663.973443000,458.514764000,423539.998000000,206.985000000,56.102049100,1.000000000,saturated
5053,168.130456000,15131741,33.208333300,106,44.550000000,663.864152000,458.474238000,426984.000000000,206.284000000,56.180022000,1.000000000,saturated
5054,168.163789000,15134741,33.000000000,106,46.400000000,663.849544000,458.478313000,427375.000000000,206.985000000,56.128556300,1.000000000,saturated
5055,168.197122000,15137741,34.000000000,108,46.850000000,664.008308000,458.558260000,426567.603000000,206.039000000,56.417722900,1.000000000,saturated
5056,168.229989000,15140699,34.375000000,107,46.700000000,663.990429000,458.523167000,425618.603000000,207.099000000,56.403336200,1.000000000,saturated
5057,168.263322000,15143699,33.750000000,105,45.000000000,663.923286000,458.554936000,431141.981000000,206.398000000,56.542742700,1.000000000,saturated
5058,168.296656000,15146699,33.458333300,103,46.000000000,663.935133000,458.521563000,428109.000000000,206.985000000,56.418987400,1.000000000,saturated
5059,168.329989000,15149699,33.875000000,103,46.000000000,663.892013000,458.523102000,430799.619000000,206.985000000,56.579513800,1.000000000,saturated
5060,168.363322000,15152699,33.958333300,101,48.550000000,663.796107000,458.451416000,427129.203000000,208.273000000,56.508963000,1.000000000,saturated
5061,168.396656000,15155699,33.833333300,99,48.400000000,663.801469000,458.411567000,427436.603000000,209.903000000,56.354834300,1.000000000,saturated
5062,168.429989000,15158699,33.916666700,98,48.400000000,663.843670000,458.320970000,428007.803000000,209.903000000,56.363279000,1.000000000,saturated
5063,168.463322000,15161699,34.000000000,99,46.700000000,664.030925000,458.403326000,410326.397000000,206.170000000,55.800104200,1.000000000,saturated
5064,168.496156000,15164654,33.000000000,98,45.000000000,664.050569000,458.504956000,404489.618000000,206.039000000,55.638502300,1.000000000,saturated
5065,168.529489000,15167654,33.041666700,96,46.000000000,664.084699000,458.509450000,403379.218000000,206.284000000,55.649910500,1.000000000,saturated
5066,168.562822000,15170654,32.958333300,96,45.000000000,664.111881000,458.649496000,401302.618000000,206.039000000,55.556876100,1.000000000,saturated
5067,168.596156000,15173654,33.666666700,98,45.700000000,664.227996000,458.561840000,403625.997000000,206.740000000,55.679367800,1.000000000,saturated
5068,168.629489000,15176654,33.750000000,96,46.700000000,664.300683000,458.682171000,402410.997000000,206.985000000,55.539020700,1.000000000,saturated
5069,168.662822000,15179654,34.333333300,98,46.550000000,664.232299000,458.679486000,413218.000000000,207.686000000,55.896337300,1.000000000,saturated
5070,168.696156000,15182654,34.125000000,99,45.850000000,664.259719000,458.506865000,414902.582000000,209.316000000,55.914617200,1.000000000,saturated
5071,168.729489000,15185654,34.125000000,99,46.000000000,664.238392000,458.585807000,418047.000000000,209.316000000,56.021490800,1.000000000,saturated
5072,168.762356000,15188612,33.791666700,100,46.000000000,664.125555000,458.609091000,413796.981000000,209.316000000,55.940836200,1.000000000,saturated
5073,168.795689000,15191612,34.041666700,99,48.700000000,664.162178000,458.565383000,413648.381000000,208.729000000,55.972693600,1.000000000,saturated
5074,168.829022000,15194612,34.250000000,98,50.850000000,664.046837000,458.615901000,417192.000000000,208.615000000,55.981973400,1.000000000,saturated
5075,168.862356000,15197612,33.541666700,101,49.400000000,663.985754000,458.555136000,412485.982000000,208.615000000,55.816705600,1.000000000,saturated
5076,168.895689000,15200612,33.041666700,101,46.850000000,663.864536000,458.574127000,414786.982000000,209.316000000,55.759920700,1.000000000,saturated
5077,168.929022000,15203612,33.041666700,100,45.700000000,663.777698000,458.532805000,414929.382000000,208.615000000,55.808048100,1.000000000,saturated
5078,168.962356000,15206612,32.333333300,99,45.550000000,663.850839000,458.537893000,413920.182000000,208.615000000,55.805945300,1.000000000,saturated
5079,168.995689000,15209612,32.166666700,98,44.000000000,663.954181000,458.495549000,413338.382000000,208.729000000,55.792075200,1.000000000,saturated
5080,169.028544000,15212569,32.416666700,101,43.700000000,663.852435000,458.533378000,417998.000000000,208.615000000,55.885118300,1.000000000,saturated
5081,169.061878000,15215569,34.083333300,101,44.000000000,663.845998000,458.589968000,419572.000000000,208.615000000,55.923463200,1.000000000,saturated
5082,169.095211000,15218569,34.208333300,102,44.850000000,664.039555000,458.634005000,409603.603000000,208.615000000,55.517370800,1.000000000,saturated
5083,169.128544000,15221569,34.458333300,101,44.850000000,664.010350000,458.687026000,412403.782000000,208.615000000,55.652198800,1.000000000,saturated
5084,169.161878000,15224569,33.333333300,96,43.850000000,663.807283000,458.722014000,413398.582000000,208.387000000,55.675411000,1.000000000,saturated
5085,169.195211000,15227569,32.750000000,94,45.850000000,663.788633000,458.710935000,405340.397000000,208.729000000,55.330582300,1.000000000,saturated
5086,169.228544000,15230569,33.125000000,92,45.850000000,663.890894000,458.658284000,405520.997000000,208.028000000,55.433424500,1.000000000,saturated
5087,169.261878000,15233569,33.250000000,92,45.000000000,663.875029000,458.697158000,405495.000000000,207.327000000,55.565760600,1.000000000,saturated
5088,169.294722000,15236525,33.958333300,93,45.000000000,663.815254000,458.707711000,412824.582000000,208.387000000,55.851380200,1.000000000,saturated
5089,169.328056000,15239525,33.333333300,93,45.000000000,663.825374000,458.646043000,414928.981000000,208.387000000,55.980944500,1.000000000,saturated
5090,169.361389000,15242525,34.541666700,98,48.550000000,663.777364000,458.568640000,412084.782000000,206.985000000,55.892545400,1.000000000,saturated
5091,169.394722000,15245525,33.625000000,96,45.700000000,663.743669000,458.715007000,408796.000000000,206.985000000,55.749328000,1.000000000,saturated
5092,169.428056000,15248525,34.291666700,95,45.700000000,663.648097000,458.587793000,407106.000000000,206.985000000,55.629931400,1.000000000,saturated
5093,169.461389000,15251525,34.375000000,94,45.000000000,663.573406000,458.582505000,408175.000000000,206.985000000,55.625613500,1.000000000,saturated
5094,169.494722000,15254525,34.125000000,93,46.000000000,663.602741000,458.595592000,406903.000000000,206.985000000,55.603345900,1.000000000,saturated
5095,169.528056000,15257525,33.625000000,94,45.850000000,663.586814000,458.577112000,402862.797000000,206.985000000,55.497282700,1.000000000,saturated
5096,169.560911000,15260482,34.208333300,93,46.000000000,663.653901000,458.691173000,403893.197000000,207.441000000,55.547911000,1.000000000,saturated
5097,169.594244000,15263482,34.250000000,92,47.000000000,663.645808000,458.647338000,403909.197000000,207.441000000,55.619378800,1.000000000,saturated
5098,169.627578000,15266482,34.666666700,91,47.000000000,663.711109000,458.590525000,409986.003000000,206.985000000,55.865300500,1.000000000,saturated
5099,169.660911000,15269482,35.125000000,91,46.850000000,663.680830000,458.630782000,407512.603000000,208.142000000,55.867087100,1.000000000,saturated
5100,169.694244000,15272482,34.708333300,95,46.000000000,663.677734000,458.723070000,410393.981000000,210.131000000,55.981564900,1.000000000,saturated
5101,169.727578000,15275482,34.500000000,94,46.000000000,663.690606000,458.675445000,410542.581000000,208.729000000,55.925719400,1.000000000,saturated
5102,169.760911000,15278482,33.666666700,93,45.850000000,663.669859000,458.562917000,414012.982000000,208.729000000,55.878284300,1.000000000,saturated
5103,169.794244000,15281482,33.833333300,91,44.850000000,663.597649000,458.569719000,417285.000000000,208.028000000,56.009032800,1.000000000,saturated
5104,169.827100000,15284439,34.083333300,91,45.850000000,663.578363000,458.452322000,414656.381000000,207.572000000,55.971139100,1.000000000,saturated
5105,169.860433000,15287439,33.375000000,91,45.000000000,663.623852000,458.469326000,414966.581000000,207.572000000,56.082504600,1.000000000,saturated
5106,169.893767000,15290439,33.208333300,91,45.850000000,663.593081000,458.423403000,416157.981000000,207.572000000,56.112008700,1.000000000,saturated
5107,169.927100000,15293439,34.166666700,91,45.850000000,663.691743000,458.400218000,411275.803000000,207.327000000,56.030310800,1.000000000,saturated
5108,169.960433000,15296439,34.916666700,92,47.000000000,663.607559000,458.492569000,414179.981000000,208.028000000,56.040860000,1.000000000,saturated
5109,169.993767000,15299439,33.833333300,92,48.550000000,663.619743000,458.559835000,414943.981000000,207.327000000,56.137704100,1.000000000,saturated
5110,170.027100000,15302439,33.875000000,91,46.850000000,663.653303000,458.562580000,415278.181000000,208.387000000,56.055299900,1.000000000,saturated
5111,170.060433000,15305439,34.166666700,88,44.850000000,663.557414000,458.670460000,414625.381000000,208.387000000,56.124440200,1.000000000,saturated
5112,170.093278000,15308395,34.250000000,87,45.000000000,663.623604000,458.667929000,414204.981000000,208.729000000,56.118263000,1.000000000,saturated
5113,170.126611000,15311395,35.666666700,87,45.000000000,663.577940000,458.499491000,416688.781000000,210.131000000,56.191245200,1.000000000,saturated
5114,170.159944000,15314395,36.291666700,88,46.000000000,663.617307000,458.512156000,407662.397000000,207.213000000,55.798053700,1.000000000,saturated
5115,170.193278000,15317395,34.875000000,84,45.000000000,663.819054000,458.715822000,398596.818000000,207.213000000,55.527468900,1.000000000,saturated
5116,170.226611000,15320395,34.500000000,83,45.000000000,663.516336000,458.648851000,412477.203000000,210.131000000,55.952481200,1.000000000,saturated
5117,170.259944000,15323395,34.875000000,82,45.850000000,663.479771000,458.728631000,415516.381000000,207.686000000,56.086350800,1.000000000,saturated
5118,170.293278000,15326395,34.166666700,79,45.850000000,663.531611000,458.558185000,411488.603000000,207.914000000,55.920002100,1.000000000,saturated
5119,170.326611000,15329395,34.708333300,79,45.000000000,663.478787000,458.582370000,415237.381000000,208.615000000,56.052705700,1.000000000,saturated
5120,170.359467000,15332352,33.750000000,78,45.700000000,663.506882000,458.619265000,420692.000000000,208.615000000,56.199426500,1.000000000,saturated
5121,170.392800000,15335352,34.541666700,78,45.700000000,663.462857000,458.597796000,420244.000000000,209.316000000,56.124608400,1.000000000,saturated
5122,170.426133000,15338352,34.416666700,78,45.700000000,663.471662000,458.646950000,419519.000000000,208.387000000,56.105153600,1.000000000,saturated
5123,170.459467000,15341352,32.958333300,71,45.000000000,663.410007000,458.822574000,421101.002000000,210.718000000,56.150678500,1.000000000,saturated
5124,170.492800000,15344352,32.541666700,69,45.000000000,663.397071000,458.747609000,426468.981000000,209.316000000,56.408264700,1.000000000,saturated
5125,170.526133000,15347352,32.916666700,65,44.000000000,663.385939000,458.671656000,423224.402000000,210.718000000,56.258987300,1.000000000,saturated
5126,170.559467000,15350352,31.791666700,62,42.850000000,663.376310000,458.650561000,421655.402000000,209.903000000,56.068601600,1.000000000,saturated
5127,170.592800000,15353352,32.833333300,59,45.000000000,663.401304000,458.651942000,416506.398000000,208.501000000,55.899902300,1.000000000,saturated
5128,170.625667000,15356310,33.041666700,58,46.000000000,663.478810000,458.606846000,415556.181000000,209.202000000,55.891431400,1.000000000,saturated
5129,170.659000000,15359310,33.625000000,58,46.000000000,663.517298000,458.550657000,411056.803000000,208.501000000,55.765782900,1.000000000,saturated
5130,170.692333000,15362310,33.041666700,49,44.000000000,663.581608000,458.782361000,415877.981000000,208.615000000,55.984276700,1.000000000,saturated
5131,170.725667000,15365310,32.541666700,48,45.000000000,663.525757000,458.631078000,418391.181000000,208.615000000,56.054392500,1.000000000,saturated
5132,170.759000000,15368310,32.500000000,46,44.000000000,663.421959000,458.522725000,418790.381000000,208.729000000,56.080555500,1.000000000,saturated
5133,170.792333000,15371310,31.666666700,44,43.000000000,663.423973000,458.501738000,416905.381000000,208.615000000,56.019820900,1.000000000,saturated
5134,170.825667000,15374310,32.208333300,46,43.000000000,663.392918000,458.574607000,423256.000000000,209.316000000,56.124648400,1.000000000,saturated
5135,170.859000000,15377310,33.125000000,45,44.000000000,663.647383000,458.541175000,410573.000000000,208.729000000,55.821331200,1.000000000,saturated
5136,170.891844000,15380266,32.666666700,45,44.850000000,663.670790000,458.482828000,416863.181000000,208.729000000,55.995832000,1.000000000,saturated
5137,170.925178000,15383266,32.625000000,44,44.000000000,663.651507000,458.414418000,419750.198000000,208.729000000,56.122827000,1.000000000,saturated
5138,170.958511000,15386266,32.333333300,44,44.000000000,663.546131000,458.552032000,420985.598000000,208.729000000,56.180446700,1.000000000,saturated
5139,170.991844000,15389266,31.708333300,44,44.000000000,663.349946000,458.676652000,423311.398000000,207.800000000,56.266077800,1.000000000,saturated
5140,171.025178000,15392266,31.750000000,44,43.000000000,663.362274000,458.687955000,423045.198000000,208.501000000,56.265331700,1.000000000,saturated
5141,171.058511000,15395266,31.583333300,45,43.850000000,663.434904000,458.683239000,424223.998000000,208.501000000,56.320601600,1.000000000,saturated
5142,171.091844000,15398266,32.000000000,44,44.000000000,663.559383000,458.600992000,422814.000000000,208.501000000,56.355523200,1.000000000,saturated
5143,171.125178000,15401266,31.375000000,43,43.000000000,663.506704000,458.699240000,418642.581000000,208.501000000,56.331740600,1.000000000,saturated
5144,171.158033000,15404223,31.375000000,45,43.850000000,663.476965000,458.562123000,411657.000000000,207.914000000,56.061856200,1.000000000,saturated
5145,171.191367000,15407223,30.916666700,46,44.000000000,663.491385000,458.504391000,411883.000000000,207.914000000,55.910725400,1.000000000,saturated
5146,171.224700000,15410223,31.458333300,47,45.000000000,663.619214000,458.488451000,405910.782000000,208.615000000,55.675687100,1.000000000,saturated
5147,171.258033000,15413223,32.041666700,45,45.000000000,663.546463000,458.508590000,410454.000000000,208.615000000,55.749646000,1.000000000,saturated
5148,171.291367000,15416223,32.458333300,45,44.000000000,663.437894000,458.649035000,416231.781000000,208.843000000,55.819158100,1.000000000,saturated
5149,171.324700000,15419223,31.541666700,45,44.000000000,663.099268000,458.646387000,410594.797000000,207.800000000,55.611111300,1.000000000,saturated
5150,171.358033000,15422223,32.125000000,45,43.850000000,663.207624000,458.587639000,416104.218000000,208.501000000,55.865915400,1.000000000,saturated
5151,171.391367000,15425223,31.875000000,45,44.850000000,663.250710000,458.672935000,416038.818000000,209.316000000,55.903911800,1.000000000,saturated
5152,171.424222000,15428180,32.458333300,44,43.850000000,663.515421000,458.582136000,403491.018000000,207.441000000,55.458900100,1.000000000,saturated
5153,171.457556000,15431180,32.083333300,45,43.850000000,663.486665000,458.778437000,405633.018000000,207.441000000,55.599634900,1.000000000,saturated
5154,171.490889000,15434180,32.583333300,44,43.700000000,663.468150000,458.634868000,412147.603000000,208.501000000,55.883977100,1.000000000,saturated
5155,171.524222000,15437180,31.625000000,45,44.000000000,663.455258000,458.588983000,411624.203000000,208.142000000,55.825559000,1.000000000,saturated
5156,171.557556000,15440180,31.958333300,44,43.850000000,663.351437000,458.625138000,415348.203000000,208.501000000,55.988478900,1.000000000,saturated
5157,171.590889000,15443180,33.208333300,45,45.000000000,663.141188000,458.622560000,417096.003000000,208.843000000,56.032156100,1.000000000,saturated
5158,171.624222000,15446180,33.958333300,46,45.850000000,663.105811000,458.642562000,418828.618000000,208.843000000,55.974598000,1.000000000,saturated
5159,171.657556000,15449180,34.041666700,47,45.850000000,663.166043000,458.592254000,423062.781000000,208.843000000,56.173876800,1.000000000,saturated
5160,171.690400000,15452136,35.625000000,50,48.000000000,663.198831000,458.854410000,412422.598000000,208.957000000,55.742411000,1.000000000,saturated
5161,171.723733000,15455136,36.333333300,50,49.700000000,663.228958000,458.801222000,413884.998000000,208.957000000,55.788705500,1.000000000,saturated
5162,171.757067000,15458136,35.875000000,47,46.000000000,663.326178000,458.896646000,412283.998000000,207.555000000,55.679669800,1.000000000,saturated
5163,171.790400000,15461136,35.583333300,47,46.700000000,663.209815000,458.939746000,415116.402000000,207.914000000,55.819658600,1.000000000,saturated
5164,171.823733000,15464136,34.833333300,46,45.850000000,663.163130000,458.941932000,417789.218000000,207.914000000,55.977057600,1.000000000,saturated
5165,171.857067000,15467136,34.208333300,47,46.700000000,663.199194000,458.686403000,411163.818000000,207.555000000,55.743200500,1.000000000,saturated
5166,171.890400000,15470136,35.166666700,47,46.850000000,663.141805000,458.740807000,415704.198000000,206.512000000,55.867121300,1.000000000,saturated
5167,171.923733000,15473136,34.250000000,46,45.700000000,663.099802000,458.796901000,415142.598000000,207.914000000,55.874896800,1.000000000,saturated
5168,171.956589000,15476093,33.875000000,48,46.700000000,663.114133000,458.706753000,410500.418000000,206.512000000,55.636426800,1.000000000,saturated
5169,171.989922000,15479093,32.958333300,47,45.700000000,663.081461000,458.813947000,413070.218000000,206.512000000,55.684176900,1.000000000,saturated
5170,172.023256000,15482093,32.458333300,46,44.700000000,663.049511000,458.879376000,415941.218000000,207.099000000,55.723092600,1.000000000,saturated
5171,172.056589000,15485093,32.958333300,46,44.700000000,663.045135000,458.889585000,411900.000000000,206.854000000,55.633422700,1.000000000,saturated
5172,172.089922000,15488093,32.208333300,45,44.550000000,663.031818000,458.819933000,417515.818000000,207.099000000,55.750759900,1.000000000,saturated
5173,172.123256000,15491093,31.833333300,44,42.850000000,663.108670000,458.760656000,408136.382000000,206.854000000,55.435952100,1.000000000,saturated
5174,172.156589000,15494093,32.500000000,44,43.700000000,663.015629000,458.699751000,414684.618000000,207.099000000,55.645125800,1.000000000,saturated
5175,172.189922000,15497093,31.583333300,43,42.550000000,663.023403000,458.723177000,413330.618000000,206.039000000,55.682250100,1.000000000,saturated
5176,172.222789000,15500051,32.333333300,43,42.850000000,663.037967000,458.720475000,413582.818000000,206.284000000,55.659870800,1.000000000,saturated
5177,172.256122000,15503051,32.291666700,44,43.700000000,662.968387000,458.669133000,414019.818000000,205.583000000,55.664572600,1.000000000,saturated
5178,172.289456000,15506051,32.500000000,44,43.700000000,662.985900000,458.691222000,416099.998000000,206.284000000,55.871682400,1.000000000,saturated
5179,172.322789000,15509051,32.375000000,44,43.700000000,662.953216000,458.517056000,416038.218000000,206.284000000,55.792652000,1.000000000,saturated
5180,172.356122000,15512051,32.208333300,43,42.850000000,663.100131000,458.562257000,405860.797000000,206.740000000,55.534825800,1.000000000,saturated
5181,172.389456000,15515051,31.333333300,43,41.700000000,663.116365000,458.491980000,406370.597000000,206.398000000,55.543349100,1.000000000,saturated
5182,172.422789000,15518051,32.250000000,44,43.850000000,662.955895000,458.466343000,415502.598000000,207.099000000,55.765986700,1.000000000,saturated
5183,172.456122000,15521051,32.125000000,44,43.700000000,663.051637000,458.459947000,409678.018000000,207.099000000,55.464008300,1.000000000,saturated
5184,172.488956000,15524006,32.083333300,43,42.850000000,663.002564000,458.542203000,409708.418000000,206.398000000,55.430960800,1.000000000,saturated
5185,172.522289000,15527006,31.458333300,44,43.700000000,663.007156000,458.446193000,412686.598000000,207.800000000,55.574588200,1.000000000,saturated
5186,172.555622000,15530006,30.875000000,43,42.550000000,662.990998000,458.399781000,415642.398000000,207.099000000,55.702852100,1.000000000,saturated
5187,172.588956000,15533006,31.000000000,45,43.700000000,663.010502000,458.302505000,408273.618000000,207.099000000,55.433478500,1.000000000,saturated
5188,172.622289000,15536006,32.000000000,46,43.850000000,663.095069000,458.348662000,404157.000000000,206.398000000,55.394718200,1.000000000,saturated
5189,172.655622000,15539006,32.250000000,47,44.550000000,663.002952000,458.417802000,411615.997000000,206.512000000,55.680138000,1.000000000,saturated
5190,172.688956000,15542006,32.541666700,49,44.850000000,662.999830000,458.593391000,409734.398000000,208.615000000,55.617956500,1.000000000,saturated
5191,172.722289000,15545006,31.958333300,49,44.850000000,663.147127000,458.514657000,391861.203000000,206.512000000,55.016849600,1.000000000,saturated
5192,172.755156000,15547964,31.958333300,46,44.700000000,663.086672000,458.486196000,400211.000000000,206.512000000,55.367437300,1.000000000,saturated
5193,172.788489000,15550964,32.500000000,46,44.700000000,663.171336000,458.441371000,398055.000000000,207.213000000,55.225076100,1.000000000,saturated
5194,172.821822000,15553964,32.458333300,46,44.700000000,663.096771000,458.444878000,412789.018000000,208.615000000,55.634481400,1.000000000,saturated
5195,172.855156000,15556964,32.708333300,46,45.550000000,663.185119000,458.440391000,405312.197000000,207.800000000,55.402159100,1.000000000,saturated
5196,172.888489000,15559964,32.916666700,46,44.850000000,663.034851000,458.451630000,412600.581000000,207.800000000,55.669613800,1.000000000,saturated
5197,172.921822000,15562964,33.333333300,46,44.700000000,663.054846000,458.444889000,408098.802000000,207.099000000,55.455304100,1.000000000,saturated
5198,172.955156000,15565964,31.791666700,46,44.250000000,662.908845000,458.495794000,411590.982000000,209.202000000,55.554338200,1.000000000,saturated
5199,172.988489000,15568964,31.875000000,45,44.550000000,662.911429000,458.503306000,408686.402000000,207.800000000,55.411236300,1.000000000,saturated
5200,173.021344000,15571921,32.458333300,45,43.400000000,662.984010000,458.447878000,407118.398000000,207.099000000,55.319883900,1.000000000,saturated
5201,173.054678000,15574921,33.125000000,45,43.850000000,662.961391000,458.429979000,407577.198000000,207.099000000,55.315373500,1.000000000,saturated
5202,173.088011000,15577921,34.000000000,44,43.000000000,662.994065000,458.399112000,406451.598000000,207.800000000,55.236663500,1.000000000,saturated
5203,173.121344000,15580921,34.458333300,47,44.850000000,663.069865000,458.410701000,402637.618000000,206.099000000,55.180374400,1.000000000,saturated
5204,173.154678000,15583921,34.000000000,46,45.000000000,663.044401000,458.412316000,402125.618000000,206.099000000,55.188652800,1.000000000,saturated
5205,173.188011000,15586921,34.166666700,50,44.850000000,662.984409000,458.442135000,406830.997000000,204.768000000,55.482614200,1.000000000,saturated
5206,173.221344000,15589921,33.166666700,47,43.000000000,662.833507000,458.511866000,405733.397000000,204.768000000,55.507106600,1.000000000,saturated
5207,173.254678000,15592921,33.166666700,47,43.000000000,662.767553000,458.375452000,402454.618000000,204.067000000,55.373944600,1.000000000,saturated
5208,173.287522000,15595877,33.083333300,47,44.000000000,662.652566000,458.574330000,401271.000000000,204.067000000,55.335114500,1.000000000,saturated
5209,173.320856000,15598877,33.750000000,46,43.850000000,662.525062000,458.746104000,407511.218000000,204.654000000,55.452190800,1.000000000,saturated
5210,173.354189000,15601877,32.916666700,47,43.850000000,662.442269000,458.783551000,396718.382000000,205.583000000,55.127083000,1.000000000,saturated
5211,173.387522000,15604877,31.833333300,46,41.000000000,662.486603000,458.679206000,396757.382000000,205.583000000,55.093222700,1.000000000,saturated
5212,173.420856000,15607877,32.916666700,46,43.000000000,662.255029000,458.545441000,409338.218000000,205.697000000,55.311846200,1.000000000,saturated
5213,173.454189000,15610877,33.000000000,46,44.000000000,662.372988000,458.646127000,405818.218000000,206.398000000,55.177840300,1.000000000,saturated
5214,173.487522000,15613877,34.041666700,46,44.850000000,662.322431000,458.615001000,409561.398000000,206.398000000,55.327515200,1.000000000,saturated
5215,173.520856000,15616877,33.916666700,46,45.000000000,662.301909000,458.570707000,410817.398000000,205.355000000,55.373356700,1.000000000,saturated
5216,173.553711000,15619834,33.750000000,45,45.000000000,662.276307000,458.601061000,411555.598000000,205.355000000,55.417890900,1.000000000,saturated
5217,173.587044000,15622834,33.541666700,46,45.000000000,662.329764000,458.612081000,413209.198000000,204.768000000,55.514515900,1.000000000,saturated
5218,173.620378000,15625834,34.000000000,46,44.850000000,662.279397000,458.602373000,412712.998000000,205.355000000,55.487615500,1.000000000,saturated
5219,173.653711000,15628834,32.958333300,45,44.850000000,662.395198000,458.515270000,404223.000000000,204.067000000,55.282963900,1.000000000,saturated
5220,173.687044000,15631834,33.541666700,45,44.850000000,662.431182000,458.691586000,397903.017000000,204.067000000,54.926190300,1.000000000,saturated
5221,173.720378000,15634834,33.458333300,46,44.850000000,662.444173000,458.634300000,397297.617000000,204.067000000,54.905064200,1.000000000,saturated
5222,173.753711000,15637834,32.958333300,46,44.700000000,662.376646000,458.629283000,400274.182000000,204.181000000,55.029995400,1.000000000,saturated
5223,173.787044000,15640834,32.875000000,45,43.850000000,662.209918000,458.528023000,418462.002000000,205.241000000,55.583520300,1.000000000,saturated
5224,173.819900000,15643791,32.833333300,45,43.850000000,662.283626000,458.539546000,424426.181000000,207.686000000,55.937871600,1.000000000,saturated
5225,173.853233000,15646791,31.875000000,43,42.550000000,662.463406000,458.395348000,417812.402000000,207.213000000,55.819135700,1.000000000,saturated
5226,173.886567000,15649791,31.750000000,43,42.550000000,662.413438000,458.425374000,422842.981000000,207.914000000,55.977155100,1.000000000,saturated
5227,173.919900000,15652791,33.916666700,44,43.000000000,662.462110000,458.290219000,420339.402000000,207.213000000,55.893545300,1.000000000,saturated
5228,173.953233000,15655791,33.458333300,44,42.850000000,662.328990000,458.205288000,421801.802000000,207.213000000,56.025496800,1.000000000,saturated
5229,173.986567000,15658791,32.041666700,44,41.700000000,662.308795000,458.016619000,418165.797000000,207.914000000,55.912679900,1.000000000,saturated
5230,174.019900000,15661791,31.958333300,43,41.700000000,662.192199000,458.241415000,423648.781000000,208.387000000,56.092982400,1.000000000,saturated
5231,174.053233000,15664791,31.375000000,43,41.700000000,662.027904000,458.204057000,431620.000000000,208.387000000,56.299093800,1.000000000,saturated
5232,174.086078000,15667747,30.625000000,40,39.000000000,662.025060000,458.323988000,430439.398000000,207.686000000,56.245345400,1.000000000,saturated
5233,174.119411000,15670747,30.750000000,40,39.000000000,662.076682000,458.390020000,430622.000000000,207.686000000,56.273567300,1.000000000,saturated
5234,174.152744000,15673747,30.875000000,42,41.700000000,662.036898000,458.514042000,424904.181000000,207.686000000,56.092547800,1.000000000,saturated
5235,174.186078000,15676747,29.916666700,40,39.000000000,661.909236000,458.675418000,421474.618000000,206.871000000,55.978009600,1.000000000,saturated
5236,174.219411000,15679747,29.833333300,40,40.000000000,661.891549000,458.615801000,420311.418000000,206.170000000,55.943792200,1.000000000,saturated
5237,174.252744000,15682747,29.916666700,42,40.000000000,661.985932000,458.800986000,421411.818000000,205.241000000,56.043334600,1.000000000,saturated
5238,174.286078000,15685747,30.375000000,42,39.850000000,661.938121000,458.866383000,421598.018000000,205.241000000,56.153769100,1.000000000,saturated
5239,174.319411000,15688747,30.541666700,43,41.700000000,661.851981000,458.865958000,419703.000000000,204.181000000,55.952497900,1.000000000,saturated
5240,174.352267000,15691704,30.375000000,42,39.850000000,661.817944000,458.858642000,423053.402000000,204.067000000,56.043037200,1.000000000,saturated
5241,174.385600000,15694704,30.250000000,42,39.850000000,661.792292000,458.751844000,421205.002000000,206.871000000,55.970075300,1.000000000,saturated
5242,174.418933000,15697704,31.250000000,43,41.550000000,661.749770000,458.837222000,422480.402000000,207.686000000,56.049165700,1.000000000,saturated
5243,174.452267000,15700704,31.625000000,44,42.550000000,661.700556000,458.806055000,421909.000000000,205.583000000,56.008430800,1.000000000,saturated
5244,174.485600000,15703704,32.166666700,45,42.850000000,661.774586000,458.864490000,417113.000000000,206.284000000,55.867546900,1.000000000,saturated
5245,174.518933000,15706704,31.916666700,46,42.850000000,661.883489000,458.885925000,415832.000000000,205.583000000,55.734622200,1.000000000,saturated
5246,174.552267000,15709704,32.000000000,46,42.850000000,661.784265000,458.795580000,415042.000000000,205.355000000,55.708435300,1.000000000,saturated
5247,174.585600000,15712704,30.416666700,44,42.000000000,661.704789000,458.797358000,414598.000000000,208.615000000,55.708739600,1.000000000,saturated
5248,174.618467000,15715662,31.500000000,45,42.850000000,661.749956000,458.745314000,414651.000000000,207.914000000,55.774915900,1.000000000,saturated
5249,174.651800000,15718662,31.666666700,46,43.000000000,661.559681000,458.863804000,429480.198000000,207.914000000,56.290083000,1.000000000,saturated
5250,174.685133000,15721662,31.666666700,43,43.000000000,661.416467000,458.896368000,426404.000000000,212.576000000,56.140816900,1.000000000,saturated
5251,174.718467000,15724662,31.541666700,44,43.850000000,661.408566000,458.840367000,427091.000000000,212.576000000,56.122361900,1.000000000,saturated
5252,174.751800000,15727662,31.375000000,45,44.850000000,661.331651000,459.085963000,431999.000000000,212.576000000,56.500433500,0.998587960,saturated
5253,174.785133000,15730662,30.791666700,45,44.700000000,661.340781000,459.113196000,429334.000000000,212.576000000,56.278217100,1.000000000,saturated
5254,174.818467000,15733662,30.500000000,44,43.700000000,661.233509000,459.099820000,427752.000000000,209.316000000,56.253817900,1.000000000,saturated
5255,174.851800000,15736662,31.166666700,44,43.700000000,661.342710000,459.101523000,417791.403000000,208.370000000,56.030044200,1.000000000,saturated
5256,174.884644000,15739618,31.500000000,46,44.700000000,661.276469000,459.095588000,419639.603000000,208.142000000,56.007309100,0.998745590,saturated
5257,174.917978000,15742618,31.250000000,46,44.700000000,661.366949000,459.147179000,429017.219000000,210.017000000,56.470624500,0.998814034,saturated
5258,174.951311000,15745618,31.958333300,46,44.700000000,661.313887000,459.234726000,425906.419000000,212.348000000,56.378535900,1.000000000,saturated
5259,174.984644000,15748618,31.416666700,44,43.850000000,661.253215000,459.115793000,429079.619000000,210.946000000,56.466363300,1.000000000,saturated
5260,175.017978000,15751618,31.083333300,44,43.850000000,661.346959000,459.085463000,425987.000000000,210.946000000,56.388190400,1.000000000,saturated
5261,175.051311000,15754618,31.541666700,44,43.850000000,661.526158000,459.044359000,409776.397000000,206.039000000,55.912885900,1.000000000,saturated
5262,175.084644000,15757618,31.250000000,44,43.850000000,661.576135000,459.036686000,410104.797000000,207.327000000,55.890864300,1.000000000,saturated
5263,175.117978000,15760618,31.416666700,43,42.850000000,661.595241000,458.944995000,419352.581000000,210.131000000,56.174218800,1.000000000,saturated
5264,175.150833000,15763575,32.250000000,44,43.700000000,661.440335000,459.093917000,428029.000000000,210.131000000,56.262428000,1.000000000,saturated
5265,175.184167000,15766575,30.791666700,44,42.850000000,661.541822000,458.999802000,423501.000000000,210.131000000,56.192923500,1.000000000,saturated
5266,175.217500000,15769575,29.625000000,43,41.550000000,661.384298000,459.042295000,417633.981000000,209.430000000,56.019042800,1.000000000,saturated
5267,175.250833000,15772575,27.916666700,40,38.850000000,661.357216000,459.080037000,421680.000000000,209.202000000,56.087967000,1.000000000,saturated
5268,175.284167000,15775575,28.333333300,40,39.850000000,661.408084000,459.095407000,425704.000000000,209.430000000,56.215751000,1.000000000,saturated
5269,175.317500000,15778575,28.291666700,42,39.850000000,661.402414000,459.117254000,421330.381000000,208.729000000,56.062278800,1.000000000,saturated
5270,175.350833000,15781575,28.416666700,42,40.000000000,661.433984000,459.142855000,424016.000000000,208.729000000,56.072196000,1.000000000,saturated
5271,175.384167000,15784575,29.166666700,43,40.000000000,661.393699000,459.124083000,427949.419000000,209.430000000,56.289771100,1.000000000,saturated
5272,175.417022000,15787532,30.166666700,44,42.000000000,661.384687000,459.072530000,423399.000000000,207.800000000,56.150686500,1.000000000,saturated
5273,175.450356000,15790532,30.083333300,44,42.850000000,661.434371000,459.080305000,422986.000000000,209.544000000,56.111263700,1.000000000,saturated
5274,175.483689000,15793532,30.125000000,44,42.550000000,661.359592000,459.096002000,423441.000000000,209.544000000,56.161828300,1.000000000,saturated
5275,175.517022000,15796532,30.000000000,43,42.850000000,661.260309000,459.070613000,423885.000000000,208.501000000,56.238640300,1.000000000,saturated
5276,175.550356000,15799532,30.875000000,46,44.850000000,661.287798000,458.945712000,425340.000000000,209.772000000,56.227682800,1.000000000,saturated
5277,175.583689000,15802532,30.916666700,45,44.850000000,661.397498000,458.850497000,425562.000000000,208.370000000,56.257339800,1.000000000,saturated
5278,175.617022000,15805532,30.375000000,44,43.000000000,661.369669000,458.774861000,430552.019000000,210.245000000,56.338462700,1.000000000,saturated
5279,175.650356000,15808532,29.916666700,45,43.700000000,661.377002000,458.653813000,427335.000000000,210.245000000,56.233736500,1.000000000,saturated
5280,175.683200000,15811488,31.333333300,45,43.850000000,661.483592000,458.680825000,416501.003000000,208.615000000,55.688110800,1.000000000,saturated
5281,175.716533000,15814488,30.791666700,46,44.000000000,661.520749000,458.703589000,413618.803000000,209.316000000,55.580807700,1.000000000,saturated
5282,175.749867000,15817488,30.916666700,44,42.850000000,661.425836000,458.899337000,414169.803000000,208.615000000,55.710912700,1.000000000,saturated
5283,175.783200000,15820488,31.500000000,43,42.000000000,661.450955000,458.896167000,419290.181000000,208.028000000,55.847357400,1.000000000,saturated
5284,175.816533000,15823488,31.708333300,44,43.700000000,661.475072000,458.903470000,415043.003000000,209.316000000,55.719205100,1.000000000,saturated
5285,175.849867000,15826488,31.250000000,42,41.700000000,661.436598000,458.941866000,411898.403000000,208.615000000,55.642034800,1.000000000,saturated
5286,175.883200000,15829488,31.583333300,42,40.000000000,661.380346000,459.037134000,419778.597000000,208.615000000,55.898408300,1.000000000,saturated
5287,175.916533000,15832488,32.125000000,42,41.700000000,661.303562000,459.141949000,421927.000000000,207.572000000,56.012732700,1.000000000,saturated
5288,175.949389000,15835445,31.625000000,42,41.700000000,661.325267000,459.172263000,421158.000000000,207.572000000,55.984899400,1.000000000,saturated
5289,175.982722000,15838445,32.083333300,42,41.700000000,661.370787000,458.980564000,417684.000000000,207.572000000,55.982820000,1.000000000,saturated
5290,176.016056000,15841445,31.416666700,39,39.000000000,661.485829000,459.112262000,409007.403000000,207.686000000,55.651639300,1.000000000,saturated
5291,176.049389000,15844445,32.083333300,39,39.000000000,661.526415000,459.142726000,410234.018000000,206.985000000,55.654224100,1.000000000,saturated
5292,176.082722000,15847445,31.666666700,40,39.850000000,661.698342000,459.015144000,402927.000000000,206.170000000,55.419689100,1.000000000,saturated
5293,176.116056000,15850445,31.166666700,39,39.000000000,661.567011000,458.931939000,411869.982000000,207.686000000,55.627424500,1.000000000,saturated
5294,176.149389000,15853445,32.125000000,42,41.700000000,661.602097000,458.851618000,413599.781000000,210.832000000,55.644376600,1.000000000,saturated
5295,176.182722000,15856445,31.500000000,43,39.850000000,661.661112000,458.782930000,419856.000000000,210.832000000,55.789143500,1.000000000,saturated
5296,176.215589000,15859403,31.708333300,45,42.850000000,661.736653000,458.684096000,408660.602000000,207.686000000,55.508420300,1.000000000,saturated
5297,176.248922000,15862403,31.916666700,44,40.000000000,661.690804000,458.712579000,403617.798000000,207.213000000,55.318060700,1.000000000,saturated
5298,176.282256000,15865403,32.541666700,43,39.000000000,661.662177000,458.750124000,405133.997000000,206.985000000,55.397184300,1.000000000,saturated
5299,176.315589000,15868403,32.375000000,43,39.850000000,661.621719000,458.759708000,407511.798000000,206.985000000,55.466506800,1.000000000,saturated
5300,176.348922000,15871403,31.666666700,43,39.000000000,661.706257000,458.661416000,413447.202000000,209.316000000,55.596659500,1.000000000,saturated
5301,176.382256000,15874403,31.041666700,43,39.000000000,661.727881000,458.671474000,423461.202000000,209.316000000,56.010255100,1.000000000,saturated
5302,176.415589000,15877403,31.208333300,43,38.000000000,661.569273000,458.756609000,424112.218000000,209.316000000,56.068490500,1.000000000,saturated
5303,176.448922000,15880403,32.458333300,44,39.850000000,661.604837000,458.687055000,424586.618000000,209.903000000,56.131682900,1.000000000,saturated
5304,176.481756000,15883358,31.916666700,42,39.850000000,661.609575000,458.617336000,424639.219000000,208.501000000,56.138635400,1.000000000,saturated
5305,176.515089000,15886358,31.916666700,42,39.850000000,661.547677000,458.610898000,424523.018000000,208.387000000,56.094117200,1.000000000,saturated
5306,176.548422000,15889358,30.875000000,40,37.000000000,661.648947000,458.532354000,415665.182000000,208.387000000,55.884836100,1.000000000,saturated
5307,176.581756000,15892358,32.291666700,42,39.000000000,661.608500000,458.592116000,414814.182000000,207.800000000,55.717308300,1.000000000,saturated
5308,176.615089000,15895358,31.875000000,42,39.000000000,661.658026000,458.589207000,419248.000000000,207.800000000,55.920568600,1.000000000,saturated
5309,176.648422000,15898358,31.541666700,40,39.700000000,661.574676000,458.785127000,416581.000000000,207.572000000,55.719178700,1.000000000,saturated
5310,176.681756000,15901358,31.250000000,40,39.000000000,661.641281000,458.821442000,400972.198000000,205.583000000,55.322526200,1.000000000,saturated
5311,176.715089000,15904358,31.208333300,39,38.850000000,661.749561000,458.767731000,394347.603000000,206.284000000,55.081924500,1.000000000,saturated
5312,176.747956000,15907316,30.958333300,38,38.000000000,661.716625000,458.715393000,403988.000000000,206.398000000,55.368462300,1.000000000,saturated
5313,176.781289000,15910316,29.791666700,38,37.000000000,661.499963000,458.794596000,415883.000000000,207.800000000,55.777784700,1.000000000,saturated
5314,176.814622000,15913316,30.625000000,39,37.000000000,661.432743000,458.780821000,414086.000000000,206.757000000,55.818794500,1.000000000,saturated
5315,176.847956000,15916316,30.916666700,39,38.850000000,661.535152000,458.658028000,404151.203000000,206.985000000,55.544545200,1.000000000,saturated
5316,176.881289000,15919316,31.333333300,42,40.000000000,661.585687000,458.684971000,404032.003000000,207.686000000,55.554514500,1.000000000,saturated
5317,176.914622000,15922316,31.166666700,42,39.000000000,661.537892000,458.754031000,396725.197000000,206.985000000,55.310588600,1.000000000,saturated
5318,176.947956000,15925316,30.375000000,40,38.000000000,661.481528000,458.774027000,392147.018000000,206.284000000,55.167673000,1.000000000,saturated
5319,176.981289000,15928316,30.625000000,40,38.000000000,661.524039000,458.991103000,397822.397000000,204.540000000,55.459966400,1.000000000,saturated
5320,177.014144000,15931273,30.458333300,42,38.850000000,661.444615000,459.037698000,409141.803000000,208.028000000,55.718530100,1.000000000,saturated
5321,177.047478000,15934273,30.500000000,43,39.000000000,661.494026000,459.024934000,403705.397000000,208.028000000,55.591213000,1.000000000,saturated
5322,177.080811000,15937273,30.916666700,43,39.850000000,661.435350000,459.021439000,403632.597000000,208.729000000,55.584397800,1.000000000,saturated
5323,177.114144000,15940273,32.041666700,44,39.000000000,661.429637000,459.047956000,407973.803000000,208.028000000,55.735890000,1.000000000,saturated
5324,177.147478000,15943273,32.541666700,43,39.000000000,661.420086000,459.026756000,410259.202000000,206.985000000,55.626726500,1.000000000,saturated
5325,177.180811000,15946273,32.041666700,43,40.000000000,661.480590000,459.118906000,408444.003000000,206.626000000,55.590394700,1.000000000,saturated
5326,177.214144000,15949273,32.250000000,43,41.850000000,661.449245000,459.128696000,410640.203000000,206.626000000,55.693838700,1.000000000,saturated
5327,177.247478000,15952273,32.458333300,44,42.850000000,661.429267000,459.171461000,405142.397000000,205.925000000,55.514418500,1.000000000,saturated
5328,177.280322000,15955229,31.666666700,43,40.000000000,661.402100000,459.175754000,410082.403000000,206.284000000,55.690433700,1.000000000,saturated
5329,177.313656000,15958229,31.916666700,43,40.000000000,661.352437000,459.286290000,413257.402000000,206.284000000,55.679105400,1.000000000,saturated
5330,177.346989000,15961229,32.875000000,44,42.850000000,661.352952000,459.312717000,412723.802000000,208.615000000,55.710459500,1.000000000,saturated
5331,177.380322000,15964229,32.916666700,43,43.000000000,661.314201000,459.377286000,419315.381000000,208.615000000,55.911442200,1.000000000,saturated
5332,177.413656000,15967229,32.833333300,45,43.850000000,661.347116000,459.327532000,418511.781000000,209.316000000,55.852743600,1.000000000,saturated
5333,177.446989000,15970229,33.000000000,44,43.850000000,661.356474000,459.303387000,416621.781000000,209.316000000,55.756681700,1.000000000,saturated
5334,177.480322000,15973229,32.666666700,43,42.850000000,661.361004000,459.292355000,415175.181000000,207.686000000,55.739258400,1.000000000,saturated
5335,177.513656000,15976229,32.666666700,43,42.850000000,661.286590000,459.126848000,419614.998000000,208.387000000,55.874005400,1.000000000,saturated
5336,177.546511000,15979186,32.625000000,43,42.550000000,661.341503000,459.100708000,418249.181000000,208.615000000,55.946821800,1.000000000,saturated
5337,177.579844000,15982186,32.958333300,43,42.550000000,661.369991000,459.117288000,418374.781000000,209.316000000,55.931051500,1.000000000,saturated
5338,177.613178000,15985186,32.875000000,43,42.550000000,661.399933000,459.256011000,413264.802000000,207.213000000,55.653600800,1.000000000,saturated
5339,177.646511000,15988186,33.291666700,44,42.850000000,661.330005000,459.207420000,418610.381000000,209.316000000,55.825293800,1.000000000,saturated
5340,177.679844000,15991186,32.375000000,45,43.700000000,661.253949000,459.082392000,416266.381000000,212.462000000,55.862395100,1.000000000,saturated
5341,177.713178000,15994186,31.958333300,44,43.700000000,661.223693000,459.136948000,418893.398000000,212.462000000,55.931090900,1.000000000,saturated
5342,177.746511000,15997186,31.458333300,44,43.700000000,661.480656000,459.108445000,401080.818000000,208.028000000,55.358475900,1.000000000,saturated
5343,177.779844000,16000186,30.250000000,43,42.550000000,661.401990000,458.969576000,409349.003000000,208.729000000,55.721406600,1.000000000,saturated
5344,177.812700000,16003143,32.666666700,44,42.850000000,661.492130000,458.939001000,405007.597000000,208.729000000,55.504867600,1.000000000,saturated
5345,177.846033000,16006143,32.708333300,44,42.000000000,661.281062000,458.989822000,409468.002000000,208.729000000,55.488833300,1.000000000,saturated
5346,177.879367000,16009143,32.000000000,42,40.000000000,661.412879000,458.929315000,402157.218000000,207.213000000,55.245423900,1.000000000,saturated
5347,177.912700000,16012143,31.750000000,39,39.000000000,661.399571000,458.945463000,398245.000000000,207.213000000,55.087593600,1.000000000,saturated
5348,177.946033000,16015143,31.708333300,39,38.000000000,661.494103000,458.893937000,403180.018000000,207.213000000,55.207672800,1.000000000,saturated
5349,177.979367000,16018143,32.541666700,38,38.000000000,661.455328000,458.998222000,408469.798000000,207.213000000,55.447911500,1.000000000,saturated
5350,178.012700000,16021143,33.166666700,39,38.850000000,661.496977000,458.913579000,414806.602000000,206.985000000,55.637970000,1.000000000,saturated
5351,178.046033000,16024143,32.416666700,40,39.000000000,661.448476000,458.959313000,415054.602000000,206.985000000,55.642451100,1.000000000,saturated
5352,178.078878000,16027099,31.958333300,39,39.000000000,661.383255000,458.722235000,416421.402000000,209.316000000,55.713311000,1.000000000,saturated
5353,178.112211000,16030099,32.583333300,42,40.000000000,661.370967000,458.763685000,406729.818000000,206.626000000,55.613509500,1.000000000,saturated
5354,178.145544000,16033099,32.500000000,42,39.000000000,661.392612000,458.852164000,406187.018000000,207.213000000,55.587369600,1.000000000,saturated
5355,178.178878000,16036099,33.250000000,43,40.000000000,661.403642000,458.760244000,406920.418000000,207.213000000,55.616044200,1.000000000,saturated
5356,178.212211000,16039099,33.541666700,42,40.850000000,661.450685000,458.781465000,407391.818000000,206.626000000,55.699570300,1.000000000,saturated
5357,178.245544000,16042099,33.625000000,40,40.000000000,661.479792000,458.618204000,402757.618000000,205.224000000,55.457329500,1.000000000,saturated
5358,178.278878000,16045099,32.875000000,41,40.000000000,661.016707000,458.631062000,424567.581000000,207.914000000,55.991312300,1.000000000,saturated
5359,178.312211000,16048099,31.500000000,43,39.000000000,661.231429000,458.692189000,419111.798000000,207.327000000,55.859998000,1.000000000,saturated
5360,178.345067000,16051056,32.041666700,41,39.700000000,661.152604000,458.753876000,424534.818000000,208.615000000,56.030549400,1.000000000,saturated
5361,178.378400000,16054056,32.208333300,41,39.850000000,661.124947000,458.578523000,417573.798000000,208.615000000,55.921752500,1.000000000,saturated
5362,178.411733000,16057056,31.791666700,40,39.000000000,661.205070000,458.505710000,417114.998000000,208.615000000,55.889623500,1.000000000,saturated
5363,178.445067000,16060056,31.125000000,41,38.850000000,661.100082000,458.480303000,427995.381000000,207.572000000,56.228670900,1.000000000,saturated
5364,178.478400000,16063056,32.208333300,44,39.000000000,661.104476000,458.413848000,423886.381000000,209.316000000,56.018484100,1.000000000,saturated
5365,178.511733000,16066056,32.625000000,44,40.000000000,661.120065000,458.330773000,424493.181000000,207.914000000,56.088669600,1.000000000,saturated
5366,178.545067000,16069056,32.125000000,44,38.850000000,661.119821000,458.324272000,423787.181000000,208.142000000,56.161534500,1.000000000,saturated
5367,178.578400000,16072056,33.083333300,44,39.000000000,661.151449000,458.368483000,419148.818000000,208.615000000,56.020566100,1.000000000,saturated
5368,178.611267000,16075014,33.083333300,43,39.000000000,661.159690000,458.410545000,426131.000000000,207.800000000,56.188815900,1.000000000,saturated
5369,178.644600000,16078014,33.625000000,45,40.000000000,661.229241000,458.254028000,421233.181000000,208.615000000,56.087315500,1.000000000,saturated
5370,178.677933000,16081014,32.666666700,44,42.850000000,661.117332000,458.206262000,429141.602000000,208.544000000,56.522669200,1.000000000,saturated
5371,178.711267000,16084014,33.166666700,43,41.700000000,661.142659000,458.213630000,421308.818000000,207.544000000,56.246779300,1.000000000,saturated
5372,178.744600000,16087014,33.250000000,42,40.000000000,661.143695000,458.247688000,422464.418000000,208.544000000,56.320791000,1.000000000,saturated
5373,178.777933000,16090014,33.250000000,43,40.000000000,661.072354000,458.255795000,423905.597000000,210.017000000,56.386245700,1.000000000,saturated
5374,178.811267000,16093014,32.458333300,40,39.000000000,661.084880000,458.258763000,425459.000000000,208.387000000,56.490721700,1.000000000,saturated
5375,178.844600000,16096014,32.500000000,40,38.850000000,661.060575000,458.297180000,426741.000000000,208.387000000,56.541393700,1.000000000,saturated
5376,178.877444000,16098970,33.958333300,43,41.550000000,661.136099000,458.185753000,424817.000000000,207.572000000,56.412367100,1.000000000,saturated
5377,178.910778000,16101970,34.125000000,43,41.550000000,661.128533000,458.165241000,424211.000000000,207.572000000,56.434974200,1.000000000,saturated
5378,178.944111000,16104970,34.250000000,44,42.550000000,661.128745000,458.183135000,417953.381000000,207.572000000,56.151998900,1.000000000,saturated
5379,178.977444000,16107970,33.500000000,43,41.550000000,661.019857000,458.256992000,419263.981000000,207.572000000,56.095525400,1.000000000,saturated
5380,179.010778000,16110970,34.208333300,41,39.000000000,660.902428000,458.310981000,425315.000000000,206.985000000,56.231061200,1.000000000,saturated
5381,179.044111000,16113970,34.208333300,41,39.850000000,660.933394000,458.362964000,424706.000000000,208.501000000,56.213326300,1.000000000,saturated
5382,179.077444000,16116970,33.416666700,40,38.850000000,661.185626000,458.275717000,401226.000000000,207.327000000,55.577066000,1.000000000,saturated
5383,179.110778000,16119970,34.125000000,40,39.850000000,661.194340000,458.307058000,406317.418000000,208.729000000,55.854260600,0.999013579,saturated
5384,179.143633000,16122927,33.916666700,39,39.000000000,661.389707000,458.127084000,398289.000000000,206.512000000,55.555156200,0.998975618,saturated
5385,179.176967000,16125927,34.500000000,40,39.000000000,661.283064000,458.094760000,407399.997000000,208.729000000,55.847620300,1.000000000,saturated
5386,179.210300000,16128927,34.291666700,40,40.000000000,661.175478000,458.145918000,415965.581000000,206.512000000,56.107852000,1.000000000,saturated
5387,179.243633000,16131927,34.583333300,40,39.000000000,661.142160000,458.246079000,416079.781000000,206.284000000,56.087582700,0.998944433,saturated
5388,179.276967000,16134927,33.500000000,39,39.000000000,661.231957000,458.295371000,411670.181000000,206.284000000,55.942127200,1.000000000,saturated
5389,179.310300000,16137927,34.375000000,39,39.000000000,661.136969000,458.319643000,410525.781000000,206.985000000,55.835390400,1.000000000,saturated
5390,179.343633000,16140927,34.666666700,40,40.000000000,661.140768000,458.332552000,413063.000000000,206.284000000,55.884936100,1.000000000,saturated
5391,179.376967000,16143927,34.833333300,40,38.850000000,661.150592000,458.434951000,413502.000000000,206.099000000,55.936134300,1.000000000,saturated
5392,179.409822000,16146884,34.583333300,39,37.850000000,661.104755000,458.306262000,421338.219000000,209.088000000,56.280839000,1.000000000,saturated
5393,179.443156000,16149884,34.541666700,39,37.000000000,661.005181000,458.059511000,419532.219000000,209.088000000,56.085767700,1.000000000,saturated
5394,179.476489000,16152884,35.041666700,40,38.000000000,660.837604000,458.135784000,423076.997000000,209.789000000,56.247576400,1.000000000,saturated
5395,179.509822000,16155884,35.416666700,42,39.000000000,660.801385000,458.130433000,421216.397000000,207.800000000,56.186557400,1.000000000,saturated
5396,179.543156000,16158884,34.250000000,40,39.700000000,660.839014000,458.295327000,422039.598000000,208.501000000,56.220722000,1.000000000,saturated
5397,179.576489000,16161884,35.583333300,40,40.000000000,660.845382000,458.138457000,422297.197000000,209.088000000,56.393627000,1.000000000,saturated
5398,179.609822000,16164884,35.625000000,40,40.000000000,660.787777000,457.976596000,417355.819000000,208.387000000,56.083466200,1.000000000,saturated
5399,179.643156000,16167884,35.125000000,40,39.850000000,660.695301000,457.903713000,425042.000000000,208.159000000,56.366562700,1.000000000,saturated
5400,179.676000000,16170840,37.750000000,45,43.000000000,661.064437000,458.023204000,407777.582000000,207.572000000,55.983565300,0.996139072,saturated
5401,179.709333000,16173840,36.500000000,44,42.700000000,661.023492000,458.128319000,407513.781000000,207.572000000,55.988525000,0.995999154,saturated
5402,179.742667000,16176840,35.291666700,40,40.000000000,661.008343000,457.905281000,410622.581000000,206.871000000,55.983350000,0.996683086,saturated
5403,179.776000000,16179840,36.291666700,41,40.850000000,660.821245000,457.959163000,405977.603000000,205.583000000,55.814626900,0.995672668,saturated
5404,179.809333000,16182840,36.166666700,43,42.550000000,660.616956000,457.983411000,409041.981000000,206.985000000,55.990688400,0.997948377,saturated
5405,179.842667000,16185840,36.166666700,43,42.550000000,660.621693000,457.981366000,408776.781000000,206.985000000,56.070158700,1.000000000,saturated
5406,179.876000000,16188840,36.500000000,45,42.700000000,660.703336000,457.847541000,409899.781000000,206.284000000,56.255318500,1.000000000,saturated
5407,179.909333000,16191840,36.208333300,44,43.400000000,660.650234000,457.929801000,409045.781000000,208.387000000,56.201055100,1.000000000,saturated
5408,179.942189000,16194797,35.916666700,44,42.550000000,660.677289000,457.895500000,407290.781000000,206.871000000,56.103638900,0.998145797,saturated
5409,179.975522000,16197797,36.333333300,45,42.700000000,660.693415000,457.772370000,406832.981000000,208.501000000,56.016461600,0.997858581,saturated
5410,180.008856000,16200797,35.875000000,43,41.550000000,660.730665000,457.732597000,407532.781000000,209.316000000,56.008178300,0.997139862,saturated
5411,180.042189000,16203797,35.916666700,42,40.850000000,660.878363000,457.733791000,403954.018000000,209.316000000,55.932087300,0.997082836,saturated
5412,180.075522000,16206797,35.666666700,41,39.850000000,660.739058000,457.571276000,416077.219000000,210.718000000,56.463180600,0.997187061,saturated
5413,180.108856000,16209797,35.375000000,43,41.700000000,660.664930000,457.475791000,408185.781000000,207.572000000,55.952106200,0.997330627,saturated
5414,180.142189000,16212797,35.750000000,42,40.700000000,660.574957000,457.350098000,418974.000000000,207.213000000,56.182854000,1.000000000,saturated
5415,180.175522000,16215797,36.083333300,43,40.700000000,660.785830000,457.354221000,407801.803000000,207.686000000,55.870200500,1.000000000,saturated
5416,180.208389000,16218755,36.208333300,43,40.000000000,660.703856000,457.467934000,406727.803000000,207.686000000,55.838074200,1.000000000,saturated
5417,180.241722000,16221755,36.333333300,40,40.000000000,660.808363000,457.703008000,400509.618000000,206.153000000,55.509249000,1.000000000,saturated
5418,180.275056000,16224755,36.208333300,40,40.000000000,660.653745000,457.641003000,408969.003000000,206.871000000,55.790913900,1.000000000,saturated
5419,180.308389000,16227755,36.375000000,40,40.000000000,660.564588000,457.604601000,410177.403000000,206.871000000,55.796237000,0.994939751,saturated
5420,180.341722000,16230755,36.041666700,40,40.000000000,660.500487000,457.462795000,414384.397000000,206.871000000,55.924721000,0.995513344,saturated
5421,180.375056000,16233755,36.333333300,40,39.000000000,660.632558000,457.410138000,417129.397000000,205.942000000,56.026787900,0.996996615,saturated
5422,180.408389000,16236755,35.041666700,40,39.000000000,660.734588000,457.474511000,393046.396000000,204.768000000,55.246534500,0.994432209,saturated
5423,180.441722000,16239755,35.000000000,40,40.000000000,660.796275000,457.533241000,392270.596000000,204.768000000,55.217929200,0.994421198,saturated
5424,180.474556000,16242710,35.291666700,40,39.850000000,660.669114000,457.510007000,404324.000000000,206.170000000,55.631835500,1.000000000,saturated
5425,180.507889000,16245710,35.416666700,40,39.850000000,660.695382000,457.422940000,408794.218000000,208.501000000,55.836061100,1.000000000,saturated
5426,180.541222000,16248710,36.083333300,40,39.850000000,660.638755000,457.429321000,409517.418000000,207.686000000,55.819121100,1.000000000,saturated
5427,180.574556000,16251710,35.791666700,39,38.850000000,660.548881000,457.494457000,419994.603000000,208.387000000,56.160399300,1.000000000,saturated
5428,180.607889000,16254710,35.500000000,39,38.000000000,660.587138000,457.452673000,419312.202000000,209.088000000,56.144665400,1.000000000,saturated
5429,180.641222000,16257710,34.750000000,39,38.700000000,660.549734000,457.588700000,407634.018000000,207.686000000,55.732824400,0.997212205,saturated
5430,180.674556000,16260710,34.333333300,38,38.000000000,660.492316000,457.466089000,404647.197000000,207.555000000,55.855984100,0.996805118,saturated
5431,180.707889000,16263710,35.416666700,39,38.850000000,660.485649000,457.401135000,404127.797000000,207.555000000,55.802655000,0.996781216,saturated
5432,180.740756000,16266668,36.500000000,40,39.850000000,660.415872000,457.498339000,402702.197000000,206.854000000,55.678509400,0.996789687,saturated
5433,180.774089000,16269668,37.208333300,42,40.000000000,660.469526000,457.440164000,398031.618000000,206.854000000,55.564104400,0.996768096,saturated
5434,180.807422000,16272668,36.291666700,40,40.000000000,660.505519000,457.378873000,396742.218000000,207.099000000,55.508881900,0.996797921,saturated
5435,180.840756000,16275668,37.458333300,43,43.000000000,660.643077000,457.408019000,388701.982000000,207.441000000,55.268126000,0.996589675,saturated
5436,180.874089000,16278668,36.625000000,43,41.850000000,660.577489000,457.334820000,387697.982000000,205.583000000,55.235109100,0.996622113,saturated
5437,180.907422000,16281668,37.208333300,43,41.850000000,660.457103000,457.459064000,388125.382000000,206.398000000,55.176411500,0.995738491,saturated
5438,180.940756000,16284668,36.333333300,39,39.000000000,660.465310000,457.578148000,375998.983000000,205.110000000,54.760177900,0.996357437,saturated
5439,180.974089000,16287668,36.208333300,39,39.000000000,660.532500000,457.615877000,370411.405000000,205.110000000,54.610163800,0.994512048,saturated
5440,181.006944000,16290625,35.750000000,40,39.000000000,660.509803000,457.424768000,369645.805000000,205.925000000,54.570487200,0.994479039,saturated
5441,181.040278000,16293625,34.916666700,39,38.850000000,660.449120000,457.436946000,365603.995000000,204.751000000,54.472395700,0.994400499,saturated
5442,181.073611000,16296625,34.833333300,39,38.850000000,660.411330000,457.348753000,365930.195000000,205.224000000,54.421409300,0.994361766,saturated
5443,181.106944000,16299625,35.916666700,39,38.850000000,660.556379000,457.380129000,357494.000000000,204.050000000,54.131452500,0.995127191,saturated
5444,181.140278000,16302625,35.875000000,39,39.000000000,660.480390000,457.397048000,355536.000000000,203.235000000,54.069643200,0.995139733,saturated
5445,181.173611000,16305625,35.625000000,40,39.850000000,660.516431000,457.452425000,351299.016000000,203.463000000,53.942408400,0.994120109,saturated
5446,181.206944000,16308625,35.791666700,40,39.000000000,660.365047000,457.447187000,351406.216000000,203.463000000,53.962466500,0.994121902,saturated
5447,181.240278000,16311625,36.416666700,42,40.000000000,660.244306000,457.505748000,357834.000000000,204.865000000,54.084839900,0.994254319,saturated
5448,181.273122000,16314581,37.250000000,43,42.000000000,660.324183000,457.356653000,352475.816000000,203.235000000,53.963973500,0.994094347,saturated
5449,181.306456000,16317581,36.208333300,42,41.700000000,660.294994000,457.476988000,360132.795000000,201.833000000,54.253098000,0.994184923,saturated
5450,181.339789000,16320581,36.333333300,43,41.850000000,660.588835000,457.473874000,332730.405000000,201.474000000,53.271048000,0.993590006,saturated
5451,181.373122000,16323581,35.458333300,40,39.850000000,660.531863000,457.480956000,333760.205000000,200.773000000,53.358008800,0.993609784,saturated
5452,181.406456000,16326581,36.291666700,40,40.000000000,660.417841000,457.508755000,343114.000000000,201.947000000,53.716018300,0.993051872,saturated
5453,181.439789000,16329581,35.750000000,39,39.000000000,660.310066000,457.480336000,356560.804000000,201.246000000,54.207182300,0.994052067,saturated
5454,181.473122000,16332581,36.000000000,40,39.850000000,660.313864000,457.463953000,356301.604000000,202.306000000,54.261193500,0.993935475,saturated
5455,181.506456000,16335581,35.708333300,39,38.000000000,660.299250000,457.422537000,355122.204000000,201.132000000,54.295840500,0.993090829,saturated
5456,181.539311000,16338538,36.416666700,39,39.000000000,660.307020000,457.459411000,355331.404000000,201.833000000,54.267769800,0.993879517,saturated
5457,181.572644000,16341538,35.000000000,39,38.000000000,660.249924000,457.439479000,357863.604000000,201.605000000,54.202276600,0.993961946,saturated
5458,181.605978000,16344538,34.041666700,39,38.000000000,660.201408000,457.300853000,358590.204000000,200.904000000,54.188526400,0.993996490,saturated
5459,181.639311000,16347538,33.500000000,39,38.000000000,660.057565000,457.289843000,356195.204000000,202.289000000,54.080811300,0.993956123,saturated
5460,181.672644000,16350538,34.291666700,39,38.000000000,660.228172000,457.722474000,319793.985000000,197.513000000,52.973263400,0.989943526,saturated
5461,181.705978000,16353538,33.916666700,38,37.850000000,660.284026000,457.701984000,319865.585000000,197.513000000,52.905337100,0.989995798,saturated
5462,181.739311000,16356538,34.000000000,38,38.000000000,660.204109000,457.754866000,318487.585000000,197.513000000,52.903902100,0.990005890,saturated
5463,181.772644000,16359538,34.875000000,38,37.850000000,660.201911000,457.672322000,328631.215000000,198.915000000,53.153941300,0.990286985,saturated
5464,181.805500000,16362495,34.416666700,37,37.000000000,660.218282000,457.694689000,323146.000000000,199.958000000,52.905553400,0.990100450,saturated
5465,181.838833000,16365495,35.375000000,38,38.000000000,660.298362000,457.768573000,317814.985000000,199.257000000,52.800336300,0.989893491,saturated
5466,181.872167000,16368495,35.458333300,39,38.850000000,660.274766000,457.782129000,318100.785000000,199.257000000,52.808638300,0.989830267,saturated
5467,181.905500000,16371495,35.916666700,40,39.850000000,660.146055000,457.811116000,332601.000000000,202.061000000,53.275575300,0.990330757,saturated
5468,181.938833000,16374495,35.166666700,39,39.000000000,660.161758000,457.803401000,332774.000000000,202.061000000,53.388778400,0.991769189,saturated
5469,181.972167000,16377495,34.416666700,39,38.850000000,660.049862000,457.877819000,330459.615000000,200.659000000,53.214612800,0.990189421,saturated
5470,182.005500000,16380495,34.750000000,40,39.850000000,660.109453000,457.949503000,315516.770000000,199.958000000,52.785087700,0.992974066,saturated
5471,182.038833000,16383495,35.000000000,39,38.850000000,660.082214000,457.998329000,315399.370000000,199.143000000,52.804868400,0.993034863,saturated
5472,182.071678000,16386451,35.708333300,39,39.000000000,660.141974000,458.032039000,313734.970000000,200.773000000,52.737851100,0.992953288,saturated
5473,182.105011000,16389451,35.875000000,39,39.000000000,660.108300000,458.022700000,327113.816000000,202.175000000,53.177582700,0.993251279,saturated
5474,182.138344000,16392451,35.958333300,39,39.000000000,660.022743000,458.139917000,327810.016000000,201.474000000,53.288891900,0.993229005,saturated
5475,182.171678000,16395451,36.250000000,40,39.850000000,660.047668000,458.104021000,323281.000000000,201.474000000,53.141534900,0.993132909,saturated
5476,182.205011000,16398451,36.250000000,40,39.850000000,659.963838000,458.178547000,325305.215000000,201.474000000,53.222059700,0.993195313,saturated
5477,182.238344000,16401451,35.666666700,40,39.850000000,659.922887000,458.152932000,319622.585000000,200.773000000,52.980833000,0.993034285,saturated
5478,182.271678000,16404451,35.458333300,42,40.000000000,660.008065000,458.200384000,318804.585000000,199.958000000,52.885637000,0.993082283,saturated
5479,182.305011000,16407451,35.083333300,42,40.000000000,660.133713000,457.894736000,315965.985000000,199.844000000,52.811888700,0.992982156,saturated
5480,182.337867000,16410408,34.708333300,40,38.850000000,660.141033000,457.994259000,317078.830000000,199.371000000,52.927913100,0.991856914,saturated
5481,182.371200000,16413408,34.666666700,40,39.000000000,660.080917000,458.086924000,317651.030000000,201.474000000,52.976005300,0.993076679,saturated
5482,182.404533000,16416408,35.750000000,40,40.000000000,660.105634000,458.122388000,308393.829000000,199.371000000,52.593151000,0.992833190,saturated
5483,182.437867000,16419408,36.083333300,40,40.000000000,660.264925000,457.990828000,305955.985000000,199.371000000,52.559851700,0.992729673,saturated
5484,182.471200000,16422408,36.958333300,42,41.700000000,660.342542000,457.845729000,298416.000000000,197.969000000,52.361915100,0.992560721,saturated
5485,182.504533000,16425408,35.750000000,39,39.000000000,660.249799000,457.904430000,311035.170000000,197.969000000,52.753790400,0.992859972,saturated
5486,182.537867000,16428408,35.791666700,39,39.000000000,660.151450000,457.931329000,312452.970000000,200.773000000,52.683146800,0.994015099,saturated
5487,182.571200000,16431408,35.958333300,39,39.000000000,660.135944000,457.964425000,310362.000000000,199.371000000,52.600790800,0.992869617,saturated
5488,182.604067000,16434366,36.166666700,40,39.000000000,660.087264000,457.931885000,315230.385000000,199.371000000,52.796811600,0.994112243,saturated
5489,182.637400000,16437366,36.500000000,40,39.850000000,660.080143000,457.952616000,328487.000000000,202.175000000,53.295052100,0.993272184,saturated
5490,182.670733000,16440366,35.875000000,43,39.850000000,660.181018000,457.864662000,334588.595000000,200.203000000,53.600829900,0.992414565,saturated
5491,182.704067000,16443366,35.875000000,43,41.550000000,660.283394000,457.837006000,334268.195000000,200.317000000,53.595709300,0.993510600,saturated
5492,182.737400000,16446366,35.666666700,42,41.550000000,660.290056000,457.838848000,335492.996000000,200.203000000,53.554288900,0.993549194,saturated
5493,182.770733000,16449366,35.791666700,42,39.850000000,660.221303000,457.864025000,336162.995000000,198.573000000,53.618591500,0.993508506,saturated
5494,182.804067000,16452366,35.916666700,42,39.850000000,660.146558000,457.755253000,346433.384000000,201.605000000,53.995871700,0.993737902,saturated
5495,182.837400000,16455366,35.583333300,39,38.000000000,660.232805000,457.561195000,334877.584000000,198.915000000,53.615746300,0.991930783,saturated
5496,182.870244000,16458322,35.750000000,38,38.000000000,660.282775000,457.475407000,327896.831000000,198.100000000,53.430922000,0.990371971,saturated
5497,182.903578000,16461322,36.083333300,39,39.000000000,660.189664000,457.471505000,329121.631000000,198.328000000,53.303225600,0.990441223,saturated
5498,182.936911000,16464322,36.208333300,40,40.000000000,660.087170000,457.481190000,342980.205000000,200.089000000,53.767946900,0.993592050,saturated
5499,182.970244000,16467322,35.875000000,39,39.000000000,659.991342000,457.574425000,352629.000000000,200.790000000,54.107305600,0.993826373,saturated
5500,183.003578000,16470322,36.791666700,42,40.000000000,659.913943000,457.461150000,362104.395000000,203.121000000,54.376588900,0.994045363,saturated
5501,183.036911000,16473322,36.291666700,40,40.000000000,660.004124000,457.360886000,354996.816000000,202.306000000,54.105481000,0.993877128,saturated
5502,183.070244000,16476322,36.416666700,42,41.700000000,660.107436000,457.592102000,353776.983000000,202.306000000,53.951496000,0.993836795,saturated
5503,183.103578000,16479322,36.125000000,42,39.850000000,660.197923000,457.447360000,352113.617000000,202.420000000,53.999478600,0.993872432,saturated
5504,183.136433000,16482279,36.208333300,43,42.000000000,660.147287000,457.594439000,359692.000000000,203.822000000,54.188104200,0.994044905,saturated
5505,183.169767000,16485279,36.083333300,40,39.000000000,660.027297000,457.466445000,372813.204000000,205.925000000,54.539188700,0.994311360,saturated
5506,183.203100000,16488279,36.916666700,40,39.000000000,660.011086000,457.278074000,376834.983000000,205.566000000,54.807217900,0.994439476,saturated
5507,183.236433000,16491279,37.500000000,40,40.000000000,660.052686000,457.386048000,378619.000000000,206.968000000,54.917769700,0.994596151,saturated
5508,183.269767000,16494279,36.333333300,39,39.000000000,660.124081000,457.315983000,390786.796000000,206.854000000,55.203132200,0.994781809,saturated
5509,183.303100000,16497279,37.041666700,40,40.000000000,660.139213000,457.276675000,397821.404000000,206.854000000,55.397281700,0.994900224,saturated
5510,183.336433000,16500279,37.250000000,40,40.000000000,660.236648000,457.092866000,388454.618000000,204.181000000,55.237409600,0.994764897,saturated
5511,183.369767000,16503279,36.083333300,40,39.850000000,660.220330000,456.925049000,392333.396000000,204.181000000,55.341795200,0.995666950,saturated
5512,183.402622000,16506236,35.333333300,39,38.000000000,660.030684000,457.214674000,387129.396000000,205.583000000,55.009973900,0.994753175,saturated
5513,183.435956000,16509236,36.041666700,40,39.000000000,660.316229000,457.083884000,363360.000000000,204.050000000,54.504591400,0.996180097,saturated
5514,183.469289000,16512236,36.416666700,39,39.000000000,660.236052000,457.111613000,367915.417000000,205.925000000,54.574437400,0.996264359,saturated
5515,183.502622000,16515236,37.416666700,41,40.850000000,660.183443000,457.196229000,366300.017000000,203.822000000,54.588702500,0.997147693,saturated
5516,183.535956000,16518236,38.166666700,41,41.000000000,660.185749000,457.196722000,355903.605000000,203.007000000,54.346055600,0.997009303,saturated
5517,183.569289000,16521236,37.541666700,42,39.850000000,660.220703000,456.957548000,355873.805000000,202.420000000,54.400409600,1.000000000,saturated
5518,183.602622000,16524236,36.875000000,42,39.850000000,660.211153000,456.825770000,363377.000000000,204.751000000,54.648733800,0.996086709,saturated
5519,183.635956000,16527236,36.333333300,42,38.850000000,659.949637000,456.831278000,373668.000000000,205.452000000,54.834989500,0.996231949,saturated
5520,183.668800000,16530192,35.708333300,38,38.000000000,659.878497000,457.087368000,391617.982000000,207.441000000,55.401793300,0.996543570,saturated
5521,183.702133000,16533192,35.166666700,38,37.850000000,659.843865000,457.110851000,400472.618000000,206.985000000,55.648767400,0.997480976,saturated
5522,183.735467000,16536192,34.708333300,38,38.000000000,660.024651000,456.857634000,393896.382000000,206.626000000,55.580570200,0.996563563,saturated
5523,183.768800000,16539192,34.416666700,37,37.000000000,659.956365000,456.961358000,392305.982000000,207.327000000,55.561367000,0.996549632,saturated
5524,183.802133000,16542192,35.750000000,39,38.000000000,660.035673000,456.973891000,390776.382000000,206.626000000,55.512599900,0.996536126,saturated
5525,183.835467000,16545192,36.250000000,40,39.000000000,660.163074000,456.896899000,397652.204000000,207.686000000,55.729600600,0.996632233,saturated
5526,183.868800000,16548192,37.208333300,43,42.000000000,660.071274000,456.754694000,404347.181000000,208.387000000,55.875244800,0.996711737,saturated
5527,183.902133000,16551192,35.333333300,39,39.000000000,660.190929000,456.584501000,396725.596000000,206.170000000,55.589573600,0.996620334,saturated
5528,183.934989000,16554149,35.708333300,39,38.000000000,660.214414000,456.614944000,406910.000000000,206.871000000,56.015723800,0.996815021,saturated
5529,183.968322000,16557149,36.208333300,39,38.850000000,660.202678000,456.671123000,403444.381000000,207.572000000,55.865013800,0.996704379,saturated
5530,184.001656000,16560149,36.416666700,40,39.000000000,660.116226000,456.720695000,407938.000000000,208.387000000,56.042037300,0.996764214,saturated
5531,184.034989000,16563149,37.375000000,40,39.000000000,659.942760000,456.707358000,407037.000000000,208.387000000,55.957248800,0.996757052,saturated
5532,184.068322000,16566149,36.750000000,39,38.000000000,659.950921000,456.784707000,407217.000000000,208.501000000,55.890342700,0.996837067,saturated
5533,184.101656000,16569149,36.041666700,38,37.000000000,659.930776000,456.679190000,408734.000000000,208.501000000,55.868180200,0.996907524,saturated
5534,184.134989000,16572149,36.708333300,39,38.850000000,659.998892000,456.538450000,408511.996000000,210.017000000,55.977933300,0.996805969,saturated
5535,184.168322000,16575149,36.625000000,39,39.000000000,659.914813000,456.518087000,409593.000000000,207.099000000,56.032254800,0.996874947,saturated
5536,184.201189000,16578107,36.791666700,39,39.000000000,659.979252000,456.352498000,404596.781000000,207.441000000,55.878453500,0.996852175,saturated
5537,184.234522000,16581107,36.791666700,40,39.000000000,659.796260000,456.327014000,405980.381000000,208.142000000,55.782590300,0.997583134,saturated
5538,184.267856000,16584107,37.625000000,39,39.000000000,659.930005000,456.314252000,408431.196000000,207.800000000,55.997961800,0.996805337,saturated
5539,184.301189000,16587107,36.250000000,39,38.850000000,660.022829000,456.532632000,408954.000000000,206.757000000,55.950855000,0.996850502,saturated
5540,184.334522000,16590107,35.750000000,39,39.000000000,660.088830000,456.397687000,412757.000000000,206.056000000,56.176108100,0.996879520,saturated
5541,184.367856000,16593107,36.291666700,40,39.850000000,660.155050000,456.327558000,409293.000000000,205.942000000,56.171817400,0.996921521,saturated
5542,184.401189000,16596107,35.583333300,39,38.000000000,660.066809000,456.294958000,407028.000000000,205.583000000,56.033681200,0.996983009,saturated
5543,184.434522000,16599107,35.583333300,38,37.850000000,660.117132000,456.097346000,410784.000000000,206.284000000,56.258077500,0.996884007,saturated
5544,184.467356000,16602062,36.041666700,39,38.000000000,660.131361000,456.056430000,413607.000000000,207.914000000,56.225075600,0.996866591,saturated
5545,184.500689000,16605062,35.416666700,38,38.000000000,660.153970000,456.128938000,409589.619000000,208.501000000,56.042688900,0.996820232,saturated
5546,184.534022000,16608062,35.916666700,39,39.000000000,660.102521000,456.135588000,409655.619000000,208.615000000,56.054682000,0.996859801,saturated
5547,184.567356000,16611062,36.041666700,39,38.000000000,660.139880000,456.130186000,413042.981000000,209.202000000,56.202206500,0.996984333,saturated
5548,184.600689000,16614062,36.708333300,38,38.000000000,660.118943000,456.160978000,412769.381000000,210.017000000,56.068688200,0.996943572,saturated
5549,184.634022000,16617062,37.208333300,40,39.850000000,660.138727000,455.961806000,412453.981000000,209.316000000,56.070286600,0.996912140,saturated
5550,184.667356000,16620062,36.083333300,39,38.000000000,660.221388000,455.790573000,416718.981000000,207.914000000,55.850157600,0.997899784,saturated
5551,184.700689000,16623062,37.083333300,40,39.000000000,660.174291000,455.837225000,413845.181000000,207.686000000,55.804285800,0.997885200,saturated
5552,184.733556000,16626020,36.958333300,38,38.000000000,660.124689000,455.813417000,424490.819000000,209.903000000,56.060983900,0.997953313,saturated
5553,184.766889000,16629020,36.416666700,38,37.000000000,660.152537000,455.815899000,422871.202000000,210.017000000,56.045170200,1.000000000,saturated
5554,184.800222000,16632020,35.916666700,38,37.850000000,660.153603000,455.813982000,419906.000000000,209.316000000,55.902137300,1.000000000,saturated
5555,184.833556000,16635020,36.000000000,39,37.000000000,660.074166000,455.982197000,418008.000000000,209.316000000,55.902996100,0.997148380,saturated
5556,184.866889000,16638020,35.958333300,39,38.000000000,660.042188000,455.992403000,418981.000000000,209.316000000,55.785947300,1.000000000,saturated
5557,184.900222000,16641020,35.916666700,38,38.000000000,659.899119000,455.926461000,419317.000000000,207.914000000,55.788575400,1.000000000,saturated
5558,184.933556000,16644020,35.250000000,38,37.000000000,659.946688000,455.902275000,417110.000000000,210.017000000,55.758185400,1.000000000,saturated
5559,184.966889000,16647020,36.291666700,38,38.000000000,659.924018000,455.808810000,415692.000000000,210.131000000,55.760160200,0.996237599,saturated
5560,184.999744000,16649977,36.750000000,39,38.850000000,659.890784000,455.649267000,416415.603000000,210.017000000,55.866809900,1.000000000,saturated
5561,185.033078000,16652977,36.208333300,39,39.000000000,660.046937000,455.485224000,416004.803000000,210.017000000,55.963191900,1.000000000,saturated
5562,185.066411000,16655977,36.666666700,39,39.000000000,660.352498000,455.241119000,415454.603000000,209.088000000,56.122841600,1.000000000,saturated
5563,185.099744000,16658977,36.208333300,39,38.850000000,660.250575000,455.301683000,418183.202000000,207.914000000,56.205722500,1.000000000,saturated
5564,185.133078000,16661977,36.000000000,39,38.850000000,660.095512000,455.093130000,418873.803000000,209.088000000,56.164992700,1.000000000,saturated
5565,185.166411000,16664977,36.500000000,38,38.000000000,660.069577000,455.148129000,422485.181000000,208.273000000,56.331132800,1.000000000,saturated
5566,185.199744000,16667977,35.625000000,39,37.000000000,659.967904000,455.141477000,415194.803000000,206.643000000,56.034949800,1.000000000,saturated
5567,185.233078000,16670977,36.125000000,39,38.850000000,660.075101000,455.164847000,387446.797000000,204.523000000,54.988249500,0.996580692,saturated
5568,185.265922000,16673933,37.000000000,40,39.850000000,659.726393000,455.023518000,411737.998000000,205.942000000,55.627992100,0.996133463,saturated
5569,185.299256000,16676933,36.083333300,39,38.000000000,659.648181000,455.058342000,423113.781000000,208.974000000,56.152400700,0.997766086,saturated
5570,185.332589000,16679933,35.833333300,39,38.000000000,659.524809000,455.044489000,419737.581000000,208.159000000,56.157721200,0.997099140,saturated
5571,185.365922000,16682933,35.708333300,39,38.000000000,659.395662000,455.023963000,419637.381000000,206.757000000,56.228647800,0.996363527,saturated
5572,185.399256000,16685933,35.375000000,38,37.000000000,659.217779000,455.136985000,422111.781000000,206.643000000,56.147460100,0.995767946,saturated
5573,185.432589000,16688933,35.583333300,38,37.850000000,659.158286000,454.980752000,416411.018000000,205.942000000,55.912184900,0.995442964,saturated
5574,185.465922000,16691933,35.625000000,38,38.000000000,659.162024000,454.866783000,421872.198000000,207.344000000,56.081269100,0.995526607,saturated
5575,185.499256000,16694933,35.250000000,37,37.000000000,659.180489000,454.851365000,424628.398000000,208.387000000,56.175624900,0.995612163,saturated
5576,185.532111000,16697890,35.250000000,38,37.000000000,659.350007000,454.770863000,428053.781000000,208.159000000,56.292016400,0.997034018,saturated
5577,185.565444000,16700890,35.875000000,38,37.850000000,659.568028000,454.701888000,424239.419000000,206.985000000,56.277159400,1.000000000,saturated
5578,185.598778000,16703890,35.166666700,37,37.000000000,659.772633000,454.554883000,417651.397000000,207.686000000,56.225085100,1.000000000,saturated
5579,185.632111000,16706890,36.000000000,38,38.000000000,659.833811000,454.416154000,415372.197000000,207.686000000,56.101631900,1.000000000,saturated
5580,185.665444000,16709890,36.416666700,40,40.000000000,659.698366000,454.407856000,409904.000000000,207.099000000,56.001666100,0.996789492,saturated
5581,185.698778000,16712890,36.541666700,40,40.000000000,659.277080000,454.262527000,437044.000000000,209.789000000,56.766792000,0.997034624,saturated
5582,185.732111000,16715890,35.750000000,40,39.850000000,659.336656000,454.054702000,421739.000000000,207.686000000,56.242243900,0.996813195,saturated
5583,185.765444000,16718890,35.125000000,39,39.000000000,659.197643000,453.960428000,413847.197000000,208.387000000,55.978201000,0.996789153,saturated
5584,185.798300000,16721847,34.000000000,38,37.000000000,659.259545000,454.048028000,399816.782000000,206.170000000,55.485700800,0.996729502,saturated
5585,185.831633000,16724847,34.625000000,38,37.850000000,659.161143000,453.726022000,408599.000000000,207.213000000,55.879626700,0.996089075,saturated
5586,185.864967000,16727847,34.583333300,38,37.000000000,659.173329000,453.576021000,413537.000000000,207.800000000,56.005377900,0.996846715,saturated
5587,185.898300000,16730847,35.291666700,39,38.850000000,659.233206000,453.487129000,412219.000000000,207.800000000,56.149579300,0.996836633,saturated
5588,185.931633000,16733847,34.875000000,38,37.000000000,659.381223000,453.359424000,409936.000000000,206.170000000,56.081865600,0.996819016,saturated
5589,185.964967000,16736847,34.458333300,39,38.000000000,659.459507000,453.313699000,412105.000000000,207.800000000,56.195777800,0.996835758,saturated
5590,185.998300000,16739847,34.833333300,40,39.000000000,659.500148000,452.952810000,409126.781000000,206.170000000,56.134347600,0.996740375,saturated
5591,186.031633000,16742847,34.041666700,39,39.000000000,659.725918000,452.595703000,411960.000000000,205.583000000,56.147377500,0.996756967,saturated
5592,186.064478000,16745803,33.125000000,39,38.000000000,659.717781000,452.439747000,414797.203000000,207.686000000,56.148294700,0.996771434,saturated
5593,186.097811000,16748803,34.250000000,39,39.000000000,659.670268000,452.410686000,402878.004000000,204.996000000,55.742992800,0.995162804,saturated
5594,186.131144000,16751803,33.583333300,38,38.000000000,659.585924000,452.086247000,413573.003000000,205.697000000,56.202836400,0.995374940,saturated
5595,186.164478000,16754803,33.750000000,38,38.000000000,659.439421000,451.869310000,414446.203000000,203.953000000,56.221081000,0.995375033,saturated
5596,186.197811000,16757803,32.416666700,39,38.000000000,659.420229000,451.552371000,414443.204000000,204.426000000,56.292318300,0.996120096,saturated
5597,186.231144000,16760803,33.000000000,37,37.000000000,659.352317000,451.349972000,416239.000000000,204.768000000,56.094836000,0.996079176,saturated
5598,186.264478000,16763803,32.333333300,38,38.000000000,659.552708000,451.416755000,414481.000000000,204.768000000,56.039499900,0.996019118,saturated
5599,186.297811000,16766803,31.250000000,37,37.000000000,659.650195000,451.107071000,421369.603000000,206.056000000,56.194675500,0.996992664,saturated
5600,186.330667000,16769760,30.333333300,36,36.000000000,659.869755000,450.989505000,428208.197000000,206.985000000,56.451574900,0.996422301,saturated
5601,186.364000000,16772760,30.958333300,37,37.000000000,659.868662000,450.848192000,430692.981000000,207.686000000,56.461658500,1.000000000,saturated
5602,186.397333000,16775760,31.291666700,38,38.000000000,660.063859000,450.475800000,428668.003000000,206.056000000,56.480693500,1.000000000,saturated
5603,186.430667000,16778760,30.458333300,37,36.850000000,660.021698000,450.230733000,429415.981000000,207.572000000,56.464897800,1.000000000,saturated
5604,186.464000000,16781760,30.833333300,37,36.850000000,660.137458000,450.128189000,422266.000000000,205.110000000,56.128183900,1.000000000,saturated
5605,186.497333000,16784760,28.666666700,35,35.000000000,660.321138000,449.930374000,415202.018000000,205.583000000,55.912941500,0.997878623,saturated
5606,186.530667000,16787760,28.375000000,36,36.000000000,660.332807000,449.498784000,422938.002000000,207.099000000,56.124881700,1.000000000,saturated
5607,186.564000000,16790760,28.333333300,35,35.000000000,660.487303000,449.357438000,419106.598000000,206.512000000,56.011751800,1.000000000,saturated
5608,186.596867000,16793718,28.291666700,35,35.000000000,660.682405000,448.837402000,416470.797000000,207.099000000,56.039137900,1.000000000,saturated
5609,186.630200000,16796718,26.666666700,36,36.000000000,660.754495000,448.282156000,418677.403000000,206.871000000,55.993718400,1.000000000,saturated
5610,186.663533000,16799718,24.916666700,37,36.000000000,661.143075000,448.021658000,397931.782000000,204.768000000,55.305420300,1.000000000,saturated
5611,186.696867000,16802718,21.833333300,35,35.000000000,661.063940000,447.706881000,402755.000000000,205.338000000,55.402164500,1.000000000,saturated
5612,186.730200000,16805718,20.000000000,36,36.000000000,661.070208000,447.152474000,397259.582000000,206.626000000,55.351157000,1.000000000,saturated
5613,186.763533000,16808718,17.625000000,35,32.850000000,660.943367000,446.513292000,407656.418000000,206.854000000,55.630402100,1.000000000,saturated
5614,186.796867000,16811718,15.625000000,31,29.700000000,660.968730000,445.837993000,408780.818000000,205.452000000,55.572094200,1.000000000,saturated
5615,186.830200000,16814718,14.916666700,31,30.850000000,660.994585000,445.217047000,404976.000000000,207.441000000,55.410472200,1.000000000,saturated
5616,186.863044000,16817674,12.458333300,29,27.550000000,661.089879000,444.934202000,403843.000000000,203.252000000,55.250423900,1.000000000,saturated
5617,186.896378000,16820674,11.125000000,25,21.550000000,660.889473000,444.130563000,425043.781000000,206.985000000,55.983965500,0.998858471,saturated
5618,186.929711000,16823674,9.583333330,20,15.700000000,661.131514000,443.528148000,423238.781000000,207.686000000,55.893867300,0.998948112,saturated
5619,186.963044000,16826674,9.541666670,17,14.700000000,661.347099000,443.100806000,426408.598000000,207.572000000,55.865795600,1.000000000,saturated
5620,186.996378000,16829674,7.916666670,15,10.850000000,661.626934000,442.538274000,427111.398000000,207.572000000,55.852511900,1.000000000,saturated
5621,187.029711000,16832674,6.541666670,10,9.000000000,661.881344000,442.213846000,426824.981000000,206.170000000,55.885924600,1.000000000,saturated
5622,187.063044000,16835674,6.375000000,9,8.000000000,662.248319000,441.855551000,419757.598000000,205.583000000,55.678688500,1.000000000,saturated
5623,187.096378000,16838674,6.166666670,8,8.000000000,662.500876000,441.423289000,413098.000000000,206.740000000,55.410763200,1.000000000,saturated
5624,187.129233000,16841631,6.333333330,8,8.000000000,662.613744000,441.311472000,414927.000000000,205.697000000,55.489654500,1.000000000,saturated
5625,187.162567000,16844631,5.458333330,9,8.000000000,663.024200000,441.076962000,411893.000000000,204.882000000,55.307539100,1.000000000,saturated
5626,187.195900000,16847631,4.125000000,8,6.000000000,663.109023000,440.958794000,414835.818000000,205.583000000,55.309083600,1.000000000,saturated
5627,187.229233000,16850631,4.666666670,9,7.700000000,663.097899000,440.804057000,422086.998000000,204.409000000,55.591955700,1.000000000,saturated
5628,187.262567000,16853631,3.875000000,8,5.850000000,663.359276000,440.567436000,422565.398000000,208.615000000,55.718390500,1.000000000,saturated
5629,187.295900000,16856631,4.083333330,9,6.000000000,663.627808000,440.322860000,427471.402000000,204.426000000,55.900791700,1.000000000,saturated
5630,187.329233000,16859631,4.416666670,6,5.850000000,663.810521000,440.226233000,432399.581000000,206.056000000,56.162910800,1.000000000,saturated
5631,187.362567000,16862631,5.125000000,8,6.000000000,664.097392000,440.183579000,426442.000000000,203.839000000,55.896097600,1.000000000,saturated
5632,187.395422000,16865588,5.125000000,9,8.850000000,664.501059000,440.298315000,413646.000000000,206.398000000,55.363415000,1.000000000,saturated
5633,187.428756000,16868588,6.250000000,10,9.000000000,664.843603000,440.240791000,428514.602000000,209.316000000,55.788330600,1.000000000,saturated
5634,187.462089000,16871588,7.416666670,12,10.850000000,665.279640000,439.983521000,429960.802000000,207.800000000,55.854690600,1.000000000,saturated
5635,187.495422000,16874588,7.458333330,12,10.000000000,665.720626000,440.008076000,433395.581000000,206.985000000,56.081066100,1.000000000,saturated
5636,187.528756000,16877588,7.000000000,13,10.850000000,665.970248000,439.608310000,429977.799000000,204.996000000,55.741422300,1.000000000,saturated
5637,187.562089000,16880588,8.500000000,16,12.850000000,666.294813000,439.329112000,428407.619000000,206.284000000,55.742496700,1.000000000,saturated
5638,187.595422000,16883588,8.958333330,20,16.850000000,666.449503000,438.937400000,439836.781000000,206.871000000,56.092481100,1.000000000,saturated
5639,187.628756000,16886588,11.583333300,25,22.400000000,666.715657000,438.577317000,439082.381000000,207.572000000,56.071164000,1.000000000,saturated
5640,187.661600000,16889544,13.208333300,25,22.850000000,666.984504000,437.784073000,413519.000000000,205.338000000,55.083883600,1.000000000,saturated
5641,187.694933000,16892544,14.625000000,24,23.700000000,667.185748000,437.128686000,423968.381000000,206.398000000,55.253925300,1.000000000,saturated
5642,187.728267000,16895544,17.916666700,25,25.000000000,667.645265000,436.259486000,423853.381000000,206.626000000,55.242433400,1.000000000,saturated
5643,187.761600000,16898544,19.375000000,27,26.000000000,668.042406000,435.370829000,427301.381000000,206.398000000,55.244047700,1.000000000,saturated
5644,187.794933000,16901544,18.583333300,27,25.700000000,668.485107000,434.405091000,426583.018000000,205.811000000,55.203646900,1.000000000,saturated
5645,187.828267000,16904544,16.750000000,25,25.000000000,668.757972000,433.461613000,428724.801000000,206.039000000,55.275846600,1.000000000,saturated
5646,187.861600000,16907544,13.083333300,24,22.850000000,668.970794000,432.327167000,436486.000000000,204.996000000,55.397774400,1.000000000,saturated
5647,187.894933000,16910544,11.541666700,23,23.000000000,669.301271000,430.963676000,435617.381000000,205.583000000,55.297619300,1.000000000,saturated
5648,187.927789000,16913501,6.291666670,20,14.700000000,669.478515000,428.922936000,444724.000000000,204.409000000,55.486293100,0.999892068,saturated
5649,187.961122000,16916501,5.083333330,8,6.000000000,670.432645000,426.955641000,432495.000000000,204.409000000,54.903016600,1.000000000,saturated
5650,187.994456000,16919501,5.125000000,8,8.000000000,671.513344000,425.068686000,435782.400000000,204.996000000,54.953423600,1.000000000,saturated
5651,188.027789000,16922501,4.833333330,8,6.850000000,672.173834000,423.229336000,437824.001000000,205.110000000,55.206664600,1.000000000,saturated
5652,188.061122000,16925501,7.125000000,11,9.000000000,672.718050000,420.906743000,434587.801000000,204.181000000,55.155528900,1.000000000,saturated
5653,188.094456000,16928501,11.000000000,23,18.000000000,673.023952000,417.897110000,419904.399000000,206.153000000,54.431405200,1.000000000,saturated
5654,188.127789000,16931501,15.333333300,26,24.850000000,673.190293000,414.681248000,428770.799000000,208.256000000,54.900123900,1.000000000,saturated
5655,188.161122000,16934501,20.000000000,26,26.000000000,673.535520000,411.847462000,426314.601000000,205.338000000,54.805264100,1.000000000,saturated
5656,188.193989000,16937459,23.416666700,26,25.000000000,674.102921000,408.687844000,428083.201000000,205.338000000,54.743650300,1.000000000,saturated
5657,188.227322000,16940459,24.125000000,26,26.000000000,674.038315000,405.338182000,441236.000000000,206.626000000,55.182465600,1.000000000,saturated
5658,188.260656000,16943459,24.041666700,25,25.000000000,674.192306000,401.789477000,432021.200000000,204.409000000,54.622930800,1.000000000,saturated
5659,188.293989000,16946459,25.666666700,31,30.000000000,673.811643000,398.215558000,449770.181000000,205.583000000,55.154793900,1.000000000,saturated
5660,188.327322000,16949459,28.541666700,35,35.000000000,674.212278000,394.497673000,431873.418000000,204.637000000,53.940120000,1.000000000,saturated
5661,188.360656000,16952459,32.708333300,38,38.000000000,673.692917000,390.620661000,440127.400000000,205.338000000,54.274553000,1.000000000,saturated
5662,188.393989000,16955459,36.250000000,41,39.850000000,673.633686000,386.180782000,410774.200000000,202.420000000,53.386464700,1.000000000,saturated
5663,188.427322000,16958459,37.958333300,42,41.000000000,672.807359000,382.386040000,432420.800000000,205.452000000,53.937936700,1.000000000,saturated
5664,188.460156000,16961414,39.875000000,42,42.000000000,672.450882000,378.983781000,420272.800000000,203.235000000,53.789574700,1.000000000,saturated
5665,188.493489000,16964414,41.208333300,42,42.000000000,671.900077000,375.829864000,429459.218000000,203.708000000,54.055147600,1.000000000,saturated
5666,188.526822000,16967414,41.583333300,42,42.000000000,671.434026000,372.527710000,416774.600000000,202.876000000,53.467226300,1.000000000,saturated
5667,188.560156000,16970414,41.208333300,42,42.000000000,670.709757000,369.482831000,428826.583000000,205.452000000,53.710705900,1.000000000,saturated
5668,188.593489000,16973414,42.000000000,44,43.850000000,670.099502000,366.472309000,431698.000000000,203.121000000,53.308723300,1.000000000,saturated
5669,188.626822000,16976414,41.833333300,44,43.000000000,669.318176000,363.587933000,406649.001000000,202.061000000,52.181799900,1.000000000,saturated
5670,188.660156000,16979414,43.291666700,61,57.250000000,668.008838000,361.314612000,418527.984000000,204.996000000,52.073035000,1.000000000,saturated
5671,188.693489000,16982414,50.583333300,66,65.000000000,667.391622000,358.224791000,385384.597000000,202.648000000,50.652855000,1.000000000,saturated
5672,188.726356000,16985372,49.500000000,65,65.000000000,665.907986000,356.514905000,373974.000000000,207.669000000,50.374809300,1.000000000,saturated
5673,188.759689000,16988372,37.833333300,61,59.000000000,665.047379000,354.653975000,334018.987000000,205.452000000,48.792203800,1.000000000,saturated
5674,188.793022000,16991372,18.375000000,60,58.100000000,663.750893000,354.026692000,314291.001000000,206.153000000,48.135803800,1.000000000,saturated
5675,188.826356000,16994372,6.791666670,22,13.250000000,662.727726000,352.290986000,286606.599000000,204.181000000,46.483644100,1.000000000,saturated
5676,188.859689000,16997372,4.250000000,9,8.550000000,662.181565000,351.228582000,276181.211000000,208.843000000,45.253646100,1.000000000,saturated
5677,188.893022000,17000372,4.750000000,28,21.950000000,662.064662000,349.076272000,246094.000000000,205.811000000,43.579828500,1.000000000,saturated
5678,188.926356000,17003372,17.750000000,58,55.100000000,661.678851000,347.062152000,236735.990000000,205.697000000,42.529904500,1.000000000,saturated
5679,188.959689000,17006372,42.375000000,61,59.850000000,661.744421000,344.753235000,211019.000000000,206.740000000,40.861459100,0.983549033,saturated
5680,188.992544000,17009329,55.708333300,61,61.000000000,661.746028000,343.189591000,196254.592000000,192.834000000,39.629257900,0.879306084,saturated
5681,189.025878000,17012329,58.041666700,64,64.000000000,661.589751000,341.693655000,173524.600000000,164.042000000,38.266078600,0.779577013,saturated
5682,189.059211000,17015329,61.458333300,66,65.850000000,661.160526000,340.071971000,151834.793000000,140.077000000,37.452798000,0.671464762,saturated
5683,189.092544000,17018329,66.583333300,68,68.000000000,660.701004000,339.228109000,128491.793000000,127.231000000,37.039239000,0.615207281,saturated
5684,189.125878000,17021329,66.333333300,68,67.000000000,659.790598000,338.161062000,99827.194100000,122.058000000,36.337906600,0.544070801,weak
5685,189.159211000,17024329,65.916666700,68,67.850000000,658.636753000,338.834449000,99076.397000000,120.694000000,37.667252400,0.588963251,good
5686,189.192544000,17027329,63.500000000,67,67.000000000,657.956562000,339.613507000,95317.607100000,118.727000000,39.473490100,0.552776667,good
5687,189.225878000,17030329,54.416666700,64,64.000000000,656.704814000,339.419022000,84590.806900000,114.732000000,39.007943100,0.482140541,weak
5688,189.258722000,17033285,45.000000000,58,56.550000000,656.541533000,339.313535000,76415.203500000,114.933000000,39.349153700,0.441686601,weak
5689,189.292056000,17036285,43.416666700,46,45.000000000,655.668687000,340.550523000,82801.995700000,114.867000000,42.873947100,0.400040647,weak
5690,189.325389000,17039285,43.708333300,45,45.000000000,656.405218000,340.895333000,75974.000000000,113.704000000,42.873217200,0.360959699,weak
5691,189.358722000,17042285,44.750000000,46,46.000000000,656.221645000,340.740056000,57547.000000000,109.959000000,43.242512800,0.272976422,weak
5692,189.392056000,17045285,44.000000000,45,45.000000000,657.238390000,340.054895000,48966.000000000,109.399000000,40.859527900,0.238803762,weak
5693,189.425389000,17048285,43.166666700,44,44.000000000,655.776700000,339.116946000,36068.000000000,109.420000000,37.758670900,0.173438215,weak
5694,189.458722000,17051285,41.291666700,43,43.000000000,657.676349000,339.214271000,28506.000000000,113.370000000,39.752580100,0.145892619,weak
5695,189.492056000,17054285,41.958333300,44,43.000000000,654.396417000,337.151958000,19762.000000000,106.871000000,34.596420100,0.102547171,weak
5696,189.524911000,17057242,44.125000000,46,45.000000000,653.940274000,336.255616000,14600.000000000,106.262000000,33.284814700,0.109085525,weak
5697,189.558244000,17060242,44.958333300,46,45.000000000,654.344227000,335.258513000,10220.000000000,106.952000000,32.514106600,0.071892925,weak
5698,189.591578000,17063242,45.875000000,47,47.000000000,657.656181000,335.232791000,5404.000000000,104.180000000,30.869755000,0.040475693,weak
5699,189.624911000,17066242,46.750000000,48,48.000000000,662.784810000,337.377912000,5451.000000000,104.962000000,39.176705100,0.113742815,weak
5700,189.658244000,17069242,48.625000000,51,51.000000000,,,,,,0.015605980,multiple_candidates
5701,189.691578000,17072242,49.166666700,51,51.000000000,663.165733000,334.956765000,2498.000000000,101.652000000,26.418347600,0.064024887,weak
5702,189.724911000,17075242,49.833333300,50,50.000000000,,,,,,0.002107954,multiple_candidates
5703,189.758244000,17078242,50.416666700,52,51.850000000,674.469156000,334.579545000,616.000000000,103.571000000,6.693433610,0.008861057,multiple_candidates
5704,189.791100000,17081199,49.250000000,51,50.850000000,,,,,,0.000088889,multiple_candidates
5705,189.824433000,17084199,48.500000000,51,51.000000000,,,,,,0.002340037,weak
5706,189.857767000,17087199,45.916666700,48,48.000000000,,,,,,0.000066667,spot_missing
5707,189.891100000,17090199,44.916666700,48,47.000000000,,,,,,0.000000000,spot_missing
5708,189.924433000,17093199,41.916666700,46,45.000000000,,,,,,0.000000000,spot_missing
5709,189.957767000,17096199,38.750000000,44,43.000000000,,,,,,0.000000000,spot_missing
5710,189.991100000,17099199,35.708333300,40,39.550000000,,,,,,0.000000000,spot_missing
5711,190.024433000,17102199,34.583333300,40,39.850000000,,,,,,0.000000000,spot_missing
5712,190.057278000,17105155,36.416666700,40,40.000000000,,,,,,0.000000000,spot_missing
5713,190.090611000,17108155,25.541666700,45,43.000000000,,,,,,0.000000000,spot_missing
5714,190.123944000,17111155,18.625000000,35,32.550000000,,,,,,0.000000000,spot_missing
5715,190.157278000,17114155,13.708333300,17,17.000000000,,,,,,0.000000000,spot_missing
5716,190.190611000,17117155,12.208333300,13,13.000000000,,,,,,0.000000000,spot_missing
5717,190.223944000,17120155,11.541666700,13,12.850000000,,,,,,0.000000000,spot_missing
5718,190.257278000,17123155,12.166666700,13,13.000000000,,,,,,0.000000000,spot_missing
5719,190.290611000,17126155,12.083333300,13,13.000000000,,,,,,0.000000000,spot_missing
5720,190.323467000,17129112,12.041666700,13,13.000000000,,,,,,0.000000000,spot_missing
5721,190.356800000,17132112,12.041666700,13,13.000000000,,,,,,0.000000000,spot_missing
5722,190.390133000,17135112,12.458333300,13,13.000000000,,,,,,0.000000000,spot_missing
5723,190.423467000,17138112,11.500000000,12,12.000000000,,,,,,0.000000000,spot_missing
5724,190.456800000,17141112,12.000000000,12,12.000000000,,,,,,0.000000000,spot_missing
5725,190.490133000,17144112,11.666666700,12,12.000000000,,,,,,0.000000000,spot_missing
5726,190.523467000,17147112,12.000000000,12,12.000000000,,,,,,0.000000000,spot_missing
5727,190.556800000,17150112,11.375000000,12,12.000000000,,,,,,0.000000000,spot_missing
5728,190.589667000,17153070,12.000000000,12,12.000000000,,,,,,0.000000000,spot_missing
5729,190.623000000,17156070,12.083333300,13,12.850000000,,,,,,0.000000000,spot_missing
5730,190.656333000,17159070,13.083333300,15,13.000000000,,,,,,0.000000000,spot_missing
5731,190.689667000,17162070,11.916666700,12,12.000000000,,,,,,0.000000000,spot_missing
5732,190.723000000,17165070,11.666666700,12,12.000000000,,,,,,0.000000000,spot_missing
5733,190.756333000,17168070,11.166666700,12,12.000000000,,,,,,0.000000000,spot_missing
5734,190.789667000,17171070,11.541666700,12,12.000000000,,,,,,0.000000000,spot_missing
5735,190.823000000,17174070,10.958333300,11,11.000000000,,,,,,0.000000000,spot_missing
5736,190.855844000,17177026,10.083333300,11,10.850000000,,,,,,0.000000000,spot_missing
5737,190.889178000,17180026,10.916666700,11,11.000000000,,,,,,0.000000000,spot_missing
5738,190.922511000,17183026,11.000000000,11,11.000000000,,,,,,0.000000000,spot_missing
5739,190.955844000,17186026,10.458333300,11,11.000000000,,,,,,0.000000000,spot_missing
5740,190.989178000,17189026,11.000000000,11,11.000000000,,,,,,0.000000000,spot_missing
5741,191.022511000,17192026,10.666666700,11,11.000000000,,,,,,0.000000000,spot_missing
5742,191.055844000,17195026,10.916666700,11,11.000000000,,,,,,0.000000000,spot_missing
5743,191.089178000,17198026,10.541666700,11,11.000000000,,,,,,0.000000000,spot_missing
5744,191.122033000,17200983,10.208333300,11,11.000000000,,,,,,0.000000000,spot_missing
5745,191.155367000,17203983,10.000000000,10,10.000000000,,,,,,0.000000000,spot_missing
5746,191.188700000,17206983,10.000000000,10,10.000000000,,,,,,0.000000000,spot_missing
5747,191.222033000,17209983,10.250000000,11,11.000000000,,,,,,0.000000000,spot_missing
5748,191.255367000,17212983,10.000000000,10,10.000000000,,,,,,0.000000000,spot_missing
5749,191.288700000,17215983,10.000000000,10,10.000000000,,,,,,0.000000000,spot_missing
5750,191.322033000,17218983,9.916666670,10,10.000000000,,,,,,0.000000000,spot_missing
5751,191.355367000,17221983,10.000000000,10,10.000000000,,,,,,0.000000000,spot_missing
5752,191.388222000,17224940,10.000000000,10,10.000000000,,,,,,0.000000000,spot_missing
5753,191.421556000,17227940,10.000000000,10,10.000000000,,,,,,0.000000000,spot_missing
5754,191.454889000,17230940,10.000000000,10,10.000000000,,,,,,0.000000000,spot_missing
5755,191.488222000,17233940,9.875000000,10,10.000000000,,,,,,0.000000000,spot_missing
5756,191.521556000,17236940,10.000000000,10,10.000000000,,,,,,0.000000000,spot_missing
5757,191.554889000,17239940,9.333333330,10,10.000000000,,,,,,0.000000000,spot_missing
5758,191.588222000,17242940,9.333333330,10,10.000000000,,,,,,0.000000000,spot_missing
5759,191.621556000,17245940,9.333333330,10,10.000000000,,,,,,0.000000000,spot_missing
5760,191.654400000,17248896,9.666666670,10,10.000000000,,,,,,0.000000000,spot_missing
5761,191.687733000,17251896,9.708333330,10,10.000000000,,,,,,0.000000000,spot_missing
5762,191.721067000,17254896,9.500000000,10,10.000000000,,,,,,0.000000000,spot_missing
5763,191.754400000,17257896,9.000000000,9,9.000000000,,,,,,0.000000000,spot_missing
5764,191.787733000,17260896,9.250000000,10,10.000000000,,,,,,0.000000000,spot_missing
5765,191.821067000,17263896,10.000000000,10,10.000000000,,,,,,0.000000000,spot_missing
5766,191.854400000,17266896,10.000000000,10,10.000000000,,,,,,0.000000000,spot_missing
5767,191.887733000,17269896,9.708333330,10,10.000000000,,,,,,0.000000000,spot_missing
5768,191.920589000,17272853,9.000000000,9,9.000000000,,,,,,0.000000000,spot_missing
5769,191.953922000,17275853,9.000000000,9,9.000000000,,,,,,0.000000000,spot_missing
5770,191.987256000,17278853,9.958333330,10,10.000000000,,,,,,0.000000000,spot_missing
5771,192.020589000,17281853,9.625000000,10,10.000000000,,,,,,0.000000000,spot_missing
5772,192.053922000,17284853,9.000000000,9,9.000000000,,,,,,0.000000000,spot_missing
5773,192.087256000,17287853,9.000000000,9,9.000000000,,,,,,0.000000000,spot_missing
5774,192.120589000,17290853,9.000000000,9,9.000000000,,,,,,0.000000000,spot_missing
5775,192.153922000,17293853,9.000000000,9,9.000000000,,,,,,0.000000000,spot_missing
5776,192.186789000,17296811,9.250000000,10,10.000000000,,,,,,0.000000000,spot_missing
5777,192.220122000,17299811,10.000000000,10,10.000000000,,,,,,0.000000000,spot_missing
5778,192.253456000,17302811,9.833333330,10,10.000000000,,,,,,0.000000000,spot_missing
5779,192.286789000,17305811,9.500000000,10,10.000000000,,,,,,0.000000000,spot_missing
5780,192.320122000,17308811,8.958333330,10,10.000000000,,,,,,0.000000000,spot_missing
5781,192.353456000,17311811,9.250000000,10,10.000000000,,,,,,0.000000000,spot_missing
5782,192.386789000,17314811,9.000000000,9,9.000000000,,,,,,0.000000000,spot_missing
5783,192.420122000,17317811,9.000000000,9,9.000000000,,,,,,0.000000000,spot_missing
5784,192.452956000,17320766,9.000000000,9,9.000000000,,,,,,0.000000000,spot_missing
5785,192.486289000,17323766,8.875000000,9,9.000000000,,,,,,0.000000000,spot_missing
5786,192.519622000,17326766,9.708333330,10,10.000000000,,,,,,0.000000000,spot_missing
5787,192.552956000,17329766,9.708333330,10,10.000000000,,,,,,0.000000000,spot_missing
5788,192.586289000,17332766,9.000000000,10,10.000000000,,,,,,0.000000000,spot_missing
5789,192.619622000,17335766,8.875000000,9,9.000000000,,,,,,0.000000000,spot_missing
5790,192.652956000,17338766,8.375000000,9,9.000000000,,,,,,0.000000000,spot_missing
5791,192.686289000,17341766,9.000000000,9,9.000000000,,,,,,0.000000000,spot_missing
5792,192.719156000,17344724,8.916666670,9,9.000000000,,,,,,0.000000000,spot_missing
5793,192.752489000,17347724,8.916666670,9,9.000000000,,,,,,0.000000000,spot_missing
5794,192.785822000,17350724,9.000000000,9,9.000000000,,,,,,0.000000000,spot_missing
5795,192.819156000,17353724,8.416666670,9,9.000000000,,,,,,0.000000000,spot_missing
5796,192.852489000,17356724,8.375000000,9,9.000000000,,,,,,0.000000000,spot_missing
5797,192.885822000,17359724,8.000000000,9,8.850000000,,,,,,0.000000000,spot_missing
5798,192.919156000,17362724,8.166666670,9,9.000000000,,,,,,0.000000000,spot_missing
5799,192.952489000,17365724,7.375000000,9,9.000000000,,,,,,0.000000000,spot_missing
5800,192.985344000,17368681,7.291666670,8,8.000000000,,,,,,0.000000000,spot_missing
5801,193.018678000,17371681,6.958333330,8,8.000000000,,,,,,0.000000000,spot_missing
5802,193.052011000,17374681,8.791666670,9,9.000000000,,,,,,0.000000000,spot_missing
5803,193.085344000,17377681,8.791666670,9,9.000000000,,,,,,0.000000000,spot_missing
5804,193.118678000,17380681,8.541666670,9,9.000000000,,,,,,0.000000000,spot_missing
5805,193.152011000,17383681,8.000000000,8,8.000000000,,,,,,0.000000000,spot_missing
5806,193.185344000,17386681,8.000000000,8,8.000000000,,,,,,0.000000000,spot_missing
5807,193.218678000,17389681,8.000000000,8,8.000000000,,,,,,0.000000000,spot_missing
5808,193.251522000,17392637,7.000000000,7,7.000000000,,,,,,0.000000000,spot_missing
5809,193.284856000,17395637,6.833333330,7,7.000000000,,,,,,0.000000000,spot_missing
5810,193.318189000,17398637,8.000000000,8,8.000000000,,,,,,0.000000000,spot_missing
5811,193.351522000,17401637,8.000000000,8,8.000000000,,,,,,0.000000000,spot_missing
5812,193.384856000,17404637,7.583333330,8,8.000000000,,,,,,0.000000000,spot_missing
5813,193.418189000,17407637,8.000000000,8,8.000000000,,,,,,0.000000000,spot_missing
5814,193.451522000,17410637,8.000000000,8,8.000000000,,,,,,0.000000000,spot_missing
5815,193.484856000,17413637,7.000000000,7,7.000000000,,,,,,0.000000000,spot_missing
5816,193.517711000,17416594,7.000000000,7,7.000000000,,,,,,0.000000000,spot_missing
5817,193.551044000,17419594,7.000000000,7,7.000000000,,,,,,0.000000000,spot_missing
5818,193.584378000,17422594,8.000000000,8,8.000000000,,,,,,0.000000000,spot_missing
5819,193.617711000,17425594,8.000000000,8,8.000000000,,,,,,0.000000000,spot_missing
5820,193.651044000,17428594,6.041666670,8,6.000000000,,,,,,0.000000000,spot_missing
5821,193.684378000,17431594,8.000000000,8,8.000000000,,,,,,0.000000000,spot_missing
5822,193.717711000,17434594,8.000000000,8,8.000000000,,,,,,0.000000000,spot_missing
5823,193.751044000,17437594,8.000000000,8,8.000000000,,,,,,0.000000000,spot_missing
5824,193.783900000,17440551,8.000000000,8,8.000000000,,,,,,0.000000000,spot_missing
5825,193.817233000,17443551,8.000000000,8,8.000000000,,,,,,0.000000000,spot_missing
5826,193.850567000,17446551,8.000000000,8,8.000000000,,,,,,0.000000000,spot_missing
5827,193.883900000,17449551,8.083333330,9,8.850000000,,,,,,0.000000000,spot_missing
5828,193.917233000,17452551,8.000000000,8,8.000000000,,,,,,0.000000000,spot_missing
5829,193.950567000,17455551,8.000000000,8,8.000000000,,,,,,0.000000000,spot_missing
5830,193.983900000,17458551,7.916666670,8,8.000000000,,,,,,0.000000000,spot_missing
5831,194.017233000,17461551,8.000000000,8,8.000000000,,,,,,0.000000000,spot_missing
5832,194.050078000,17464507,7.458333330,8,8.000000000,,,,,,0.000000000,spot_missing
5833,194.083411000,17467507,7.875000000,8,8.000000000,,,,,,0.000000000,spot_missing
5834,194.116744000,17470507,7.875000000,8,8.000000000,,,,,,0.000000000,spot_missing
5835,194.150078000,17473507,7.875000000,8,8.000000000,,,,,,0.000000000,spot_missing
5836,194.183411000,17476507,7.875000000,8,8.000000000,,,,,,0.000000000,spot_missing
5837,194.216744000,17479507,7.875000000,8,8.000000000,,,,,,0.000000000,spot_missing
5838,194.250078000,17482507,7.875000000,8,8.000000000,,,,,,0.000000000,spot_missing
5839,194.283411000,17485507,7.250000000,8,8.000000000,,,,,,0.000000000,spot_missing
5840,194.316267000,17488464,5.916666670,8,7.850000000,,,,,,0.000000000,spot_missing
5841,194.349600000,17491464,5.916666670,8,7.850000000,,,,,,0.000000000,spot_missing
5842,194.382933000,17494464,7.958333330,8,8.000000000,,,,,,0.000000000,spot_missing
5843,194.416267000,17497464,8.000000000,8,8.000000000,,,,,,0.000000000,spot_missing
5844,194.449600000,17500464,8.000000000,8,8.000000000,,,,,,0.000000000,spot_missing
5845,194.482933000,17503464,6.000000000,6,6.000000000,,,,,,0.000000000,spot_missing
5846,194.516267000,17506464,8.000000000,8,8.000000000,,,,,,0.000000000,spot_missing
5847,194.549600000,17509464,8.000000000,8,8.000000000,,,,,,0.000000000,spot_missing
5848,194.582467000,17512422,8.000000000,8,8.000000000,,,,,,0.000000000,spot_missing
5849,194.615800000,17515422,8.208333330,9,9.000000000,,,,,,0.000000000,spot_missing
5850,194.649133000,17518422,8.500000000,9,9.000000000,,,,,,0.000000000,spot_missing
5851,194.682467000,17521422,8.291666670,9,9.000000000,,,,,,0.000000000,spot_missing
5852,194.715800000,17524422,8.166666670,9,9.000000000,,,,,,0.000000000,spot_missing
5853,194.749133000,17527422,7.833333330,8,8.000000000,,,,,,0.000000000,spot_missing
5854,194.782467000,17530422,8.000000000,8,8.000000000,,,,,,0.000000000,spot_missing
5855,194.815800000,17533422,8.000000000,8,8.000000000,,,,,,0.000000000,spot_missing
5856,194.848644000,17536378,8.000000000,8,8.000000000,,,,,,0.000000000,spot_missing
5857,194.881978000,17539378,8.000000000,8,8.000000000,,,,,,0.000000000,spot_missing
5858,194.915311000,17542378,5.541666670,6,6.000000000,,,,,,0.000000000,spot_missing
5859,194.948644000,17545378,6.500000000,8,8.000000000,,,,,,0.000000000,spot_missing
5860,194.981978000,17548378,6.500000000,8,8.000000000,,,,,,0.000000000,spot_missing
5861,195.015311000,17551378,7.833333330,8,8.000000000,,,,,,0.000000000,spot_missing
5862,195.048644000,17554378,7.750000000,8,8.000000000,,,,,,0.000000000,spot_missing
5863,195.081978000,17557378,7.916666670,8,8.000000000,,,,,,0.000000000,spot_missing
5864,195.114833000,17560335,7.916666670,8,8.000000000,,,,,,0.000000000,spot_missing
5865,195.148167000,17563335,7.666666670,8,8.000000000,,,,,,0.000000000,spot_missing
5866,195.181500000,17566335,8.000000000,8,8.000000000,,,,,,0.000000000,spot_missing
5867,195.214833000,17569335,8.000000000,8,8.000000000,,,,,,0.000000000,spot_missing
5868,195.248167000,17572335,8.000000000,8,8.000000000,,,,,,0.000000000,spot_missing
5869,195.281500000,17575335,8.000000000,8,8.000000000,,,,,,0.000000000,spot_missing
5870,195.314833000,17578335,6.125000000,8,8.000000000,,,,,,0.000000000,spot_missing
5871,195.348167000,17581335,7.000000000,8,8.000000000,,,,,,0.000000000,spot_missing
5872,195.381022000,17584292,7.083333330,8,8.000000000,,,,,,0.000000000,spot_missing
5873,195.414356000,17587292,7.000000000,8,8.000000000,,,,,,0.000000000,spot_missing
5874,195.447689000,17590292,8.000000000,8,8.000000000,,,,,,0.000000000,spot_missing
5875,195.481022000,17593292,8.000000000,8,8.000000000,,,,,,0.000000000,spot_missing
5876,195.514356000,17596292,8.000000000,8,8.000000000,,,,,,0.000000000,spot_missing
5877,195.547689000,17599292,8.000000000,8,8.000000000,,,,,,0.000000000,spot_missing
5878,195.581022000,17602292,8.166666670,9,9.000000000,,,,,,0.000000000,spot_missing
5879,195.614356000,17605292,6.625000000,9,8.000000000,,,,,,0.000000000,spot_missing
5880,195.647200000,17608248,6.583333330,9,8.850000000,,,,,,0.000000000,spot_missing
5881,195.680533000,17611248,6.916666670,8,8.000000000,,,,,,0.000000000,spot_missing
5882,195.713867000,17614248,7.833333330,8,8.000000000,,,,,,0.000000000,spot_missing
5883,195.747200000,17617248,7.500000000,10,8.000000000,,,,,,0.000000000,spot_missing
5884,195.780533000,17620248,7.250000000,8,8.000000000,,,,,,0.000000000,spot_missing
5885,195.813867000,17623248,7.333333330,8,8.000000000,,,,,,0.000000000,spot_missing
5886,195.847200000,17626248,7.250000000,10,9.000000000,,,,,,0.000000000,spot_missing
5887,195.880533000,17629248,8.000000000,8,8.000000000,,,,,,0.000000000,spot_missing
5888,195.913389000,17632205,8.000000000,8,8.000000000,,,,,,0.000000000,spot_missing
5889,195.946722000,17635205,7.916666670,8,8.000000000,,,,,,0.000000000,spot_missing
5890,195.980056000,17638205,7.916666670,8,8.000000000,,,,,,0.000000000,spot_missing
5891,196.013389000,17641205,8.000000000,8,8.000000000,,,,,,0.000000000,spot_missing
5892,196.046722000,17644205,7.833333330,8,8.000000000,,,,,,0.000000000,spot_missing
5893,196.080056000,17647205,7.875000000,9,8.000000000,,,,,,0.000000000,spot_missing
5894,196.113389000,17650205,8.000000000,8,8.000000000,,,,,,0.000000000,spot_missing
5895,196.146722000,17653205,9.000000000,9,9.000000000,,,,,,0.000000000,spot_missing
5896,196.179589000,17656163,9.000000000,9,9.000000000,,,,,,0.000000000,spot_missing
5897,196.212922000,17659163,9.000000000,9,9.000000000,,,,,,0.000000000,spot_missing
5898,196.246256000,17662163,9.000000000,9,9.000000000,,,,,,0.000000000,spot_missing
5899,196.279589000,17665163,9.000000000,9,9.000000000,,,,,,0.000000000,spot_missing
5900,196.312922000,17668163,9.000000000,9,9.000000000,,,,,,0.000000000,spot_missing
5901,196.346256000,17671163,9.000000000,9,9.000000000,,,,,,0.000000000,spot_missing
5902,196.379589000,17674163,9.000000000,9,9.000000000,,,,,,0.000000000,spot_missing
5903,196.412922000,17677163,8.833333330,9,9.000000000,,,,,,0.000000000,spot_missing
5904,196.445756000,17680118,9.000000000,10,9.000000000,,,,,,0.000000000,spot_missing
5905,196.479089000,17683118,8.666666670,9,9.000000000,,,,,,0.000000000,spot_missing
5906,196.512422000,17686118,7.750000000,9,9.000000000,,,,,,0.000000000,spot_missing
5907,196.545756000,17689118,6.166666670,8,7.700000000,,,,,,0.000000000,spot_missing
5908,196.579089000,17692118,6.500000000,8,8.000000000,,,,,,0.000000000,spot_missing
5909,196.612422000,17695118,6.000000000,6,6.000000000,,,,,,0.000000000,spot_missing
5910,196.645756000,17698118,6.083333330,8,6.000000000,,,,,,0.000000000,spot_missing
5911,196.679089000,17701118,6.083333330,8,6.000000000,,,,,,0.000000000,spot_missing
5912,196.711956000,17704076,6.000000000,6,6.000000000,,,,,,0.000000000,spot_missing
5913,196.745289000,17707076,7.000000000,8,8.000000000,,,,,,0.000000000,spot_missing
5914,196.778622000,17710076,7.000000000,8,8.000000000,,,,,,0.000000000,spot_missing
5915,196.811956000,17713076,8.000000000,8,8.000000000,,,,,,0.000000000,spot_missing
5916,196.845289000,17716076,8.000000000,8,8.000000000,,,,,,0.000000000,spot_missing
5917,196.878622000,17719076,8.000000000,8,8.000000000,,,,,,0.000000000,spot_missing
5918,196.911956000,17722076,8.000000000,8,8.000000000,,,,,,0.000000000,spot_missing
5919,196.945289000,17725076,8.375000000,9,9.000000000,,,,,,0.000000000,spot_missing
5920,196.978144000,17728033,8.583333330,9,9.000000000,,,,,,0.000000000,spot_missing
5921,197.011478000,17731033,8.416666670,9,9.000000000,,,,,,0.000000000,spot_missing
5922,197.044811000,17734033,8.000000000,8,8.000000000,,,,,,0.000000000,spot_missing
5923,197.078144000,17737033,8.250000000,9,9.000000000,,,,,,0.000000000,spot_missing
5924,197.111478000,17740033,9.000000000,9,9.000000000,,,,,,0.000000000,spot_missing
5925,197.144811000,17743033,9.708333330,10,10.000000000,,,,,,0.000000000,spot_missing
5926,197.178144000,17746033,9.583333330,10,10.000000000,,,,,,0.000000000,spot_missing
5927,197.211478000,17749033,9.750000000,10,10.000000000,,,,,,0.000000000,spot_missing
5928,197.244322000,17751989,8.750000000,10,9.850000000,,,,,,0.000000000,spot_missing
5929,197.277656000,17754989,9.958333330,10,10.000000000,,,,,,0.000000000,spot_missing
5930,197.310989000,17757989,8.833333330,10,9.850000000,,,,,,0.000000000,spot_missing
5931,197.344322000,17760989,9.208333330,11,11.000000000,,,,,,0.000000000,spot_missing
5932,197.377656000,17763989,9.291666670,11,10.000000000,,,,,,0.000000000,spot_missing
5933,197.410989000,17766989,9.333333330,11,10.000000000,,,,,,0.000000000,spot_missing
5934,197.444322000,17769989,10.083333300,11,11.000000000,,,,,,0.000000000,spot_missing
5935,197.477656000,17772989,9.958333330,11,10.850000000,,,,,,0.000000000,spot_missing
5936,197.510511000,17775946,10.333333300,11,11.000000000,,,,,,0.000000000,spot_missing
5937,197.543844000,17778946,10.583333300,12,12.000000000,,,,,,0.000000000,spot_missing
5938,197.577178000,17781946,10.500000000,13,12.000000000,,,,,,0.000000000,spot_missing
5939,197.610511000,17784946,10.416666700,16,12.850000000,,,,,,0.000000000,spot_missing
5940,197.643844000,17787946,10.583333300,17,15.000000000,,,,,,0.000000000,spot_missing
5941,197.677178000,17790946,12.666666700,17,17.000000000,,,,,,0.000000000,spot_missing
5942,197.710511000,17793946,14.416666700,17,17.000000000,,,,,,0.000000000,spot_missing
5943,197.743844000,17796946,14.208333300,17,17.000000000,,,,,,0.000000000,spot_missing
5944,197.776700000,17799903,13.458333300,16,16.000000000,,,,,,0.000000000,spot_missing
5945,197.810033000,17802903,12.833333300,16,15.000000000,,,,,,0.000000000,spot_missing
5946,197.843367000,17805903,10.625000000,13,12.000000000,,,,,,0.000000000,spot_missing
5947,197.876700000,17808903,9.250000000,10,10.000000000,,,,,,0.000000000,spot_missing
5948,197.910033000,17811903,8.333333330,11,10.000000000,,,,,,0.000000000,spot_missing
5949,197.943367000,17814903,8.125000000,11,10.850000000,,,,,,0.000000000,spot_missing
5950,197.976700000,17817903,7.375000000,10,9.850000000,,,,,,0.000000000,spot_missing
5951,198.010033000,17820903,6.625000000,10,9.000000000,,,,,,0.000000000,spot_missing
5952,198.042878000,17823859,6.166666670,9,9.000000000,,,,,,0.000000000,spot_missing
5953,198.076211000,17826859,5.666666670,8,6.000000000,,,,,,0.000000000,spot_missing
5954,198.109544000,17829859,5.416666670,6,6.000000000,,,,,,0.000000000,spot_missing
5955,198.142878000,17832859,6.833333330,8,8.000000000,,,,,,0.000000000,spot_missing
5956,198.176211000,17835859,5.958333330,10,8.000000000,,,,,,0.000000000,spot_missing
5957,198.209544000,17838859,5.250000000,10,7.700000000,,,,,,0.000000000,spot_missing
5958,198.242878000,17841859,6.000000000,13,10.850000000,,,,,,0.000000000,spot_missing
5959,198.276211000,17844859,6.750000000,15,11.850000000,,,,,,0.000000000,spot_missing
5960,198.309067000,17847816,7.916666670,15,12.850000000,,,,,,0.000000000,spot_missing
5961,198.342400000,17850816,8.791666670,18,15.000000000,,,,,,0.000000000,spot_missing
5962,198.375733000,17853816,9.791666670,19,15.550000000,,,,,,0.000000000,spot_missing
5963,198.409067000,17856816,12.583333300,23,19.850000000,,,,,,0.000000000,spot_missing
5964,198.442400000,17859816,14.875000000,23,22.550000000,,,,,,0.000000000,spot_missing
5965,198.475733000,17862816,16.041666700,26,24.850000000,,,,,,0.000000000,spot_missing
5966,198.509067000,17865816,18.416666700,27,25.850000000,,,,,,0.000000000,spot_missing
5967,198.542400000,17868816,21.791666700,35,31.850000000,,,,,,0.000000000,spot_missing
5968,198.575267000,17871774,24.583333300,35,34.850000000,,,,,,0.000000000,spot_missing
5969,198.608600000,17874774,26.333333300,34,33.850000000,,,,,,0.000000000,spot_missing
5970,198.641933000,17877774,29.958333300,37,36.700000000,,,,,,0.000000000,spot_missing
5971,198.675267000,17880774,31.916666700,37,35.000000000,,,,,,0.000000000,spot_missing
5972,198.708600000,17883774,31.458333300,34,33.850000000,,,,,,0.000000000,spot_missing
5973,198.741933000,17886774,31.791666700,34,34.000000000,,,,,,0.000000000,spot_missing
5974,198.775267000,17889774,33.208333300,37,37.000000000,,,,,,0.000000000,spot_missing
5975,198.808600000,17892774,34.750000000,39,38.850000000,,,,,,0.000000000,spot_missing
5976,198.841444000,17895730,36.750000000,39,39.000000000,,,,,,0.000000000,spot_missing
5977,198.874778000,17898730,38.291666700,40,39.850000000,,,,,,0.000000000,spot_missing
5978,198.908111000,17901730,38.416666700,40,39.000000000,,,,,,0.000000000,spot_missing
5979,198.941444000,17904730,37.041666700,39,39.000000000,,,,,,0.000000000,spot_missing
5980,198.974778000,17907730,38.041666700,40,39.850000000,,,,,,0.000000000,spot_missing
5981,199.008111000,17910730,36.250000000,40,39.000000000,,,,,,0.000000000,spot_missing
5982,199.041444000,17913730,35.208333300,38,37.850000000,,,,,,0.000000000,spot_missing
5983,199.074778000,17916730,34.708333300,38,37.000000000,,,,,,0.000000000,spot_missing
5984,199.107633000,17919687,32.666666700,34,34.000000000,,,,,,0.000000000,spot_missing
5985,199.140967000,17922687,33.458333300,36,35.000000000,,,,,,0.000000000,spot_missing
5986,199.174300000,17925687,32.916666700,35,34.850000000,,,,,,0.000000000,spot_missing
5987,199.207633000,17928687,32.875000000,37,35.000000000,,,,,,0.000000000,spot_missing
5988,199.240967000,17931687,32.458333300,37,35.000000000,,,,,,0.000000000,spot_missing
5989,199.274300000,17934687,31.750000000,37,35.000000000,,,,,,0.000000000,spot_missing
5990,199.307633000,17937687,33.041666700,39,38.850000000,,,,,,0.000000000,spot_missing
5991,199.340967000,17940687,28.083333300,37,37.000000000,,,,,,0.000000000,spot_missing
5992,199.373822000,17943644,24.250000000,35,34.700000000,,,,,,0.000000000,spot_missing
5993,199.407156000,17946644,20.250000000,34,31.000000000,,,,,,0.000000000,spot_missing
5994,199.440489000,17949644,16.625000000,31,25.850000000,,,,,,0.000000000,spot_missing
5995,199.473822000,17952644,12.833333300,20,19.850000000,,,,,,0.000000000,spot_missing
5996,199.507156000,17955644,11.041666700,16,14.700000000,,,,,,0.000000000,spot_missing
5997,199.540489000,17958644,8.666666670,13,11.000000000,,,,,,0.000000000,spot_missing
5998,199.573822000,17961644,6.416666670,9,8.850000000,,,,,,0.000000000,spot_missing
5999,199.607156000,17964644,6.250000000,8,8.000000000,,,,,,0.000000000,spot_missing
6000,199.640000000,17967600,6.416666670,8,8.000000000,,,,,,0.000000000,spot_missing
6001,199.673333000,17970600,7.583333330,8,8.000000000,,,,,,0.000000000,spot_missing
6002,199.706667000,17973600,7.916666670,8,8.000000000,,,,,,0.000000000,spot_missing
6003,199.740000000,17976600,8.000000000,8,8.000000000,,,,,,0.000000000,spot_missing
6004,199.773333000,17979600,8.125000000,9,9.000000000,,,,,,0.000000000,spot_missing
6005,199.806667000,17982600,8.125000000,9,9.000000000,,,,,,0.000000000,spot_missing
6006,199.840000000,17985600,8.000000000,8,8.000000000,,,,,,0.000000000,spot_missing
6007,199.873333000,17988600,8.666666670,9,9.000000000,,,,,,0.000000000,spot_missing
6008,199.906189000,17991557,7.583333330,8,8.000000000,,,,,,0.000000000,spot_missing
6009,199.939522000,17994557,8.000000000,8,8.000000000,,,,,,0.000000000,spot_missing
6010,199.972856000,17997557,8.375000000,9,9.000000000,,,,,,0.000000000,spot_missing
6011,200.006189000,18000557,8.000000000,8,8.000000000,,,,,,0.000000000,spot_missing
6012,200.039522000,18003557,7.166666670,8,8.000000000,,,,,,0.000000000,spot_missing
6013,200.072856000,18006557,6.750000000,9,8.850000000,,,,,,0.000000000,spot_missing
6014,200.106189000,18009557,8.000000000,8,8.000000000,,,,,,0.000000000,spot_missing
6015,200.139522000,18012557,8.000000000,8,8.000000000,,,,,,0.000000000,spot_missing
6016,200.172389000,18015515,8.000000000,8,8.000000000,,,,,,0.000000000,spot_missing
6017,200.205722000,18018515,8.166666670,9,9.000000000,,,,,,0.000000000,spot_missing
6018,200.239056000,18021515,8.166666670,9,9.000000000,,,,,,0.000000000,spot_missing
6019,200.272389000,18024515,8.000000000,8,8.000000000,,,,,,0.000000000,spot_missing
6020,200.305722000,18027515,8.000000000,8,8.000000000,,,,,,0.000000000,spot_missing
6021,200.339056000,18030515,8.000000000,8,8.000000000,,,,,,0.000000000,spot_missing
6022,200.372389000,18033515,8.000000000,8,8.000000000,,,,,,0.000000000,spot_missing
6023,200.405722000,18036515,8.000000000,8,8.000000000,,,,,,0.000000000,spot_missing
6024,200.438556000,18039470,8.000000000,8,8.000000000,,,,,,0.000000000,spot_missing
6025,200.471889000,18042470,8.000000000,8,8.000000000,,,,,,0.000000000,spot_missing
6026,200.505222000,18045470,8.208333330,9,9.000000000,,,,,,0.000000000,spot_missing
6027,200.538556000,18048470,8.000000000,8,8.000000000,,,,,,0.000000000,spot_missing
6028,200.571889000,18051470,8.000000000,8,8.000000000,,,,,,0.000000000,spot_missing
6029,200.605222000,18054470,8.375000000,9,9.000000000,,,,,,0.000000000,spot_missing
6030,200.638556000,18057470,8.625000000,9,9.000000000,,,,,,0.000000000,spot_missing
6031,200.671889000,18060470,8.541666670,9,9.000000000,,,,,,0.000000000,spot_missing
6032,200.704756000,18063428,8.000000000,8,8.000000000,,,,,,0.000000000,spot_missing
6033,200.738089000,18066428,8.958333330,9,9.000000000,,,,,,0.000000000,spot_missing
6034,200.771422000,18069428,9.000000000,9,9.000000000,,,,,,0.000000000,spot_missing
6035,200.804756000,18072428,8.541666670,9,9.000000000,,,,,,0.000000000,spot_missing
6036,200.838089000,18075428,8.000000000,8,8.000000000,,,,,,0.000000000,spot_missing
6037,200.871422000,18078428,8.000000000,8,8.000000000,,,,,,0.000000000,spot_missing
6038,200.904756000,18081428,8.000000000,8,8.000000000,,,,,,0.000000000,spot_missing
6039,200.938089000,18084428,8.375000000,9,9.000000000,,,,,,0.000000000,spot_missing
6040,200.970944000,18087385,8.208333330,9,9.000000000,,,,,,0.000000000,spot_missing
6041,201.004278000,18090385,8.916666670,9,9.000000000,,,,,,0.000000000,spot_missing
6042,201.037611000,18093385,9.166666670,10,10.000000000,,,,,,0.000000000,spot_missing
6043,201.070944000,18096385,9.000000000,9,9.000000000,,,,,,0.000000000,spot_missing
6044,201.104278000,18099385,9.000000000,9,9.000000000,,,,,,0.000000000,spot_missing
6045,201.137611000,18102385,9.000000000,9,9.000000000,,,,,,0.000000000,spot_missing
6046,201.170944000,18105385,9.083333330,10,9.850000000,,,,,,0.000000000,spot_missing
6047,201.204278000,18108385,8.708333330,9,9.000000000,,,,,,0.000000000,spot_missing
6048,201.237122000,18111341,9.000000000,9,9.000000000,,,,,,0.000000000,spot_missing
6049,201.270456000,18114341,8.958333330,9,9.000000000,,,,,,0.000000000,spot_missing
6050,201.303789000,18117341,9.000000000,9,9.000000000,,,,,,0.000000000,spot_missing
6051,201.337122000,18120341,8.916666670,9,9.000000000,,,,,,0.000000000,spot_missing
6052,201.370456000,18123341,8.875000000,9,9.000000000,,,,,,0.000000000,spot_missing
6053,201.403789000,18126341,9.250000000,10,10.000000000,,,,,,0.000000000,spot_missing
6054,201.437122000,18129341,8.500000000,9,9.000000000,,,,,,0.000000000,spot_missing
6055,201.470456000,18132341,8.791666670,9,9.000000000,,,,,,0.000000000,spot_missing
6056,201.503311000,18135298,8.375000000,9,9.000000000,,,,,,0.000000000,spot_missing
6057,201.536644000,18138298,9.000000000,9,9.000000000,,,,,,0.000000000,spot_missing
6058,201.569978000,18141298,9.000000000,9,9.000000000,,,,,,0.000000000,spot_missing
6059,201.603311000,18144298,9.000000000,9,9.000000000,,,,,,0.000000000,spot_missing
6060,201.636644000,18147298,9.208333330,10,10.000000000,,,,,,0.000000000,spot_missing
6061,201.669978000,18150298,9.541666670,10,10.000000000,,,,,,0.000000000,spot_missing
6062,201.703311000,18153298,9.000000000,9,9.000000000,,,,,,0.000000000,spot_missing
6063,201.736644000,18156298,8.791666670,9,9.000000000,,,,,,0.000000000,spot_missing
6064,201.769500000,18159255,9.000000000,9,9.000000000,,,,,,0.000000000,spot_missing
6065,201.802833000,18162255,9.000000000,9,9.000000000,,,,,,0.000000000,spot_missing
6066,201.836167000,18165255,9.000000000,9,9.000000000,,,,,,0.000000000,spot_missing
6067,201.869500000,18168255,9.083333330,10,9.850000000,,,,,,0.000000000,spot_missing
6068,201.902833000,18171255,8.958333330,9,9.000000000,,,,,,0.000000000,spot_missing
6069,201.936167000,18174255,9.000000000,9,9.000000000,,,,,,0.000000000,spot_missing
6070,201.969500000,18177255,9.000000000,9,9.000000000,,,,,,0.000000000,spot_missing
6071,202.002833000,18180255,9.000000000,9,9.000000000,,,,,,0.000000000,spot_missing
6072,202.035678000,18183211,9.250000000,10,10.000000000,,,,,,0.000000000,spot_missing
6073,202.069011000,18186211,9.458333330,10,10.000000000,,,,,,0.000000000,spot_missing
6074,202.102344000,18189211,9.458333330,10,10.000000000,,,,,,0.000000000,spot_missing
6075,202.135678000,18192211,9.666666670,10,10.000000000,,,,,,0.000000000,spot_missing
6076,202.169011000,18195211,9.666666670,10,10.000000000,,,,,,0.000000000,spot_missing
6077,202.202344000,18198211,9.791666670,10,10.000000000,,,,,,0.000000000,spot_missing
6078,202.235678000,18201211,9.333333330,10,10.000000000,,,,,,0.000000000,spot_missing
6079,202.269011000,18204211,8.625000000,9,9.000000000,,,,,,0.000000000,spot_missing
6080,202.301867000,18207168,9.041666670,10,9.000000000,,,,,,0.000000000,spot_missing
6081,202.335200000,18210168,9.000000000,9,9.000000000,,,,,,0.000000000,spot_missing
6082,202.368533000,18213168,9.000000000,9,9.000000000,,,,,,0.000000000,spot_missing
6083,202.401867000,18216168,9.000000000,9,9.000000000,,,,,,0.000000000,spot_missing
6084,202.435200000,18219168,9.000000000,9,9.000000000,,,,,,0.000000000,spot_missing
6085,202.468533000,18222168,9.000000000,9,9.000000000,,,,,,0.000000000,spot_missing
6086,202.501867000,18225168,9.000000000,9,9.000000000,,,,,,0.000000000,spot_missing
6087,202.535200000,18228168,9.000000000,9,9.000000000,,,,,,0.000000000,spot_missing
6088,202.568067000,18231126,9.541666670,10,10.000000000,,,,,,0.000000000,spot_missing
6089,202.601400000,18234126,9.791666670,10,10.000000000,,,,,,0.000000000,spot_missing
6090,202.634733000,18237126,8.833333330,10,10.000000000,,,,,,0.000000000,spot_missing
6091,202.668067000,18240126,9.250000000,10,10.000000000,,,,,,0.000000000,spot_missing
6092,202.701400000,18243126,9.250000000,10,10.000000000,,,,,,0.000000000,spot_missing
6093,202.734733000,18246126,9.541666670,10,10.000000000,,,,,,0.000000000,spot_missing
6094,202.768067000,18249126,9.541666670,10,10.000000000,,,,,,0.000000000,spot_missing
6095,202.801400000,18252126,9.666666670,10,10.000000000,,,,,,0.000000000,spot_missing
6096,202.834244000,18255082,9.333333330,10,10.000000000,,,,,,0.000000000,spot_missing
6097,202.867578000,18258082,9.333333330,10,10.000000000,,,,,,0.000000000,spot_missing
6098,202.900911000,18261082,9.291666670,10,10.000000000,,,,,,0.000000000,spot_missing
6099,202.934244000,18264082,9.208333330,10,10.000000000,,,,,,0.000000000,spot_missing
6100,202.967578000,18267082,9.000000000,9,9.000000000,,,,,,0.000000000,spot_missing
6101,203.000911000,18270082,10.000000000,10,10.000000000,,,,,,0.000000000,spot_missing
6102,203.034244000,18273082,9.208333330,10,10.000000000,,,,,,0.000000000,spot_missing
6103,203.067578000,18276082,10.000000000,10,10.000000000,,,,,,0.000000000,spot_missing
6104,203.100433000,18279039,9.791666670,10,10.000000000,,,,,,0.000000000,spot_missing
6105,203.133767000,18282039,9.750000000,10,10.000000000,,,,,,0.000000000,spot_missing
6106,203.167100000,18285039,9.416666670,10,10.000000000,,,,,,0.000000000,spot_missing
6107,203.200433000,18288039,9.333333330,10,10.000000000,,,,,,0.000000000,spot_missing
6108,203.233767000,18291039,9.166666670,10,10.000000000,,,,,,0.000000000,spot_missing
6109,203.267100000,18294039,9.250000000,10,10.000000000,,,,,,0.000000000,spot_missing
6110,203.300433000,18297039,10.000000000,10,10.000000000,,,,,,0.000000000,spot_missing
6111,203.333767000,18300039,10.000000000,10,10.000000000,,,,,,0.000000000,spot_missing
6112,203.366622000,18302996,10.250000000,11,11.000000000,,,,,,0.000000000,spot_missing
6113,203.399956000,18305996,10.000000000,10,10.000000000,,,,,,0.000000000,spot_missing
6114,203.433289000,18308996,10.000000000,10,10.000000000,,,,,,0.000000000,spot_missing
6115,203.466622000,18311996,9.958333330,10,10.000000000,,,,,,0.000000000,spot_missing
6116,203.499956000,18314996,10.000000000,10,10.000000000,,,,,,0.000000000,spot_missing
6117,203.533289000,18317996,10.000000000,10,10.000000000,,,,,,0.000000000,spot_missing
6118,203.566622000,18320996,10.000000000,10,10.000000000,,,,,,0.000000000,spot_missing
6119,203.599956000,18323996,9.916666670,10,10.000000000,,,,,,0.000000000,spot_missing
6120,203.632800000,18326952,9.833333330,10,10.000000000,,,,,,0.000000000,spot_missing
6121,203.666133000,18329952,9.916666670,10,10.000000000,,,,,,0.000000000,spot_missing
6122,203.699467000,18332952,10.000000000,10,10.000000000,,,,,,0.000000000,spot_missing
6123,203.732800000,18335952,10.000000000,10,10.000000000,,,,,,0.000000000,spot_missing
6124,203.766133000,18338952,10.000000000,10,10.000000000,,,,,,0.000000000,spot_missing
6125,203.799467000,18341952,9.833333330,10,10.000000000,,,,,,0.000000000,spot_missing
6126,203.832800000,18344952,9.666666670,10,10.000000000,,,,,,0.000000000,spot_missing
6127,203.866133000,18347952,9.500000000,10,10.000000000,,,,,,0.000000000,spot_missing
6128,203.898989000,18350909,9.416666670,10,10.000000000,,,,,,0.000000000,spot_missing
6129,203.932322000,18353909,9.458333330,11,10.000000000,,,,,,0.000000000,spot_missing
6130,203.965656000,18356909,9.333333330,10,10.000000000,,,,,,0.000000000,spot_missing
6131,203.998989000,18359909,9.500000000,10,10.000000000,,,,,,0.000000000,spot_missing
6132,204.032322000,18362909,9.500000000,10,10.000000000,,,,,,0.000000000,spot_missing
6133,204.065656000,18365909,9.750000000,10,10.000000000,,,,,,0.000000000,spot_missing
6134,204.098989000,18368909,9.666666670,10,10.000000000,,,,,,0.000000000,spot_missing
6135,204.132322000,18371909,9.666666670,10,10.000000000,,,,,,0.000000000,spot_missing
6136,204.165189000,18374867,9.583333330,10,10.000000000,,,,,,0.000000000,spot_missing
6137,204.198522000,18377867,9.500000000,10,10.000000000,,,,,,0.000000000,spot_missing
6138,204.231856000,18380867,9.750000000,10,10.000000000,,,,,,0.000000000,spot_missing
6139,204.265189000,18383867,10.000000000,10,10.000000000,,,,,,0.000000000,spot_missing
6140,204.298522000,18386867,10.000000000,10,10.000000000,,,,,,0.000000000,spot_missing
6141,204.331856000,18389867,9.166666670,10,10.000000000,,,,,,0.000000000,spot_missing
6142,204.365189000,18392867,9.166666670,10,10.000000000,,,,,,0.000000000,spot_missing
6143,204.398522000,18395867,9.125000000,10,10.000000000,,,,,,0.000000000,spot_missing
6144,204.431356000,18398822,8.708333330,9,9.000000000,,,,,,0.000000000,spot_missing
6145,204.464689000,18401822,8.750000000,9,9.000000000,,,,,,0.000000000,spot_missing
6146,204.498022000,18404822,8.625000000,9,9.000000000,,,,,,0.000000000,spot_missing
6147,204.531356000,18407822,9.125000000,10,10.000000000,,,,,,0.000000000,spot_missing
6148,204.564689000,18410822,8.958333330,10,10.000000000,,,,,,0.000000000,spot_missing
6149,204.598022000,18413822,8.666666670,10,10.000000000,,,,,,0.000000000,spot_missing
6150,204.631356000,18416822,8.958333330,10,9.000000000,,,,,,0.000000000,spot_missing
6151,204.664689000,18419822,8.958333330,10,9.000000000,,,,,,0.000000000,spot_missing
6152,204.697556000,18422780,8.583333330,10,9.850000000,,,,,,0.000000000,spot_missing
6153,204.730889000,18425780,8.500000000,9,9.000000000,,,,,,0.000000000,spot_missing
6154,204.764222000,18428780,8.583333330,9,9.000000000,,,,,,0.000000000,spot_missing
6155,204.797556000,18431780,8.958333330,10,10.000000000,,,,,,0.000000000,spot_missing
6156,204.830889000,18434780,8.208333330,9,9.000000000,,,,,,0.000000000,spot_missing
6157,204.864222000,18437780,8.083333330,9,8.850000000,,,,,,0.000000000,spot_missing
6158,204.897556000,18440780,8.000000000,8,8.000000000,,,,,,0.000000000,spot_missing
6159,204.930889000,18443780,8.208333330,9,9.000000000,,,,,,0.000000000,spot_missing
6160,204.963744000,18446737,8.708333330,9,9.000000000,,,,,,0.000000000,spot_missing
6161,204.997078000,18449737,8.750000000,9,9.000000000,,,,,,0.000000000,spot_missing
6162,205.030411000,18452737,7.541666670,9,9.000000000,,,,,,0.000000000,spot_missing
6163,205.063744000,18455737,7.750000000,10,10.000000000,,,,,,0.000000000,spot_missing
6164,205.097078000,18458737,9.208333330,11,11.000000000,,,,,,0.000000000,spot_missing
6165,205.130411000,18461737,9.500000000,11,10.850000000,,,,,,0.000000000,spot_missing
6166,205.163744000,18464737,9.916666670,11,11.000000000,,,,,,0.000000000,spot_missing
6167,205.197078000,18467737,10.250000000,11,11.000000000,,,,,,0.000000000,spot_missing
6168,205.229922000,18470693,10.375000000,11,11.000000000,,,,,,0.000000000,spot_missing
6169,205.263256000,18473693,10.708333300,12,12.000000000,,,,,,0.000000000,spot_missing
6170,205.296589000,18476693,10.375000000,11,11.000000000,,,,,,0.000000000,spot_missing
6171,205.329922000,18479693,10.833333300,11,11.000000000,,,,,,0.000000000,spot_missing
6172,205.363256000,18482693,10.666666700,11,11.000000000,,,,,,0.000000000,spot_missing
6173,205.396589000,18485693,11.208333300,12,12.000000000,,,,,,0.000000000,spot_missing
6174,205.429922000,18488693,11.416666700,12,12.000000000,,,,,,0.000000000,spot_missing
6175,205.463256000,18491693,11.500000000,12,12.000000000,,,,,,0.000000000,spot_missing
6176,205.496111000,18494650,11.666666700,13,12.850000000,,,,,,0.000000000,spot_missing
6177,205.529444000,18497650,11.291666700,12,12.000000000,,,,,,0.000000000,spot_missing
6178,205.562778000,18500650,11.416666700,13,13.000000000,,,,,,0.000000000,spot_missing
6179,205.596111000,18503650,11.416666700,13,13.000000000,,,,,,0.000000000,spot_missing
6180,205.629444000,18506650,12.250000000,13,13.000000000,,,,,,0.000000000,spot_missing
6181,205.662778000,18509650,12.250000000,13,13.000000000,,,,,,0.000000000,spot_missing
6182,205.696111000,18512650,12.250000000,13,13.000000000,,,,,,0.000000000,spot_missing
6183,205.729444000,18515650,11.750000000,12,12.000000000,,,,,,0.000000000,spot_missing
6184,205.762300000,18518607,11.958333300,13,13.000000000,,,,,,0.000000000,spot_missing
6185,205.795633000,18521607,12.708333300,15,15.000000000,,,,,,0.000000000,spot_missing
6186,205.828967000,18524607,12.625000000,15,15.000000000,,,,,,0.000000000,spot_missing
6187,205.862300000,18527607,11.625000000,13,13.000000000,,,,,,0.000000000,spot_missing
6188,205.895633000,18530607,11.625000000,13,13.000000000,,,,,,0.000000000,spot_missing
6189,205.928967000,18533607,12.750000000,15,15.000000000,,,,,,0.000000000,spot_missing
6190,205.962300000,18536607,12.333333300,15,13.000000000,,,,,,0.000000000,spot_missing
6191,205.995633000,18539607,12.958333300,15,15.000000000,,,,,,0.000000000,spot_missing
6192,206.028478000,18542563,12.958333300,15,15.000000000,,,,,,0.000000000,spot_missing
6193,206.061811000,18545563,14.166666700,15,15.000000000,,,,,,0.000000000,spot_missing
6194,206.095144000,18548563,14.833333300,16,16.000000000,,,,,,0.000000000,spot_missing
6195,206.128478000,18551563,15.041666700,17,17.000000000,,,,,,0.000000000,spot_missing
6196,206.161811000,18554563,15.416666700,17,17.000000000,,,,,,0.000000000,spot_missing
6197,206.195144000,18557563,15.958333300,17,17.000000000,,,,,,0.000000000,spot_missing
6198,206.228478000,18560563,14.625000000,17,17.000000000,,,,,,0.000000000,spot_missing
6199,206.261811000,18563563,15.083333300,17,16.850000000,,,,,,0.000000000,spot_missing
6200,206.294667000,18566520,14.708333300,17,16.000000000,,,,,,0.000000000,spot_missing
6201,206.328000000,18569520,14.958333300,17,17.000000000,,,,,,0.000000000,spot_missing
6202,206.361333000,18572520,14.333333300,17,17.000000000,,,,,,0.000000000,spot_missing
6203,206.394667000,18575520,13.500000000,17,17.000000000,,,,,,0.000000000,spot_missing
6204,206.428000000,18578520,12.625000000,15,15.000000000,,,,,,0.000000000,spot_missing
6205,206.461333000,18581520,12.666666700,15,15.000000000,,,,,,0.000000000,spot_missing
6206,206.494667000,18584520,12.125000000,16,16.000000000,,,,,,0.000000000,spot_missing
6207,206.528000000,18587520,10.833333300,15,14.700000000,,,,,,0.000000000,spot_missing
6208,206.560867000,18590478,10.458333300,13,13.000000000,,,,,,0.000000000,spot_missing
6209,206.594200000,18593478,10.208333300,12,12.000000000,,,,,,0.000000000,spot_missing
6210,206.627533000,18596478,10.125000000,13,12.000000000,,,,,,0.000000000,spot_missing
6211,206.660867000,18599478,8.958333330,12,11.850000000,,,,,,0.000000000,spot_missing
6212,206.694200000,18602478,9.125000000,12,12.000000000,,,,,,0.000000000,spot_missing
6213,206.727533000,18605478,9.125000000,12,12.000000000,,,,,,0.000000000,spot_missing
6214,206.760867000,18608478,8.750000000,13,12.000000000,,,,,,0.000000000,spot_missing
6215,206.794200000,18611478,7.416666670,13,11.000000000,,,,,,0.000000000,spot_missing
6216,206.827044000,18614434,7.750000000,12,10.850000000,,,,,,0.000000000,spot_missing
6217,206.860378000,18617434,8.041666670,11,10.000000000,,,,,,0.000000000,spot_missing
6218,206.893711000,18620434,8.500000000,13,10.850000000,,,,,,0.000000000,spot_missing
6219,206.927044000,18623434,8.291666670,12,10.000000000,,,,,,0.000000000,spot_missing
6220,206.960378000,18626434,8.416666670,11,11.000000000,,,,,,0.000000000,spot_missing
6221,206.993711000,18629434,8.500000000,11,10.850000000,,,,,,0.000000000,spot_missing
6222,207.027044000,18632434,7.875000000,10,10.000000000,,,,,,0.000000000,spot_missing
6223,207.060378000,18635434,7.416666670,10,9.850000000,,,,,,0.000000000,spot_missing
6224,207.093233000,18638391,7.333333330,10,9.850000000,,,,,,0.000000000,spot_missing
6225,207.126567000,18641391,6.166666670,10,9.000000000,,,,,,0.000000000,spot_missing
6226,207.159900000,18644391,6.541666670,10,9.000000000,,,,,,0.000000000,spot_missing
6227,207.193233000,18647391,6.500000000,9,8.000000000,,,,,,0.000000000,spot_missing
6228,207.226567000,18650391,7.125000000,9,9.000000000,,,,,,0.000000000,spot_missing
6229,207.259900000,18653391,7.333333330,9,9.000000000,,,,,,0.000000000,spot_missing
6230,207.293233000,18656391,6.333333330,8,8.000000000,,,,,,0.000000000,spot_missing
6231,207.326567000,18659391,5.958333330,8,7.700000000,,,,,,0.000000000,spot_missing
6232,207.359422000,18662348,6.041666670,8,7.700000000,,,,,,0.000000000,spot_missing
6233,207.392756000,18665348,5.458333330,8,7.700000000,,,,,,0.000000000,spot_missing
6234,207.426089000,18668348,5.791666670,11,9.700000000,,,,,,0.000000000,spot_missing
6235,207.459422000,18671348,5.833333330,10,9.700000000,,,,,,0.000000000,spot_missing
6236,207.492756000,18674348,6.166666670,9,9.000000000,,,,,,0.000000000,spot_missing
6237,207.526089000,18677348,6.416666670,9,9.000000000,,,,,,0.000000000,spot_missing
6238,207.559422000,18680348,6.166666670,9,8.000000000,,,,,,0.000000000,spot_missing
6239,207.592756000,18683348,6.541666670,9,8.000000000,,,,,,0.000000000,spot_missing
6240,207.625600000,18686304,7.125000000,9,9.000000000,,,,,,0.000000000,spot_missing
6241,207.658933000,18689304,7.041666670,10,9.850000000,,,,,,0.000000000,spot_missing
6242,207.692267000,18692304,8.958333330,11,11.000000000,,,,,,0.000000000,spot_missing
6243,207.725600000,18695304,9.125000000,10,10.000000000,,,,,,0.000000000,spot_missing
6244,207.758933000,18698304,9.458333330,10,10.000000000,,,,,,0.000000000,spot_missing
6245,207.792267000,18701304,9.333333330,10,10.000000000,,,,,,0.000000000,spot_missing
6246,207.825600000,18704304,8.666666670,9,9.000000000,,,,,,0.000000000,spot_missing
6247,207.858933000,18707304,8.500000000,10,9.000000000,,,,,,0.000000000,spot_missing
6248,207.891789000,18710261,8.291666670,9,9.000000000,,,,,,0.000000000,spot_missing
6249,207.925122000,18713261,8.041666670,10,9.000000000,,,,,,0.000000000,spot_missing
6250,207.958456000,18716261,8.583333330,9,9.000000000,,,,,,0.000000000,spot_missing
6251,207.991789000,18719261,8.625000000,10,9.000000000,,,,,,0.000000000,spot_missing
6252,208.025122000,18722261,8.416666670,9,9.000000000,,,,,,0.000000000,spot_missing
6253,208.058456000,18725261,8.166666670,9,9.000000000,,,,,,0.000000000,spot_missing
6254,208.091789000,18728261,9.083333330,10,10.000000000,,,,,,0.000000000,spot_missing
6255,208.125122000,18731261,8.333333330,10,10.000000000,,,,,,0.000000000,spot_missing
6256,208.157989000,18734219,8.458333330,11,10.000000000,,,,,,0.000000000,spot_missing
6257,208.191322000,18737219,8.041666670,11,10.000000000,,,,,,0.000000000,spot_missing
6258,208.224656000,18740219,7.708333330,11,10.000000000,,,,,,0.000000000,spot_missing
6259,208.257989000,18743219,7.875000000,11,10.000000000,,,,,,0.000000000,spot_missing
6260,208.291322000,18746219,8.666666670,11,11.000000000,,,,,,0.000000000,spot_missing
6261,208.324656000,18749219,8.416666670,11,11.000000000,,,,,,0.000000000,spot_missing
6262,208.357989000,18752219,7.708333330,11,11.000000000,,,,,,0.000000000,spot_missing
6263,208.391322000,18755219,8.708333330,11,11.000000000,,,,,,0.000000000,spot_missing
6264,208.424156000,18758174,8.166666670,11,10.850000000,,,,,,0.000000000,spot_missing
6265,208.457489000,18761174,8.291666670,11,10.850000000,,,,,,0.000000000,spot_missing
6266,208.490822000,18764174,8.333333330,11,10.000000000,,,,,,0.000000000,spot_missing
6267,208.524156000,18767174,9.083333330,11,10.000000000,,,,,,0.000000000,spot_missing
6268,208.557489000,18770174,10.250000000,12,11.000000000,,,,,,0.000000000,spot_missing
6269,208.590822000,18773174,9.541666670,12,11.000000000,,,,,,0.000000000,spot_missing
6270,208.624156000,18776174,8.750000000,11,10.850000000,,,,,,0.000000000,spot_missing
6271,208.657489000,18779174,9.125000000,11,10.850000000,,,,,,0.000000000,spot_missing
6272,208.690356000,18782132,9.208333330,11,10.000000000,,,,,,0.000000000,spot_missing
6273,208.723689000,18785132,8.583333330,10,10.000000000,,,,,,0.000000000,spot_missing
6274,208.757022000,18788132,8.791666670,9,9.000000000,,,,,,0.000000000,spot_missing
6275,208.790356000,18791132,8.916666670,10,10.000000000,,,,,,0.000000000,spot_missing
6276,208.823689000,18794132,9.125000000,10,10.000000000,,,,,,0.000000000,spot_missing
6277,208.857022000,18797132,9.625000000,11,11.000000000,,,,,,0.000000000,spot_missing
6278,208.890356000,18800132,9.416666670,10,10.000000000,,,,,,0.000000000,spot_missing
6279,208.923689000,18803132,9.083333330,10,10.000000000,,,,,,0.000000000,spot_missing
6280,208.956544000,18806089,9.208333330,10,10.000000000,,,,,,0.000000000,spot_missing
6281,208.989878000,18809089,9.125000000,10,10.000000000,,,,,,0.000000000,spot_missing
6282,209.023211000,18812089,9.125000000,11,10.000000000,,,,,,0.000000000,spot_missing
6283,209.056544000,18815089,9.375000000,12,11.000000000,,,,,,0.000000000,spot_missing
6284,209.089878000,18818089,8.583333330,11,10.850000000,,,,,,0.000000000,spot_missing
6285,209.123211000,18821089,9.541666670,11,11.000000000,,,,,,0.000000000,spot_missing
6286,209.156544000,18824089,9.458333330,10,10.000000000,,,,,,0.000000000,spot_missing
6287,209.189878000,18827089,9.416666670,10,10.000000000,,,,,,0.000000000,spot_missing
6288,209.222722000,18830045,9.416666670,10,10.000000000,,,,,,0.000000000,spot_missing
6289,209.256056000,18833045,8.583333330,10,10.000000000,,,,,,0.000000000,spot_missing
6290,209.289389000,18836045,8.791666670,10,10.000000000,,,,,,0.000000000,spot_missing
6291,209.322722000,18839045,8.583333330,10,10.000000000,,,,,,0.000000000,spot_missing
6292,209.356056000,18842045,8.916666670,10,10.000000000,,,,,,0.000000000,spot_missing
6293,209.389389000,18845045,7.125000000,10,8.850000000,,,,,,0.000000000,spot_missing
6294,209.422722000,18848045,6.500000000,9,8.000000000,,,,,,0.000000000,spot_missing
6295,209.456056000,18851045,5.458333330,6,6.000000000,,,,,,0.000000000,spot_missing
6296,209.488911000,18854002,5.333333330,6,6.000000000,,,,,,0.000000000,spot_missing
6297,209.522244000,18857002,6.833333330,8,8.000000000,,,,,,0.000000000,spot_missing
6298,209.555578000,18860002,6.208333330,8,8.000000000,,,,,,0.000000000,spot_missing
6299,209.588911000,18863002,7.541666670,9,9.000000000,,,,,,0.000000000,spot_missing
6300,209.622244000,18866002,6.916666670,10,9.850000000,,,,,,0.000000000,spot_missing
6301,209.655578000,18869002,7.333333330,10,10.000000000,,,,,,0.000000000,spot_missing
6302,209.688911000,18872002,7.416666670,10,9.000000000,,,,,,0.000000000,spot_missing
6303,209.722244000,18875002,7.041666670,9,9.000000000,,,,,,0.000000000,spot_missing
6304,209.755100000,18877959,7.375000000,9,9.000000000,,,,,,0.000000000,spot_missing
6305,209.788433000,18880959,7.791666670,11,10.000000000,,,,,,0.000000000,spot_missing
6306,209.821767000,18883959,6.958333330,9,9.000000000,,,,,,0.000000000,spot_missing
6307,209.855100000,18886959,7.416666670,10,10.000000000,,,,,,0.000000000,spot_missing
6308,209.888433000,18889959,6.416666670,10,10.000000000,,,,,,0.000000000,spot_missing
6309,209.921767000,18892959,5.958333330,11,10.000000000,,,,,,0.000000000,spot_missing
6310,209.955100000,18895959,6.958333330,11,9.850000000,,,,,,0.000000000,spot_missing
6311,209.988433000,18898959,8.541666670,11,11.000000000,,,,,,0.000000000,spot_missing
6312,210.021278000,18901915,8.083333330,11,10.000000000,,,,,,0.000000000,spot_missing
6313,210.054611000,18904915,7.833333330,10,10.000000000,,,,,,0.000000000,spot_missing
6314,210.087944000,18907915,7.875000000,10,10.000000000,,,,,,0.000000000,spot_missing
6315,210.121278000,18910915,7.041666670,11,9.850000000,,,,,,0.000000000,spot_missing
6316,210.154611000,18913915,7.000000000,12,10.850000000,,,,,,0.000000000,spot_missing
6317,210.187944000,18916915,7.291666670,12,10.850000000,,,,,,0.000000000,spot_missing
6318,210.221278000,18919915,7.333333330,12,10.850000000,,,,,,0.000000000,spot_missing
6319,210.254611000,18922915,7.291666670,12,10.850000000,,,,,,0.000000000,spot_missing
6320,210.287467000,18925872,7.041666670,11,10.850000000,,,,,,0.000000000,spot_missing
6321,210.320800000,18928872,8.833333330,13,12.000000000,,,,,,0.000000000,spot_missing
6322,210.354133000,18931872,8.375000000,13,12.000000000,,,,,,0.000000000,spot_missing
6323,210.387467000,18934872,9.458333330,13,12.850000000,,,,,,0.000000000,spot_missing
6324,210.420800000,18937872,9.750000000,13,13.000000000,,,,,,0.000000000,spot_missing
6325,210.454133000,18940872,9.250000000,13,13.000000000,,,,,,0.000000000,spot_missing
6326,210.487467000,18943872,9.833333330,15,12.850000000,,,,,,0.000000000,spot_missing
6327,210.520800000,18946872,9.625000000,13,12.000000000,,,,,,0.000000000,spot_missing
6328,210.553667000,18949830,10.208333300,16,13.000000000,,,,,,0.000000000,spot_missing
6329,210.587000000,18952830,11.041666700,16,15.850000000,,,,,,0.000000000,spot_missing
6330,210.620333000,18955830,10.583333300,16,15.000000000,,,,,,0.000000000,spot_missing
6331,210.653667000,18958830,11.000000000,16,16.000000000,,,,,,0.000000000,spot_missing
6332,210.687000000,18961830,12.416666700,18,17.000000000,,,,,,0.000000000,spot_missing
6333,210.720333000,18964830,12.583333300,17,17.000000000,,,,,,0.000000000,spot_missing
6334,210.753667000,18967830,12.875000000,17,16.850000000,,,,,,0.000000000,spot_missing
6335,210.787000000,18970830,13.750000000,17,17.000000000,,,,,,0.000000000,spot_missing
6336,210.819844000,18973786,14.375000000,17,17.000000000,,,,,,0.000000000,spot_missing
6337,210.853178000,18976786,15.000000000,18,18.000000000,,,,,,0.000000000,spot_missing
6338,210.886511000,18979786,15.166666700,18,18.000000000,,,,,,0.000000000,spot_missing
6339,210.919844000,18982786,15.541666700,18,18.000000000,,,,,,0.000000000,spot_missing
6340,210.953178000,18985786,15.833333300,19,18.850000000,,,,,,0.000000000,spot_missing
6341,210.986511000,18988786,17.083333300,19,18.850000000,,,,,,0.000000000,spot_missing
6342,211.019844000,18991786,17.000000000,18,18.000000000,,,,,,0.000000000,spot_missing
6343,211.053178000,18994786,16.833333300,18,18.000000000,,,,,,0.000000000,spot_missing
6344,211.086033000,18997743,16.875000000,18,18.000000000,,,,,,0.000000000,spot_missing
6345,211.119367000,19000743,18.208333300,20,19.000000000,,,,,,0.000000000,spot_missing
6346,211.152700000,19003743,18.208333300,19,19.000000000,,,,,,0.000000000,spot_missing
6347,211.186033000,19006743,17.583333300,19,18.850000000,,,,,,0.000000000,spot_missing
6348,211.219367000,19009743,16.875000000,18,18.000000000,,,,,,0.000000000,spot_missing
6349,211.252700000,19012743,17.666666700,19,19.000000000,,,,,,0.000000000,spot_missing
6350,211.286033000,19015743,18.500000000,20,19.000000000,,,,,,0.000000000,spot_missing
6351,211.319367000,19018743,18.708333300,19,19.000000000,,,,,,0.000000000,spot_missing
6352,211.352222000,19021700,18.041666700,19,19.000000000,,,,,,0.000000000,spot_missing
6353,211.385556000,19024700,18.666666700,20,19.000000000,,,,,,0.000000000,spot_missing
6354,211.418889000,19027700,18.875000000,20,20.000000000,,,,,,0.000000000,spot_missing
6355,211.452222000,19030700,18.541666700,19,19.000000000,,,,,,0.000000000,spot_missing
6356,211.485556000,19033700,20.458333300,22,22.000000000,,,,,,0.000000000,spot_missing
6357,211.518889000,19036700,19.541666700,22,20.000000000,,,,,,0.000000000,spot_missing
6358,211.552222000,19039700,19.416666700,20,20.000000000,,,,,,0.000000000,spot_missing
6359,211.585556000,19042700,18.583333300,20,20.000000000,,,,,,0.000000000,spot_missing
6360,211.618400000,19045656,19.083333300,20,20.000000000,,,,,,0.000000000,spot_missing
6361,211.651733000,19048656,19.208333300,20,20.000000000,,,,,,0.000000000,spot_missing
6362,211.685067000,19051656,19.208333300,20,20.000000000,,,,,,0.000000000,spot_missing
6363,211.718400000,19054656,19.625000000,20,20.000000000,,,,,,0.000000000,spot_missing
6364,211.751733000,19057656,19.375000000,20,20.000000000,,,,,,0.000000000,spot_missing
6365,211.785067000,19060656,19.791666700,22,21.700000000,,,,,,0.000000000,spot_missing
6366,211.818400000,19063656,19.125000000,20,20.000000000,,,,,,0.000000000,spot_missing
6367,211.851733000,19066656,18.791666700,20,19.850000000,,,,,,0.000000000,spot_missing
6368,211.884589000,19069613,17.458333300,19,19.000000000,,,,,,0.000000000,spot_missing
6369,211.917922000,19072613,17.000000000,19,18.000000000,,,,,,0.000000000,spot_missing
6370,211.951256000,19075613,16.458333300,18,17.000000000,,,,,,0.000000000,spot_missing
6371,211.984589000,19078613,17.083333300,18,18.000000000,,,,,,0.000000000,spot_missing
6372,212.017922000,19081613,16.125000000,17,17.000000000,,,,,,0.000000000,spot_missing
6373,212.051256000,19084613,15.958333300,17,16.000000000,,,,,,0.000000000,spot_missing
6374,212.084589000,19087613,15.666666700,16,16.000000000,,,,,,0.000000000,spot_missing
6375,212.117922000,19090613,15.416666700,16,16.000000000,,,,,,0.000000000,spot_missing
6376,212.150789000,19093571,14.916666700,16,16.000000000,,,,,,0.000000000,spot_missing
6377,212.184122000,19096571,15.208333300,16,16.000000000,,,,,,0.000000000,spot_missing
6378,212.217456000,19099571,14.833333300,16,16.000000000,,,,,,0.000000000,spot_missing
6379,212.250789000,19102571,14.333333300,15,15.000000000,,,,,,0.000000000,spot_missing
6380,212.284122000,19105571,14.916666700,15,15.000000000,,,,,,0.000000000,spot_missing
6381,212.317456000,19108571,14.250000000,15,15.000000000,,,,,,0.000000000,spot_missing
6382,212.350789000,19111571,14.250000000,15,15.000000000,,,,,,0.000000000,spot_missing
6383,212.384122000,19114571,13.375000000,15,15.000000000,,,,,,0.000000000,spot_missing
6384,212.416956000,19117526,13.208333300,15,15.000000000,,,,,,0.000000000,spot_missing
6385,212.450289000,19120526,13.041666700,16,16.000000000,,,,,,0.000000000,spot_missing
6386,212.483622000,19123526,12.166666700,13,13.000000000,,,,,,0.000000000,spot_missing
6387,212.516956000,19126526,11.583333300,13,13.000000000,,,,,,0.000000000,spot_missing
6388,212.550289000,19129526,11.250000000,13,12.000000000,,,,,,0.000000000,spot_missing
6389,212.583622000,19132526,11.333333300,13,13.000000000,,,,,,0.000000000,spot_missing
6390,212.616956000,19135526,11.666666700,12,12.000000000,,,,,,0.000000000,spot_missing
6391,212.650289000,19138526,11.291666700,13,12.000000000,,,,,,0.000000000,spot_missing
6392,212.683156000,19141484,11.000000000,13,12.850000000,,,,,,0.000000000,spot_missing
6393,212.716489000,19144484,11.291666700,13,12.000000000,,,,,,0.000000000,spot_missing
6394,212.749822000,19147484,11.083333300,12,12.000000000,,,,,,0.000000000,spot_missing
6395,212.783156000,19150484,10.916666700,12,12.000000000,,,,,,0.000000000,spot_missing
6396,212.816489000,19153484,11.083333300,12,12.000000000,,,,,,0.000000000,spot_missing
6397,212.849822000,19156484,10.750000000,12,11.850000000,,,,,,0.000000000,spot_missing
6398,212.883156000,19159484,11.000000000,12,12.000000000,,,,,,0.000000000,spot_missing
6399,212.916489000,19162484,10.916666700,12,11.000000000,,,,,,0.000000000,spot_missing
6400,212.949344000,19165441,11.000000000,11,11.000000000,,,,,,0.000000000,spot_missing
6401,212.982678000,19168441,10.541666700,11,11.000000000,,,,,,0.000000000,spot_missing
6402,213.016011000,19171441,10.041666700,11,10.000000000,,,,,,0.000000000,spot_missing
6403,213.049344000,19174441,10.083333300,11,10.850000000,,,,,,0.000000000,spot_missing
6404,213.082678000,19177441,10.041666700,11,10.000000000,,,,,,0.000000000,spot_missing
6405,213.116011000,19180441,10.333333300,11,11.000000000,,,,,,0.000000000,spot_missing
6406,213.149344000,19183441,10.416666700,11,11.000000000,,,,,,0.000000000,spot_missing
6407,213.182678000,19186441,10.291666700,11,11.000000000,,,,,,0.000000000,spot_missing
6408,213.215522000,19189397,10.000000000,10,10.000000000,,,,,,0.000000000,spot_missing
6409,213.248856000,19192397,10.000000000,10,10.000000000,,,,,,0.000000000,spot_missing
6410,213.282189000,19195397,10.000000000,10,10.000000000,,,,,,0.000000000,spot_missing
6411,213.315522000,19198397,10.666666700,11,11.000000000,,,,,,0.000000000,spot_missing
6412,213.348856000,19201397,10.083333300,11,10.850000000,,,,,,0.000000000,spot_missing
6413,213.382189000,19204397,10.250000000,11,11.000000000,,,,,,0.000000000,spot_missing
6414,213.415522000,19207397,10.250000000,11,11.000000000,,,,,,0.000000000,spot_missing
6415,213.448856000,19210397,10.000000000,10,10.000000000,,,,,,0.000000000,spot_missing
6416,213.481711000,19213354,10.208333300,11,11.000000000,,,,,,0.000000000,spot_missing
6417,213.515044000,19216354,10.208333300,11,11.000000000,,,,,,0.000000000,spot_missing
6418,213.548378000,19219354,10.250000000,11,11.000000000,,,,,,0.000000000,spot_missing
6419,213.581711000,19222354,10.833333300,11,11.000000000,,,,,,0.000000000,spot_missing
6420,213.615044000,19225354,10.000000000,10,10.000000000,,,,,,0.000000000,spot_missing
6421,213.648378000,19228354,10.000000000,10,10.000000000,,,,,,0.000000000,spot_missing
6422,213.681711000,19231354,9.291666670,10,10.000000000,,,,,,0.000000000,spot_missing
6423,213.715044000,19234354,9.333333330,10,10.000000000,,,,,,0.000000000,spot_missing
6424,213.747900000,19237311,10.041666700,11,10.000000000,,,,,,0.000000000,spot_missing
6425,213.781233000,19240311,9.750000000,10,10.000000000,,,,,,0.000000000,spot_missing
6426,213.814567000,19243311,9.750000000,10,10.000000000,,,,,,0.000000000,spot_missing
6427,213.847900000,19246311,10.000000000,10,10.000000000,,,,,,0.000000000,spot_missing
6428,213.881233000,19249311,10.375000000,11,11.000000000,,,,,,0.000000000,spot_missing
6429,213.914567000,19252311,9.875000000,10,10.000000000,,,,,,0.000000000,spot_missing
6430,213.947900000,19255311,10.416666700,11,11.000000000,,,,,,0.000000000,spot_missing
6431,213.981233000,19258311,10.458333300,11,11.000000000,,,,,,0.000000000,spot_missing
6432,214.014078000,19261267,10.000000000,10,10.000000000,,,,,,0.000000000,spot_missing
6433,214.047411000,19264267,9.708333330,10,10.000000000,,,,,,0.000000000,spot_missing
6434,214.080744000,19267267,10.333333300,11,11.000000000,,,,,,0.000000000,spot_missing
6435,214.114078000,19270267,10.125000000,11,11.000000000,,,,,,0.000000000,spot_missing
6436,214.147411000,19273267,10.125000000,11,11.000000000,,,,,,0.000000000,spot_missing
6437,214.180744000,19276267,9.958333330,10,10.000000000,,,,,,0.000000000,spot_missing
6438,214.214078000,19279267,9.958333330,10,10.000000000,,,,,,0.000000000,spot_missing
6439,214.247411000,19282267,9.958333330,10,10.000000000,,,,,,0.000000000,spot_missing
6440,214.280267000,19285224,10.000000000,10,10.000000000,,,,,,0.000000000,spot_missing
6441,214.313600000,19288224,10.000000000,10,10.000000000,,,,,,0.000000000,spot_missing
6442,214.346933000,19291224,10.083333300,11,10.850000000,,,,,,0.000000000,spot_missing
6443,214.380267000,19294224,9.833333330,11,10.850000000,,,,,,0.000000000,spot_missing
6444,214.413600000,19297224,9.583333330,10,10.000000000,,,,,,0.000000000,spot_missing
6445,214.446933000,19300224,9.791666670,11,10.850000000,,,,,,0.000000000,spot_missing
6446,214.480267000,19303224,10.000000000,10,10.000000000,,,,,,0.000000000,spot_missing
6447,214.513600000,19306224,10.041666700,11,10.000000000,,,,,,0.000000000,spot_missing
6448,214.546467000,19309182,10.041666700,11,10.000000000,,,,,,0.000000000,spot_missing
6449,214.579800000,19312182,9.291666670,10,10.000000000,,,,,,0.000000000,spot_missing
6450,214.613133000,19315182,10.000000000,10,10.000000000,,,,,,0.000000000,spot_missing
6451,214.646467000,19318182,10.000000000,10,10.000000000,,,,,,0.000000000,spot_missing
6452,214.679800000,19321182,10.000000000,10,10.000000000,,,,,,0.000000000,spot_missing
6453,214.713133000,19324182,10.000000000,10,10.000000000,,,,,,0.000000000,spot_missing
6454,214.746467000,19327182,10.000000000,10,10.000000000,,,,,,0.000000000,spot_missing
6455,214.779800000,19330182,10.458333300,11,11.000000000,,,,,,0.000000000,spot_missing
6456,214.812644000,19333138,10.000000000,10,10.000000000,,,,,,0.000000000,spot_missing
6457,214.845978000,19336138,10.000000000,10,10.000000000,,,,,,0.000000000,spot_missing
6458,214.879311000,19339138,10.000000000,10,10.000000000,,,,,,0.000000000,spot_missing
6459,214.912644000,19342138,10.000000000,10,10.000000000,,,,,,0.000000000,spot_missing
6460,214.945978000,19345138,9.791666670,10,10.000000000,,,,,,0.000000000,spot_missing
6461,214.979311000,19348138,9.791666670,10,10.000000000,,,,,,0.000000000,spot_missing
6462,215.012644000,19351138,9.916666670,11,10.850000000,,,,,,0.000000000,spot_missing
6463,215.045978000,19354138,9.916666670,11,10.850000000,,,,,,0.000000000,spot_missing
6464,215.078833000,19357095,9.916666670,11,10.850000000,,,,,,0.000000000,spot_missing
6465,215.112167000,19360095,10.375000000,11,11.000000000,,,,,,0.000000000,spot_missing
6466,215.145500000,19363095,10.208333300,11,11.000000000,,,,,,0.000000000,spot_missing
6467,215.178833000,19366095,10.333333300,11,11.000000000,,,,,,0.000000000,spot_missing
6468,215.212167000,19369095,10.416666700,11,11.000000000,,,,,,0.000000000,spot_missing
6469,215.245500000,19372095,10.333333300,11,11.000000000,,,,,,0.000000000,spot_missing
6470,215.278833000,19375095,9.875000000,11,11.000000000,,,,,,0.000000000,spot_missing
6471,215.312167000,19378095,9.541666670,10,10.000000000,,,,,,0.000000000,spot_missing
