frequency_hz,pitch_amplitude_deg,pitch_rate_amplitude_dps,command_amplitude_sps,raw_acc_pitch_amplitude_deg
0.0,0.0006596058090754,0.04936574135623635,0.6387960630305429,0.006418091492286789
0.019062142584826535,0.00501668442296119,0.10673232701163643,2.858848501602541,0.10603236305233123
0.03812428516965307,0.008083836675210917,0.05217789569828138,4.79216979686433,0.42186895863657486
0.0571864277544796,0.0035891481460522774,0.05517209396776083,3.124468317344865,0.6414307891738664
0.07624857033930614,0.0012120473211220044,0.007295907491057282,0.8266301731265472,0.4791727436765136
0.09531071292413268,0.002515561903518065,0.08625170799216471,0.9977519242151585,0.2351563759370448
0.1143728555089592,0.0027200545534684087,0.06037170662811332,1.505493264470029,0.34778507055945407
0.13343499809378573,0.0019366106069835178,0.09196235035726569,2.707330315939333,0.25581518693525246
0.15249714067861228,0.004558681564317314,0.10049558123013398,4.936865834009906,0.1927496571971069
0.1715592832634388,0.004651941810313829,0.014467367145355467,4.488276799740353,0.2054460774173481
0.19062142584826536,0.00500124968106239,0.04054383352777382,5.261988621943603,0.3797071529548329
0.20968356843309188,0.003036930464552693,0.03732002408054011,4.579329951673008,0.5914692395268988
0.2287457110179184,0.0030020258278845775,0.05948650291286471,2.7037161131138903,0.7504125666414422
0.24780785360274496,0.0029733040885590034,0.06418997686266353,2.0696198005701065,0.8322025062284149
0.26686999618757146,0.0030964444332670566,0.03234121691915498,4.194896944994383,0.6883233423706917
0.28593213877239804,0.003613804302933207,0.02207098760652862,4.451319842495162,0.25809493821272794
0.30499428135722456,0.003200973556585299,0.025873482698145947,0.5027849799455432,0.6810643758497019
0.3240564239420511,0.0028809718331721866,0.04293694729170839,2.701095714983873,0.635894353238607
0.3431185665268776,0.004725870802012384,0.03399282968473389,1.8195340252427956,0.1692304966794812
0.36218070911170414,0.002575249809321408,0.056161550882161314,3.0112008635514025,0.08734737118178038
0.3812428516965307,0.0013903924031778544,0.05673799471368247,4.749556214563323,0.13469392787385337
0.40030499428135724,0.0024403297416545643,0.007164971686821268,0.5989950714013108,0.07757402758649731
0.41936713686618377,0.005050948461951647,0.05686113176197855,4.155384231392991,0.11255924925504786
0.4384292794510103,0.005331403758697712,0.07730612420380137,3.883303049494005,0.2920741624105538
0.4574914220358368,0.006425209881807452,0.026917749325135666,4.271074552642564,0.5431687115412398
0.47655356462066334,0.002856414979794235,0.047859750159796585,2.0746713216261905,0.5042213591647119
0.4956157072054899,0.005182062184195185,0.07202086077059866,2.324277978962774,0.496878230461159
0.5146778497903164,0.005586994680189475,0.05536935960298354,3.6916087960042026,0.37948747419271667
0.5337399923751429,0.0031225235002580887,0.037465145146688014,3.132204207364264,0.5078965017027071
0.5528021349599695,0.001707498246155997,0.03823151662741057,1.6412658524257777,0.42256699243801454
0.5718642775447961,0.003311492669878132,0.07007687142649517,2.929508187122785,0.18406986802928407
0.5909264201296226,0.006882979020533071,0.059465638286431484,6.142459042332275,0.7056565071962756
0.6099885627144491,0.006785674349751928,0.041614648875714366,5.909100595086229,0.518459992277676
0.6290507052992756,0.005533770372959209,0.043417129121802574,5.378514182601548,0.5009404605273602
0.6481128478841022,0.004126373899291406,0.06473760162549316,2.5636492950382412,0.7048986529972778
0.6671749904689287,0.00023573285675588946,0.0765139051173349,3.3939198479362243,0.4067769692562966
0.6862371330537552,0.0031060821998887727,0.04455729735423618,3.618417547300306,0.20450328397053014
0.7052992756385817,0.002491598279809886,0.03393072250335299,0.43398918567216727,0.509234556675531
0.7243614182234083,0.0014285777936514407,0.06742241002363225,1.9833138434370279,0.6440129884345739
0.7434235608082348,0.0010240641414195398,0.025730374671531088,1.1705369520075637,0.24370954331861372
0.7624857033930614,0.0018756076011084645,0.05471593956263598,0.7064607999057232,0.689496958815472
0.781547845977888,0.003038733700795897,0.004135751589668346,2.622695518545138,0.7549447970982709
0.8006099885627145,0.0029423869965304198,0.031028226459831405,4.45071493229921,0.7806122151478885
0.819672131147541,0.0017480545069493705,0.06082098329633082,0.7364650567830221,0.5479417744438629
0.8387342737323675,0.005837783320435546,0.07482438071451437,3.922778979684792,0.49359566886199985
0.857796416317194,0.003498966718657102,0.06108928420529745,2.9068117046897757,0.5583507647487221
0.8768585589020206,0.0013198858502535672,0.025242489218474475,0.8378500791086848,1.017736782806466
0.8959207014868471,0.005155823151642487,0.08812585886177215,2.226992138484934,1.0695627734879865
0.9149828440716736,0.0027744532721289206,0.0527666679304691,1.3042957084906506,0.5937383408623231
0.9340449866565002,0.0008221156599666482,0.028959198738687953,1.1733360834731088,0.5662145981554841
0.9531071292413267,0.001468148367081065,0.016023211423918684,0.4794870542939074,0.1853688052664113
0.9721692718261533,0.002061916497991383,0.019570818769100617,2.0312644127214727,0.7164727319894698
0.9912314144109798,0.007008129546180201,0.03563208575718678,1.9350094698061235,0.8659283310110858
1.0102935569958063,0.00632470376390859,0.0939918361774564,1.9435030835131866,0.550537666996478
1.0293556995806328,0.0032584206993005967,0.08530697170308156,1.2198079757104456,0.2715265432373881
1.0484178421654593,0.0011228463646751096,0.011657997187441413,1.6794719553518207,0.6403264413336622
1.0674799847502858,0.002486680949254013,0.04703487205425456,2.9374981993987412,0.4923983334608773
1.0865421273351126,0.004703829715452385,0.05289315924482846,5.087731120115488,0.03928075095435128
1.105604269919939,0.006024407887046471,0.1162565790717652,3.2062289065781497,0.2647013838689713
1.1246664125047656,0.007655216850403369,0.12002083297777978,2.424700687916519,0.3212141513944528
1.1437285550895921,0.004833247354592697,0.06756962290736296,1.3136452174954196,0.7194147164848185
1.1627906976744187,0.0031846496855156316,0.08829684472040594,0.9257588388981635,0.7978684426460013
1.1818528402592452,0.0010232543787570129,0.06054531979156144,2.4791064975713226,0.5209212673360862
1.2009149828440717,0.0022283059558610287,0.030243585708570518,2.820461217431025,0.5828165891274865
1.2199771254288982,0.003871459550904029,0.015066119032103737,2.309424276682495,0.3901395958413166
1.2390392680137248,0.003236394645802823,0.05296151927324814,0.8680301338225296,0.5141560972237637
1.2581014105985513,0.002596797241675321,0.034166417824757205,1.8591842936031153,0.7761616116427652
1.2771635531833778,0.005644551038047804,0.049331123380192625,0.7233071206455499,0.5672384526002825
1.2962256957682043,0.007369504304236588,0.09284153690568572,2.4153929532108185,0.7064127199702445
1.3152878383530309,0.005495609284725577,0.09171851063308276,3.96004383666652,0.05873764310309679
1.3343499809378574,0.003611200349399607,0.07034073063238637,3.5571172706676255,0.24641059468019888
1.353412123522684,0.003875556617110352,0.0774552748852539,2.64214727784526,0.6649496724825007
1.3724742661075104,0.0013631411061374172,0.08700249842189117,2.210488380094851,0.7106514439130388
1.391536408692337,0.004876504636357482,0.09982342085985435,3.305905386877296,0.5463700668047785
1.4105985512771635,0.005617759231603427,0.125177882280324,2.5180327593472187,0.16159056694147278
1.42966069386199,0.008668789704811802,0.10226943182026328,2.094486514590566,0.39417223470404433
1.4487228364468165,0.004115717370878679,0.08098101471010405,1.8961380210968808,0.36958183469169764
1.467784979031643,0.0028930620708775214,0.03326257444862985,1.8439543414657977,0.29466626031654247
1.4868471216164696,0.002631338437767297,0.04389542458037989,2.447188628441567,0.6546416669652344
1.5059092642012961,0.0019361480418158385,0.021226662280581274,0.7912072062322424,0.7665738817703306
1.5249714067861229,0.004237074320856139,0.04342192792326706,3.7100694896257504,0.4295278007955121
1.5440335493709494,0.0037268043737317055,0.015196768278993108,3.73201748815699,0.9024813257689241
1.563095691955776,0.008200643104662302,0.08795910106006329,5.1982735153975534,1.4504573646509413
1.5821578345406024,0.008445833894094373,0.06129836421490213,4.095177014788987,0.8803397292584366
1.601219977125429,0.004628349742852865,0.046341606470460754,1.5932292925076117,0.35043019712672685
1.6202821197102555,0.0037324360588474772,0.07493034203719166,0.41562239550486363,0.1373221211110733
1.639344262295082,0.006999360004749281,0.09200039973214816,2.5564575215570384,0.4492786182241935
1.6584064048799085,0.00939530126681661,0.13499572611958807,3.2384046744205928,0.4329238618439968
1.677468547464735,0.011648606325618276,0.13085441150346497,5.4246129289599,0.5108319178316619
1.6965306900495616,0.01365733705603043,0.12370513597550131,8.891271151464291,0.47440545741916024
1.715592832634388,0.010758533006763731,0.09456147662842261,7.5957470519873045,0.38503416368363896
1.7346549752192146,0.008946535827468174,0.09033815354130534,5.900206084521549,0.2512142645515871
1.7537171178040412,0.013025646117891683,0.1455967718210442,8.166580069449914,0.8888730860407005
1.7727792603888677,0.01705230032537619,0.21570278400166223,9.699646636651252,0.7685976447979541
1.7918414029736942,0.020614477717394764,0.265682664612319,11.25542729610172,0.44621982679177086
1.8109035455585207,0.007117241219109519,0.11070710501434737,4.381278359656802,0.3472761548049199
1.8299656881433473,0.006303001967739691,0.06922374445052434,3.201298527484195,0.8030952763861525
1.8490278307281738,0.0059465647504169635,0.07057655623514322,2.194191684884761,0.521135648479019
1.8680899733130003,0.007831174799749315,0.11094074670165245,5.2576101833439735,0.4695105042866078
1.8871521158978268,0.006995564178478222,0.087447414844601,5.676252237469408,0.7658252247988913
1.9062142584826534,0.004743811985513715,0.05339674002131903,4.83076137169401,0.3473842518746138
1.9252764010674799,0.016511475071048068,0.1738979217057846,8.280682404330058,0.8350386298094314
1.9443385436523066,0.03491827935740963,0.4389904776763277,16.801255482284766,0.5920244703880638
1.9634006862371332,0.020609820282068276,0.26785431368340024,10.964280560749604,0.20254077459900743
1.9824628288219597,0.01462921129556272,0.16296870534562927,7.983867375084496,0.16267288291834378
2.001524971406786,0.017020523141614764,0.1617429360672669,8.41863577289752,0.12135686224663791
2.0205871139916125,0.011900862331699284,0.15265023994867374,6.663537268822595,0.17635794059171025
2.039649256576439,0.030838518172922665,0.39363259067386763,14.659905366828172,0.466309612101155
2.0587113991612656,0.037357467153062894,0.49265039436564384,18.515184121287444,0.4370147464219558
2.077773541746092,0.028824814278036664,0.39290822690122457,14.804580166752658,0.5378045722231092
2.0968356843309186,0.04502396555753845,0.6071806042997212,22.079286026869227,0.4209207696133316
2.115897826915745,0.051901746269429054,0.7097851740851675,24.217501174220555,0.3099978314057025
2.1349599695005717,0.030385242335503288,0.4244430734680737,13.023400831392054,0.4782194063370126
2.154022112085398,0.008863409704896495,0.0916713213304505,4.615587585591965,0.7691228642352822
2.173084254670225,0.03865750130033679,0.5372970872763713,19.255129452255357,0.41449860850009274
2.1921463972550517,0.05871631384809341,0.8047480236479342,27.082627647815226,0.5502302651518032
2.211208539839878,0.03644188243590489,0.4955021314636907,17.208171019182135,0.8353046695283347
2.2302706824247047,0.09748158719779117,1.3409559160799869,48.03083378910019,0.638838702558571
2.2493328250095312,0.14669508012834384,2.040182609463875,70.70292817399307,0.6531265271209907
2.2683949675943578,0.13711827589898581,1.9409449811102626,65.59068611318354,0.19026177563547794
2.2874571101791843,0.287152117056747,4.084514884166122,139.0754279638807,0.544282000386964
2.306519252764011,0.4668243668364216,6.6491702685151655,225.82472342813062,0.6531908640653308
2.3255813953488373,0.22621611793212712,3.208679066848584,109.38512446587056,0.9546881779254728
2.344643537933664,0.14664760600478793,2.1253120540443855,71.27962455485334,0.965858597961283
2.3637056805184904,0.10614480559867165,1.5249334225696118,52.015453167801454,0.42640033169169916
2.382767823103317,0.04041463262834127,0.6122832839145904,19.590817603338273,0.4577291581805008
2.4018299656881434,0.049149495348197694,0.7481291899821063,24.26594640649314,0.6472600518951378
2.42089210827297,0.06612066606735673,1.0054992022483649,33.18445820189146,0.8653517612348952
2.4399542508577965,0.027916222206519677,0.45178425297170877,13.325477583214456,0.249771236043679
2.459016393442623,0.009315372675599225,0.16481411337300841,5.59501489445848,0.6608866774376323
2.4780785360274495,0.005447590014687445,0.10070762409414417,4.25492155025453,0.6187640413294776
2.497140678612276,0.029331242165953057,0.40157828440612126,13.243599702431188,0.0940296049414701
2.5162028211971026,0.023197742675929705,0.33761414999680145,11.360437081120143,0.5073460826396208
2.535264963781929,0.013548133076059843,0.19728418822925442,6.271767900310142,0.29488717757711497
2.5543271063667556,0.013222085363804287,0.18121199307389035,6.632827214026881,0.1865221321143443
2.573389248951582,0.0038534293177796253,0.07375790596345255,2.355888347671782,0.19079598146360144
2.5924513915364087,0.005808802747918552,0.13057015169647468,4.068308038424126,0.3895717869328076
2.611513534121235,0.01095581428798843,0.24308126444362846,4.567877732652165,0.7074493573687661
2.6305756767060617,0.013042676799301847,0.24052753658673143,5.402733387875369,0.5849411821678937
2.6496378192908883,0.01457068071909963,0.2642280073612173,6.470143359027584,0.2631715998978497
2.668699961875715,0.01365579072365249,0.19287440466454925,6.039647919767564,0.32072575306638723
2.6877621044605413,0.023489516473170997,0.3765382487048402,9.88854400851927,0.31178274492138086
2.706824247045368,0.02043374566772229,0.3648745447235952,9.526537512552654,0.04235067164725225
2.7258863896301944,0.01082984141241082,0.14168418839099184,5.3883057952431415,0.9230687523719987
2.744948532215021,0.003712382282047888,0.11141520155331408,1.8115443355480219,1.178417237860468
2.7640106747998474,0.013343222231288851,0.19649434688267012,5.476448747550596,0.5028240504866623
2.783072817384674,0.024804418547946457,0.40472608339997135,9.12599402948361,0.4155944273069859
2.8021349599695005,0.028712489480812432,0.501940738731526,13.030675872184279,0.6737494533931135
2.821197102554327,0.028082903919976882,0.5276456441699333,12.468029088034601,1.1864570551451152
2.8402592451391535,0.013211228026419863,0.2492687057206255,6.141169475255806,1.0451923110703072
2.85932138772398,0.018414920362106468,0.35141944286891985,10.176742749142313,0.7744921228559657
2.8783835303088066,0.013958886128748477,0.2687244105914214,8.074315749418744,0.6725111365088965
2.897445672893633,0.0012328406589354685,0.019455025762842783,0.9541046853231869,0.6891223030419463
2.9165078154784596,0.011545923676572237,0.2121674632336024,5.3137161181165835,0.5230398383284756
2.935569958063286,0.014676504351871577,0.2716837822669031,5.953090971540183,0.047458341271414614
2.9546321006481127,0.012022972655085522,0.24515275269086417,4.5619810279020445,0.6198561190819223
2.973694243232939,0.001047817286207814,0.04383222784615911,0.3844746408597034,0.4760432130603929
2.9927563858177657,0.00923553690940724,0.12929764085910742,3.0205250117577984,0.6556456327043434
3.0118185284025922,0.0023969755005787624,0.057764080953269285,0.6494580156421751,0.5807450846927896
3.030880670987419,0.011204759418372822,0.21507940851477603,3.7257516898008647,0.5733310984796368
3.0499428135722457,0.009526016364806902,0.20700246837371658,3.474494124773174,0.20081460989017744
3.0690049561570723,0.010374726207314916,0.22466786204507747,4.133859683429965,0.7070965445185586
3.0880670987418988,0.009762738689715604,0.200318913484842,3.4169383682190486,0.7270593731766244
3.1071292413267253,0.011613265943989506,0.22018025004169117,4.220145776217884,0.17371134404951516
3.126191383911552,0.014949348176535093,0.29583432487358025,6.4226662978544065,0.6992784610768799
3.1452535264963783,0.024296915473682994,0.4800728755052633,8.86274450463198,0.4659262493294657
3.164315669081205,0.010954645428844783,0.23302351915053773,3.1659833631877454,0.14718699604738403
3.1833778116660314,0.008936533033420542,0.20290337247524387,4.018308511352286,0.306806824670031
3.202439954250858,0.013211790383455243,0.23924487872868636,6.078266868179373,0.6316668548560924
3.2215020968356844,0.011463024629563908,0.24486104446871626,4.743740146032635,0.2019944983839027
3.240564239420511,0.024248356823678253,0.49891337895669446,10.134131498668438,0.29896581831893737
3.2596263820053375,0.01840410127929858,0.3870512474638797,8.087504697667299,0.11778635266292047
3.278688524590164,0.010535662400929825,0.19818579630056346,6.307661435378505,0.20903686567868887
3.2977506671749905,0.01633769347177809,0.33827900166043634,8.78184723437701,0.4466366008914645
3.316812809759817,0.014454711902200802,0.2917776266446521,6.6741914508612314,0.21800068349299756
3.3358749523446436,0.016788386760271473,0.3210771944076509,6.679270013681505,0.15093366536554265
3.35493709492947,0.00800387250341034,0.1521589047620351,3.2103001673733744,0.27083879711561376
3.3739992375142966,0.0021922851272629107,0.07330291361781112,1.4878765764601372,0.2336500313406301
3.393061380099123,0.012679692432133618,0.2925683871859888,6.1373849327130765,0.43707727470788743
3.4121235226839497,0.012497565100608368,0.27831539494832935,6.3237562752792975,0.34120749216371127
3.431185665268776,0.015614814224633839,0.3187565664863571,6.517357216853877,0.32171609476987084
3.4502478078536027,0.020169957418738886,0.3965077061150586,7.511977338735101,0.4785660589404301
3.4693099504384293,0.009343463158669274,0.1646460469979707,4.881688157064922,0.08039585068649859
3.488372093023256,0.007182124346860412,0.1599022374220579,4.630437527511271,0.5436635800750185
3.5074342356080823,0.007889676732994387,0.2015675489644036,1.603176178934479,0.5549359693880508
3.526496378192909,0.019885834156741077,0.44441376189717646,6.863700605808978,0.5386507826557067
3.5455585207777354,0.017951352079612178,0.3879729521331919,6.041822006978803,0.3199955002813673
3.564620663362562,0.017032261116489207,0.4052800316150109,5.754529697260849,0.47762828864742074
3.5836828059473884,0.009604059089506536,0.2408137000109912,2.667915418788648,0.7528508800746483
3.602744948532215,0.00785263338112022,0.21123781150668694,2.9918140199928334,0.4453096340643189
3.6218070911170415,0.009027487543461974,0.24021865735689127,2.3821676549686672,0.069938292260242
3.640869233701868,0.004677384771721465,0.12018608102725277,0.6805853190539225,0.7025353958172168
3.6599313762866945,0.006752763592025959,0.1764624193670807,2.80645409803275,0.4998954311035445
3.678993518871521,0.0005285473958392088,0.04174997889930307,1.5782097229064984,0.3620182163346539
3.6980556614563476,0.009390512884004167,0.18785397251384348,4.995925017811247,0.44749503662395307
3.717117804041174,0.013588547687201002,0.34523102296409874,4.965039835765496,0.38553091150462815
3.7361799466260006,0.011277533548427336,0.29719815315945325,3.2832023504904275,0.6140200292145404
3.755242089210827,0.011179703322277341,0.25169752528717093,3.685050975120221,0.5139739269823091
3.7743042317956537,0.004268677932880345,0.08911861985922513,2.06445568781506,0.6119835477863173
3.79336637438048,0.013147913417635996,0.3055681595952981,4.618564729785845,0.4278554660771869
3.8124285169653067,0.005009951850181118,0.14287536390319397,1.5709260292698335,0.35399008322401504
3.8314906595501332,0.0058983113179186045,0.1555342390077827,1.5246111962674553,0.9126093125765502
3.8505528021349598,0.01612171413344811,0.4330636858377504,6.135686798485049,0.7777748430628957
3.8696149447197863,0.013697020577866979,0.3572905722997758,6.871563492467508,0.3454782500075952
3.8886770873046133,0.005832336343640524,0.18170845763794183,4.1810273027823746,0.2711270556207257
3.90773922988944,0.010505673985684366,0.30297749851178984,4.097055929601159,0.5211080480523174
3.9268013724742663,0.015520285518649674,0.3460194397071535,5.7747186235018555,0.452638978886903
3.945863515059093,0.006960360407901247,0.1266827154443228,2.416947826091637,1.2333173999306346
3.9649256576439194,0.010002491822544285,0.264630931997358,4.335586712813679,0.3573122851500131
3.983987800228746,0.0021941645276166493,0.023418606126726284,1.3853512789404383,0.6674451570377271
4.003049942813572,0.0034218626159973837,0.11208068028441937,1.2627157278275716,1.0015443539365214
4.0221120853983985,0.00192155321228536,0.07475536459920788,1.9983499235680662,0.7826822455066855
4.041174227983225,0.004116714635827452,0.11241922724431215,1.7957534414425123,0.1364480973637388
4.0602363705680515,0.00632722007376596,0.15308324202671442,3.091190409862579,0.22236234730242224
4.079298513152878,0.003516937659838486,0.0851604610652529,3.131054293163337,0.30806681341873793
4.098360655737705,0.0012174497298228363,0.048457499305304165,1.1570784800212353,0.32499326090891556
4.117422798322531,0.005592420331936637,0.14812106895938612,3.131831782268296,0.2842657634739202
4.136484940907358,0.00530427364341599,0.14450415728162488,2.3715500383385013,0.27942952582676306
4.155547083492184,0.005495989123419707,0.16109322783813007,1.5632284457266448,0.2761093894782377
4.174609226077011,0.0006340353819305932,0.02071043905997132,0.5907206795306362,0.12182093260576976
4.193671368661837,0.01260144195658411,0.3538194373561419,4.912155110167569,0.4527001444014988
4.212733511246664,0.013945752697239206,0.34471953535756966,5.117060005018396,0.4405253178607362
4.23179565383149,0.003316882626739075,0.07465196140245593,2.3266154013553786,0.175333642558227
4.250857796416317,0.0036348517852487017,0.14658745608871926,1.144439725678224,0.17615455498179342
4.269919939001143,0.004331987913489345,0.09410693315148749,2.794781442931928,0.38651201103769456
4.28898208158597,0.01108615026171406,0.31293918908383944,4.81569419638432,0.46322602975250377
4.308044224170796,0.015944628671088704,0.47108339008660755,5.91817046575261,0.27066409589714147
4.327106366755624,0.009137158305734205,0.25781567311758247,3.0525689504456803,0.4515291219608394
4.34616850934045,0.001776466261756159,0.04357962238345009,0.43098496386187174,0.7500715233805907
4.365230651925277,0.004869530813400165,0.14831331757403082,1.4938052435020983,0.2717991381232304
4.384292794510103,0.006165575223083649,0.1739375089339109,2.4985217355448417,0.2775834164346199
4.40335493709493,0.008045019612014669,0.1842403753902045,3.7647987348719685,0.20607287480333422
4.422417079679756,0.009156399829255495,0.26549752312903785,4.884767305876602,0.6362638727509143
4.441479222264583,0.009532659618200906,0.3010769297024751,3.231913926923438,0.8244949449823387
4.460541364849409,0.009306692275792129,0.25636598512702014,2.7785639839481924,0.5323947653348944
4.479603507434236,0.0058300299372585134,0.16482076645130486,2.772067549792461,0.4004631281394574
4.4986656500190625,0.0029991381159038457,0.07821028345810502,1.8230460833598714,0.3903529599120559
4.517727792603889,0.0049866516731191385,0.1683376581923808,2.3301857979352696,0.31577468305998024
4.5367899351887155,0.008973040397823212,0.29355631950967387,5.2556417974961835,0.3861400718720689
4.555852077773542,0.011373372855243783,0.33091197078505685,6.434828247565548,0.660734806394265
4.574914220358369,0.008712825345829373,0.25643848728109714,3.4339090451779333,0.588973260116956
4.593976362943195,0.016990338673839242,0.5604320080945282,5.073521045148843,0.7379294800296355
4.613038505528022,0.023693980424275733,0.7475962013618241,8.179761532750193,0.9730977763541406
4.632100648112848,0.014119714299425063,0.4444439250558681,6.154052806093894,0.7411502561227321
4.651162790697675,0.023610888070335494,0.7196756636779035,8.628558430396602,0.5714955657202044
4.670224933282501,0.012905212347915493,0.3654540424352509,5.480173593263461,0.5626993631592007
4.689287075867328,0.0092965610281808,0.2750678552399128,3.412546506620414,0.4679155796128766
4.708349218452154,0.002871121337677439,0.10575319047840671,1.5049361492557767,0.5288062875166445
4.727411361036981,0.00962343140382806,0.31617977796799956,3.4898145681341677,0.5881783515016874
4.746473503621807,0.010257399424951753,0.32964767656978783,3.697065683841505,0.07459633024084922
4.765535646206634,0.007760100486494232,0.26299856304583663,2.526825060220284,0.35183334677640093
4.78459778879146,0.0040451313614618635,0.1460597522307139,0.9021804230489884,0.42988988643795484
4.803659931376287,0.0023602286302730974,0.06896124526623515,1.1990858897097583,0.28005006756179646
4.822722073961113,0.004445284988330978,0.12415538222273112,1.5243108714472329,0.36753472020448447
4.84178421654594,0.0024940509567910147,0.06438193852837107,0.9475704350158051,0.3510549553656014
4.8608463591307665,0.006325347993314843,0.16911216146465288,3.1729865937584085,0.17548491618098055
4.879908501715593,0.008410218426795797,0.22258201340063088,3.9278908112416895,0.3131196882524653
4.8989706443004195,0.0025411808888146812,0.06279842593668142,1.2572213519597095,0.8666371252530574
4.918032786885246,0.004112175557760952,0.16859613616655153,3.0843282220485913,1.0027013136110758
4.937094929470073,0.008275090852729669,0.30408757060067637,3.6030103686124066,0.8019886329771182
4.956157072054899,0.006338744811450904,0.22694247096838396,2.9463614326827554,0.39401453901915845
4.975219214639726,0.0016109235371710062,0.044725052836918994,0.5794074470300076,0.39494930187226085
4.994281357224552,0.006839101186034153,0.1916233985832957,3.492808390648321,0.3354328469936384
5.013343499809379,0.010696850020981263,0.3213026495806569,3.4980482015910797,0.2696053691718261
5.032405642394205,0.005977976976673837,0.15192383829814637,1.3658841471683187,0.31148006566256276
5.051467784979032,0.00444253289042342,0.09213050239703746,1.0419152391011535,0.5898822723500908
5.070529927563858,0.01266917278054938,0.3612739549312499,3.201487047307363,0.8322266256263751
5.089592070148685,0.011788120553969359,0.3735839910475212,3.385739634413351,0.6990660312351388
5.108654212733511,0.0018521152848956762,0.08995509857484141,2.0849826577498933,0.2310977084488603
5.127716355318338,0.002835970630510673,0.09045233671920523,0.3529667226861429,0.5152256184793785
5.146778497903164,0.005159882060603073,0.1809425521227136,1.4708761798210896,0.5310601490904557
5.165840640487991,0.0036559138453140746,0.13795732104691052,2.678461642533145,0.11147746205614406
5.184902783072817,0.003050528112851341,0.12358904229978775,1.792059646527246,0.13770777561890257
5.203964925657644,0.006345739479028321,0.1821813517482627,3.214622265496196,0.17582782738684496
5.22302706824247,0.011392999512846806,0.348633720623113,4.9837830065440745,0.5651412502373463
5.242089210827297,0.009436555890665018,0.32755534827717475,4.803072801377024,0.17382126859705144
5.2611513534121235,0.0036473238108716763,0.17079246238976603,2.004119275342059,0.10429324232633225
5.28021349599695,0.004768283100666758,0.17924199916581982,1.802881863992128,0.3208703411569845
5.2992756385817765,0.0014089082025854514,0.05368424954949522,0.7222219677849115,0.24892909687735074
5.318337781166603,0.005151657666701126,0.20135795623068506,1.5593557570730203,0.7570519093987776
5.33739992375143,0.004383597019098759,0.11843014706102653,1.2124396227617105,0.9077987732628378
5.356462066336256,0.00399154728308839,0.15853442678035706,1.5041881956080456,0.6023509953644537
5.375524208921083,0.006161969660958719,0.22431423116962332,2.185579118944642,0.8109921454198789
5.394586351505909,0.005435238834510909,0.17444442999355528,1.9680529896107812,0.7070718484499727
5.413648494090736,0.003071255793270658,0.07464610958130856,0.9609193707270942,0.5742509662814584
5.432710636675562,0.004285508163820103,0.11728651717921337,1.6589899881489174,0.5593048734250988
5.451772779260389,0.0038869376981723078,0.12846161118373606,1.4760120035283297,0.5540527141334043
5.470834921845215,0.0031128480177514003,0.09203633044896475,1.8652729771370742,0.5521273653417617
5.489897064430042,0.001348370759956021,0.04145157854537503,1.6566778583219668,0.9509156257028383
5.508959207014868,0.005803423810905199,0.17471303834967267,3.2270226659615426,0.3923838190502271
5.528021349599695,0.007375555764608551,0.29204897614012093,3.396004909644126,0.4027009174022381
5.547083492184521,0.01450465915012199,0.5505053161432821,4.490582257346002,0.616507311026309
5.566145634769348,0.01457733200434508,0.5452034538557028,3.7033663859776116,0.6312993920208347
5.585207777354174,0.009273862982064217,0.34868389986927645,2.3427802889413707,0.28754921096175506
5.604269919939001,0.0029071439766905714,0.11084986035941506,0.6551531722453966,0.04873497168957286
5.6233320625238274,0.003343256776769572,0.10124824159539829,1.4268204984537323,0.3281429439790651
5.642394205108654,0.00518542679831798,0.16558321863891703,1.7413555054794736,0.5585717398609856
5.6614563476934805,0.005368111438977542,0.18596662239380465,1.0898256447363368,0.3230588576142765
5.680518490278307,0.0021465718764901846,0.07092940540381226,1.2006832134667198,0.5576298697486486
5.6995806328631335,0.007214301948379859,0.22910344411900355,2.1987236335994687,0.8780940872939745
5.71864277544796,0.010476438496600165,0.3551990024867929,4.046847261322454,0.8783567836808965
5.737704918032787,0.007893563517635068,0.263927158575379,3.8251390239579584,0.7718220339756537
5.756767060617613,0.005014013069074947,0.1937438104642981,2.8502966283530875,0.3855126540749355
5.77582920320244,0.001807235482498016,0.10880838712954376,2.1778598767927724,0.10171115758576371
5.794891345787266,0.0010820951069901294,0.051928557027667056,1.2642315540661215,0.26006427319443337
5.813953488372093,0.0029254816236374283,0.0920542172031534,0.6048701233345204,0.5111501733173786
5.833015630956919,0.003463348145207155,0.10990605793147462,0.9157320878698537,0.2868820959537589
5.852077773541746,0.003727373803682279,0.1511917954891398,1.9264956320886153,0.39780475547722
5.871139916126572,0.005052688790591191,0.21105079556864895,2.5862669088318944,0.18334159930640678
5.890202058711399,0.00795418286196455,0.2789542190557836,3.716950591633759,0.40832802249645045
5.909264201296225,0.00539383960520364,0.14143171616359534,1.8095499065035265,0.8086322859914687
5.928326343881052,0.0014498122907945902,0.048695749176818535,1.058184106696428,0.6632622124682499
5.947388486465878,0.0015568353217023795,0.0842022877721133,1.298359472102253,0.5046140059112657
5.966450629050705,0.0022387104666890456,0.12762710473071842,0.8104201394066171,0.4298827296046571
5.985512771635531,0.0029658968025040593,0.13830905909209065,1.4778717156497376,0.325837195191508
6.004574914220358,0.005394903892262064,0.22896313186287975,1.6841567606077041,0.8219530332681471
6.0236370568051845,0.006791841670362052,0.29944651085946655,2.3776487217798925,0.7867354200543998
6.042699199390012,0.0045682901502784356,0.22759805876418795,2.277020228267214,0.6380967858953313
6.061761341974838,0.003991387440158436,0.17173002040450366,2.4793995092442884,0.6266238638676512
6.080823484559665,0.003798421583746913,0.11629917261701843,1.8457391037969029,0.5962527735793347
6.0998856271444915,0.003973895468410564,0.15057670153848346,1.7110861666698216,0.6551061894766264
6.118947769729318,0.00245320362084634,0.1285713534878142,1.6814304950236483,0.6160408185642523
6.1380099123141445,0.00746058598796753,0.3074551642476101,2.938312603220754,0.7972680110100997
6.157072054898971,0.014183230646952554,0.5436620347984522,5.0450530820163255,0.7360299983147116
6.1761341974837975,0.01263317033959156,0.45727601406347046,4.7241298883386795,0.2441869813742132
6.195196340068624,0.0023191653534235727,0.05849387154358569,1.0171043094812873,0.4961382572360273
6.214258482653451,0.004580202031403441,0.19050273583458435,2.0885511518164273,0.823588014026947
6.233320625238277,0.00498458528106177,0.19524516609762685,1.9058457335497,0.6086998360649114
6.252382767823104,0.0019136126306296697,0.11223961066283235,1.0879139804212177,0.3083687783067472
6.27144491040793,0.005941904332008368,0.22171926281272825,1.0459232756933607,0.3510674193251733
6.290507052992757,0.006145006001754176,0.26000888619971757,2.0949082517828477,0.20348684159020905
6.309569195577583,0.00276700057184621,0.1639375199801618,1.586416688322563,0.32847066770475924
6.32863133816241,0.0025658536000792162,0.13170827450885217,0.8741701406971359,0.6592455875234534
6.347693480747236,0.003417501790591712,0.11990166486572741,1.1048128052062336,0.30082112740329303
6.366755623332063,0.00507093776415357,0.1974643671502382,1.659640492591887,0.6415689007018817
6.385817765916889,0.0030177164208330344,0.07277341218184513,1.4329466197889316,0.9327628487172641
6.404879908501716,0.0007612120145563476,0.03494096734622367,1.4999796326680381,0.6474655716204175
6.423942051086542,0.0026240553454447944,0.08131538863633064,0.11194440288029692,0.3748186392407843
6.443004193671369,0.0038479297642438617,0.09897053151385812,0.6086054281665961,0.13130743721986093
6.462066336256195,0.0019821695682179412,0.04182264213952543,0.2010188174849064,0.21972609703033769
6.481128478841022,0.0007556342800618734,0.04461060408150517,1.2851537809556282,0.364037533572867
6.5001906214258485,0.0019293991739565528,0.10253342138757342,2.0870231998085784,0.4462202368220318
6.519252764010675,0.0016482082840370079,0.062443381804438335,1.1235308379680267,0.6208279091476983
6.5383149065955015,0.003980967159842751,0.18053647393789685,1.5610018746462768,0.7933787398580836
6.557377049180328,0.0071224447014254875,0.30632310767425475,2.5891142276866996,0.5387429029690923
6.576439191765155,0.008597367291974965,0.37909367234415103,3.622841227147975,0.09153496664043072
6.595501334349981,0.003932686679886169,0.1488607552238681,1.4470033700587512,0.3706990936696916
6.614563476934808,0.004073396554988899,0.14905492324431102,1.799888244329218,0.46796291173874066
6.633625619519634,0.004870357437103027,0.23566698457542054,1.5244528413579144,0.5193679001569024
6.652687762104461,0.004012712170204695,0.19618824166104226,0.2845360663549992,0.33753869447595986
6.671749904689287,0.0032446024663376973,0.1681918469353449,0.6594038102920607,0.40227438075268035
6.690812047274114,0.004192878791798371,0.1877847850335025,0.9141037899909941,0.4293987452428152
6.70987418985894,0.003937777267734646,0.18633664690736385,0.9382206216047929,0.27347069037293
6.728936332443767,0.005724885679027,0.24521119532788782,1.7930265920619797,0.4646356992310329
6.747998475028593,0.006096510980029964,0.257449731971941,2.4057299156908107,0.21795931258868118
6.76706061761342,0.0031857511345597116,0.1433085851489449,1.3075295812230885,0.3459965687331055
6.786122760198246,0.0007207985316131096,0.024718321915135497,1.033385634848743,0.3215319535425727
6.805184902783073,0.002235354823112247,0.09686807076808666,0.44212806292658763,0.4230528985588294
6.824247045367899,0.005276911445652317,0.26780026786254174,1.930730977965274,0.6025672450505997
6.843309187952726,0.009349283449215038,0.4404313697654748,4.082103533527822,1.361004661829964
6.862371330537552,0.00867866112484311,0.3593717001218158,3.748034809717281,1.7843505251804648
6.881433473122379,0.0028551919703250586,0.08978244095106218,1.2697480942277808,0.9266083118386256
6.9004956157072055,0.003044422341780449,0.15882683368631037,2.114469854335585,0.4315738456260022
6.919557758292032,0.0018672787293290034,0.14465742783027669,2.393262854044973,0.6342942701067554
6.9386199008768585,0.0004849847022095172,0.02563961066321158,0.9498039354256447,0.49946135828752364
6.957682043461685,0.005800536461426301,0.2816927576190596,2.0030234608261694,0.5242376052081222
6.976744186046512,0.00592209069958975,0.2720019528879561,2.663777304156963,0.6943787574684529
6.995806328631338,0.004015967671963157,0.19028738793128583,2.1216540816428244,0.3425931830069652
7.014868471216165,0.004049513406469467,0.18095178973352097,1.0395404584537284,0.503483630367785
7.033930613800991,0.0027247361613296733,0.09765659723332655,0.49485335430977384,0.0714867117298008
7.052992756385818,0.002878821932968422,0.08447525138083542,1.4791071931759818,0.2511493428682363
7.072054898970644,0.004339080451937695,0.17974028445545734,2.2301983148902917,0.24660062722292575
7.091117041555471,0.0030699006420332165,0.15015986418050198,2.9993698684341275,0.222395243964981
7.110179184140297,0.003363301161594663,0.10429223689574206,0.5433220420959216,0.401324628844405
7.129241326725124,0.0033347484340020776,0.1495797795370564,1.2587998792956832,0.2195027489017517
7.14830346930995,0.0030114111894932348,0.1481613526006484,1.2650061140903563,0.2892929961665146
7.167365611894777,0.004820057276403586,0.2150630459384897,1.6478216710516405,0.7771686707953533
7.186427754479603,0.0012631234283053104,0.02268873048818739,0.6636354379094452,0.5869170274177146
7.20548989706443,0.0007426798932788132,0.03590191949146205,0.48475005416952927,0.9489092604639535
7.224552039649256,0.0025105858510717158,0.09617722453312964,0.306377623463113,1.4335064543779543
7.243614182234083,0.005776896758495718,0.22399891313318715,1.949510245384891,1.1285920023712137
7.2626763248189095,0.0070221897734895344,0.30004682113726583,2.7957755284094494,0.6370456720836047
7.281738467403736,0.003964935168871539,0.17915698114557305,1.323729688155928,0.3090280156890626
7.3008006099885625,0.0011098673047582725,0.05235779613155458,0.888490225393975,0.3205349969744253
7.319862752573389,0.0020516937133531685,0.10510963337314769,1.636802721449389,0.394222275516525
7.3389248951582156,0.0035581083402969156,0.16722735763077362,1.8801308593185049,0.6299031785021563
7.357987037743042,0.0028530989598205664,0.09955645637389005,1.225616276277459,0.7221707788544658
7.377049180327869,0.001531541463819063,0.05335486600890485,1.055179307189544,0.7111660144583346
7.396111322912695,0.00378379879922389,0.20804789166910936,1.874579055244561,0.4449112039661684
7.415173465497522,0.0029503864737420913,0.1428221805421695,1.116019247207277,0.5137754604272902
7.434235608082348,0.00163586200003253,0.05394110682181249,1.1020200384340229,0.6191490495589026
7.453297750667175,0.003845916010822182,0.1766855933736113,1.1639591762279482,0.5832401557608997
7.472359893252001,0.00589968209790042,0.2896488426911223,1.7484737145176534,0.41766277364941956
7.491422035836828,0.00477291624643574,0.20849219899475224,1.2816092814421711,0.2211753685655255
7.510484178421654,0.0041339206810473055,0.17492836221099672,1.7516122946535275,0.09044512946801157
7.529546321006481,0.004091545200545973,0.1764747413124172,1.8668438925797703,0.1752815188577304
7.548608463591307,0.0006991671254542273,0.016790534290577825,0.5188441362226894,0.2585004966794786
7.567670606176134,0.003484519151358743,0.15071129241150966,1.9886033440187239,0.494257779913564
7.58673274876096,0.005117254778331248,0.26929712246225956,2.5346613598514303,0.1841316748795961
7.605794891345787,0.005701961435048191,0.30412980965150566,2.5679450779638455,0.15194769974045233
7.624857033930613,0.006916210333121152,0.34162496748345955,3.231670290226058,0.1173805819387219
7.64391917651544,0.006534938165219567,0.30224447763289786,2.546415941611138,0.4438489293546852
7.6629813191002665,0.004501303838102502,0.21318673514532843,1.6526300982138484,0.5236782777280806
7.682043461685093,0.0024232756204401696,0.1272227731598316,1.7012427812564184,0.5707080843021773
7.7011056042699195,0.0037918580304853416,0.17784204020850622,1.457378740694534,0.6056445139138193
7.720167746854746,0.005017218606954004,0.2161151255540361,1.7990464784715396,0.5741126960999194
7.739229889439573,0.002620922408380992,0.11480784870848369,2.0249659459016716,0.4208789753501259
7.758292032024399,0.001114187025869818,0.06783884948415368,0.5116780048163893,0.6477081249259535
7.7773541746092265,0.005442361310178651,0.2129506358489953,2.3303812995856714,0.6127560590020162
7.796416317194053,0.005766843572787949,0.24162619330548754,3.380218585544148,0.5349194913466455
7.81547845977888,0.0035129321038145297,0.1205821049523253,3.098159881692059,0.492974432707588
7.834540602363706,0.002033760262008331,0.1696208624071353,0.9907682040914371,0.12541477158088363
7.853602744948533,0.0056043147168403865,0.2940381484485264,1.2735627348073302,0.6755181805483185
7.872664887533359,0.005015311172949664,0.2500505910999799,1.8084586259244753,0.9237689395226919
7.891727030118186,0.005060559645409027,0.27059324848297367,2.8328491036206915,0.6085540901172688
7.910789172703012,0.005038509359331858,0.2604781981601755,3.9536096724578806,0.5062082938923219
7.929851315287839,0.004607595837708024,0.23499591638922954,3.58211617586836,0.6836301802039894
7.948913457872665,0.005423845138995879,0.27822098882766017,2.5174359485733873,0.5520771313687456
7.967975600457492,0.002863530262163387,0.1473282603693037,1.4193918810630184,0.2504743907065794
7.987037743042318,0.0012114238640033611,0.08974360840682336,1.8168665154404522,0.13945396986032
8.006099885627144,0.001601471222583478,0.07180705515472112,1.1861268631278798,0.31595218517623924
8.025162028211971,0.0036293656838898946,0.21399625166589256,1.8165074314921232,1.078449180610374
8.044224170796797,0.004142104814886997,0.2431395454187993,1.5462631921017502,0.9161109703773864
8.063286313381624,0.004792658544841427,0.26118145791257286,1.2167496857893958,0.22168023349938834
8.08234845596645,0.004189449625042525,0.23347654732807452,1.8090530361166712,0.3732866881192401
8.101410598551277,0.00417850765734462,0.22155456927304706,2.617573289365279,0.09807206107183955
8.120472741136103,0.0035289448150778013,0.15537471973355857,1.3624857166967255,0.3602126056242313
8.13953488372093,0.003877661338687988,0.16607393618150976,1.0023074498646458,0.48567818984227457
8.158597026305756,0.004710075432603722,0.20443787887049977,1.0818981291190528,0.48986980480024783
8.177659168890584,0.004160030516165501,0.1812821045127377,1.3905931748968332,0.4244409600114176
8.19672131147541,0.004761460373216776,0.24058206675164956,3.1198170006268877,0.07301358146487057
8.215783454060237,0.0037330643732272958,0.19053162037192797,3.1412683059261397,0.3893002893480956
8.234845596645062,0.0031478640082100947,0.11378504023355106,1.9498955726874931,0.4749310518794206
8.25390773922989,0.003262882527937886,0.13992572031685077,1.524240917174455,0.8242942674711378
8.272969881814715,0.0011995517359732898,0.053281873587141086,0.8288634209382367,0.7585711331470402
8.292032024399543,0.003065652152168494,0.16640829890024394,1.813248821287459,0.8061627757318595
8.311094166984368,0.00345747227463332,0.17994268040022524,2.9088935789298946,0.5284512165399241
8.330156309569196,0.0013028783262604934,0.10848977081073505,0.5512978607420311,0.20766851440432832
8.349218452154021,0.0028458866428086906,0.17923430905455856,0.35292537638897575,0.4420651393661977
8.368280594738849,0.0022536373946258383,0.07502751659630233,1.027616419337979,0.4525008728393185
8.387342737323674,0.0014960368517425004,0.07702680478266928,1.3880764617211683,0.6490554728576376
8.406404879908502,0.000502226546875873,0.05746145566746827,1.5403749677375231,0.45006399420931814
8.425467022493327,0.0010240468037482175,0.06850837003205029,1.6093438879056243,0.5319510381506896
8.444529165078155,0.003038609516606437,0.16984215624264332,1.1306387511765563,0.8107136893810655
8.46359130766298,0.004267269498197626,0.2427204624459897,1.609317582981267,0.7970110637124214
8.482653450247808,0.0034085197301710075,0.16314454331162737,1.4073426099140207,0.40223893104871944
8.501715592832634,0.001399650644426813,0.03797414833805793,0.3282850815692238,0.23101300393446278
8.520777735417461,0.0008480891870712003,0.06352376368841184,1.0948322183374728,0.2985805276770949
8.539839878002287,0.002551521022967172,0.14426135861621692,2.2559429204219223,0.3589416868437748
8.558902020587114,0.003457295415814863,0.21053120565631944,2.409104040592674,0.31751462135492636
8.57796416317194,0.0040734666598397085,0.19336022120551363,2.218750723424175,0.22067804958572865
8.597026305756767,0.0029584489217564223,0.10056608384837501,0.5776135801553908,0.5197389997824444
8.616088448341593,0.0006272361063330354,0.05365010762098555,1.5970193222290279,0.8002415139550493
8.63515059092642,0.003283728067873895,0.15379546335233113,2.0417100770365586,1.142911173111528
8.654212733511248,0.004018002370244312,0.18791352364541924,1.562328936670175,0.9315656445879407
8.673274876096073,0.0026548694747108117,0.11154025721044226,1.0394268104824618,0.8461307272558674
8.6923370186809,0.0037523901423249894,0.16934674554986526,0.6430829133114417,0.9557001619050635
8.711399161265726,0.0034415960965466187,0.16092804461570423,1.0055921135757477,0.29730684990148615
8.730461303850554,0.0036029571102264226,0.2108831787258083,1.8353584296118992,0.4740614491287572
8.74952344643538,0.0023268099397234774,0.13762905878112644,1.3288817456619855,0.9046646815630462
8.768585589020207,0.0007786379852545486,0.08841729811143302,1.0574958136271637,0.6004180037762624
8.787647731605032,0.001829413416283433,0.06389006061544275,1.6964034783337962,0.659006070429936
8.80670987418986,0.0007090213727569049,0.0805217895306953,0.5609178826639871,0.38293540963067185
8.825772016774685,0.003382475781892813,0.21510523952315233,2.292032951157449,1.0969117991867057
8.844834159359513,0.004694596964986099,0.27460503129915703,2.8631377447203485,0.9007548092194625
8.863896301944338,0.00321972800641651,0.17773094521980567,2.3406146442995,0.4385954539036255
8.882958444529166,0.0008841592847147616,0.05262414333638412,1.444914028698844,0.29812771598032006
8.902020587113991,0.0024687982152232983,0.1919100284179522,2.4257737140362843,0.5186217304871422
8.921082729698819,0.0037699446100191284,0.2056592946830518,2.565592563035888,0.9104164686648003
8.940144872283645,0.0029360327423373377,0.11737436632694236,1.5472154141113137,0.5721130378317333
8.959207014868472,0.0009853055803026064,0.015845260458677953,0.5462355414469092,0.2289994525024502
8.978269157453298,0.0022107179014035066,0.12529571285573166,1.193482518610961,0.17717682659126888
8.997331300038125,0.002020304138075711,0.10730137793144191,1.2045413265986435,0.28486044666848015
9.01639344262295,0.0006894020195356976,0.027028135197205403,0.4523336315873357,0.30092289381780746
9.035455585207778,0.0014479653926370158,0.09407746009488137,0.701702514030498,0.2720512420425833
9.054517727792604,0.002824638561837852,0.18991199333165498,2.445475291931112,0.6837746990249628
9.073579870377431,0.0022779984369527585,0.17495313038155402,2.8087224107298296,0.6004713840794182
9.092642012962257,0.0028294101431215533,0.18474184042337352,1.8187651542280665,0.11754358633490333
9.111704155547084,0.0022714417707563658,0.11060208355964936,0.4926526159114517,0.2896162143575717
9.13076629813191,0.001635779061188986,0.07239158354705003,0.23120641163565203,0.513841151556969
9.149828440716737,0.0027876840629947786,0.1660426116467629,1.4710923890165974,0.3524521522260852
9.168890583301563,0.0030228512674444017,0.1704720512627815,1.0014272956801902,0.9759908925494584
9.18795272588639,0.006305095128362375,0.4038589620150077,2.976257553427653,1.268478062657235
9.207014868471216,0.0075343921187738675,0.4746647775309139,4.324332348113651,1.1249748829534678
9.226077011056043,0.005710771396721237,0.36100594830451155,3.28612307293521,0.5914155508374278
9.245139153640869,0.0035256323583736713,0.21045042731121363,1.730666548115478,0.6519124417491612
9.264201296225696,0.003120865066111839,0.1658077112709039,2.842229216564498,0.6447058741171358
9.283263438810522,0.001010978664031717,0.02497106796392822,1.252635264165326,0.2926124290888908
9.30232558139535,0.0035972727499343437,0.19780462104864754,2.3264553523604063,0.3197687710634488
9.321387723980175,0.004908190836239931,0.2761843580038132,4.459562756426623,0.8524642419536282
9.340449866565002,0.0069241921257123355,0.4095204237099226,5.632864195087853,0.8663869033518334
9.359512009149828,0.006169528341214499,0.360221659706789,4.483246223956367,0.13811414223966875
9.378574151734655,0.0019449361041371785,0.14427602580941357,2.3592935058255766,0.5423130981962406
9.397636294319481,0.001918373096068572,0.11450280599325305,1.5078882970014031,0.3259748788105637
9.416698436904309,0.0009495769690698913,0.07356651895410861,0.7197930715265954,0.24261972904064016
9.435760579489134,0.0027482854303941774,0.14935709424599297,0.9343809902835942,0.4452602995958892
9.454822722073962,0.0018315013331142542,0.08438898805202637,0.7975432403682214,0.3021663312933548
9.473884864658787,0.001926922960160075,0.12537501123261643,2.1229255238456775,0.3107443953943411
9.492947007243615,0.003397788537914115,0.20318961840528346,3.289244348823593,0.4349562121312741
9.51200914982844,0.005268806467530191,0.3277430062306004,2.3209145472620536,0.6117136434258879
9.531071292413268,0.006923030959167069,0.4817235232718144,3.3809146207907412,0.762985623032736
9.550133434998093,0.0044564988388423946,0.32155852437605464,2.4450306034267726,0.5904813280035911
9.56919557758292,0.0021633167604396936,0.1392699620549772,0.9817400860891444,0.15133514828051958
9.588257720167746,0.0014046822518240664,0.11257384702036885,1.3272564573121048,0.4490712176030567
9.607319862752574,0.0017486644925295556,0.15027987743008978,1.021672789389895,0.4250348956543504
9.6263820053374,0.0018084497213351276,0.07059954850741895,0.8082522943954065,0.32055641093504994
9.645444147922227,0.00244241329682478,0.15528118314628242,1.5040316504690716,0.20110870269837341
9.664506290507052,0.0025654875095318993,0.19575413794926688,2.3796210026122364,0.48975655878814595
9.68356843309188,0.002476942581248687,0.21454996590627856,2.9405183159229993,0.3504813817235593
9.702630575676706,0.0006317144185496581,0.048129684465712655,1.569034321778637,0.48795882208417324
9.721692718261533,0.0025315582847726423,0.16979852569128118,1.5630282958708015,0.630813700910325
9.740754860846359,0.004420753798137843,0.2724935891688378,2.5103576044318534,0.3167785418964185
9.759817003431186,0.0039251116372303425,0.24156347412379353,1.7602820396935257,0.056537151657053204
9.778879146016012,0.002529284704805962,0.16684007301073525,2.5076284720148676,0.2344843415364132
9.797941288600839,0.0007260007100081857,0.04173766574059274,1.4061748808600352,0.38685768699343126
9.817003431185665,0.003985169775702386,0.19911455559632543,1.4758881497021796,0.3024937264181437
9.836065573770492,0.004844641729697356,0.24113452784435108,2.211316599004036,0.10522458204257114
9.855127716355318,0.0038288025976818867,0.19791406413725565,1.6951691765054953,0.2598249519900855
9.874189858940145,0.001251397090674992,0.1251407646574731,1.441874207212654,0.05932966040755767
9.89325200152497,0.002905986705073543,0.2416183052697237,2.3183354928142146,0.31196054797624917
9.912314144109798,0.0038073655880923197,0.23907965764156117,2.27549781603051,0.4466378141311053
9.931376286694624,0.004450971415458096,0.2976154542853621,3.0902573997780505,0.23934073235845443
9.950438429279451,0.0046087865441449116,0.33078335848351414,3.5169056102378593,0.7398605834051359
9.969500571864277,0.0020394844476014015,0.1633859077433745,1.615291351427587,1.0171494570484334
9.988562714449104,0.0011646711393642688,0.10305836002438683,0.6973121428813034,0.8576474333174121
10.00762485703393,0.0005668210567799507,0.04911906718650773,0.5919757793493586,0.37535295071890196
10.026686999618757,0.0028662202443775035,0.18020704474777194,0.9360467357425034,0.21326598730892055
10.045749142203583,0.0019742602324529226,0.1461887509241729,0.5760973058407896,0.33404389203908763
10.06481128478841,0.0008164748791473102,0.029634111599017708,0.5826334273269526,0.5808234460241416
10.083873427373236,0.0017109473534509508,0.10740384094253773,1.5149220625086524,0.5283603112220069
10.102935569958063,0.0015791955760446382,0.09684300811646632,1.5372357511155341,0.38965650531397733
10.121997712542889,0.0021458393748929466,0.10230889085866621,0.5533116649126126,0.45139625179485043
10.141059855127716,0.0009290261402910334,0.06826120550962161,1.0269832967884565,0.3666946763050609
10.160121997712542,0.0005054723056326822,0.06470378286364595,0.43737017113561066,0.47353033487405877
10.17918414029737,0.0023110799108056945,0.15878321467016993,1.3791920677333074,0.1910915727116192
10.198246282882195,0.0010446068293353857,0.12421678942397615,1.7103699322321824,0.07213989681406859
10.217308425467023,0.0048873549725239555,0.29875791642652044,3.1621978566980617,0.37090571702932945
10.236370568051848,0.00399559782031061,0.21920572032487917,2.7272148526728053,0.37706133171809575
10.255432710636676,0.0012004225271721747,0.047269211273138316,1.425826700054913,0.3885204006242236
10.274494853221501,0.001721184568810153,0.12034917438073378,1.6602413691258575,0.3489328498463928
10.293556995806329,0.0012847158024032073,0.08088689187608793,1.9707090855579952,0.33659383133292087
10.312619138391154,0.0035237797167519,0.2113438805060492,2.669272370817092,0.6029872530381339
10.331681280975982,0.0035233254124906236,0.22651546711018533,2.553501066552051,0.46382545157523697
10.35074342356081,0.0015632427038507239,0.12045435306031543,1.3262985432530436,0.4039360019062629
10.369805566145635,0.002310634372307333,0.12189699587792698,1.969403113723618,0.28560380067062624
10.388867708730462,0.003311699212865823,0.20978748465032696,3.015687769969348,0.08173032746377541
10.407929851315288,0.0020017635698781964,0.09874356079722364,1.028998153877219,0.2714335530582581
10.426991993900115,0.0016924578054153577,0.13101120024841972,1.2190490887442849,0.5184016681523839
10.44605413648494,0.0013397868851269896,0.07340368588721398,0.7038057256324091,0.39650699093266045
10.465116279069768,0.002122226578285765,0.12999275689580153,1.0831277865363922,0.25396523723050074
10.484178421654594,0.00203043416946599,0.14997927193045593,1.7419747840788653,0.3733454397591997
10.503240564239421,0.002748834267603264,0.1663510420362057,2.0716415623779523,0.289205828869818
10.522302706824247,0.0014320474331593106,0.08368733063033748,1.3502778225107004,0.36374099042960784
10.541364849409074,0.0020283842701211596,0.11820512939098828,1.659857370390003,0.44683022972720776
10.5604269919939,0.0023885210692650687,0.13167617943426835,1.9656826325398982,0.5538004284842818
10.579489134578727,0.002438953293881197,0.14094995711174924,1.7205196589363105,0.5381168243899638
10.598551277163553,0.0011426540643228263,0.1217747688647701,1.5189455972650303,0.4707771192015318
10.61761341974838,0.0041301863725802775,0.268550960138646,2.2862403902809088,0.46135239226289054
10.636675562333206,0.003118845796003502,0.18189266033587992,1.2774160102266339,0.4418564641862236
10.655737704918034,0.0011975624592020665,0.06509345012257962,0.988697302888139,0.16065929526780026
10.67479984750286,0.0014029237444505983,0.0696941115675008,1.1310804446747462,0.10431909406625346
10.693861990087687,0.0045339302656011785,0.30379145202080043,2.861562452842718,0.4328466283826205
10.712924132672512,0.006356320673561956,0.42130777230909394,2.9823975743414524,0.5133817298818127
10.73198627525734,0.0033156916765526,0.22783377518328862,1.4094319473262376,0.5088053129827705
10.751048417842165,0.002075371657428239,0.12747461239445135,1.2411413661484938,0.14804126925463104
10.770110560426993,0.002302865908350043,0.1426443685737996,1.3662743735053025,0.3449375819401891
10.789172703011818,0.0013464040017025002,0.07387827609249231,1.1744314703520304,0.39061777763428557
10.808234845596646,0.0015101927172423578,0.12741869250864893,2.350292174221288,0.4032142772283431
10.827296988181471,0.0032023560255607076,0.2567980394626166,3.313717490564872,0.41537478064814115
10.846359130766299,0.003872356194990998,0.26593328473008265,2.9536918589287375,0.27963724385216104
10.865421273351124,0.0037640101486095382,0.2574237537638211,2.780000361750923,0.3635281817316162
10.884483415935952,0.0016085094855720948,0.11579892915750618,1.2517481721847783,0.4136327326967515
10.903545558520777,0.0010484366473676554,0.07657049084679285,0.9251140301439915,0.1555642512242348
10.922607701105605,0.002473887516255451,0.17609341220769267,1.3079746317708787,0.25300507062535244
10.94166984369043,0.0026413221317233776,0.1646133224313651,1.7117641286982455,0.31012348585968413
10.960731986275258,0.003763218254773795,0.23764380881355077,2.0389458036945975,0.6315090844968227
10.979794128860084,0.0037054987239084403,0.21901957506497804,1.7491610387706569,0.2984692751595982
10.998856271444911,0.002113663258336231,0.10548042817964245,0.8680061003957307,0.4932535902046358
11.017918414029737,0.001763889065287276,0.138267769309037,1.2389514194767004,0.4270488004304142
11.036980556614564,0.0017790577005705219,0.13850644279111798,1.6036856962985748,0.2975950208516743
11.05604269919939,0.001989677348374848,0.1774449670206789,1.4539789284547289,0.2387215335582501
11.075104841784217,0.002165981766524681,0.12925564512179907,0.5632395032459789,0.26730729112206514
11.094166984369043,0.001405114954116202,0.08853962845450074,0.9116838170054672,0.04980445409332275
11.11322912695387,0.0018637441915162628,0.16939017885811744,1.5691307836112802,0.5660994345805699
11.132291269538696,0.002727766189437384,0.2184189036672571,1.8885739376721484,0.8964904553804576
11.151353412123523,0.0024547833442645378,0.18117424611266505,0.9428185289697194,0.6047796463120123
11.170415554708349,0.0024117565372909146,0.13842805661660953,1.2466507816626917,0.567084958686206
11.189477697293176,0.0011828030083721993,0.062188898600382,1.138901684613051,0.3838003685687276
11.208539839878002,0.0019050992069874198,0.11487937378666474,1.3346055101854135,0.39219102194430644
11.22760198246283,0.003345268691107698,0.2363626504200171,2.2711378936469835,0.35227558520594926
11.246664125047655,0.0041833735359302175,0.2912423766580194,3.1204012233283676,0.503624469997646
11.265726267632482,0.002731718213947585,0.19305638961642876,2.5521726245228726,0.7891441590443705
11.284788410217308,0.001347447406722734,0.1143355861892268,1.8334446503774833,0.9209731134059918
11.303850552802135,0.0015362534330506218,0.05404387294117295,0.8326718017255664,0.7982506830604397
11.322912695386961,0.0035920710989661223,0.2239720322536818,2.0063036398015095,0.2824386020580179
11.341974837971788,0.0038979950439495957,0.29675371336437306,2.5789013060216344,0.2031805126352434
11.361036980556614,0.003052374430959137,0.2692420730641292,2.837004489251787,0.30117172752039345
11.380099123141441,0.0029155014877582514,0.24050708870465026,2.9085590760849946,0.6371833284411526
11.399161265726267,0.0032761964278577548,0.2699740396885076,2.934473825429139,0.7499000007630513
11.418223408311095,0.0006734504337548033,0.029738307784752907,0.38543806453232127,0.6124721471054569
11.43728555089592,0.003046057423083333,0.20771100709853935,1.7550685950709022,0.45080047831091413
11.456347693480748,0.001919398441549039,0.1482130874247701,1.3751754134160892,0.29027785602621886
11.475409836065573,0.0016422021671353138,0.11287960351677354,1.1743225230051753,0.542635557259407
11.4944719786504,0.0011503764381978916,0.07777995968229977,1.0625666299225958,0.9575689431562006
11.513534121235226,0.0015221086466312254,0.134033431484699,1.1075635587688248,0.7481322810433249
11.532596263820054,0.0022044973125884015,0.18084883173421612,2.090718367066294,0.335183187644483
11.55165840640488,0.0020883478044436223,0.16038170414393277,2.2800854432018967,0.35028331927144024
11.570720548989707,0.002358384088905367,0.16364096619029272,0.8294354453430709,0.3518323280304597
11.589782691574532,0.0016778051842684604,0.10379035107463763,0.6975452683243702,0.11954691591750494
11.60884483415936,0.0019105922636231995,0.17156156427637964,1.501774775200059,0.14308104006271338
11.627906976744185,0.0017150088944529061,0.137502964918986,0.9266775837602035,0.3506518456145198
11.646969119329013,0.00037979650841740985,0.04997261853595979,1.4696932637882367,0.5976697288023136
11.666031261913838,0.0024182565849082977,0.14370285227287086,0.6691201334035946,0.24605729795790632
11.685093404498666,0.003948701918571565,0.28886553670985354,3.2466722381232476,0.8294192821885373
11.704155547083491,0.0022287425911504525,0.17532662959209894,2.7489164796839076,0.5725432450268286
11.723217689668319,0.0026614595096787082,0.16244142584601365,1.9827958047903207,0.026969028102131722
11.742279832253145,0.006322520611864908,0.45259565070848007,4.77551352320095,0.20341171947555
11.761341974837972,0.006169270688626635,0.43724467641739995,4.075513308829972,0.30957926014922527
11.780404117422798,0.0033042231927584167,0.22455330316160713,2.1343239320919793,0.45221134342968256
11.799466260007625,0.0024208964062016557,0.17836217912373312,1.8024311114490854,0.4015296440619742
11.81852840259245,0.0009433431298917716,0.0540655201127769,1.0610712465971144,0.18631801091660033
11.837590545177278,0.0012665634916810109,0.12679746198997285,1.242932542339002,0.34071140963316604
11.856652687762104,0.0019307643650246667,0.1968255189880312,2.105631318700905,0.33902166041120957
11.875714830346931,0.0012307476654622308,0.11967037460833667,1.1535008682417265,0.12845194057791265
11.894776972931757,0.00027178639005016116,0.03199262634965286,0.45446648776001713,0.2318938034271333
11.913839115516584,0.000818191273691033,0.061785978339180626,0.7792718393053519,0.3202026541454588
11.93290125810141,0.0023001546561661475,0.15102442593077586,0.9590080484870971,0.04617853879677998
11.951963400686237,0.003245098111824665,0.22412767137012446,1.6688524961901214,0.3785914457954068
11.971025543271063,0.0033145275185736634,0.24232355644748796,1.7536099998986168,0.6170608737068797
11.99008768585589,0.0015421828686895307,0.11551765879838605,0.7839919564336864,0.7295099877668082
12.009149828440716,0.0007683823652141269,0.06294838799381013,0.5210705426339394,0.37312539158578806
12.028211971025543,0.0030425483992149974,0.22937677186674205,2.570248911635929,0.17355817873359
12.047274113610369,0.002692181411673917,0.1964450637088535,2.151090767948538,0.2245954440553135
12.066336256195196,0.002169472361540298,0.15758959864563585,1.1299177969767824,0.11286315491953079
12.085398398780024,0.002289329622620664,0.2170868190235997,1.5896146322867393,0.2136775789019701
12.10446054136485,0.001021901248271063,0.13593653648330198,0.30614745055649395,0.35942109717197035
12.123522683949677,0.00103934341168268,0.062200581124066484,1.422027489770951,0.24839948514783164
12.142584826534502,0.0018047696174056105,0.15719992228906146,2.088592981011305,0.40521991351736414
12.16164696911933,0.002602105399671308,0.246293721227989,2.647794931818895,0.6277095040515382
12.180709111704155,0.0034405053320855413,0.2970681579034079,3.2339304298102207,0.49963675363586013
12.199771254288983,0.0038882503249012615,0.2977496933054507,3.7813039074102965,0.7230784171635447
12.218833396873809,0.0025824784500271766,0.19226293064673128,2.2587337518720596,0.8380675671545448
12.237895539458636,0.0017916288965871196,0.15217363124855923,1.4155382422504719,0.37854498087444005
12.256957682043462,0.002339985439535116,0.22694215835896062,1.7954491058741233,0.13887915921286714
12.276019824628289,0.0013299739825544245,0.1721120973247547,1.3427461077070886,0.4056030211090488
12.295081967213115,0.0015553585583282152,0.11881986444228129,1.2060159337025833,0.4478000345249984
12.314144109797942,0.0018911941919233922,0.08781054423803412,0.6523103880773372,0.187004436277948
12.333206252382768,0.0015224755421483118,0.133623693519775,1.8551110224825955,0.40991963408663906
12.352268394967595,0.0035286679288511823,0.27380394747551,3.786182107331234,0.6301738961258051
12.37133053755242,0.002130601210022297,0.17831021870771294,2.7622019651704335,0.3051709729541029
12.390392680137248,0.0025161419144444984,0.18433740608623247,2.121446979379591,0.101858866953363
12.409454822722074,0.002911969250467687,0.229610454972558,3.0212609867121567,0.40282075375066534
12.428516965306901,0.0004783262108248939,0.08952161883977439,1.7579763610840926,0.47335845284649924
12.447579107891727,0.0027725740560313513,0.24378924163491414,2.1886024070922545,0.38158562073711827
12.466641250476554,0.0030273766920550526,0.23291315669858337,2.6531523510979564,0.9189766150459792
12.48570339306138,0.001508924957270646,0.10977835204337395,0.9717730570154692,0.5794110514840481
12.504765535646207,0.00147469787374964,0.09383939882698271,1.2241436946560278,0.2895965095667735
12.523827678231033,0.003404627333042989,0.23094178566537965,2.2174507035202358,0.525946866739364
12.54288982081586,0.0037384184443054547,0.2771527052650331,2.953571840588861,0.5693962460005638
12.561951963400686,0.0017729331774205455,0.14848907723407537,2.0672885540811428,0.5644116482896564
12.581014105985513,0.001844574483097184,0.1656508224358457,1.7957589359594122,0.7778679131497895
12.600076248570339,0.0009361871942806817,0.070725325661261,1.4024950878461924,0.519856172152129
12.619138391155166,0.0011346822162045266,0.08631780264692605,0.4766843266595017,0.3790100951726193
12.638200533739992,0.002486467039696868,0.14756654223825907,1.470824859638596,0.8397376623531507
12.65726267632482,0.001609871001090501,0.10575489167952663,1.5497196986617534,0.519833000320772
12.676324818909645,0.001255434946071187,0.10002463249395094,1.4177394934101495,0.17258604082132356
12.695386961494473,0.0012700637037979183,0.11398201543840226,1.6980030567097888,0.18978283876009225
12.714449104079298,0.0019938085165105857,0.14163112112769555,1.292315045116166,0.36539213778279295
12.733511246664126,0.0033666577008517407,0.2277170969471023,2.7874726279527384,0.6524606506636362
12.752573389248951,0.003400284539521887,0.22203844666431485,2.4452772839898453,0.5439657876629714
12.771635531833779,0.0035486512833281998,0.28568431843538766,3.2342679898567868,0.27016594837468444
12.790697674418604,0.00262902403050392,0.24841592402551269,3.002994186553995,0.08336662743303686
12.809759817003432,0.002209862820957309,0.22388136583626678,2.3846175464795367,0.6815041186409492
12.828821959588257,0.0021805779131180416,0.19649673520744576,1.8070037970069945,0.9733166406927954
12.847884102173085,0.0017610084733447357,0.11329976534948373,1.4400122614293747,0.6780723434542136
12.86694624475791,0.0008031482557015445,0.027294987875238576,0.1320151684775324,0.2597320928822397
12.886008387342738,0.000661164128564071,0.054550876677572926,1.0531544888114455,0.4941789456895037
12.905070529927563,0.0009772397148038704,0.08783891226029197,1.753274413920764,0.3499492307103242
12.92413267251239,0.000327206745077555,0.029287485245617677,0.6798679836849543,0.3248681408933349
12.943194815097216,0.0020602588232338332,0.21026220843742766,2.141651679141737,0.04131570421658886
12.962256957682044,0.002722024152557762,0.2601097891386774,2.6917223007954862,0.29879677575270885
12.98131910026687,0.0012640588090624268,0.12301675175687259,1.5264606883283198,0.4866976149384042
13.000381242851697,0.0011183930859273042,0.059798809206125104,0.49574887181404215,0.5898090177349486
13.019443385436523,0.0021669745045861197,0.14136859248412348,1.3229845775085376,0.3588131029712721
13.03850552802135,0.0029467391399517874,0.22111676202225847,2.2584217647562737,0.30807771404757356
13.057567670606176,0.0025648060731322604,0.1811965088572142,1.6764763640940177,0.6893584239993903
13.076629813191003,0.0023732609877210238,0.12149908285363285,0.8721871459107167,0.761266422608701
13.095691955775829,0.0020139236597497435,0.13520734797657602,1.4341676919521045,0.5107825946058957
13.114754098360656,0.0016814572028130313,0.10090761905220304,1.2886129633766121,0.2651865406757615
13.133816240945482,0.0015648289721438636,0.09230491861068842,1.0718116951727248,0.24289494707623335
13.15287838353031,0.0014049778693569419,0.09749669829462308,1.1535404772844695,0.06834113002642057
13.171940526115135,0.00037310067774799256,0.022764504202619256,1.1296672641504193,0.3749412857712792
13.191002668699962,0.0008289751326663748,0.10741451459899515,1.7720628413216213,0.35723267792687613
13.210064811284788,0.0010990160139839882,0.13889620773016992,1.5742021054283295,0.4630345893348078
13.229126953869615,0.0006106324104117673,0.09036298403576165,0.8540451941274925,0.3972097236091146
13.24818909645444,0.0008677246459519846,0.04469488536517029,0.5041740265154964,0.2783332900840961
13.267251239039268,0.001733202982878917,0.13269935620699527,2.0263248522595694,0.2651449538747797
13.286313381624094,0.00160434783267895,0.15225046646359747,2.194752347550421,0.4034000572811854
13.305375524208921,0.001819223730464293,0.15531270096478453,1.1974920805190674,0.3909369003058045
13.324437666793747,0.0011697945375507101,0.08293420208810134,0.2802289927323316,0.13643457892706123
13.343499809378574,0.0004392503408286225,0.0426854100311581,0.4029580765167597,0.29680014264776106
13.3625619519634,0.003383377879323886,0.2839808349959469,3.180975823287552,0.2143008003875788
13.381624094548227,0.0037654468448421047,0.3163197783055118,3.5233226358899388,0.8646433801074571
13.400686237133053,0.0024591137601752476,0.20694034487854518,2.2327276514348506,0.70761562111154
13.41974837971788,0.0007509848368838693,0.039167848284895265,0.6582766879870752,0.0456592256584028
13.438810522302706,0.0026179647934775176,0.23092457469192157,1.8804638182560858,0.19012510493687873
13.457872664887534,0.0017488301240300465,0.1337241828232769,1.1924859495433633,0.17967191293205334
13.47693480747236,0.002244913951224755,0.2401081355850679,2.733583348453663,0.5223929481900401
13.495996950057187,0.0022148214794543005,0.24515548596210324,3.16943406888611,1.0051704700982353
13.515059092642012,0.0020168913370773537,0.18338037608066102,3.0277632564382633,0.8686949488454325
13.53412123522684,0.0013373907345513162,0.10227643038122308,1.4855913565853303,0.44218426530152893
13.553183377811665,0.0008909001719504823,0.06529800804696294,0.80170764092974,0.3517538854340819
13.572245520396493,0.0026450000186719765,0.22589137819765376,1.9111600620110758,0.17756711863957927
13.591307662981318,0.0019176509327980052,0.15367209978996013,1.05971954844078,0.2627027932518154
13.610369805566146,0.0020034761962736034,0.16596918793317625,2.013823688163263,0.3677264128135042
13.629431948150971,0.002744559315165411,0.19164815034332622,1.7921772282458752,0.30903654251367313
13.648494090735799,0.001272976693255065,0.09893846994773615,0.93957637075728,0.4865625551909269
13.667556233320624,0.0003813347489754648,0.07252228609405079,1.4008636970950548,0.7425698607472752
13.686618375905452,0.001365773146871446,0.16814273768306995,2.8380896536167497,0.9213584487203964
13.705680518490277,0.002616523136923529,0.23003207745132623,3.674076885875393,0.7799452057507857
13.724742661075105,0.0015875732615036034,0.12457768461657975,2.4392894669666534,0.34768161743064535
13.74380480365993,0.00135494268506413,0.12963854714185677,1.0898833732732058,0.5825468746823711
13.762866946244758,0.001300446514594487,0.09891867932346747,0.8386424299439833,0.4857194221889576
13.781929088829584,0.0010233693776432972,0.12317543273667785,1.2875428274932077,0.32043175348730485
13.800991231414411,0.001533322851327467,0.11255348649642703,1.2996941106635305,0.4741001481905554
13.820053373999238,0.0024652717147590165,0.21167966966709187,2.4824204132722065,0.746861737204367
13.839115516584064,0.003097967114797171,0.31068838385032976,3.267548366474903,0.5411108810114524
13.858177659168891,0.002995396203021904,0.29189912459902156,3.3052726650240443,0.3017249971701385
13.877239801753717,0.002138359322816751,0.18033701081581016,2.322763868733371,0.4781664702875693
13.896301944338544,0.0013674221575998475,0.07375895278148147,1.3759609278276277,0.5946075319665914
13.91536408692337,0.0003806004161368118,0.06747560205325402,0.575632822023789,0.7624835678984813
13.934426229508198,0.0006513515288161481,0.0749482719374406,0.9228758152896287,0.7231939655749835
13.953488372093023,0.0021787355441348108,0.1922071701003885,1.5640292069300759,0.12574997982616343
13.97255051467785,0.001932952811407084,0.18935769401391894,1.7687350073599828,0.3058996395978073
13.991612657262676,0.0012741297574787487,0.13159862911479264,1.0002045564065725,0.4369441415527434
14.010674799847504,0.0027130981926774623,0.25473114374923034,2.6463528439641557,0.4707781905818783
14.02973694243233,0.003034446717208209,0.27968044807863957,2.84843270417174,0.14078320716865772
14.048799085017157,0.0020932288783700494,0.18373741710383212,1.8181710927204697,0.3962399647135364
14.067861227601982,0.001133393142166789,0.07820421694439801,0.4744619549129329,0.1268553153558009
14.08692337018681,0.001576787437409643,0.12044936783775308,1.6576492694029152,0.244608785300978
14.105985512771635,0.0019179922500925865,0.19639394338920807,2.8769096002078047,0.2387194154673795
14.125047655356463,0.001412621882353383,0.16947812540575052,3.1047381688847553,0.23992124963462644
14.144109797941288,0.0018131904296579972,0.14382915467275725,2.4998146547931324,0.568983194574856
14.163171940526116,0.0010162542104756264,0.10018408590682461,1.7214843427208728,0.5645450638889898
14.182234083110941,0.0013599754288523796,0.12176816852502498,1.9934917351022443,0.6188435168658009
14.201296225695769,0.002777782328156518,0.27606191401319424,4.2446385998659615,0.3497918733710436
14.220358368280595,0.0013863915370411547,0.12324541095129282,2.079677582219674,0.8249504720940265
14.239420510865422,0.0020495984642374034,0.20036368013115063,2.1811118481092238,0.8725340093723427
14.258482653450248,0.0024650704096536116,0.260737967283001,2.564817853842472,0.740355079542748
14.277544796035075,0.0025261070492557745,0.24985714899652492,3.18529175962493,0.5711277459476528
14.2966069386199,0.0014824642152428476,0.15196744814284127,2.2763404103290323,0.6530891583878508
14.315669081204728,0.000809733973904843,0.06719424587083075,0.5597197232404946,0.9937751657894661
14.334731223789554,0.0006086293539305198,0.04675032563651933,1.3803553399084718,0.9047309287929132
14.353793366374381,0.002130141905541637,0.16091328157067117,2.4545247475227443,0.9481344332519966
14.372855508959207,0.0026446246377316578,0.23827100502858178,2.7094465782518014,0.12126983720988652
14.391917651544034,0.0015881381321165183,0.15758088717879637,2.015630569533133,1.0987521174186323
14.41097979412886,0.0016968959164991645,0.19885431435084888,1.9786548687305365,0.7726014734958928
14.430041936713687,0.002795906429722016,0.24093137402450052,2.177575404440203,0.2699230633273869
14.449104079298513,0.0034395102948964733,0.2849631919947962,4.030679498169426,0.543335831913755
14.46816622188334,0.0028157186911664154,0.22734632518901896,3.194725309530681,0.46019792458681025
14.487228364468166,0.0016211959633816975,0.1328593867901117,2.077985926989299,0.5545064766817214
14.506290507052993,0.0004824982903944247,0.04098143446288968,0.8903498220355895,0.7294578461734572
14.525352649637819,0.001604914474904002,0.18004372792965606,1.3216780482895194,0.714710515461683
14.544414792222646,0.0017225338155846827,0.17680360935277456,2.017122020144674,0.6135640275814903
14.563476934807472,0.0023503969830756446,0.18618209574644423,1.6614529124429844,0.834459833286285
14.5825390773923,0.002845879663950445,0.23686611239277255,2.997645506421262,0.8147279283791166
14.601601219977125,0.0015162330229742025,0.13102976773461916,2.5527586508127196,0.2369656570034551
14.620663362561952,0.0010261907618902394,0.14625354581269884,2.058147821583507,0.33271781679628
14.639725505146778,0.002338519656637672,0.26360913378750034,2.9860208110777653,0.30655262132992517
14.658787647731605,0.00355537819929877,0.3677407750180407,4.182964588448358,0.8014547414353044
14.677849790316431,0.002986218407432695,0.303358477110328,3.2516057770095124,0.8115503513599808
14.696911932901259,0.003092913168253572,0.28291650490066966,3.303498506896497,0.7132876862079983
14.715974075486084,0.0030769985471778734,0.2601248496350698,3.2886458194388246,0.30717947685060626
14.735036218070912,0.00228179921805601,0.23786835150293542,2.6015449462576847,0.20078767456364055
14.754098360655737,0.002630109693681704,0.25697675531954806,3.3099826125688323,0.43759766190669025
14.773160503240565,0.0031021513165438736,0.27535565954517177,3.860878605839298,0.5949471871406818
14.79222264582539,0.0027007869755810623,0.23353700598492816,3.330472856855517,0.3417140771442727
14.811284788410218,0.0016726157252982918,0.15557857506756254,1.9010449644461176,0.5180773335587361
14.830346930995043,0.0012051990423484497,0.1391167192793031,1.3498124218516903,0.47308700715595914
14.84940907357987,0.0010705202458196152,0.1212402699706964,1.84399743056647,0.17739821367967676
14.868471216164696,0.0018362927620678897,0.1920212321144147,2.885953883934289,0.05453500418721569
14.887533358749524,0.0017430758594849309,0.1736645772312175,2.400278073564184,0.26993296933567223
14.90659550133435,0.0005084384423016024,0.05235781728633066,0.4467459107716006,0.5214323408433791
14.925657643919177,0.0014770464840620015,0.17626499126445,2.325119828822927,0.2229094472103147
14.944719786504002,0.002587251718772385,0.24045851448033892,3.4099223597150305,0.7552981952842447
14.96378192908883,0.0009827426727274443,0.07033339473055643,1.7763397947114739,1.1030140546888494
14.982844071673656,0.002649940681720685,0.21035738517437472,1.4731241625718048,1.0395791139146067
15.001906214258483,0.0017223788018660483,0.142896079112191,1.1426083196480403,0.9447408163686581
15.020968356843309,0.000214478410958119,0.02945448403877168,0.847666263364645,0.6951095534146551
15.040030499428136,0.0006445410802798031,0.056744007610551726,1.135080726393769,0.4564430998389145
15.059092642012962,0.0010648072012068995,0.08792044062206783,1.6822796199903574,0.2882367462461061
15.078154784597789,0.0006434167371394525,0.007992464774267785,0.37524459278524464,0.6641275389361274
15.097216927182615,0.0014012655280558834,0.1646263931685233,2.160642964346527,0.8694027255643629
15.116279069767442,0.0017786473784452278,0.20780826038652087,2.9367850666554736,0.7456803838784407
15.135341212352268,0.002653715291777886,0.2481383183378104,3.3942350564289385,0.5407511234966211
15.154403354937095,0.0026532922267638167,0.2525108401550126,3.507935247256735,0.3218364896208997
15.17346549752192,0.0023498472050663827,0.2212840332741918,2.699474239291816,0.65046709598055
15.192527640106748,0.002005452958784915,0.17203626005222236,0.7938442293140039,0.8028112396837549
15.211589782691574,0.00040599373566714905,0.053544444046065225,1.9646359929042765,0.3576712727098027
15.230651925276401,0.0023946656554787297,0.21630731873306638,3.2961637204465686,0.037164923728588754
15.249714067861227,0.003037647753565227,0.2631678134495211,4.114531968367048,0.3328451393887764
15.268776210446054,0.00319297308037719,0.3105623899206167,4.3140121435504195,0.2464997087098681
15.28783835303088,0.0016792355363632926,0.18570937528315173,1.6917208837161473,0.4580054014806548
15.306900495615707,0.00015334729905411068,0.030986059276895215,0.44843199582846627,0.39028528945449714
15.325962638200533,0.0012109148531066368,0.11436895625880406,1.6497281799121295,0.3034559772002489
15.34502478078536,0.001978237416581857,0.1977482092394579,2.696967802845221,0.8362731025116679
15.364086923370186,0.0020153217891004057,0.22870411779183725,2.7362027979630223,0.3874767701549103
15.383149065955013,0.001906433903615388,0.23523121587157692,2.7041605664800623,0.3878023876519882
15.402211208539839,0.0015378878910570822,0.1809983674341676,2.336232388713036,0.4189283056101937
15.421273351124666,0.0004191887209864382,0.06395478727395522,1.3372331516943334,0.3932877468254476
15.440335493709492,0.0019740179793660073,0.17054298085511424,2.374452818711989,0.06774278041227176
15.45939763629432,0.0034162834649997843,0.3234299932129486,4.5713553938907925,0.5072596195487373
15.478459778879145,0.0019824321416239024,0.20394675633110135,2.626838191396796,0.7663529842361106
15.497521921463973,0.0014294287271869163,0.1722957523763284,2.9352581585541175,1.0170305002973798
15.516584064048798,0.0007350092708461639,0.058755568555224194,1.5685694301969366,0.703865184446576
15.535646206633626,0.0016763042160136273,0.14506359308116715,3.2578588700680378,0.20940419571883034
15.554708349218453,0.0007206291556407641,0.07536883396646618,1.5678198676365571,0.66759416118845
15.573770491803279,0.00263591562852041,0.26859544756139836,2.8664220271267964,1.3724618392524128
15.592832634388106,0.0033364468928426096,0.3576520486888982,3.74817356041794,1.4203362288091312
15.611894776972932,0.0037430663519472094,0.3714567236177343,5.1111105635618825,0.8397768013427769
15.63095691955776,0.002868007298656738,0.2749185471052732,4.823424929663507,0.4925249174422065
15.650019062142585,0.001765450955221315,0.16244738457348448,2.7295481692074306,0.12703186475088066
15.669081204727412,0.0018626516292326555,0.1896748570951789,2.8150898688682755,0.1252319216826826
15.688143347312238,0.001621660136667485,0.1743626819669994,2.161395042638739,0.4080345744198072
15.707205489897065,0.0013557163509772653,0.1156028263331879,1.8129802380368616,0.5437003213297958
15.72626763248189,0.0015755731041030188,0.13260715697891634,1.6180378387087297,0.32055280379415807
15.745329775066718,0.003229079936353017,0.29823798543166335,4.008212252557717,0.7409211731842144
15.764391917651544,0.0026645652932019677,0.2525545123303697,3.815595007526588,0.8563428275716144
15.783454060236371,0.0005198396650780106,0.07215767706867122,1.9009239205733053,0.5239872699675393
15.802516202821197,0.001429128316847674,0.14572123537846168,1.7389422969549375,0.24626196277385143
15.821578345406024,0.002012119520403877,0.2200675850483762,4.025602105153829,0.4693898596185049
15.84064048799085,0.0017009128490289547,0.2001598582670665,3.5878741666494327,0.5493630935395669
15.859702630575677,0.0003809513240864034,0.04049947278773691,0.6266616918398963,0.34047230004053697
15.878764773160503,0.0007286990092030969,0.0769965576450433,0.41271405310398057,0.05116468454232311
15.89782691574533,0.0004904288897175186,0.07655809390202056,0.17597735472284826,0.3092919196059819
15.916889058330156,0.0005868744230521429,0.06552874074602426,0.7852747013948572,0.2115942885667849
15.935951200914984,0.00191017215253904,0.20270728363191218,3.174512768335488,0.5156507671579713
15.95501334349981,0.0023731022525099853,0.2706666335715987,3.192606732724824,0.21046268781669997
15.974075486084637,0.0013760869293973522,0.17595744771973437,1.888084719120236,0.349470771164393
15.993137628669462,0.0011721019533362507,0.1050554881351828,1.4431724395586252,0.3726370314564372
16.012199771254288,0.0010793274288009819,0.1097989419347754,0.4218036805479048,0.5292727508455202
16.031261913839117,0.000989714426606834,0.17186488158854019,2.368141751684904,0.23177746983653538
16.050324056423943,0.0012946188355569346,0.18992796821652405,3.0995461101507993,0.41271660783189557
16.06938619900877,0.0012869714394393762,0.13974955194589578,1.7788066881762894,0.26084690191682103
16.088448341593594,0.0024551036751447224,0.21398261655134954,4.137234128495102,0.1266484040745349
16.107510484178423,0.0009962738321135536,0.10070907428977773,2.079461963652725,0.7660722320271154
16.12657262676325,0.0020750827125847644,0.24022739287566847,2.806745592504387,1.076357542324575
16.145634769348074,0.0024370806620089666,0.322930257901669,3.381203790255271,0.7364174215954646
16.1646969119329,0.0016501122008909755,0.24348671819370984,2.079521327271989,0.2005864511729794
16.18375905451773,0.0017365818466719338,0.19002425179933072,2.242819252714913,0.042676357143596015
16.202821197102555,0.0007673363090127445,0.07321060292009496,0.6585906643428517,0.44446925538130333
16.22188333968738,0.0012666670974642762,0.11736150277004609,1.9833412443649485,0.6463503765020833
16.240945482272206,0.001670267198816091,0.16131998001144793,2.0723035468345867,0.34283617181667747
16.260007624857035,0.002457651786421691,0.2426685336808122,3.799511006310001,0.2038040276832573
16.27906976744186,0.004289421305570365,0.38436439394548777,6.034550490306199,0.41734659054684914
16.298131910026687,0.003355655898555207,0.27445369042883766,5.286131488718167,0.46788847977986064
16.317194052611512,0.0016822894064393043,0.1575575966392177,3.2424986914442946,0.23657815806961224
16.33625619519634,0.00026707331815798335,0.024575829219751814,1.0686115737931035,0.12916055037046292
16.355318337781167,0.002960825408512189,0.2890372937132346,3.9800356490262647,0.48157282168055615
16.374380480365993,0.0020821786081767733,0.15267958221829872,2.1875288231732175,0.7680331229348447
16.39344262295082,0.0010148790595958417,0.10743660037699525,1.6632189707572118,0.49875417363225844
16.412504765535648,0.001383822103444127,0.12720876827242908,1.531111150865953,0.19001139311153217
16.431566908120473,0.0008060286944165688,0.12307411361204496,1.8043485133030517,0.12043543736358442
16.4506290507053,0.0015632478734925706,0.18440652269711597,3.3427501354050984,0.53898027236251
16.469691193290124,0.001168109327879077,0.10984939480255976,2.143735020765777,0.5255535262907631
16.488753335874954,0.0011725418427598231,0.09143639999075863,1.614614508523469,0.6518210883427304
16.50781547845978,0.0017737242400933505,0.15025382728819395,1.892698700256247,0.48208145444988093
16.526877621044605,0.0020464734371230505,0.19914176933312533,1.9935541758052726,0.16600738683187555
16.54593976362943,0.0021150959730721996,0.23910961229693367,1.9958994101709102,0.37180462720375157
16.56500190621426,0.0020884962952914567,0.25281411886149413,2.8095193715850657,0.22341070900868454
16.584064048799085,0.0016429494328067784,0.20772798341977744,2.9043314563322586,0.2609803526503634
16.60312619138391,0.001044620179495724,0.11716959056642293,2.9253340442942974,0.0455616376526142
16.622188333968737,0.0025894576215876115,0.2679289310019587,5.46589872119701,0.45885560858030655
16.641250476553566,0.0015323845728625527,0.15279762093524096,3.6462717306234143,0.17571211920511604
16.66031261913839,0.000726416175117652,0.11839995248538215,1.9618901815320073,0.6416154871829217
16.679374761723217,0.00216868854054811,0.2485072040575511,3.289145577497389,0.4368064612794667
16.698436904308043,0.0030421910201357447,0.3077979648018067,4.557754278258656,0.4639603713755917
16.717499046892872,0.003804469531977064,0.380300494063426,6.120345062540653,0.4347162769213601
16.736561189477698,0.003182246379713482,0.3182720717940045,5.081283319366905,0.48933468828679655
16.755623332062523,0.0016498592052890948,0.16956654819347683,2.6411417852209027,0.7658994724700122
16.77468547464735,0.0014780454754137948,0.20098761572871712,2.0237804417825638,0.6202480133056207
16.793747617232178,0.003318803000654738,0.4154661696080129,5.351846770669054,0.42255995847316524
16.812809759817004,0.003593825206384364,0.43937457792039625,6.746908881618242,0.6018974442751477
16.83187190240183,0.0027823000773533426,0.32771707535783373,5.319232900561107,0.1385734731217374
16.850934044986655,0.002412671125773886,0.2631150874772581,3.9193345884830317,0.33463269545048524
16.869996187571484,0.0004944170148304674,0.07577356774031019,1.2696896102926247,0.4887763330065694
16.88905833015631,0.0011714114241860901,0.16180499753401162,2.4826259454269226,0.9372411456612201
16.908120472741135,0.0027187465019544196,0.346802085630925,6.338003865279028,0.8311781266514108
16.92718261532596,0.0013707213972799193,0.18429694896461035,4.016692390460256,0.6521726592640925
16.94624475791079,0.0009051509262942879,0.07749820240072958,1.1276038924410796,0.22675127253865182
16.965306900495616,0.0012679942168709424,0.10892112475863838,2.1945506140196844,0.4477657151417734
16.98436904308044,0.0006367587512187752,0.07231267118468689,1.5569245369203815,0.7852589365022125
17.003431185665267,0.0030420689108245085,0.3266812955122699,6.568553000589434,0.6571852323899351
17.022493328250096,0.00249690122156035,0.2941917053882679,5.553262838888695,0.44807140366276066
17.041555470834922,0.0007050189103653539,0.09258807998051918,2.5678636131420847,0.6167422246937759
17.060617613419748,0.0005156971919718539,0.032339929957153096,0.8374504084576722,0.46085872284897106
17.079679756004573,0.0016964500828829587,0.20220639144534902,2.284022980093446,0.37506084182855093
17.098741898589402,0.0025461208833329153,0.28297715299333137,3.5421736629289122,0.6097763678190051
17.117804041174228,0.001176491661408051,0.12495131034597938,1.508930624469528,0.34427799779039225
17.136866183759054,0.0007117163646529713,0.08574332581029154,1.8719605789175324,0.4748017160320142
17.15592832634388,0.0019075288471126599,0.1844288250602739,2.476826301540297,0.7863255885221343
17.17499046892871,0.0018213162924350082,0.2246626047407629,3.696651557187557,0.2380129143246296
17.194052611513534,0.0012232529518134163,0.1525984772250031,2.3782864773039427,0.5093660539379832
17.21311475409836,0.0011214443970719642,0.09870105654588414,1.59850261109057,0.397134080328243
17.232176896683185,0.0012694541576722717,0.10450702858211598,1.3707019033307004,0.584819586411198
17.251239039268015,0.0017756060014069578,0.16133179765696679,2.717495927334045,0.3428859216717135
17.27030118185284,0.0011470826394602578,0.10974437999594003,2.9163147027771585,0.22191143643407985
17.289363324437666,0.0012908016890380632,0.10840043880624961,2.04193178216815,0.470961849110475
17.308425467022495,0.0020776116906541142,0.21214491386363934,3.4964695708462776,0.7089597707172479
17.32748760960732,0.0022943741859255437,0.25307065336697643,3.091561387729399,0.5675945157991528
17.346549752192146,0.001953507766076568,0.2297071245701666,2.9003070146808776,0.5877470625092504
17.365611894776972,0.001271174081061239,0.13542999816590412,1.0807222726865744,0.9258443755496635
17.3846740373618,0.0017870095765101632,0.20371125689615321,3.1917902825342206,0.23625693588957147
17.403736179946627,0.0005787364674275517,0.020852692350938066,1.4114447825841259,0.46516082897203553
17.422798322531452,0.0005889180921035232,0.09337830510521263,0.9909215623935825,0.5525618062866358
17.441860465116278,0.0007782852546484322,0.12939023495955687,1.5264019745323933,0.8574866226371213
17.460922607701107,0.0021949580932403723,0.2698470965813703,4.677266022103023,0.9428089426821777
17.479984750285933,0.0037390664350819766,0.41315011632626775,7.841393609456126,0.7277110983020402
17.49904689287076,0.003055020478116809,0.30942969292857214,5.6497357791240885,0.49949035969141625
17.518109035455584,0.0022258848463088884,0.199445402101838,3.1723579987495776,0.5740399144869955
17.537171178040413,0.0028940124089008325,0.24316912552486425,3.5029774004861673,0.5949912751312375
17.55623332062524,0.0035806247692908,0.35484260033175896,5.187103526645007,0.36359655026788207
17.575295463210065,0.0020358766542539143,0.22108462508271212,3.253775922516224,0.28694319127403195
17.59435760579489,0.0010304932809567285,0.1489985913096385,1.4970480010302758,0.33608898543336546
17.61341974837972,0.0009731499748675233,0.1263601754823685,0.20309102595444314,0.6906169752466863
17.632481890964545,0.0008300230702331968,0.08800441169376312,2.874298512775362,0.4223435651884212
17.65154403354937,0.00183907295000254,0.1911811215176211,3.053360624157793,0.8175347074362246
17.670606176134196,0.0018480637884799402,0.21805296671390093,3.5482835871615235,0.6397043269576195
17.689668318719026,0.002096807671698306,0.26376559511969877,4.4798618840617,0.15723858578447372
17.70873046130385,0.0015405800192261764,0.21347449105946875,3.182235026867388,0.17587294806212952
17.727792603888677,0.0012242682194217394,0.17252697264283248,1.7843346895365952,0.6242350159308797
17.746854746473502,0.00039090215031140253,0.06663932295094291,1.3943220944441108,0.6816721874333012
17.76591688905833,0.0012374472075982043,0.15788437553585738,2.3862665328282153,0.2918144892822976
17.784979031643157,0.002391199398277358,0.24249709161721142,3.4543148841839315,0.6852290998594467
17.804041174227983,0.0037670224983050826,0.3724902529916948,5.371705530970524,1.0471878332913136
17.82310331681281,0.003611043422542906,0.407581922084377,5.6611632933671245,0.9793428558339228
17.842165459397638,0.0033017430402017757,0.4133444305621608,6.32275882845564,0.9808953196284809
17.861227601982463,0.0032404633313781726,0.37770699423206633,6.454766040485719,0.8711485917065619
17.88028974456729,0.0020271171734438024,0.21441602639400975,4.6371716500904325,0.5535956078962387
17.899351887152115,0.0003039818245558258,0.03372401341807697,0.7975624287749862,0.38734152551400586
17.918414029736944,0.003044753705313246,0.39072750322653654,5.87910811765475,0.7917050888085428
17.93747617232177,0.0032084555834004636,0.40177145512084217,6.842578167472908,0.503922793655948
17.956538314906595,0.000583064481190168,0.09308891903799664,1.288950914476267,0.6314730907298088
17.97560045749142,0.0022625298553588793,0.2592369800866339,3.846979234269855,0.5788729786173336
17.99466260007625,0.0021977238561242565,0.27111550235936194,3.056025354237495,0.49094588733041633
18.013724742661076,0.0014104096757559998,0.14899136430866616,3.362545648842526,0.526031219168464
18.0327868852459,0.002512058378908474,0.27320469732578206,4.626452473028134,0.422354416006164
18.051849027830727,0.0037515125287382383,0.4389672068702254,6.6767057132221295,0.24168481564945143
18.070911170415556,0.004345526624285699,0.5093562346938255,8.077099616788704,0.44594768010626484
18.08997331300038,0.004050729820844881,0.4546978644713221,7.8089832481149,0.9840154560819453
18.109035455585207,0.0022924549374945488,0.24222806584476347,4.3913740503844885,0.5282302807730292
18.128097598170033,0.00038955244352861036,0.035803621831821335,1.257806431260032,0.4440380184555752
18.147159740754862,0.002033695460216701,0.2577091810759504,3.646233244077472,1.2094776568562184
18.166221883339688,0.0028247373659221336,0.3763485169770932,5.454222014611795,1.1594474178838277
18.185284025924513,0.0017259669151053105,0.2252127376955789,2.5691451789703184,0.70791286560234
18.20434616850934,0.00021596710155384242,0.041514318301463,1.4090971213207828,0.3478644840310301
18.22340831109417,0.0005956855985296304,0.11497812753443926,1.0979150847455843,0.1255785804577419
18.242470453678994,0.0014141687456288097,0.16684241609889588,3.2964239057758817,0.40736636969739143
18.26153259626382,0.001262220819742341,0.15892075491797927,3.6839645715647067,0.7302485890749325
18.280594738848645,0.00036162069099576934,0.0804740484445206,1.8797116542868795,0.5300872887353972
18.299656881433474,0.002664939529083381,0.3391914557044234,5.600728412516187,0.8425922282554755
18.3187190240183,0.004068681303635622,0.4933274908766226,7.1382056849072955,1.5275554147620316
18.337781166603126,0.0018917328938208794,0.24348779556100975,4.766006278472879,0.9571084692082996
18.35684330918795,0.002015856787064114,0.19994216415051413,4.645747117114652,0.5203634615824861
18.37590545177278,0.0020786921108805244,0.18471596684327543,3.3359032276155642,0.8482628856473599
18.394967594357606,0.0012026364422911085,0.204643534988619,2.392765460281469,1.0708606435446064
18.41402973694243,0.005024642886441379,0.6303435376763409,9.567012120273155,0.986068679260751
18.433091879527257,0.004403945391656412,0.5092795043206748,9.008242097681107,0.6778146666277485
18.452154022112087,0.002783489982021486,0.31293483286080387,4.919435849445641,0.5197148813296194
18.471216164696912,0.0015281277818198437,0.185953611544422,2.6425809207365156,0.8074245458309086
18.490278307281738,0.0031696855657640764,0.38962273066738845,4.360294361773744,0.5968612460211123
18.509340449866563,0.0008814434642779664,0.12740654684337338,2.5683507670917995,0.0892473080568473
18.528402592451393,0.001635569370780428,0.2191481883097635,4.798845225768839,0.1261715454243996
18.54746473503622,0.0015279315070505079,0.16983727015125624,2.614318432503159,0.1846452851984082
18.566526877621044,0.0015581730195647295,0.17207884858818764,2.380533716877152,0.21003330941484374
18.58558902020587,0.00018275036238933105,0.04402558932606569,1.520673509305376,0.5238001506319381
18.6046511627907,0.0014680882471253265,0.11988675176660438,3.667793032681462,0.2912430682969439
18.623713305375524,0.002582115954438144,0.2787226698018791,5.616132981273634,0.4357011678015488
18.64277544796035,0.003807237544619224,0.42918236673897925,6.089356462286983,0.610547891734698
18.661837590545176,0.001676111567922144,0.16144070479130315,1.7255648052840287,0.4912328002858556
18.680899733130005,0.0014810712097836948,0.20685736869102647,2.9699283008398063,0.48972300438927613
18.69996187571483,0.0009650563849683428,0.13103882581246287,2.214086008998448,0.7998792111320531
18.719024018299656,0.0014350877073239909,0.21734118002510416,3.1842877133250256,0.6023876536847375
18.73808616088448,0.00186817785603317,0.2725257938887659,4.842318345603401,0.13594316240909005
18.75714830346931,0.003852081000834592,0.5076082664792541,8.660236328691433,0.6712960374303054
18.776210446054137,0.005047610945362361,0.6226511307303617,10.840011478993858,0.7630370329766409
18.795272588638962,0.003081334003134205,0.37306044399279414,6.601050319119985,0.17539961233756857
18.814334731223788,0.0007466544633100694,0.08496604288958393,1.7075787216318523,0.04050585556427795
18.833396873808617,0.0012357905752731855,0.13685921416720104,1.7323447282260296,0.32464670036598414
18.852459016393443,0.0033426823276667696,0.38664769401903826,6.408905493477714,0.2031640767905532
18.87152115897827,0.002318287685843044,0.28651844892028455,4.966734619807865,0.7616390280881427
18.890583301563094,0.0020462408803110723,0.23771815279460834,2.940605216957954,0.3316257945389952
18.909645444147923,0.003555512275359595,0.451543937579076,5.928941854652703,0.4092432555844175
18.92870758673275,0.002114361764290067,0.2393638773053935,3.288525369647958,0.5758493778007585
18.947769729317574,0.0012616114532517605,0.10952571462900332,2.0525223156011942,0.5982536776852218
18.966831871902404,0.001394726478380259,0.18527593287059843,2.782025560391051,0.6813304179714939
18.98589401448723,0.001617049797483893,0.19898228179821104,2.0429477421781277,0.33483112388043895
19.004956157072055,0.0020865337270939686,0.2189717076246933,2.729730215942574,0.4524902718747426
19.02401829965688,0.0036073035070639382,0.4312948463391125,5.825687859722026,0.12899278315524493
19.04308044224171,0.0011574491389249194,0.10119208222208692,2.0965281071616313,0.31340614246466525
19.062142584826535,0.0014035109823764833,0.23115505975378137,3.548421203450408,0.36839022717416825
19.08120472741136,0.0017783123057400958,0.26368192330018314,4.963887227465479,0.3377135801932841
19.100266869996187,0.0025022032581421003,0.3431053407200608,5.9221146175586865,0.7594553598605959
19.119329012581016,0.0008555579953383174,0.1346655380213399,1.6877834810717856,0.6687546810795373
19.13839115516584,0.002028797600414542,0.24426451371116328,3.3021048292504624,0.6411079765663127
19.157453297750667,0.0017589929043778359,0.23361392901676542,2.9632352061004967,0.4708770574459663
19.176515440335493,0.0014089842222964396,0.19875997392818429,4.112186062558727,0.39659836705418605
19.195577582920322,0.0017746605263113443,0.1810178250350351,2.583946552437798,0.6170729024759867
19.214639725505148,0.0038152164122628516,0.4237639028429842,7.113924990338467,0.4850016950272215
19.233701868089973,0.0033486431499501214,0.39008289898537823,7.542021116174965,0.4461047747097501
19.2527640106748,0.001944146727624018,0.22820331275473807,4.641174175747304,0.5586119549994402
19.271826153259628,0.0021415504845164407,0.24145358389917804,4.17417828047558,0.6201144463324916
19.290888295844454,0.0044750285849314946,0.5460009798556608,8.847906416854839,0.36602132634066925
19.30995043842928,0.0038368824945632964,0.5041311428162264,7.621533537140436,0.22229291367596601
19.329012581014105,0.0012851339315134507,0.22647796968725156,2.141416344356898,0.42245769882953077
19.348074723598934,0.0021578516355150647,0.2845049340438422,4.033889070997927,0.6469794739646174
19.36713686618376,0.0032479609147905266,0.3790273749648387,6.496628465996218,0.10599980503388659
19.386199008768585,0.0014244415387319465,0.13279419351169353,2.0633449339152725,0.44886553129435947
19.40526115135341,0.0017854266636513133,0.20346415194519266,3.372598787576834,0.5271292655986441
19.42432329393824,0.004885571736051655,0.5455706288662655,7.9623907302093,0.5250205161276532
19.443385436523066,0.004893467445258301,0.5733121401778745,7.949136177090824,0.4959760219134251
19.46244757910789,0.0017798146060228218,0.24536279452902035,3.2882351159890506,0.2680087842084362
19.481509721692717,0.0009761272936038021,0.08285364282188074,1.458213758151925,0.30678603144646643
19.500571864277546,0.0015392512325624896,0.15743345915520218,2.5598357124633653,0.41544500319978805
19.519634006862372,0.0006224363632003163,0.05741689672011725,1.4563446258220354,0.5470652770987383
19.538696149447198,0.0013447713388967258,0.14585654891036157,2.8262953468090735,0.26337336324186583
19.557758292032023,0.0020264561447931304,0.25971663500676245,4.422394417077953,0.22993643941933273
19.576820434616852,0.0030417810846458783,0.42492528120899226,5.814854929574499,0.2801646362727362
19.595882577201678,0.003677682270976173,0.48869700362174073,5.62701397250739,0.7971203868293666
19.614944719786504,0.002089305862956053,0.2363335032510144,1.426471642611037,0.7113483477430957
19.63400686237133,0.0012297264562581847,0.15105849212445746,2.480325950390763,0.6199773901249611
19.65306900495616,0.002764987979998385,0.37662906048707917,5.674132660853344,0.6351299421221066
19.672131147540984,0.003971540885132368,0.5042361719804429,7.546152675363657,0.9560824907966372
19.69119329012581,0.003353770875290902,0.4109344283846349,6.2545537365221575,0.8126822399768067
19.710255432710635,0.0018797322280240463,0.21849116473073987,4.25982039963742,1.0193191629602365
19.729317575295465,0.0013454954865985795,0.16250221666876136,3.7507175137426745,0.8158986985926571
19.74837971788029,0.0024824326849659604,0.27124140382646456,3.2085743748343405,0.5957993052349972
19.767441860465116,0.0036547483917738362,0.41518382937812587,6.77732437213869,0.7656014921878971
19.78650400304994,0.006737816089906534,0.8184965185086037,12.455716751128866,0.9463825388099568
19.80556614563477,0.004312442045400536,0.5277097725408425,7.66622533305765,0.5421203775496705
19.824628288219596,0.0005814723160817908,0.07023007433457391,0.6212090269178708,0.46417746852395647
19.843690430804422,0.0005598645823396527,0.09851865957852836,2.156365165889855,0.03339310195239748
19.862752573389248,0.0016327183046812284,0.20403683983216658,3.560694556039705,0.7267324868546831
19.881814715974077,0.002006155344230625,0.2704471224437492,4.241683405089828,0.8660341529229955
19.900876858558902,0.0006407201824079231,0.11478462161234357,1.3263936554110023,0.6466183286485434
19.919939001143728,0.0010485043988683338,0.09775124305364918,2.4981040291059746,0.6437955762501786
19.939001143728554,0.0010324193016914352,0.10307433940255241,2.383422559748037,0.6481652868526048
19.958063286313383,0.0018413159237459455,0.21027497200174233,3.1531165951055953,0.765893211224869
19.97712542889821,0.0038570299068518632,0.5001495024304529,8.463842932661688,0.6788712729691216
19.996187571483034,0.006788850827360988,0.8663813176547656,13.786397077663075,0.624009747002517
